relative_path,kind,size_bytes,sha256
source_data/original_data/MAGE-Graph/output_1/graph/full_output.json,text-data,135210,ab3c39e00d8e64a9d25ec925445163fe34fec7b422951ea3e55bb148ea858a2f
source_data/original_data/MAGE-Graph/output_10/graph/full_output.json,text-data,249385,8549fdc3a9ad2499ab2f3960aa0f139b1cae18b0e01f406f15858b947c1b7197
source_data/original_data/MAGE-Graph/output_100/graph/full_output.json,text-data,114050,ef8439a5a21ca3ae3c7d9c1e8a7627cd1588e85c8393a0cefbac850ba63dde39
source_data/original_data/MAGE-Graph/output_1000/graph/full_output.json,text-data,148493,e297f9885248bcfbd0a9cea1e91a2d8492b8592303cf2f439a5cad22c41f1d0e
source_data/original_data/MAGE-Graph/output_1001/graph/full_output.json,text-data,108701,25820ceed173045bd9e08ef314067febd472682371a6a78d405461a2293c212f
source_data/original_data/MAGE-Graph/output_1002/graph/full_output.json,text-data,101855,0b8eb39f1c4e55cba2007a15740d11d434d59eaec55ec2c10ed30fd0451fde94
source_data/original_data/MAGE-Graph/output_1003/graph/full_output.json,text-data,219489,d3c331461cc81341bcbe8716c4d39f88d9e9df742b81c1574c49c9d7eaaaca34
source_data/original_data/MAGE-Graph/output_1004/graph/full_output.json,text-data,147872,4f74bb1b9054498b30e651bab17681737824f72b07c18260a3882fb8d8834e30
source_data/original_data/MAGE-Graph/output_1005/graph/full_output.json,text-data,138889,9a2b0205d74bc073c2ab2cf44e6c52c0607687c0f7c8ff5220e78017eda2f3c8
source_data/original_data/MAGE-Graph/output_1006/graph/full_output.json,text-data,192993,4f456d4cb4b34c310c5f07cf6049cd2e3bea550f543fdaea8905900a76da61aa
source_data/original_data/MAGE-Graph/output_1007/graph/full_output.json,text-data,75786,0327cbab71cca5323d90333a8a6d48486d7569834f6f0a1db4c324936f04ba29
source_data/original_data/MAGE-Graph/output_1008/graph/full_output.json,text-data,110358,3d3edd54c6721835537eeb270e37833950251655cc29a7ee317ded5cab09f206
source_data/original_data/MAGE-Graph/output_1009/graph/full_output.json,text-data,200991,26531c5b1730c35db303b423182df3d30279d2563f7b8789fcdf8e1ede14401a
source_data/original_data/MAGE-Graph/output_101/graph/full_output.json,text-data,217776,43205578386276816b279db3035535dd3c7f16ac6bc5f3736f457723d154a5a6
source_data/original_data/MAGE-Graph/output_1010/graph/full_output.json,text-data,229809,551244302f0227395bfb7f8a6d1bc956bf97e41b9785e6e44b10d392dbc5f1ee
source_data/original_data/MAGE-Graph/output_1011/graph/full_output.json,text-data,113798,027886088f60a6a049e0d4ce38a004921b1525b2483e505c10e121ad9de8a5c8
source_data/original_data/MAGE-Graph/output_1012/graph/full_output.json,text-data,208860,540a2336bec56d89e190de90c7c19c7f2eac95230d0974cd4d88cbf6a67f3bbf
source_data/original_data/MAGE-Graph/output_1013/graph/full_output.json,text-data,148705,a70be74d68627604acf61b85d15e5442f775d485ea0120165e75cf328f348383
source_data/original_data/MAGE-Graph/output_1014/graph/full_output.json,text-data,164942,fc45257af800013231219e720832d7cffcbc35197653421538aadb056df7611e
source_data/original_data/MAGE-Graph/output_1015/graph/full_output.json,text-data,182575,e2318ca1addc79bcd84e40c40d2dc4c5093cb6959472fb73d515e77c1b39e848
source_data/original_data/MAGE-Graph/output_1016/graph/full_output.json,text-data,121769,d752be2f11cb4c73fd928f17682468c351b7f870cb525b904c072ed024f4de20
source_data/original_data/MAGE-Graph/output_1017/graph/full_output.json,text-data,170833,a7f3b3610f737d952ad31159e59e322e77ba5416151128b997984850bbc757ad
source_data/original_data/MAGE-Graph/output_1018/graph/full_output.json,text-data,177868,aaf55443c0365cdda6299431f38d6cb67d2cfc98866004fbd2d035787ba5d847
source_data/original_data/MAGE-Graph/output_1019/graph/full_output.json,text-data,172063,7a7471eba514721be2cf84bb716e87040c14c2404bd718e850a2a6cce2b700c3
source_data/original_data/MAGE-Graph/output_102/graph/full_output.json,text-data,207473,ee8ff440e83ca8d8aa49d5fe70fb795c6f3b84b72c875fd38ddd70905ed40847
source_data/original_data/MAGE-Graph/output_1020/graph/full_output.json,text-data,193124,f8d69ce900b93ec81d0526330603137c1eba7284a4c922febc0494c146b14003
source_data/original_data/MAGE-Graph/output_1021/graph/full_output.json,text-data,65845,f9a87c9c033162f9de531a4e2d4d588e8b645d6e1305b2b978c2fc99a8a50948
source_data/original_data/MAGE-Graph/output_1022/graph/full_output.json,text-data,120158,50c2e4f1e4b6a2550c004ceafb8a307a4c096d3a461ad8650d37a2e0a508b092
source_data/original_data/MAGE-Graph/output_1023/graph/full_output.json,text-data,159947,4e88b52fc8bf96c4632876d67bdf081ce231d78ce9126d46e54c5cd087aeacf1
source_data/original_data/MAGE-Graph/output_1024/graph/full_output.json,text-data,132428,37d7838e2bb7c75db7fdf9831618204b368d44c97bb81afa202dff33052618f5
source_data/original_data/MAGE-Graph/output_1025/graph/full_output.json,text-data,218141,d98f001e02349b5977993a0dab359d4e38288188cee22803bc59eedc2e59d236
source_data/original_data/MAGE-Graph/output_1026/graph/full_output.json,text-data,143966,bc3401b73900ad3f129c6c8027d818e24bd7aae28dc64d2fdcc9262556e6618d
source_data/original_data/MAGE-Graph/output_1027/graph/full_output.json,text-data,74413,0f22e9953d406942ff633eeea9ee638cbe29a268501dd76fe87aaeeccd44de39
source_data/original_data/MAGE-Graph/output_1028/graph/full_output.json,text-data,135711,45209231bedd398f82c20c128604eb9561acb84d84640a2cbc11673513dcd9ad
source_data/original_data/MAGE-Graph/output_1029/graph/full_output.json,text-data,168275,5bee2cc97aee45b6119dbb38bee549b2827d2dfe1f936f2de6c2e28e463ea9a8
source_data/original_data/MAGE-Graph/output_103/graph/full_output.json,text-data,114934,0a51cd8e801ca1d04b580b864eb0be9edc1b7e2affbe3871cd3a85c478d6f12b
source_data/original_data/MAGE-Graph/output_1030/graph/full_output.json,text-data,140219,5b2a46dfb2282e9584b37dde21bcdd0579e0082514f30d08a662c5c7ee14a95f
source_data/original_data/MAGE-Graph/output_1031/graph/full_output.json,text-data,163491,fd8f4fdc9aef8e0172e0011cd11ed591997e8697c5aa8d38b67f36c9b972e42d
source_data/original_data/MAGE-Graph/output_1032/graph/full_output.json,text-data,73050,7cb0e23867625f21e2d0ef693e96d69038d261db0af322366d6eaa18b5adf495
source_data/original_data/MAGE-Graph/output_1033/graph/full_output.json,text-data,119973,4be55d52131e9cd08a51be2e90b1405a2420b04fcc93586d3b8d60f866007338
source_data/original_data/MAGE-Graph/output_1034/graph/full_output.json,text-data,104459,fab4368b498a30722df656ecbf6a82ba62aeaaf00dac9fe2392f5c0fbedfb7db
source_data/original_data/MAGE-Graph/output_1035/graph/full_output.json,text-data,159525,9275bccefefcbac944382104752ff5c5f6244c98d0d8dc578245b684f18560fb
source_data/original_data/MAGE-Graph/output_1036/graph/full_output.json,text-data,124342,892b4a0f5c98f16772ba447b667571ef8197cba352ed8cc58432a29ce4eb2c72
source_data/original_data/MAGE-Graph/output_1037/graph/full_output.json,text-data,250283,8296681e6294515122943adf0ff8a744b2c95e362ca0555158379b9e122aed82
source_data/original_data/MAGE-Graph/output_1038/graph/full_output.json,text-data,168398,e593cc96445d626e413175f14cf760de4d902bca1401b848e8898ba500b2cbbf
source_data/original_data/MAGE-Graph/output_1039/graph/full_output.json,text-data,145203,effd1990514c36aeac0fe232476bf5ecb8bb8a06949a4b97b7eca0fb101ff55b
source_data/original_data/MAGE-Graph/output_104/graph/full_output.json,text-data,284674,64286ff83d9892aae5b61faece39ef3160e13d26393c8c447fb9763526999f58
source_data/original_data/MAGE-Graph/output_1040/graph/full_output.json,text-data,149555,dc14821548fd833563df47b677c60dce3465100bc466b7c144becfac18bb2a42
source_data/original_data/MAGE-Graph/output_1041/graph/full_output.json,text-data,197307,4e14151ed91236c89636c7efe68d9aaa3f3e0e32eac48844e379baa5a18a7185
source_data/original_data/MAGE-Graph/output_1042/graph/full_output.json,text-data,117867,3d876c0969198103e24818379dcf4350702ddf21e9c43eb2feda643e8f3daac2
source_data/original_data/MAGE-Graph/output_1043/graph/full_output.json,text-data,317356,01c086de518d5e1a2841ff94deb89478339c1e426c15b64acec9faa284a200c5
source_data/original_data/MAGE-Graph/output_1044/graph/full_output.json,text-data,118227,1d7c481d30c506abf28c6361fb757a450d103714614e3ead11e6a14d65656451
source_data/original_data/MAGE-Graph/output_1045/graph/full_output.json,text-data,138528,a2a7333188b77e2839bd0276c1877a9df0478d020b0752160ace9067a20356cc
source_data/original_data/MAGE-Graph/output_1046/graph/full_output.json,text-data,143529,ca7168de2761845428169907a798441205a00c77ba0f3bd2a831fb894a93459b
source_data/original_data/MAGE-Graph/output_1047/graph/full_output.json,text-data,77328,f0660c6c8fb6d78358f115ecc8ff552aa4c5eb8f0dba060489f32a99e175b4bf
source_data/original_data/MAGE-Graph/output_1048/graph/full_output.json,text-data,62034,143ed416bb4a245af7b2a7706a9418b07ad9e81d4aac9a39452c76a474cc6bc8
source_data/original_data/MAGE-Graph/output_1049/graph/full_output.json,text-data,238127,f6eff758afede2f2d074da1865973b90509dce98c108b1288ed4cf5ce521b65e
source_data/original_data/MAGE-Graph/output_105/graph/full_output.json,text-data,188841,7ef50c256651533a2a716502de0d0b713a96df45f8e292d94b3de34325fc58d8
source_data/original_data/MAGE-Graph/output_1050/graph/full_output.json,text-data,164680,cc4a6f5c456e1a5999c7cc65ab6b9d6e1d2c989ca41eaac9567c333ecb669214
source_data/original_data/MAGE-Graph/output_1051/graph/full_output.json,text-data,116080,dade279d9e9e68e84bad9636b4d2ddac05cb51ec97511c8d986db78d510b5e49
source_data/original_data/MAGE-Graph/output_1052/graph/full_output.json,text-data,122062,bc0769df77ba7329cf5d84b7155b5c64508b55c280ff7fc54d2016b95267770e
source_data/original_data/MAGE-Graph/output_1053/graph/full_output.json,text-data,87656,4b12fa50ab9c1d375f06efbcd856f2872784e981f69e766bd528379c4bf5b27f
source_data/original_data/MAGE-Graph/output_1054/graph/full_output.json,text-data,333654,99bf7b378b0c2bd7610c9d98937d84a821691ce171301db73fab406bfbe829f1
source_data/original_data/MAGE-Graph/output_1055/graph/full_output.json,text-data,144275,1db44bc7038610e06d8e051566ca5f0219dafaa373e46bdeef38c353ba3f36ae
source_data/original_data/MAGE-Graph/output_1056/graph/full_output.json,text-data,145831,ab863c62324d20343892f5c7310dbd6ded046b282b50ee3368edae487a68a5b7
source_data/original_data/MAGE-Graph/output_1057/graph/full_output.json,text-data,162009,9b85ffd2bd99b246a9ef86bb5dff5ce234e082e230162025833a8701349fde6c
source_data/original_data/MAGE-Graph/output_1058/graph/full_output.json,text-data,168484,085f049866a7e7f66fac5474c915979088a5278f31fecf3b5f4670e2fa55d08a
source_data/original_data/MAGE-Graph/output_1059/graph/full_output.json,text-data,194765,8313cb44b1c7659d4c1af822ea0123ad5437c83b80a51ec4668585647f68a1f7
source_data/original_data/MAGE-Graph/output_106/graph/full_output.json,text-data,111428,4d9c4291aaa405447020ace848f06eb8e98f48ce70157b250201f376ce49b45d
source_data/original_data/MAGE-Graph/output_1060/graph/full_output.json,text-data,266111,3d48004496dcaa6b5d2cadc2305cdabcbabcdeb6515071621d816db956689ffe
source_data/original_data/MAGE-Graph/output_1061/graph/full_output.json,text-data,242984,bcb1a4931f737fcf8c14f460eecfbe304039f5987d9199018696d09c7c51973a
source_data/original_data/MAGE-Graph/output_1062/graph/full_output.json,text-data,76959,b4e06545c9db3a764949f57bc3740c5918d6262778f64a3802fd7c6aa25718b7
source_data/original_data/MAGE-Graph/output_1063/graph/full_output.json,text-data,149340,b19111a6bc7d1ed1cd1df005f8533076e8ab1ae84939a198197862665e876757
source_data/original_data/MAGE-Graph/output_1064/graph/full_output.json,text-data,237061,1c2e8ce731e6c55823d6dc0625ec4e9a94b34ccfbedb97f92a72cb81d240e1f1
source_data/original_data/MAGE-Graph/output_1065/graph/full_output.json,text-data,175306,d0aa674c5f5b5ef8c44fd5fdf510dcea0480c58f6de49585af427b5a009841cc
source_data/original_data/MAGE-Graph/output_1066/graph/full_output.json,text-data,235752,8917d3465b3ca0370322fdc09274ea42d97ec760fe4876dc5ff9bbfe4a6030ac
source_data/original_data/MAGE-Graph/output_1067/graph/full_output.json,text-data,107032,0ed0ad5e69c544e84bb8d7365983147924b3e90296b9270bae29071c89e5dd6d
source_data/original_data/MAGE-Graph/output_1068/graph/full_output.json,text-data,99365,aeef61bc4b1f1b0f6fd89a0513dc2e02eb85166b3a6a7855c863bb3856ffb62c
source_data/original_data/MAGE-Graph/output_1069/graph/full_output.json,text-data,154924,991cab2c1d6305868a94fe16baccc0f1f955f3c1c26cde841f2dc4a74b7e0886
source_data/original_data/MAGE-Graph/output_107/graph/full_output.json,text-data,59690,bc035c660fb39a3c843b53a5198654d4d9adaa21c19c1179b67f22cb18fd70bd
source_data/original_data/MAGE-Graph/output_1070/graph/full_output.json,text-data,303826,8193ae93eba4d3fd06a221a8f92a51e40416855251dd518b383e59dfd945375a
source_data/original_data/MAGE-Graph/output_1071/graph/full_output.json,text-data,36361,c6ab927f87b2cf8fa4101364da84913769cc0e465fd95761eada22d4b1610ba2
source_data/original_data/MAGE-Graph/output_1072/graph/full_output.json,text-data,99251,0c9a58b77d5d8a31458b657a402ce3e23a774a193ded555dfc9324de515a9f76
source_data/original_data/MAGE-Graph/output_1073/graph/full_output.json,text-data,77206,d24d1fcd70192b8a15e32f0172a8c05025071903c43175c9fb58e8099b1e175f
source_data/original_data/MAGE-Graph/output_1074/graph/full_output.json,text-data,140481,53cabfd96627d763e4b62a9efa311d70f05b4dec84de5e37736cdc131d478ee7
source_data/original_data/MAGE-Graph/output_1075/graph/full_output.json,text-data,163445,6e221e1607f808c7ccb082d74ffd51d0a0f530d7fba6aba4f44647d27ac7fce2
source_data/original_data/MAGE-Graph/output_1076/graph/full_output.json,text-data,140757,1e8c71bfd94f84e61db10339f695a3461ff4be9a311e847b13d5f4771ed921cd
source_data/original_data/MAGE-Graph/output_1077/graph/full_output.json,text-data,53091,72bede893ca54a7b4789807cc5e1d24ffb6b8a651f1f6ce46eaae8d0e63255d8
source_data/original_data/MAGE-Graph/output_1078/graph/full_output.json,text-data,181169,b5ea3b9869407a51357c8250634326536d4f3415ec00c2d6ae507c78c7a732e0
source_data/original_data/MAGE-Graph/output_1079/graph/full_output.json,text-data,155447,78922f3c174322e3938a4fb3a225fedf772f2eee1e159e71024eae6996e4d813
source_data/original_data/MAGE-Graph/output_108/graph/full_output.json,text-data,104970,ddb5288c065e9cfd7bc6048f3adb3320e6454ac9ea4b273964ac5ee4229cb288
source_data/original_data/MAGE-Graph/output_1080/graph/full_output.json,text-data,182738,40bc6fed5095cd817684d3f6341c6d5a50eb71ed8f12e3e8cfc3e787b99be61d
source_data/original_data/MAGE-Graph/output_1081/graph/full_output.json,text-data,206068,6e6fe8dc3beefa6d1fd39265aee1f9bdad5f08429b30662b33fa0d54e746da49
source_data/original_data/MAGE-Graph/output_1082/graph/full_output.json,text-data,138646,36300c3d85f575df9346aced75d9595d7f53b19d3595d42094b48778ce485fea
source_data/original_data/MAGE-Graph/output_1083/graph/full_output.json,text-data,81073,9695b35a5bc386279a8e13a5e0261b17841805bd52f46ebad427773fb17ffc87
source_data/original_data/MAGE-Graph/output_1084/graph/full_output.json,text-data,138287,68fc9e620166a96063688f921abce0dce31182be338ad56569b7f348ad42b1b6
source_data/original_data/MAGE-Graph/output_1085/graph/full_output.json,text-data,164857,e5419e842d8ce7847044f9aea16a1d7dcc709b3c89d456c2e61a8d0c64238c96
source_data/original_data/MAGE-Graph/output_1086/graph/full_output.json,text-data,150522,ebc340b9ee0e0550f819a1bf5c6fb535e31f2144a6b88c54a6b9ad41f687fb96
source_data/original_data/MAGE-Graph/output_1087/graph/full_output.json,text-data,123978,d808ed6856ab379c9604380f2fd68b8d1b9186070da982c3cf7bb42fce16ea8e
source_data/original_data/MAGE-Graph/output_1088/graph/full_output.json,text-data,146314,7bec07bb16faf5f442e9f3d3ecca07d09462fd8a9335a3cbb63106b0db3b33dc
source_data/original_data/MAGE-Graph/output_1089/graph/full_output.json,text-data,120911,9358f2a09f35dc5b3386b397fefb58d8047ef9dacc1bddedad6b355a8da2edd6
source_data/original_data/MAGE-Graph/output_109/graph/full_output.json,text-data,111038,e2727bc5fa9ce159ddd7515265ba9c237eae538ee12e9b8ea00f2bec282c5bae
source_data/original_data/MAGE-Graph/output_1090/graph/full_output.json,text-data,155233,4763b07599055687ffd8b875edca77dff34d390e675c7f9f246de69ebb74a133
source_data/original_data/MAGE-Graph/output_1091/graph/full_output.json,text-data,101474,8903bff3ce842d4b0aee334b92304e87fe52a572aee263d4e7d35c62fa3b5192
source_data/original_data/MAGE-Graph/output_1092/graph/full_output.json,text-data,168408,cf1cafb4c1d1db67be0c9de1ecab834bc1bbdb5c4f6874a89e0de26a6c7d193d
source_data/original_data/MAGE-Graph/output_1093/graph/full_output.json,text-data,998631,f905eda5aa6fb51bffb870b0dfa8d85149099f14ccf1daa0b33df734954970f5
source_data/original_data/MAGE-Graph/output_1094/graph/full_output.json,text-data,85940,dfdea0c34f01f0b981430e31ee7efdf17ea51a6d00e64898dcca23666f12c715
source_data/original_data/MAGE-Graph/output_1095/graph/full_output.json,text-data,111904,945f12b77e607b134d68a77b29c1440bf8ac2c05b2c150d17f8fae2eca6d86e8
source_data/original_data/MAGE-Graph/output_1096/graph/full_output.json,text-data,160861,12d85ba9b82830b137443b043b3e642ca9dc8d7789953eea24074584456b5b00
source_data/original_data/MAGE-Graph/output_1097/graph/full_output.json,text-data,296727,aa6c57cc003790724b882bdf15ababd8fb025dbc6ee4e1e90b44e0ba4ae4354b
source_data/original_data/MAGE-Graph/output_1098/graph/full_output.json,text-data,112259,35f8af8fb5de9ccd0e5d4d5f8f4f3acbd215ce96fa58462714fceb83cb1f1de2
source_data/original_data/MAGE-Graph/output_1099/graph/full_output.json,text-data,373327,e3f40750b3cbc5fd4e7ee9ea6c7cdae9d05a302bd82ae5add85358927b0c662a
source_data/original_data/MAGE-Graph/output_11/graph/full_output.json,text-data,178965,d18ab5ba8d2c307eda902b703350f5dc21f22a5f6c55c78939c02d63a28b5f05
source_data/original_data/MAGE-Graph/output_110/graph/full_output.json,text-data,107768,440b45c177c72962b52e10df00609ee1f315b35203fc49b7d975431862e9bb46
source_data/original_data/MAGE-Graph/output_1100/graph/full_output.json,text-data,106401,14ac8e2f383534869063455e198c0bb7458c4255796a3fbef0cb026d86119d19
source_data/original_data/MAGE-Graph/output_1101/graph/full_output.json,text-data,197573,0e5adde952ee881835955d17a9956e1725faadb4212806804c24b6e8a1cfd671
source_data/original_data/MAGE-Graph/output_1102/graph/full_output.json,text-data,147338,38960ef27a69bdfdf8141cd86152f38ea0989d3e713dec9a907faca96403f98a
source_data/original_data/MAGE-Graph/output_1103/graph/full_output.json,text-data,145780,6363a3cb503debae532e3be51bc48716e9dd80928364ce70150ea2f72fffdf1c
source_data/original_data/MAGE-Graph/output_1104/graph/full_output.json,text-data,165421,e49e19075dc6ed5c123f1cbd088875ff7a26b76a1d2dbc214d0e3336ba6e29c9
source_data/original_data/MAGE-Graph/output_1105/graph/full_output.json,text-data,195992,17ebb6a92323ea06554b43fef334ab3e4554d2766d3d8a3890f9e91616504a33
source_data/original_data/MAGE-Graph/output_1106/graph/full_output.json,text-data,157386,29d6f1813d82694da61939b28aeaea8475aa7ac1383c628331fe86d819c98b2f
source_data/original_data/MAGE-Graph/output_1107/graph/full_output.json,text-data,138099,529a5dace66cc6d105cb7cd7175a0ef8c5bfed240b8f876fb5254a24d90d8d52
source_data/original_data/MAGE-Graph/output_1108/graph/full_output.json,text-data,150314,6115a5e3a743fa578aac16a18b0cb014acbaa2b7187824ae08304832080c49f8
source_data/original_data/MAGE-Graph/output_1109/graph/full_output.json,text-data,133419,8330856caf28e921f800f956e51cfee916e65f6f66704fd582f019dde9a2161f
source_data/original_data/MAGE-Graph/output_111/graph/full_output.json,text-data,210349,a7af168310d3f124630a1f9ea812793cbef21e2a5263d9b63fdff6d091eb3a93
source_data/original_data/MAGE-Graph/output_1110/graph/full_output.json,text-data,193142,cce8817ff181994c3c616c9e284523a1e07e1d676db1c893101cc072e95e91df
source_data/original_data/MAGE-Graph/output_1111/graph/full_output.json,text-data,150167,b41f78d0b1459f860b046d75a5d4ec52372884886e6e70833ff301297b69530f
source_data/original_data/MAGE-Graph/output_1112/graph/full_output.json,text-data,492939,0443b4f96c405de7e72adc5c770b12eeb6a8155c3a099b68cd05e0f2ffaddf22
source_data/original_data/MAGE-Graph/output_1113/graph/full_output.json,text-data,269351,5ade449792830fbd2c11f24734084e8b8443925f8a4c602b7cc2439dc5e88083
source_data/original_data/MAGE-Graph/output_1114/graph/full_output.json,text-data,218914,08bdb0563480729a2b15d889df93c2a451e3ab4f071c85fdb9a4a147d1399662
source_data/original_data/MAGE-Graph/output_1115/graph/full_output.json,text-data,530899,3bd49cc1b98272555cf2c7db81fcf6533e113764b55bf3a3a7214916dfb42224
source_data/original_data/MAGE-Graph/output_1116/graph/full_output.json,text-data,126880,33a30eebaed7c8c9b8cb37f5a5794d43a0ba911c504598e59ca323e1a0636de6
source_data/original_data/MAGE-Graph/output_1117/graph/full_output.json,text-data,102327,d9b9d514df6dc75b71ec1cc50f6f356b77dbf022b0e6ce4e006f922bd34b8c2f
source_data/original_data/MAGE-Graph/output_1118/graph/full_output.json,text-data,124867,aac9d48183eca19ccafae199f744766f526ccc4158b6e9e34938ab07b31b6e62
source_data/original_data/MAGE-Graph/output_1119/graph/full_output.json,text-data,170001,d77813082ab8f25221dd80d075150707f11787ddf94ee6dc96d6cd922d884986
source_data/original_data/MAGE-Graph/output_112/graph/full_output.json,text-data,45525,83b64a99aaf370bc251f9b1452c31444fd74dd817841981429f309f139d7aa9a
source_data/original_data/MAGE-Graph/output_1120/graph/full_output.json,text-data,117406,48b5e2d1661626bc6820bd83ca99a95d433d06ff721af4276de8a718499bd70c
source_data/original_data/MAGE-Graph/output_1121/graph/full_output.json,text-data,269415,23cdf7408c26986db87d79145711bc12c959b23db7d5369eb1f1a4f627d2cab2
source_data/original_data/MAGE-Graph/output_1122/graph/full_output.json,text-data,134074,dc1250152a073a03643c96d80c3ca56e1313693793aa9fdf2de4dd22a054923b
source_data/original_data/MAGE-Graph/output_1123/graph/full_output.json,text-data,158296,db75f5a1f83a6a3b24b739668fd057dfec7df3b99e1e191c8283c4484990d8a3
source_data/original_data/MAGE-Graph/output_1124/graph/full_output.json,text-data,221681,5fcb980f96599fa0a557af774434d0a87f09440d930762b6ff46de14cebac6dd
source_data/original_data/MAGE-Graph/output_1125/graph/full_output.json,text-data,211506,398fb352cf5b53a5424108a420c097b0243de6c69f93bebc733aed9ccf1e6df8
source_data/original_data/MAGE-Graph/output_1126/graph/full_output.json,text-data,136052,63364e7d7fd248cfa05a1bd4dee4c922c89e77586429a8e685526ab8ec5da790
source_data/original_data/MAGE-Graph/output_1127/graph/full_output.json,text-data,123124,ec970144838c1a45070cb130ceb857b160b7eec18a78fa55eb429ef36a6ce0bb
source_data/original_data/MAGE-Graph/output_1128/graph/full_output.json,text-data,142897,16f614d8a16809a89323cccba1b0a43c7328939a87876dc7a4030908f354b994
source_data/original_data/MAGE-Graph/output_1129/graph/full_output.json,text-data,201206,ebce8c616a6cfa601c68e175a40a15bdbd457b1e5b55f7468bd4acc6e476048a
source_data/original_data/MAGE-Graph/output_113/graph/full_output.json,text-data,55805,befb6900e8c2231fc52915fd65176dcd7cdf93117a8b48248b5e1a3f9da0964b
source_data/original_data/MAGE-Graph/output_1130/graph/full_output.json,text-data,310047,a2ce220a4470a478d70f474d5be0f946d07309166847cffbf37a957a9c2c31f7
source_data/original_data/MAGE-Graph/output_1131/graph/full_output.json,text-data,156106,ed0dcf1491a5d2688a7b59eb1102e6d535209cc2f70241a2aac14b73c49f05fe
source_data/original_data/MAGE-Graph/output_1132/graph/full_output.json,text-data,143792,20ef699b4dcc0bc238b73639df5b04cc635ef95ba0786c8e26cbdd55b9011830
source_data/original_data/MAGE-Graph/output_1133/graph/full_output.json,text-data,172557,550c06303305fb86932f0c2e6cc450d4a2520afbd1d04c488bc4822c6f29cc23
source_data/original_data/MAGE-Graph/output_1134/graph/full_output.json,text-data,185305,eec40acf180017139260c85470fc41a4e7a79e8be987714fe2ae9560ad2f865e
source_data/original_data/MAGE-Graph/output_1135/graph/full_output.json,text-data,228919,0d6cae6878b0072ef65700ab4ee949b4e2ce2e53c791df94daef336b174365cf
source_data/original_data/MAGE-Graph/output_1136/graph/full_output.json,text-data,189913,d731b9d864fd4293f8a855b1fca004756d1260bf55093addcf52715dd1756c9e
source_data/original_data/MAGE-Graph/output_1137/graph/full_output.json,text-data,237732,ae623be9cb4c78e3cfb34fc7982bb38aac0f4495220a72038b25a3f475320d71
source_data/original_data/MAGE-Graph/output_1138/graph/full_output.json,text-data,152731,cc4477ac0542e7926d9ac41234019e2f12384a9940df336b4890ef4b09facd93
source_data/original_data/MAGE-Graph/output_1139/graph/full_output.json,text-data,158423,46cfe861799b70cd5078f937cf1aa2bc747730470c131c1600468b06ed6a3a95
source_data/original_data/MAGE-Graph/output_114/graph/full_output.json,text-data,151676,f859fba4fe99b1124688fab0959c297f0def8362182fcab7ad05faff3548d33c
source_data/original_data/MAGE-Graph/output_1140/graph/full_output.json,text-data,159485,d85cd419b44c0649c9f8c75d3db903aca83ff6e55bafe0ed2c574abac8e243bb
source_data/original_data/MAGE-Graph/output_1141/graph/full_output.json,text-data,139585,fd9cbaad91f57017794919024b8d2758360da26c52547c6d965b4bd4f78eabba
source_data/original_data/MAGE-Graph/output_1142/graph/full_output.json,text-data,147320,c2feee64bf418b7f6a65af7bceb53c95b818003ecdba2049b4bf549dc91e7a07
source_data/original_data/MAGE-Graph/output_1143/graph/full_output.json,text-data,161656,1a2bc581b6eaf7578827574836a1f5562e84ab761f4d938ba6f326452e67668e
source_data/original_data/MAGE-Graph/output_1144/graph/full_output.json,text-data,201348,a2f33b49ba42ecdcf7e1ffd42fb7926909fe4196721063c45bad94bc00948eb3
source_data/original_data/MAGE-Graph/output_1145/graph/full_output.json,text-data,160373,01049c9a36d13095e245efaaa00934a01980927e6f43742e2c84f789f04d0798
source_data/original_data/MAGE-Graph/output_1146/graph/full_output.json,text-data,132627,c85325d0c21623ed20f8bd0cc3c01627460ecd3cce32b4eae691be5de2415dca
source_data/original_data/MAGE-Graph/output_1147/graph/full_output.json,text-data,92703,cc59e3b2b24b572fe1646a087388168a20b8b1714f7e989ff32231e937acebba
source_data/original_data/MAGE-Graph/output_1148/graph/full_output.json,text-data,64953,153666623e8ff6aba08a517cdca0f09d130043fd8cc1cc72fe2bd5b44c0545a9
source_data/original_data/MAGE-Graph/output_1149/graph/full_output.json,text-data,125497,ac0f22ec2167b02ea1e41b6babb8f364846b2061fdbea00922272eebbcffd599
source_data/original_data/MAGE-Graph/output_115/graph/full_output.json,text-data,195570,61ab1268961939caa096e80c0c09cde5ecf5814620e76a58751427752fcddeb5
source_data/original_data/MAGE-Graph/output_1150/graph/full_output.json,text-data,109226,d85e348f561a3cb82ce51a9ab671babafa8d347b76cfdabbabbc4106544985a1
source_data/original_data/MAGE-Graph/output_1151/graph/full_output.json,text-data,44252,bee6fdd4e3c23e3bb80e3beeed4738e9da4136808ff483250cc42ccec8ccb8a2
source_data/original_data/MAGE-Graph/output_1152/graph/full_output.json,text-data,180399,3d242edf3c160422080b66d580426f8899002a774475b38a939d958c91fdb3f6
source_data/original_data/MAGE-Graph/output_1153/graph/full_output.json,text-data,110261,ca3d2660628618e6217936deb96e4c53ae70f0fee398df64bc2b8e1a8b30bfbd
source_data/original_data/MAGE-Graph/output_1154/graph/full_output.json,text-data,157286,f5e445b343231086773910a1dd8f9d5a0d01068113257f5de992285817886275
source_data/original_data/MAGE-Graph/output_1155/graph/full_output.json,text-data,193434,70104392bd6846654d6b5a2219712f4f3fb3a7e61b8950c73637aeebbba2b809
source_data/original_data/MAGE-Graph/output_1156/graph/full_output.json,text-data,135215,9c4fe55ac295e5338f8d7fd06685075bec264dc4b7619e8982203eb9e5a3ab5b
source_data/original_data/MAGE-Graph/output_1157/graph/full_output.json,text-data,175583,3ff7cf170a6a4c48b5e1ee55cb671cb9f40f78356955ffaf808b633c3bf2acac
source_data/original_data/MAGE-Graph/output_1158/graph/full_output.json,text-data,116636,846d1f2d7c00e64c82f70076c8b5daacb5f8cab39582756930c0a626b182bfc8
source_data/original_data/MAGE-Graph/output_1159/graph/full_output.json,text-data,244032,65ca3358faefedc9d69ef140b0471d9f1c0ad8ca608f45cdf13b27b33dcb54b8
source_data/original_data/MAGE-Graph/output_116/graph/full_output.json,text-data,500707,3e4ca01d25b76722af96f96e665fd5248a4623b1bee5f34e27737d9e647f3503
source_data/original_data/MAGE-Graph/output_1160/graph/full_output.json,text-data,121756,4c16eeec8cf27a14fce5caac3ec577728182e58e814b5f935e1b3589a1e981ed
source_data/original_data/MAGE-Graph/output_1161/graph/full_output.json,text-data,183481,83b093c8e2f6c7d46c7092dcb74f3cf59220e33a1eb9b5ec8656344276082c31
source_data/original_data/MAGE-Graph/output_1162/graph/full_output.json,text-data,75298,86e5ff1270e92d145cc6cafc6057ae710a6363d5e9cd2d10ecf7766bcd46c0ca
source_data/original_data/MAGE-Graph/output_1163/graph/full_output.json,text-data,87275,9f0b5ee7f89c1c31e546ae59c8621aace1498b96416ae0c4027204b251213186
source_data/original_data/MAGE-Graph/output_1164/graph/full_output.json,text-data,149259,d97ec677d029d8b51f5765ad5fa88d1f1ba15ee571b74579f7e52d3bbedf2928
source_data/original_data/MAGE-Graph/output_1165/graph/full_output.json,text-data,82811,66f187950fd6dd3262af1c90a75d156265d24cd7a137f10d54a5de86a616e15e
source_data/original_data/MAGE-Graph/output_1166/graph/full_output.json,text-data,258144,c0cc6512c436662b05ec1ae68ff55e2dc3148d66db4b3f1ee57839618bd41abb
source_data/original_data/MAGE-Graph/output_1167/graph/full_output.json,text-data,146091,52d9fb8f51dbb79252733d996d95b6ad8452b1074b646eef75f20c1c40b3f169
source_data/original_data/MAGE-Graph/output_1168/graph/full_output.json,text-data,154075,45dd3088272a9ab462b408201064dc10bfec9b2bd50d2414c121a74d030b629f
source_data/original_data/MAGE-Graph/output_1169/graph/full_output.json,text-data,230384,fb473ae6b73a060986213453c0cf5bd9a1acc51c90c042b92a82354f14ac8d85
source_data/original_data/MAGE-Graph/output_117/graph/full_output.json,text-data,192671,e9451bdc9eb2f66f71130f5b7bab73eaea71a90ce6e0101eb04d13c115bea346
source_data/original_data/MAGE-Graph/output_1170/graph/full_output.json,text-data,119205,bd630b5732f2c1ffd2bb591a9fb9ad1224508da329829ccc3c05ba7c79c78b06
source_data/original_data/MAGE-Graph/output_1171/graph/full_output.json,text-data,163264,8fd7ea89e5b1c8e6ac9eefed20876fbedb9479ac80be3fe843b02deb32beb67a
source_data/original_data/MAGE-Graph/output_1172/graph/full_output.json,text-data,138499,cebf0abd5aee0bbe183da6ec56e46462db20a46a3510c903cfe5e8ff773a259f
source_data/original_data/MAGE-Graph/output_1173/graph/full_output.json,text-data,104427,1ffe6b72c6fe7610392ef15e6d524e3c5f5594d8e88ceda0e1752882fe3df893
source_data/original_data/MAGE-Graph/output_1174/graph/full_output.json,text-data,176773,d121295fa1577bffdaa72ee269a7a1b8ca7d993170a0435eb91ace0094d62970
source_data/original_data/MAGE-Graph/output_1175/graph/full_output.json,text-data,164712,ddd80c2e6861e5831f92777c297463ed5be17655b9899468327aceaf1c0608eb
source_data/original_data/MAGE-Graph/output_1176/graph/full_output.json,text-data,135036,1df0bc9b34b9c3345352a3c69fda7b333b35b12b033dbacd5d80d42ae895d85d
source_data/original_data/MAGE-Graph/output_1177/graph/full_output.json,text-data,182485,fbe7937162f2a1deacd84c8607d2d9081f2ba3133112de17428169bfa98d7e15
source_data/original_data/MAGE-Graph/output_1178/graph/full_output.json,text-data,184884,abafb834670c2fdcb215cae206dc7513d2b58a6319a7efb6fe155a0d369b0baa
source_data/original_data/MAGE-Graph/output_1179/graph/full_output.json,text-data,145753,c39f40db25306e999de54048dbffe418cb9c10ab804e2fb19c68e31a36b048c6
source_data/original_data/MAGE-Graph/output_118/graph/full_output.json,text-data,176005,c856a3faccc832ae51e654bcf1d4bcef21827185d51c9077df31dfc4d26ff9df
source_data/original_data/MAGE-Graph/output_1180/graph/full_output.json,text-data,127030,0e26523e7864a931ef9e8f51e78df70bc9afe8cc256d1bb487aa2788b659472b
source_data/original_data/MAGE-Graph/output_1181/graph/full_output.json,text-data,114170,785c1aa8fa09364816cc98deeeb7b9518f6c8f0c696ef296e052f2741289833a
source_data/original_data/MAGE-Graph/output_1182/graph/full_output.json,text-data,176535,4a29bddea78d2abd61e0407f9f481ea4d72989bfd00b2bbb8a8d5ad162e4c9eb
source_data/original_data/MAGE-Graph/output_1183/graph/full_output.json,text-data,145745,3b6fe8ba6872ee0cca4a386331c640e6ecc15345586c6e20a437fe5729ef871e
source_data/original_data/MAGE-Graph/output_1184/graph/full_output.json,text-data,167661,44e2fa731736d40437bf40e60e45a61b81ce86740f547b37fc3e2ad3063026aa
source_data/original_data/MAGE-Graph/output_1185/graph/full_output.json,text-data,116989,6d4312c0ff99cd193097d9e9f550db898f3199be0a4df3f18a43c27ee057cb4b
source_data/original_data/MAGE-Graph/output_1186/graph/full_output.json,text-data,211431,3364061f5ea626854309d4dcfdc25f94287ee72bc1cc54d27de94771a3e6bffd
source_data/original_data/MAGE-Graph/output_1187/graph/full_output.json,text-data,145741,1c3d764cf34ba75e081182513f5f4945ff582966b2d4db651ec781746d06dc63
source_data/original_data/MAGE-Graph/output_1188/graph/full_output.json,text-data,65830,6f5759843dcfffd53cf5afbf43d7bf7946d70e8a8f8ab98e68eb88a83bcb4ffb
source_data/original_data/MAGE-Graph/output_1189/graph/full_output.json,text-data,203608,f5dd870fdbe91daaca1d72a078669abbd3e69f487f87fa05cce15014530285a0
source_data/original_data/MAGE-Graph/output_119/graph/full_output.json,text-data,92703,aaf25b75f2db19966fbb42426ae51d645e4ec7c7df1efdf999afca5281197b3a
source_data/original_data/MAGE-Graph/output_1190/graph/full_output.json,text-data,106363,6abdbe7a05b6bd0bb16555aea2bead3046883854ffe5216ac3ea829b4ba1ff84
source_data/original_data/MAGE-Graph/output_1191/graph/full_output.json,text-data,176707,d39df3aff097f8002da6dfbe13ad89defa55e399a69da1165dd4e0910005ec90
source_data/original_data/MAGE-Graph/output_1192/graph/full_output.json,text-data,135079,28c441307c69b5ba4811b860763730be76f751b33594d4e39f09de4b099cb09f
source_data/original_data/MAGE-Graph/output_1193/graph/full_output.json,text-data,89281,c3ba83fcde8d50f9cde3f7b5349c39a2bcf8fc4020e30b1cf94a5cafec73e7f2
source_data/original_data/MAGE-Graph/output_1194/graph/full_output.json,text-data,92269,a13b0a05e05b8ebef7700b91f2b79e4370df60844a35d67967330c09c0a34d98
source_data/original_data/MAGE-Graph/output_1195/graph/full_output.json,text-data,160749,3928ffdf58867711b46e64b9b1287a94dd585e4b0be8b3eeb05006e90c527944
source_data/original_data/MAGE-Graph/output_1196/graph/full_output.json,text-data,72433,1b9cbe51834aeed4cca22345e8aa5ec5e8570dbd6b8fc6e73f946f24a49bad27
source_data/original_data/MAGE-Graph/output_1197/graph/full_output.json,text-data,103430,5135403d788e269f9c65b64d2cc2f6114aa6da1c54606572addfa302463539b0
source_data/original_data/MAGE-Graph/output_1198/graph/full_output.json,text-data,51119,fedba5f1289ff853c59dbe1c085ecf0a9cb4b2b934ff2ec82b8922e394bea8b3
source_data/original_data/MAGE-Graph/output_1199/graph/full_output.json,text-data,158006,6be7e48d8004f42eba89c8dd6e2c5ff8310a09af2d84542c875c78f0a9243057
source_data/original_data/MAGE-Graph/output_12/graph/full_output.json,text-data,176037,a315650c9c2b34a3544b93c961b5f7852f28757ab3f5dc0256ac3dcbd59fd4a0
source_data/original_data/MAGE-Graph/output_120/graph/full_output.json,text-data,135149,90453c758ac66ea5b7491309bc30787b0def014eadc11d011b61cc1e687dae70
source_data/original_data/MAGE-Graph/output_1200/graph/full_output.json,text-data,169952,1f3bfb13618a2638cf015749b62088eeffc0f43fbbfb56f5df2dcb721203c10c
source_data/original_data/MAGE-Graph/output_1201/graph/full_output.json,text-data,146255,2537497060ea58568cb5add9c775b16dc8af4df743bdfc333b850d3539515f57
source_data/original_data/MAGE-Graph/output_1202/graph/full_output.json,text-data,207603,0173a3835d7c2e8056e60dc42b9c1956d12285d4968b3aabb0c2a435f4f70f6e
source_data/original_data/MAGE-Graph/output_1203/graph/full_output.json,text-data,65704,dcf89d8e83e4cd45fa7a3662608c98ae5dc1ce80fb07cc8514431af4f6e7a11f
source_data/original_data/MAGE-Graph/output_1204/graph/full_output.json,text-data,230131,2cdd75d0272f2a558322582ba29d28938e7d58b52552ac9908ad75e0afa877c3
source_data/original_data/MAGE-Graph/output_1205/graph/full_output.json,text-data,160519,a1bf824fcf96851e30562a09bbd5bd5c0ab06e6aecc4e73c6ab170268f4fa030
source_data/original_data/MAGE-Graph/output_1206/graph/full_output.json,text-data,100784,1ec9ca327a8ad7c6e47ae8aa655f60b87859af3bbfe57843dad86964fd1768f1
source_data/original_data/MAGE-Graph/output_1207/graph/full_output.json,text-data,169874,28524a303bae12e4601376e7af194ddaa08a9e62f60d0945bdd9c96c51074560
source_data/original_data/MAGE-Graph/output_1208/graph/full_output.json,text-data,81384,e8fa413c4eb33e6ab79cf94c6d31404316e8c9acf3657cc26441d123b61c6c0a
source_data/original_data/MAGE-Graph/output_1209/graph/full_output.json,text-data,135548,6d492f1cee3225b258fb61f1afecb128d42fc0ad799d98e67149648abbf508c4
source_data/original_data/MAGE-Graph/output_121/graph/full_output.json,text-data,126078,4aa3380907d16d1f9b76869ae04a69a2b59dfced2b62b69b26259a4e2c862d96
source_data/original_data/MAGE-Graph/output_1210/graph/full_output.json,text-data,66345,8870ae4346736ac2536360258e514d5b6cebe32d76a8977c97d19346fc5fb31d
source_data/original_data/MAGE-Graph/output_1211/graph/full_output.json,text-data,4430,f231d39e05ab60d457b4816aa0df3a0488db6e30d28b5f9ed46ef564ca385d5a
source_data/original_data/MAGE-Graph/output_1212/graph/full_output.json,text-data,177147,409375eb05e38b6995e228e234d29d415f03a37ae9ff21bde9bf84721ab33ae7
source_data/original_data/MAGE-Graph/output_1213/graph/full_output.json,text-data,134350,7c6786db9b3ca768bbfe664cde56d990fbee456ef04b7eeb6935286fb223ce0a
source_data/original_data/MAGE-Graph/output_1214/graph/full_output.json,text-data,213653,f41e3abe703f446b799225c8cd822d757df673c629b907719514784469be1716
source_data/original_data/MAGE-Graph/output_1215/graph/full_output.json,text-data,135984,6bc9eda4f8379aa74e6b746aec75d8b21ed01ee2621e1341e1b4bd33aef56606
source_data/original_data/MAGE-Graph/output_1216/graph/full_output.json,text-data,154477,e60b0ebacb786b9fd69dc1c7b3c02f416e0c0733cb0557b09cc62ab1decd060c
source_data/original_data/MAGE-Graph/output_1217/graph/full_output.json,text-data,124731,03956d8b50fd5336686b83958f82444416dc92a603cbc6af3e1b3468a24121f9
source_data/original_data/MAGE-Graph/output_1218/graph/full_output.json,text-data,129073,87a2e7722b67655a9bec158934e6a966776d2cbd276226cba36487e5a284f0ac
source_data/original_data/MAGE-Graph/output_1219/graph/full_output.json,text-data,233006,18dab20a9d45c235b84377c3a104a94a498f2643a66fc1c7634e29fb26d95e9a
source_data/original_data/MAGE-Graph/output_122/graph/full_output.json,text-data,156044,00e8f8ffe647965488286464bfbd195b13653d544139e6bc5e13e3167638dd74
source_data/original_data/MAGE-Graph/output_1220/graph/full_output.json,text-data,132627,9e5492d163a35db65432c79264b1e750c7d9b02d364b914f1c7a29f8677e1e79
source_data/original_data/MAGE-Graph/output_1221/graph/full_output.json,text-data,128152,a4824f8f3f75a88539c3794bf4a727609dfa61cde7443de0a5b84b0f8c2bbf37
source_data/original_data/MAGE-Graph/output_1222/graph/full_output.json,text-data,164829,3b6909315bbb490df982ae2344ec4298a0de9c9513704ab2a823322f3280b592
source_data/original_data/MAGE-Graph/output_1223/graph/full_output.json,text-data,104984,26cc9b71fa15d9f1c18357f3ce14350128a4e916c6525ee2f3669b27c8a2bf36
source_data/original_data/MAGE-Graph/output_1224/graph/full_output.json,text-data,119198,60cd9d5cc267b7bb4742a1106c9954c255a3ba1480d1f848c9af30d19421c609
source_data/original_data/MAGE-Graph/output_1225/graph/full_output.json,text-data,146852,939ddaeebf9175256597a97a006e8a2c8d3eba271ad03a65f246c7c592589082
source_data/original_data/MAGE-Graph/output_1226/graph/full_output.json,text-data,136941,d897a0a73657dd9d56b60f81e5461aa3b4a7b6045ee462a864e9c37abe3da754
source_data/original_data/MAGE-Graph/output_1227/graph/full_output.json,text-data,122510,25cbcd884997d22333c1221d3e128eef556be95830e7e29dfd42510a1fc2e4c8
source_data/original_data/MAGE-Graph/output_1228/graph/full_output.json,text-data,94098,369193847a287a2f207d363c29bb9f1aba3e445d77eac047a4c98b4d2a2f41d7
source_data/original_data/MAGE-Graph/output_1229/graph/full_output.json,text-data,77108,d1f2917dced81f6656404e87a428607df732d75c8c9a62dc33b97b61baf87950
source_data/original_data/MAGE-Graph/output_123/graph/full_output.json,text-data,126703,6aa9461d77040faa79db51ba4cf7f5b69d251706a90a3a1a106c0fd43e2534bf
source_data/original_data/MAGE-Graph/output_1230/graph/full_output.json,text-data,134508,0eb7bc4df4dae4ea68d789ce78d22542986467e23a97d9750b1fe9d4d602a8e3
source_data/original_data/MAGE-Graph/output_1231/graph/full_output.json,text-data,85184,217bbd9ef054e38f6f4ec65d38c1f186d3ec2d98d32994c4a2d762336df9036c
source_data/original_data/MAGE-Graph/output_1232/graph/full_output.json,text-data,220232,da8e2cc45d286e83f8731b2a85d41c5563d96f1d82fea8cf3d56ed16364844b8
source_data/original_data/MAGE-Graph/output_1233/graph/full_output.json,text-data,105539,54cea26650a09ddb3da501cda8fbe3c4b363daeb427bbf2cd7339d19e9584c11
source_data/original_data/MAGE-Graph/output_1234/graph/full_output.json,text-data,107706,1cfa952edb63ced23ac87c424cd7e41613212c8a87529f219d790ddd47b60d05
source_data/original_data/MAGE-Graph/output_1235/graph/full_output.json,text-data,176575,870d71b475aaf558162bed96efe5fce16bad5c97b15755604ad8de9dc300ee15
source_data/original_data/MAGE-Graph/output_1236/graph/full_output.json,text-data,140203,5835f09bbf705215246255734854e1463737f4d008fff4ef88d2654b54bf256c
source_data/original_data/MAGE-Graph/output_1237/graph/full_output.json,text-data,127775,3ecc277c54c640056bc00f30261ce363614d76540fae92b86d2f6499a5974350
source_data/original_data/MAGE-Graph/output_1238/graph/full_output.json,text-data,122388,aa6abc15a321c793f3333175934084ce1129f171217456a5365e994063dace65
source_data/original_data/MAGE-Graph/output_1239/graph/full_output.json,text-data,107737,5f635fd0377f47ef3f8864c5e0d04a984fe0fe3b43ff7506e0e584a66d238896
source_data/original_data/MAGE-Graph/output_124/graph/full_output.json,text-data,174083,6244c13940b292eb6f09ef5454c1f4ed24d92661d64ebb872f24c3bf619b6b5b
source_data/original_data/MAGE-Graph/output_1240/graph/full_output.json,text-data,135113,ae07bc8b7efb40fb36034f33dea6e6c3e54c47cbacb176436a895bb7d0961480
source_data/original_data/MAGE-Graph/output_1241/graph/full_output.json,text-data,157247,4ba65060b3a3d0d2d539c023c6555edf7de67d3eec1bf4e7695926a0fd49cbc9
source_data/original_data/MAGE-Graph/output_1242/graph/full_output.json,text-data,259279,61f8fb6d8b44e0231210913aa8430cb526b1a309657e88183a92502c54a7adde
source_data/original_data/MAGE-Graph/output_1243/graph/full_output.json,text-data,71159,809cbc6c027550d9050fe6f82d7a679d1a0daa61607dc0f2a21940067a3d424f
source_data/original_data/MAGE-Graph/output_1244/graph/full_output.json,text-data,151877,0f87d4e543d849236f6d9ce4c89c68e147908f0ef9e972b47ee64370facce8d4
source_data/original_data/MAGE-Graph/output_1245/graph/full_output.json,text-data,131292,047376e5bf85fbae80d90decc4a6ab10ace76f9f4b216d478a44004abf9d6c24
source_data/original_data/MAGE-Graph/output_1246/graph/full_output.json,text-data,223078,d49c218f1c20cbc8391ab0ec344dee709070e784c8dfd3bf3171704489782233
source_data/original_data/MAGE-Graph/output_1247/graph/full_output.json,text-data,173341,60ee47ddb20ead7f8b0504a03f1acdfe21f5ad4881cfbb79bef92fc94b128968
source_data/original_data/MAGE-Graph/output_1248/graph/full_output.json,text-data,170838,3e3a494347974478b9f59f2ce088a37fe8c8a3c2273f3f9c1793ed53806a8505
source_data/original_data/MAGE-Graph/output_1249/graph/full_output.json,text-data,93305,8a3721c62a0b7c2caca93186772a6110233a0d1a0c034de28ab6ee6aa79eebd6
source_data/original_data/MAGE-Graph/output_125/graph/full_output.json,text-data,114268,13b42d41f99859f595007ac599cfb9d23a0970c8d3abad7e35fba35548f0ef78
source_data/original_data/MAGE-Graph/output_1250/graph/full_output.json,text-data,158082,626073e8d0bd4f2db79bcbfae65e6e000d32bb4b0448863f0750da5c211c1f2d
source_data/original_data/MAGE-Graph/output_1251/graph/full_output.json,text-data,173025,88065dea3edaeee73d10ea4b56cfb86ffc11753571f654896228d1788507a437
source_data/original_data/MAGE-Graph/output_1252/graph/full_output.json,text-data,114573,29c5e9a218e06229f091a8930e543f2a92a46610bca550dfecfaf67cca04d186
source_data/original_data/MAGE-Graph/output_1253/graph/full_output.json,text-data,159049,4bde038b73ce5423bf789876cfd269a29d9099ee834a3cecb894beda3b6f8735
source_data/original_data/MAGE-Graph/output_1254/graph/full_output.json,text-data,84471,cd641f5575f69587ffc5ac4f51d4ff473c1c2c4bb827bd6f768624f823d541cd
source_data/original_data/MAGE-Graph/output_1255/graph/full_output.json,text-data,134818,8e2aaae48ed5498fd9209325e59517ffcf9adba4277d03ea61b4df216a3b4cca
source_data/original_data/MAGE-Graph/output_1256/graph/full_output.json,text-data,113154,d962d715f34486529392aea225f122f78349ec4573c73ff33c251c0006a72a64
source_data/original_data/MAGE-Graph/output_1257/graph/full_output.json,text-data,201061,eedab11c0f7bc7e1c38c3cf0d683697e56575df9d80684b4f65cc2cf2599365e
source_data/original_data/MAGE-Graph/output_1258/graph/full_output.json,text-data,109388,e4780780996e728ff860d88fa0979dcbf77a9e7dd414c803e20888761b86855e
source_data/original_data/MAGE-Graph/output_1259/graph/full_output.json,text-data,124175,0d491f38f110a129b4d3687538c5aa35efcf28c8831ec328b3154aae655400c2
source_data/original_data/MAGE-Graph/output_126/graph/full_output.json,text-data,131209,078e34ea3e177d67ca9550debb5707d7d9c7b8383053959ccc8713ecad0c796a
source_data/original_data/MAGE-Graph/output_1260/graph/full_output.json,text-data,66871,14a5a8022e4de61aa6465b0b54e7c8d38ae9b7a2d1564abee6371f75c6cb677f
source_data/original_data/MAGE-Graph/output_1261/graph/full_output.json,text-data,181810,37a315862d1403873a6257c4349fff984792c9c52506e556ad7091907d5b7b4d
source_data/original_data/MAGE-Graph/output_1262/graph/full_output.json,text-data,182514,b78241a26d6c0c58cbd32c78a5674b82e06c3b7fb597b90386e59903501aac98
source_data/original_data/MAGE-Graph/output_1263/graph/full_output.json,text-data,95569,353fc7ee3a46ac8f6cf5fe85daa88c8b27f07c2d58776e975468473be5369c36
source_data/original_data/MAGE-Graph/output_1264/graph/full_output.json,text-data,94737,0cb956bdcedacaac1490fcf830d0b6867b5383e38613d6ce5c97c6bef13b40ce
source_data/original_data/MAGE-Graph/output_1265/graph/full_output.json,text-data,144518,e3ea29ae64343a55f28197365bdec3a4b3316ae0d29487eef6b3412ceca51e93
source_data/original_data/MAGE-Graph/output_1266/graph/full_output.json,text-data,137450,e0c5d44b23fbc9f2d6d7c5981d092d09020acbbd0756fe0b30c359ffabe85d30
source_data/original_data/MAGE-Graph/output_1267/graph/full_output.json,text-data,111810,f117a837d2729754418fa604e665ba5595d47fe0a72c1795c7b0803ebe3b1264
source_data/original_data/MAGE-Graph/output_1268/graph/full_output.json,text-data,129232,1f8bd0efa04a0675ee89a963e1aa99adc1ad638b061c7a545a54b95962fd1a8a
source_data/original_data/MAGE-Graph/output_1269/graph/full_output.json,text-data,138411,425ed2ff9476d1563afdadeef9c33e482b5ff80edef57f01ad0de7a1ce09a2fd
source_data/original_data/MAGE-Graph/output_127/graph/full_output.json,text-data,239167,1dce429057b94d278062768cf48383222a5440881b272769dbb0a2329074020a
source_data/original_data/MAGE-Graph/output_1270/graph/full_output.json,text-data,214823,c4a82848cc0d64da52b9afc8306c02c9dca5c519aaee2c26b0810f5cc3d86bed
source_data/original_data/MAGE-Graph/output_1271/graph/full_output.json,text-data,164083,a889bd55067d1d67fe368cb763870b36988379d79144ade44b02eb316e8f5015
source_data/original_data/MAGE-Graph/output_1272/graph/full_output.json,text-data,135734,97070cab27d90ae60c175a59e4e6f261b75e868ea39a2f790973aa65370f08d8
source_data/original_data/MAGE-Graph/output_1274/graph/full_output.json,text-data,57124,090718afc44359c23b0069e6ac1f06f44d703d44dc34089683cdb54b8941a6e4
source_data/original_data/MAGE-Graph/output_1275/graph/full_output.json,text-data,50553,6bb382e84061ad86e0222ce8535d35d8b25d221bb00c18c20bf0a1fc840b72e2
source_data/original_data/MAGE-Graph/output_128/graph/full_output.json,text-data,90721,7ff732f1449f0fb9efc93d40d10ad840ab0d2a9663a6fe18272a3d6450d81f33
source_data/original_data/MAGE-Graph/output_1285/graph/full_output.json,text-data,152242,ab0f5478940e5cf33bca39443bc689a0dabcaa13722da63feaa58d0c53671852
source_data/original_data/MAGE-Graph/output_1286/graph/full_output.json,text-data,128624,93bb5bbbc50ef5aade3dc17391346c5a1070ac3b80f30aa9d637d740c4338d3b
source_data/original_data/MAGE-Graph/output_1287/graph/full_output.json,text-data,201752,138d3cb13f074dbeca36e1bbaf26a939a6fb8ae9e64f5160335ca97ac2c75227
source_data/original_data/MAGE-Graph/output_1288/graph/full_output.json,text-data,177237,4a398e12bcc7ae2425a7ac917ea69e491d71a759835ff83592eaedf5dbd70a65
source_data/original_data/MAGE-Graph/output_1289/graph/full_output.json,text-data,303746,c554ebbc42418feb5eb032312bda2eceefa630cc07fcbdf99b98723eb312419a
source_data/original_data/MAGE-Graph/output_129/graph/full_output.json,text-data,233199,bdc042de67b99632873ac7e7c92c753896da86ae28631ff5cb69eb746a41a20b
source_data/original_data/MAGE-Graph/output_1290/graph/full_output.json,text-data,86972,301cf78d0878fe168b2e30e55f96925753be534a01eb3c3f3c8bdb85c35111af
source_data/original_data/MAGE-Graph/output_1291/graph/full_output.json,text-data,134613,68d7e746a60c7aa77fbc4642b7974fed42d5c5027157bdf4861921ff8be8e2e0
source_data/original_data/MAGE-Graph/output_1292/graph/full_output.json,text-data,150722,66c69bfa8d9dd87ed0a98b7743372314912f8e188379c1a430828fe45cd610ef
source_data/original_data/MAGE-Graph/output_1293/graph/full_output.json,text-data,155472,b1b034dced1c760aa87d758c53ba014798b58fd3f066aaba4e5af3d35e52dcbe
source_data/original_data/MAGE-Graph/output_1294/graph/full_output.json,text-data,94545,1a185415001c0f9ff4f14c3242c7bd80ada2aedf1118ce1009dd05f0064dd4db
source_data/original_data/MAGE-Graph/output_1295/graph/full_output.json,text-data,142958,3f73adbaf0d94ea12999a396c347c2c1e34f07a57b017074ce19d3db057c0ab7
source_data/original_data/MAGE-Graph/output_1296/graph/full_output.json,text-data,275786,71bda350714512e45f8933884a09ecf1d5eddafbdee26cfbff682eab3e6ad38e
source_data/original_data/MAGE-Graph/output_1297/graph/full_output.json,text-data,1421005,26bb8fc0abfe49bb687931b6f99ffe2b19da84eff60c9961bfa093b841208fd3
source_data/original_data/MAGE-Graph/output_1298/graph/full_output.json,text-data,143153,290eaea74d133c705d4971ae18c18038e37916ba9574469a62a91829a100b82c
source_data/original_data/MAGE-Graph/output_1299/graph/full_output.json,text-data,104419,f5a0d98d46837116f1016f137ca83315323a632720e33dedea02a0cb80dbaa83
source_data/original_data/MAGE-Graph/output_13/graph/full_output.json,text-data,229207,e42f25dde342975b679413b3a88ff63f5049f65ac441afb65e35b63f0dda48c6
source_data/original_data/MAGE-Graph/output_130/graph/full_output.json,text-data,188978,2c45856bc33371b6256fc99baaca2df6f192470b78aed702af21479924e8950b
source_data/original_data/MAGE-Graph/output_1300/graph/full_output.json,text-data,127295,71b48d684a19ff2daf8a5aefe0e250f31ab12bb733b5c17a839a1522dcbc91a6
source_data/original_data/MAGE-Graph/output_1301/graph/full_output.json,text-data,103685,110998c4aff1d9a2219a4281acb3682ee41ffb3485b376b8e808db665361dffb
source_data/original_data/MAGE-Graph/output_1302/graph/full_output.json,text-data,111991,01bcfd61b5b81dadaf2c4e4bd9b5dc3588377e81dc6921c72d96fe20cd8b5235
source_data/original_data/MAGE-Graph/output_1303/graph/full_output.json,text-data,167969,fa970e9ec81c61a9d915de2f117f3c260ffef9adc97552043d8cee47a32fe5e5
source_data/original_data/MAGE-Graph/output_1304/graph/full_output.json,text-data,101609,6729ec566b6186bfded3ebccf8ba42d51da34863cf27de6884e7d6abbda90815
source_data/original_data/MAGE-Graph/output_1305/graph/full_output.json,text-data,369509,f87c1fadba6d229087d2de6a87311764d70d2eac0be11ff88fc6fdb11e891c48
source_data/original_data/MAGE-Graph/output_1306/graph/full_output.json,text-data,177704,8c7fa22ad9323cc4ecf07b1a88b01ffb09a8d5944ee2ca1c8f3b94848de6fe84
source_data/original_data/MAGE-Graph/output_1307/graph/full_output.json,text-data,79293,6a3f613d837eb83f09264de0e70ad02423a16d92570bbfc3003d9eec3eefa496
source_data/original_data/MAGE-Graph/output_1308/graph/full_output.json,text-data,192606,3520bba85fae7674d7d5c24d61f22a31299bc8975b279f31e05cbe3cde7b4721
source_data/original_data/MAGE-Graph/output_1309/graph/full_output.json,text-data,62575,d8dd4e97091e46bf0ad443c02ce966599027ad8b8fcd984a56117437a71a7733
source_data/original_data/MAGE-Graph/output_131/graph/full_output.json,text-data,132180,45b9cb2cfbe4c5c592766bdeec235ea91ee9cdc0499614409461c1d3da567331
source_data/original_data/MAGE-Graph/output_1310/graph/full_output.json,text-data,84403,42f59fe2fd94b70887081d20c443a75c3123f14751dd3a1bbcdac8a463f6af1c
source_data/original_data/MAGE-Graph/output_1311/graph/full_output.json,text-data,186811,75b52e058e0f7026d23354be5f1acfaf211468ac6839f5fc1b5100d0d0069ba0
source_data/original_data/MAGE-Graph/output_1312/graph/full_output.json,text-data,144076,04d755d7e6dc9a27db5ed94b27c70dd5262b692905f2d11fc138ec64ae887df0
source_data/original_data/MAGE-Graph/output_1313/graph/full_output.json,text-data,189158,f74edafb08e188d2774887ee3a7bc0f1a79488f0961f36b3c9b60017c543d307
source_data/original_data/MAGE-Graph/output_1314/graph/full_output.json,text-data,124131,7ecdb3f2a21197e8c76c68396f4d346b45bd6aaabfa51988ee9e8fbe1b6d36e7
source_data/original_data/MAGE-Graph/output_1315/graph/full_output.json,text-data,146395,4b6e5cf1b319114db5bbbebc928e966d798051f18d700f9e4b22549f057f7a45
source_data/original_data/MAGE-Graph/output_1316/graph/full_output.json,text-data,116241,dd3dad41c8f39c7792f08a0ba96b39016ef5ae8ab3483495b9b510b67a93c6f1
source_data/original_data/MAGE-Graph/output_1317/graph/full_output.json,text-data,131543,9f5e57f18b66bc8a1bd398c51c940a5a3ca67dc7464da5c6d27a40784ed7a978
source_data/original_data/MAGE-Graph/output_1318/graph/full_output.json,text-data,90404,4b7fdf8a6d636761df2bb1c77c06ab8f4e0f21d2c85371475d60ded9636bbce1
source_data/original_data/MAGE-Graph/output_1319/graph/full_output.json,text-data,152672,dbeecbdb9d0047b7c38ed49105dcf5e17c9627a658400634bece1f44847d4b78
source_data/original_data/MAGE-Graph/output_132/graph/full_output.json,text-data,192443,4a9dcdaab52cf8637693aef5bc8f962d0edb25eda6c715183e69e1fbaae661ec
source_data/original_data/MAGE-Graph/output_1320/graph/full_output.json,text-data,176564,1c918ad9d146b75933b5dbe01c35bb2f2b3c8a75d79f382688d62776cc579e32
source_data/original_data/MAGE-Graph/output_1321/graph/full_output.json,text-data,90785,d51fbaa30d78b3e9b53b883e48637d7f86fa5577db0541dc4ea03dae12132070
source_data/original_data/MAGE-Graph/output_1322/graph/full_output.json,text-data,108920,7bfd1e71cf3ae4d5ed1f58bfe790980bcc18192f8bf04610ff560028e5ca5832
source_data/original_data/MAGE-Graph/output_1323/graph/full_output.json,text-data,143669,8094bdfe3fc5179ccf979824ec97ef77582a9bd6094bce107d4d9cb0b895f912
source_data/original_data/MAGE-Graph/output_1324/graph/full_output.json,text-data,152409,bd3a357193e2205c9775c59c7de0967d473d72242ac5f75d230dada9588e0628
source_data/original_data/MAGE-Graph/output_1325/graph/full_output.json,text-data,200585,7656bc2a73dcfaa92cac18df78465734fefeb3a2409068afc4d91d79fc7b1a62
source_data/original_data/MAGE-Graph/output_1326/graph/full_output.json,text-data,96103,2230bd2854610c6ade87c3a72b263319d2c5175c165e4b0bc35c6a7f402403f0
source_data/original_data/MAGE-Graph/output_1327/graph/full_output.json,text-data,127554,ef52278f3df4bb50312ca5baea102b271e8c2e2eb091b624b8ecb71318521c6a
source_data/original_data/MAGE-Graph/output_1328/graph/full_output.json,text-data,162645,872e09c1a6819d1fbf6aec75d992deedb1641b3168fe0c43b2ba288cda1ae86a
source_data/original_data/MAGE-Graph/output_1329/graph/full_output.json,text-data,144335,b3a55f725829e4487e9a01627f448d754d0b61b52c1906ddea339162e3048918
source_data/original_data/MAGE-Graph/output_133/graph/full_output.json,text-data,151079,19c1fc940d4529c4a873c5a7155ac125b8a4f6c855ddb2be71b73b3944c40f64
source_data/original_data/MAGE-Graph/output_1330/graph/full_output.json,text-data,211732,e8e6c6d5d8c252c35c9ee845fb877e2ba2f676c17e025679c3448baaecc48be9
source_data/original_data/MAGE-Graph/output_1331/graph/full_output.json,text-data,112604,de92414d175ffaa28a65893053b8f0d607317d35cadb644390fddee86480f166
source_data/original_data/MAGE-Graph/output_1332/graph/full_output.json,text-data,142248,e8d2cbc76125e954b3d946bad00a5e48dffdfaf2501d3a22d95476ed2adc3d71
source_data/original_data/MAGE-Graph/output_1333/graph/full_output.json,text-data,148292,706086e306c886e5aaaac638bba6041e378f3c02a180800937efb81bb10b4248
source_data/original_data/MAGE-Graph/output_1334/graph/full_output.json,text-data,137184,1c8e0737a87664ff78251db32baeee750eedb194d74b3dd0788bdc897eafee39
source_data/original_data/MAGE-Graph/output_1335/graph/full_output.json,text-data,117977,3bd9f0d885eca29116aed53d23e1f41836b9447a04f1100d45502cc7d5b82c36
source_data/original_data/MAGE-Graph/output_1336/graph/full_output.json,text-data,42273,d4ecd05ea899b1aa22bbcc9a2974eb3e276dc9a65ff08ed96cb641f1b80dc950
source_data/original_data/MAGE-Graph/output_1337/graph/full_output.json,text-data,100077,23fc77af0fb58baf9a66bab4c6495bda94ec7e56ad483c442f0296c8a8cdcf17
source_data/original_data/MAGE-Graph/output_1338/graph/full_output.json,text-data,121388,59134e42564c6251e7fcdf22d82b09324a05f8444b2211e22f278aade93eeb51
source_data/original_data/MAGE-Graph/output_1339/graph/full_output.json,text-data,126617,5637b633c6f3ea83b5d3713f2d026b6ba6d84d59a2b6ea04967ab10a63e34430
source_data/original_data/MAGE-Graph/output_134/graph/full_output.json,text-data,59410,9df8fe563bc3adf9e24e280c6ccaaceaee44ad6870093a0432a8cfda8a9cdb61
source_data/original_data/MAGE-Graph/output_1340/graph/full_output.json,text-data,198411,a0c32549de126f789ae2228889d0d8550b3d2d6ed52f5216cb83b4152983271e
source_data/original_data/MAGE-Graph/output_1341/graph/full_output.json,text-data,127747,bda641140df1a50c95f15b7d052966fb22e83437b72f2f2d6e3d395bc934cd58
source_data/original_data/MAGE-Graph/output_1342/graph/full_output.json,text-data,107068,9f9bbb0a4901bb96e283099e4656edcd1d2cf0273d8d2174e15988af6f3c8f76
source_data/original_data/MAGE-Graph/output_1343/graph/full_output.json,text-data,140564,3fefe1dc559f809818bfca83c2d29e6b80513a2aef67e86e88078b9bf4530cf1
source_data/original_data/MAGE-Graph/output_1344/graph/full_output.json,text-data,152755,ef2b83e1955316b3425aa864917aa988f33a378ddceb972c3141d0fbff1bbb30
source_data/original_data/MAGE-Graph/output_1345/graph/full_output.json,text-data,96719,512d7415c7c330f7f310325e56133d1dcbf8ef39f3f1be69c45a7aef66252a12
source_data/original_data/MAGE-Graph/output_1346/graph/full_output.json,text-data,155260,20fad17b7de94c885d06310e342ec66ba7ba9e9c3ae4485e7409ee07983e6a09
source_data/original_data/MAGE-Graph/output_1347/graph/full_output.json,text-data,166504,f4e64ca92c10324f62f46d7ee7db9e69c284cb054a1d9549c51a961be05cea6b
source_data/original_data/MAGE-Graph/output_1348/graph/full_output.json,text-data,135787,b086a532aeea4b2852d29663c8d53d746b69c24a0d78ab604419220cc5c432ab
source_data/original_data/MAGE-Graph/output_1349/graph/full_output.json,text-data,191910,f4067e465000349797cb5b6b179e822630a33e7577e373665b70a1d379131bd2
source_data/original_data/MAGE-Graph/output_135/graph/full_output.json,text-data,282388,a7a08f3e06b6fcea7672ef80e92bc22c1fc17edfa2e6191ee1dec03b99058891
source_data/original_data/MAGE-Graph/output_1350/graph/full_output.json,text-data,93630,0a83ea6a6096e2f268cc45abf61543a5ba186ee898e3de320c1cab134a1b2658
source_data/original_data/MAGE-Graph/output_1351/graph/full_output.json,text-data,163114,3f25fc191f260dd7727723fcc6a5af7cca201a7bbb8bf4fbdced4152b95d8740
source_data/original_data/MAGE-Graph/output_1352/graph/full_output.json,text-data,152231,3b856257f2170e16910141d6a3b90e4035108d1adcaa2d7498e2082c58f0e7ff
source_data/original_data/MAGE-Graph/output_1353/graph/full_output.json,text-data,119694,f0f63dd44943e2d6d0e41a73ecec36483f715286dfac2058578677961fa86d82
source_data/original_data/MAGE-Graph/output_1354/graph/full_output.json,text-data,126606,043ef464ffb5f608235285da5835e4f7928df3abdc9f2da0fd4b0ffccc74820b
source_data/original_data/MAGE-Graph/output_1355/graph/full_output.json,text-data,184689,143ad79051266c8b4567998206a3d61d3446039479a861941ef83a04cb7af507
source_data/original_data/MAGE-Graph/output_1356/graph/full_output.json,text-data,117108,6ca4db236cb2fbd441d810ec0cb05fbdbf65fc803f55b5fa59cd7211d4c9d6a8
source_data/original_data/MAGE-Graph/output_1357/graph/full_output.json,text-data,156624,dab098134a16e40e6fc0d05fc5d8b682fefb7902266c9c9ed7e62f18c904ad2b
source_data/original_data/MAGE-Graph/output_1358/graph/full_output.json,text-data,149523,3fbd3f74284a1615b87c94816172835728573065e023e9992d88f78efa310a4e
source_data/original_data/MAGE-Graph/output_1359/graph/full_output.json,text-data,213945,585c6bf1d71be15b8968f36722e500b88fe96f02722ab2604ff9f1c83e5ac624
source_data/original_data/MAGE-Graph/output_136/graph/full_output.json,text-data,186494,8d1ded06153672441d3b213205c93b22098c4e2e547000847a338a32689347cf
source_data/original_data/MAGE-Graph/output_1360/graph/full_output.json,text-data,222715,2826171ba2bdb204a5d93657cb58c72fc0d8e06652fb065eae6cacf09b14ea40
source_data/original_data/MAGE-Graph/output_1361/graph/full_output.json,text-data,204034,46eaba529ee39ac0a0c5bcb01b06d933bd29f87a1027ef42f8be27feb158ecff
source_data/original_data/MAGE-Graph/output_1362/graph/full_output.json,text-data,182776,bd252b9c2064dc538daf51f7b419ef706ad28ad8dc981781c4d6510c5ef81bf0
source_data/original_data/MAGE-Graph/output_1363/graph/full_output.json,text-data,239880,d6d6a5ffb967a07d78d134cab522adfeaecdebe1412fc137ab93e24eeef666e6
source_data/original_data/MAGE-Graph/output_1364/graph/full_output.json,text-data,88692,988647dd0ba38d5476099dfe7f7a08151a4aa9bf4a08131c22b36950ac32400e
source_data/original_data/MAGE-Graph/output_1365/graph/full_output.json,text-data,225233,fd0cb230ffb6a978b8d3863449598fbbfc28f227f95a9658a1da880c78e71b4e
source_data/original_data/MAGE-Graph/output_1366/graph/full_output.json,text-data,173460,884f73ce8797349f6fea7a5d310e6c57ffc9e60e0de38033e2abe40d864ddc10
source_data/original_data/MAGE-Graph/output_1367/graph/full_output.json,text-data,186880,83d368c2f6ea009ef6624d8c99d34413a9a4c74e2847fb855a74200e2944600f
source_data/original_data/MAGE-Graph/output_1368/graph/full_output.json,text-data,278476,0980bd25fbacf251b816ae9f1e842daab5fba902309ffa641f8f1a4ea0affa51
source_data/original_data/MAGE-Graph/output_1369/graph/full_output.json,text-data,194361,f9dabe92ad8d082eef195ddae528cf5b2092ca278a9dfbda54964a014af860fa
source_data/original_data/MAGE-Graph/output_137/graph/full_output.json,text-data,127864,73c3fc976d11c4bd8a2a20f24c243811900c7c5575f917ff45ee4b6a46457e2f
source_data/original_data/MAGE-Graph/output_1370/graph/full_output.json,text-data,154357,71f527495e8994665f1cf051a323183298ee16dc2e3dd1cc7e6237cdf0d1207a
source_data/original_data/MAGE-Graph/output_1371/graph/full_output.json,text-data,237277,a91fae0be7ba204d519f2024ab41ba37352d9d41779ead93b364092947950c65
source_data/original_data/MAGE-Graph/output_1372/graph/full_output.json,text-data,135237,c01d25d39c4a14ffca4f7b0e426ca0c9f84ad96f60fe7236fd7726d3b9143496
source_data/original_data/MAGE-Graph/output_1373/graph/full_output.json,text-data,111104,db685f08cb39f08336a488c4679c935b45be7af906a8bccec3c7f630f4f7739c
source_data/original_data/MAGE-Graph/output_1374/graph/full_output.json,text-data,139092,917f998e2ddcd461af8a910b31b9697261f363aca40ea05a7da0ec9026c63e04
source_data/original_data/MAGE-Graph/output_1375/graph/full_output.json,text-data,167020,84d29fa2c27aa2bc0a7837e8d2bdc5cd22541695fdf1ed05a4b6fd96496e3553
source_data/original_data/MAGE-Graph/output_1376/graph/full_output.json,text-data,190027,659d31a89392f586f95d84098d364468ce0b3edc18e44a644515f6b7d787e7bf
source_data/original_data/MAGE-Graph/output_1377/graph/full_output.json,text-data,124857,567be851a10bfc1e5f5a92151d6617d436d145288bf3acc5bf49c30eced7aef5
source_data/original_data/MAGE-Graph/output_1378/graph/full_output.json,text-data,217873,6c2fdb3eda031e885da49502ba625422dfb5d12b75113e4df3c26bfdeca45539
source_data/original_data/MAGE-Graph/output_1379/graph/full_output.json,text-data,151413,a1db98728c367521eb5d7284dfbe4b3233217e2494acfdbbb0ed27cc5ee5de4b
source_data/original_data/MAGE-Graph/output_138/graph/full_output.json,text-data,232256,943adf5603278221483e72328414518bccdb23921392642557c9bd5cacb9e725
source_data/original_data/MAGE-Graph/output_1380/graph/full_output.json,text-data,167389,4c26c5bb3582e280c7c778fc8e13589fc38493f25a29ed97702c59ca1e8d481b
source_data/original_data/MAGE-Graph/output_1381/graph/full_output.json,text-data,216284,2255823bb1cbeb6cb7695491ae6676e79c9bd27ac3afcd05359e4a84b05d5fbb
source_data/original_data/MAGE-Graph/output_1382/graph/full_output.json,text-data,126550,9c6711038a673ada7d4a9a57ff1186b23d74269014cd2333a222d9d7d6a317de
source_data/original_data/MAGE-Graph/output_1383/graph/full_output.json,text-data,161663,c291a07dc5b00ecb791e10c9327ca88c2f54b14d39a4bb7eee5f2f754cf2ddc4
source_data/original_data/MAGE-Graph/output_1384/graph/full_output.json,text-data,213187,a52c2ced7617844c5c910acd80426549b4c811b917236a8e88f9779e4c290330
source_data/original_data/MAGE-Graph/output_1385/graph/full_output.json,text-data,184464,d26ad80781ad5000f44579c628098af3a882ea686cead39c671e8c271121b1f7
source_data/original_data/MAGE-Graph/output_1386/graph/full_output.json,text-data,197047,2cf87dbb364dc1406df7341fd2c5731b611a7e7a6f9affc7b93ab269eb104437
source_data/original_data/MAGE-Graph/output_1387/graph/full_output.json,text-data,113715,1ef5db41a9bb49fc71eb4f9396a6f305e6f43882ca96cde73a9faf644dd6eef1
source_data/original_data/MAGE-Graph/output_1388/graph/full_output.json,text-data,184980,4b121039c07d58a75d4089946a6ab222a861661ea54406581d3ce6a9dd81f287
source_data/original_data/MAGE-Graph/output_1389/graph/full_output.json,text-data,149637,70a66ec9d513b98581b35893365f710808c7722c6352971ca497591708c604f0
source_data/original_data/MAGE-Graph/output_139/graph/full_output.json,text-data,190919,02621f156affa841cf010dd6b401e6af263105b05f7ac06c3ead9d8f6e859261
source_data/original_data/MAGE-Graph/output_1390/graph/full_output.json,text-data,226857,4af41263f37a9e8e4fc5d53efdf5ad074ce481c09aefb2dcc627e1099e071f92
source_data/original_data/MAGE-Graph/output_1391/graph/full_output.json,text-data,209777,17c802f5f9d3f99b29d959762c8779027dbfd525f12531fe16a30e655fac8e31
source_data/original_data/MAGE-Graph/output_1392/graph/full_output.json,text-data,139667,f7e1b6e6c1418a8ded0d2ff365e93306cd55c459c5bb29232c225a5cae1b40c7
source_data/original_data/MAGE-Graph/output_1393/graph/full_output.json,text-data,165473,b6745ecbfd6fcb2d60149a804c180d06348c1f4a4cef9828dd60989aa5e801fd
source_data/original_data/MAGE-Graph/output_1394/graph/full_output.json,text-data,220501,a3f8c42e8be8fc3b85015129e30cf480ddf71d5628e4458261048cbe8a989c2d
source_data/original_data/MAGE-Graph/output_1395/graph/full_output.json,text-data,164970,0efdd2179bf1740288a74960f60f40d7651cac4675088bf2d2994d191a4ecc33
source_data/original_data/MAGE-Graph/output_1396/graph/full_output.json,text-data,188752,912a2aeade6c7254ba4a1fdf3a7adfd78d4b56da07cee0e6f4f3c9259b5b7220
source_data/original_data/MAGE-Graph/output_1397/graph/full_output.json,text-data,79450,80b09c341e8517ae15f4c6c4463c41a10222af05ee7bec68464001356b744b92
source_data/original_data/MAGE-Graph/output_1398/graph/full_output.json,text-data,83414,3d33746a3e53fced45647c6ea5e5d9bb0ed5c3c49f568607d21ce00f2277bcd8
source_data/original_data/MAGE-Graph/output_1399/graph/full_output.json,text-data,16080,669fab76bdff9127aaa14038f02e392d4f1114adc8c813360f952a5adcd76cd0
source_data/original_data/MAGE-Graph/output_140/graph/full_output.json,text-data,268990,7c9b7faefacd2e56f5c43db1bf9b281ea75f03f042bb7edd454705b1974784e8
source_data/original_data/MAGE-Graph/output_1400/graph/full_output.json,text-data,91077,661f3ac6f871e98c205f44792c641151a257814023eb2b1a9f14b8297bb47cfe
source_data/original_data/MAGE-Graph/output_1401/graph/full_output.json,text-data,92512,ea0522f5aac09622b3e09389daf6c697619b49a19f03b00e083dd4274a4dfc7e
source_data/original_data/MAGE-Graph/output_1402/graph/full_output.json,text-data,165997,5d04d4188d28d40b60b24bf860cbd4c4e9feb51f93e240e1d63c2a3bbb3d7dd1
source_data/original_data/MAGE-Graph/output_1403/graph/full_output.json,text-data,105774,80d97d69540354bead30963e1b44129cc5b1b2470fe5f63b5fb580dfb2903ab2
source_data/original_data/MAGE-Graph/output_1404/graph/full_output.json,text-data,127972,b4d54cb98082d60914ed8a0e43b3e7f2086dfc22a626f6927ac63905311955a6
source_data/original_data/MAGE-Graph/output_1405/graph/full_output.json,text-data,192269,9439cc6bcd2b9b51e8c586d062e2e9daf0f1630d1a6dcddb4cfe33a8653251de
source_data/original_data/MAGE-Graph/output_1406/graph/full_output.json,text-data,217626,1e4f9c3763dfff7d2497f4d1ad531f08520e31a52ce593864baf5a2d72483ba9
source_data/original_data/MAGE-Graph/output_1407/graph/full_output.json,text-data,88133,94698a69e4d9bc338f2934e311cee716cbab1e6da8d34e290a899ed4ccebb0a9
source_data/original_data/MAGE-Graph/output_1408/graph/full_output.json,text-data,223444,7e811a22fe698e0aa156e1fdb3a24f8f31896dd820bc049f963f6ea18b621a7d
source_data/original_data/MAGE-Graph/output_1409/graph/full_output.json,text-data,94796,4698d348eb3a4af79b97b5b9b914cf25fd70ce05de6848d5f137d4ab1bbda54f
source_data/original_data/MAGE-Graph/output_141/graph/full_output.json,text-data,655793,5d9a6720e52edea135dac5bec6d1e628065be3653fc5244a552f257b176be10a
source_data/original_data/MAGE-Graph/output_1410/graph/full_output.json,text-data,118285,47cd3cce2550b5a0715fd075022d54327ec8a015cb72aa8b04aecd3a71f69813
source_data/original_data/MAGE-Graph/output_1411/graph/full_output.json,text-data,70886,4df3e04b1b0cae8f6dc9ba038acd39edc35274ded485b030ebbebed9a329e70a
source_data/original_data/MAGE-Graph/output_1412/graph/full_output.json,text-data,124278,cfac8d943f0b5c57eb6319f2bc8db5178c15c1d275f58c22cc800cc126a8d6ff
source_data/original_data/MAGE-Graph/output_1413/graph/full_output.json,text-data,96768,0e9ac56edbb49310a9155b43563f1a26792d84eff207b13ce334f65743737976
source_data/original_data/MAGE-Graph/output_1414/graph/full_output.json,text-data,113676,66bb949cc5040cbb304e42bda7f8831777b1dad14fbaf9c7fc03be751fd0d402
source_data/original_data/MAGE-Graph/output_1415/graph/full_output.json,text-data,63062,c1d3bed59110cfa451a5f5466801c29323aff9c3232dbe66eebc594921770052
source_data/original_data/MAGE-Graph/output_1416/graph/full_output.json,text-data,62573,59d473ff00f785fa0f159bef83af1b9129421f064fbde40d7284dd2375c7863e
source_data/original_data/MAGE-Graph/output_1417/graph/full_output.json,text-data,120957,4cdfb2a940f6d28aab34e8ce0c442bf334534797030e829f0ae1962025cc9ba2
source_data/original_data/MAGE-Graph/output_1418/graph/full_output.json,text-data,239265,cc71ee32f4735a2c48b7424cbd7a4a2f0aa4c311ebe5157e9f7442a81ab0bcc4
source_data/original_data/MAGE-Graph/output_1419/graph/full_output.json,text-data,690227,4e4aba61a66051008fff4c0ab23c95c0bfa76637e25475f5fa6c4616fbc7554a
source_data/original_data/MAGE-Graph/output_142/graph/full_output.json,text-data,410018,5872e0eb8f914541f94e780c4f352472ddeec0dd1931a3f1953fb74a73aa3f39
source_data/original_data/MAGE-Graph/output_1420/graph/full_output.json,text-data,126682,73b689dad2b6ca2a633fff453c204c16aed5f4a7863f9f07c6a3a31b3589624b
source_data/original_data/MAGE-Graph/output_1421/graph/full_output.json,text-data,332495,ddd70fb147a5d770a2868768785844e9a77fdbc1e03584372b6d7685f9c4e7d8
source_data/original_data/MAGE-Graph/output_1422/graph/full_output.json,text-data,151935,55a59201ac76905f113090eff6f6630f02efd27a905652b88310ed0cd0356b6b
source_data/original_data/MAGE-Graph/output_1423/graph/full_output.json,text-data,80792,aad425cc0958a2b2f4208ae23ab1ad943d9ddd9d6c6084894a2cbd7ca71e1b81
source_data/original_data/MAGE-Graph/output_1424/graph/full_output.json,text-data,43981,78c836fb87c15255e4b4ed3b666b7cf073dd1f8dd91d6dfb3081f5eb773f0edd
source_data/original_data/MAGE-Graph/output_1425/graph/full_output.json,text-data,89051,8b5e24d803f63ed5f3454b796ae0f1ce76a831ceff0546bc85c9c79df4c1aeec
source_data/original_data/MAGE-Graph/output_1426/graph/full_output.json,text-data,80098,bb6bdf6363928019b1e7cb681cd65c613e2e562b580cbbba1e1174b72718463e
source_data/original_data/MAGE-Graph/output_1427/graph/full_output.json,text-data,567040,fcb8f9c8f291b665aee6722ec6645487e1969b9f012ee1217d331b1d0d1fe6e0
source_data/original_data/MAGE-Graph/output_1428/graph/full_output.json,text-data,117954,d544196bcadf4c9324bdfb8a63cd8564658f1f4ab8a9f8e88df5e73645066adc
source_data/original_data/MAGE-Graph/output_1429/graph/full_output.json,text-data,616353,56dff2c43fd1775fb762af630e191d2983a32e82675aef9c48880947da5c7f2d
source_data/original_data/MAGE-Graph/output_143/graph/full_output.json,text-data,171689,02ac298942677af6c2500efe01086c03affbca34735963e43aa320fc6b92e512
source_data/original_data/MAGE-Graph/output_1430/graph/full_output.json,text-data,319925,dc6203a92508c79f65f59a7377a521453ac9ef92cb8729803c922e7cd4ed82e5
source_data/original_data/MAGE-Graph/output_1431/graph/full_output.json,text-data,342390,2a940d305fd6985d679dd551f5e96b2b6c381414ec8edefe774973182376bc1a
source_data/original_data/MAGE-Graph/output_1432/graph/full_output.json,text-data,156652,8ed38062abc17b746fe178041013bf91df6bd9c8c312c6c23a90e799ad497cc0
source_data/original_data/MAGE-Graph/output_1433/graph/full_output.json,text-data,179997,926a12bb27306939bfa13a162cbcac131185e5478040a0d05fb01a6065d3e027
source_data/original_data/MAGE-Graph/output_1434/graph/full_output.json,text-data,159158,0f35bcb1fc4fd5088abf8681df1857f496117d537ce460d98590b3c6f38037ca
source_data/original_data/MAGE-Graph/output_1435/graph/full_output.json,text-data,133355,ea10398687acfd841a3d0045813e55b5a80bc421049e8f8294c5289babb96443
source_data/original_data/MAGE-Graph/output_1436/graph/full_output.json,text-data,123210,4ca4641465dfd35e96c9df7c587f2ac13fbcdd1e4e43c6ee634aa34a60d43fec
source_data/original_data/MAGE-Graph/output_1437/graph/full_output.json,text-data,159763,f19b3758c22b9fae473c5c0896398a80d6b2b8b03aeaa72dd94756d30c54528a
source_data/original_data/MAGE-Graph/output_1438/graph/full_output.json,text-data,180467,810f62a28c4ae9f8768156793e29b49073d1484a1366c80867b62da00f5c3b26
source_data/original_data/MAGE-Graph/output_1439/graph/full_output.json,text-data,184991,03fdf0a5d35ce44e21daec063e085b0a841073bb5c89c1b9e857cf7fa8b7b136
source_data/original_data/MAGE-Graph/output_144/graph/full_output.json,text-data,143447,88b9f462a97de611d8f29e154403cbf5b4c357b080bf8a0963d5149ab640efc3
source_data/original_data/MAGE-Graph/output_1440/graph/full_output.json,text-data,177196,3101110539b6f15ef518e62dd7d61e0f2bba338c898a385add85a4d1af4cc0b6
source_data/original_data/MAGE-Graph/output_1441/graph/full_output.json,text-data,186956,47544966ac1d6798ec087cd6d4063e82050a1becc8c01854937b1470b70f7d0d
source_data/original_data/MAGE-Graph/output_1442/graph/full_output.json,text-data,209296,3a0a6541a6913295a8c185dc0927762b681dac5f9c2876b66d2c3ef97a0705c2
source_data/original_data/MAGE-Graph/output_1443/graph/full_output.json,text-data,107252,1cd4a55cae60a8b837b90593c51b80492d36cff1d5fbdffab83e8fb1402cfc26
source_data/original_data/MAGE-Graph/output_1444/graph/full_output.json,text-data,182707,42a7cd4a3b9b93a6471e7498df2668e4bf566bfef9833e22e9c5fc38697b6473
source_data/original_data/MAGE-Graph/output_1445/graph/full_output.json,text-data,154834,68ef6450fd92ed7aae5e77d4b0b8110107d3cba495d338a3b007bda17c7a3b47
source_data/original_data/MAGE-Graph/output_1446/graph/full_output.json,text-data,240242,c64fa5c0615609eb05f337bdab0b72e5a82e2f2a7ff5607a39d95db6acdbd435
source_data/original_data/MAGE-Graph/output_1447/graph/full_output.json,text-data,203401,6fdd55d7f523c1652cc6182cba074f1689e3e446133467b5f16bd8939dcbbe7d
source_data/original_data/MAGE-Graph/output_1448/graph/full_output.json,text-data,218974,311ea71f4a1a6ecf6e4544ebc143af3f629a875c7c14d5ded3624124fdf70846
source_data/original_data/MAGE-Graph/output_1449/graph/full_output.json,text-data,176426,5c3b9dc58894820e69af7db55bfb532d34ba869307792335abdae4e0e8b78925
source_data/original_data/MAGE-Graph/output_145/graph/full_output.json,text-data,199816,230c7158edfeffb735ffab24cfe833a0831b14a5c634ad1d9414587d6abdf587
source_data/original_data/MAGE-Graph/output_1450/graph/full_output.json,text-data,123264,fc11d0048159f1b82e18965d2c8178f8c71cec2f5de60790ce80a1746c022a21
source_data/original_data/MAGE-Graph/output_1451/graph/full_output.json,text-data,184273,29ecbf4b2dd4a6c928a90e3f6efa9b3fe2454a920a5d1bd59880b488d8359ff3
source_data/original_data/MAGE-Graph/output_1452/graph/full_output.json,text-data,426399,3c40e9bc01fede970f21239e21ffaff6b1746579c7486a804407a79930e89c04
source_data/original_data/MAGE-Graph/output_1453/graph/full_output.json,text-data,96329,1bcd11fdc9ecc9327ea8a2ff5927cbf9dc4c4ca98acdfb914470c81495533815
source_data/original_data/MAGE-Graph/output_1454/graph/full_output.json,text-data,96079,de1f409d15d9d30ba86e4ce9daa0f8d7c67c1dc911c227b68de88aa629484949
source_data/original_data/MAGE-Graph/output_1455/graph/full_output.json,text-data,168057,863dca33a1370fd22b953d89e0bcdf42dc4a5e29115e684d1598df0e78feeeab
source_data/original_data/MAGE-Graph/output_1456/graph/full_output.json,text-data,106986,a7705a85aa9ff515be5335ba327a1374f5456436778bc3b37a46576357c356f2
source_data/original_data/MAGE-Graph/output_1457/graph/full_output.json,text-data,149940,b26a271fff9c1e8e2903c85e0a9f601d7582972de90bb44e96c55ce7780ed0da
source_data/original_data/MAGE-Graph/output_1458/graph/full_output.json,text-data,129150,4731e197940cb2999c41232b5fb30b29adb4001c89015e429321f8a6f2939ee0
source_data/original_data/MAGE-Graph/output_1459/graph/full_output.json,text-data,102643,e7160a9e542bc92b7b8ab2241d9046d506305b51368d69d43330c8f4e7af4ed5
source_data/original_data/MAGE-Graph/output_146/graph/full_output.json,text-data,189734,b3d009ad3fb9dd857fa86543e216733ecf08b1912356fd4cd8b204d0352a0576
source_data/original_data/MAGE-Graph/output_1460/graph/full_output.json,text-data,219434,20c7034fdbaee51a6d2b51519345dd3b2990b999cf42a72ee72469076311659a
source_data/original_data/MAGE-Graph/output_1461/graph/full_output.json,text-data,154422,29d049bf2fdb3d523fb807d285f4d791ce830f6cf891796c0f8cc0193017c540
source_data/original_data/MAGE-Graph/output_1462/graph/full_output.json,text-data,277419,64ddb41872f185fae933269f167413eff0083fd060c2274e00d1955c8cb034d9
source_data/original_data/MAGE-Graph/output_1463/graph/full_output.json,text-data,139266,6c4b0300f5f51006b82590346013450b8c3309accd82ce108d580fb0a1279d4c
source_data/original_data/MAGE-Graph/output_1464/graph/full_output.json,text-data,189443,77943f005952604012bf7cef3d9eb8d9f7555377f7ac051f3b21f925a4af3141
source_data/original_data/MAGE-Graph/output_1465/graph/full_output.json,text-data,128804,f7d8f58c520649086dc40b138729f3fd750fefed0d5fe45126e1e19a1074fd1a
source_data/original_data/MAGE-Graph/output_1466/graph/full_output.json,text-data,134746,562c42c166e075c42450e85560aa867ab24c86d155d73b38e19249cd72bd0220
source_data/original_data/MAGE-Graph/output_1467/graph/full_output.json,text-data,184411,1664f6bdaa1500e80787a94552c2c5fcd4c102e0a0603bbadd486dbe24e13502
source_data/original_data/MAGE-Graph/output_1468/graph/full_output.json,text-data,148894,23541223e82f9c88fdae4e8aa4728ad6bd0552d1328a137069ea479eaf73057e
source_data/original_data/MAGE-Graph/output_1469/graph/full_output.json,text-data,194477,632b24511f9864fc890a192bf71cf7e655cc4f6d63541f80928d795df891551d
source_data/original_data/MAGE-Graph/output_147/graph/full_output.json,text-data,153745,0cc956974cddba1da4ceaa38a24e4e7f0e333a830945633a4f2f1d823b390144
source_data/original_data/MAGE-Graph/output_1470/graph/full_output.json,text-data,118083,8ec549fbd1c601bc25863a9c07b78f504f31cf0292907aa9979520933e80babf
source_data/original_data/MAGE-Graph/output_1471/graph/full_output.json,text-data,107933,e46f7e2d9c5c5be83e327222c9abf36b29dda7ae678154ab12c7063bc9a47546
source_data/original_data/MAGE-Graph/output_1472/graph/full_output.json,text-data,128669,58ac65e40b2fa5265e7771796c8815011b79bcf882b4477d9aadd4e8f520bc13
source_data/original_data/MAGE-Graph/output_1473/graph/full_output.json,text-data,89586,5c5cf21aa9428a5643b82f6601257a1afcc029ed3016d5a124dc5c1091fd5610
source_data/original_data/MAGE-Graph/output_1474/graph/full_output.json,text-data,121755,e425632cfe638ce8907425f107ab3f61b39e1af153ce0312dbc06ab33fd24a6e
source_data/original_data/MAGE-Graph/output_1475/graph/full_output.json,text-data,97053,b050b61affcd3952e351445cfe8e03e1a2efe3db7e9bf2b916ed13cc1e2f9570
source_data/original_data/MAGE-Graph/output_1476/graph/full_output.json,text-data,152980,2e6b75e33042e7e056464ec1850a21c80f234b7c983a811a50fcce0e499d8bb7
source_data/original_data/MAGE-Graph/output_1477/graph/full_output.json,text-data,75600,7b6ebdd1938b9e89359d874c540eb12099d4aa61007a45eb0d3fb0149951f203
source_data/original_data/MAGE-Graph/output_1478/graph/full_output.json,text-data,118184,b6e653282c19a02a6e7ad3a398573ddc1826b238fe07e65ca70b6ccdbd4b9459
source_data/original_data/MAGE-Graph/output_1479/graph/full_output.json,text-data,150697,474c2f42c57370e1030ea5e71e30be899d3e56ed5e7dd119fd78f3841c138b14
source_data/original_data/MAGE-Graph/output_148/graph/full_output.json,text-data,209378,3871348ac2ea57445b70aa12b0f1f56c3cac9f94a7b1134854bd10816137dfd8
source_data/original_data/MAGE-Graph/output_1480/graph/full_output.json,text-data,171870,0c9a326c1f1831fb75f9ad2d2e1a02aa0160250dc6b9cd1c0ab9462f5351c1cb
source_data/original_data/MAGE-Graph/output_1481/graph/full_output.json,text-data,168237,b520481beec7fe3db16fa0347464097b56af8731fe3516554a5c29b9aa57f195
source_data/original_data/MAGE-Graph/output_1482/graph/full_output.json,text-data,132342,a02ee066bf6c279c462dfd2fd442fefeb402bde35e8313bcad74659d62661bbe
source_data/original_data/MAGE-Graph/output_1483/graph/full_output.json,text-data,176304,40c5fae75f301ff04188ed472dc21f937961c4ecf47f0c8ddf6d28657bd03168
source_data/original_data/MAGE-Graph/output_1484/graph/full_output.json,text-data,169000,2f07bc6ab9740e163f104ad62a4221ca138cae631086822442c3763f1fc340d4
source_data/original_data/MAGE-Graph/output_1485/graph/full_output.json,text-data,139613,880c649339d71a29330a90236b7806f5173404b6af042baf430b894bb6d2ed72
source_data/original_data/MAGE-Graph/output_1486/graph/full_output.json,text-data,69711,603fa7a8b500a2ea4416648bfa4a0df69f1049b83a9380bb1da2ba343a3f8bb4
source_data/original_data/MAGE-Graph/output_1487/graph/full_output.json,text-data,140161,dfa18e47ca1cc33dcca355b5453325f2aee7e3849c90e8b6744a5f5d253f567f
source_data/original_data/MAGE-Graph/output_1488/graph/full_output.json,text-data,134873,57754f4f72153c1fb066d571d44df6bbc35a6b91d366339e0de32a226277f864
source_data/original_data/MAGE-Graph/output_1489/graph/full_output.json,text-data,84211,6e8104015bba000b4a30bdd9057441881221956da32b0fcf6efd46a3cffaa5a4
source_data/original_data/MAGE-Graph/output_149/graph/full_output.json,text-data,232034,60098e4091b389bb464ee3fcd9cff24006c1c4d5fe3c20aaafba479f61c1f2b8
source_data/original_data/MAGE-Graph/output_1490/graph/full_output.json,text-data,251584,96f9a3b3637d34e0ed75cd17103b1f2b7e745ee8d900d5b594444326ad0cf0cb
source_data/original_data/MAGE-Graph/output_1491/graph/full_output.json,text-data,62974,8fe680cbe23d54371cab2ed7c196f2a43f90ead5afa4af54bb6467898f437a7e
source_data/original_data/MAGE-Graph/output_1492/graph/full_output.json,text-data,147089,8670f81d1c630d562bb0cafabe04d01fbcca8605d7f028a62873cc917de092b9
source_data/original_data/MAGE-Graph/output_1493/graph/full_output.json,text-data,227370,769a74ba32198a8ba6d2b8dfc5e0b39e2e2c2c42f20c2cced954409034258736
source_data/original_data/MAGE-Graph/output_1494/graph/full_output.json,text-data,130085,9d18027187002df780bf252655f95b57dfb533f912e494ab336debe3913e7530
source_data/original_data/MAGE-Graph/output_1495/graph/full_output.json,text-data,217626,ce5a6a6ba64f2b4355a0b1a40a584465914edb496a28a4a25bb56a6682563044
source_data/original_data/MAGE-Graph/output_1496/graph/full_output.json,text-data,111429,c1a8c4364d97fead464f2a1a9761494f7f57a38dfc487d9fe98db4d71b078b94
source_data/original_data/MAGE-Graph/output_1497/graph/full_output.json,text-data,109517,ee32c4c17c154c30ae89ec93f58878f25a7df07622e37ba03f7b6b4bf72cd565
source_data/original_data/MAGE-Graph/output_1498/graph/full_output.json,text-data,396265,e7c75e7170e65d77f8727b2d1dbc0594fe99d2f0bd01c58521fc4e3d3916f68d
source_data/original_data/MAGE-Graph/output_1499/graph/full_output.json,text-data,125284,799c5b7c58ef82a6706472467b270c2a3eb4458db23a9ef8372a67a4cda2c65c
source_data/original_data/MAGE-Graph/output_150/graph/full_output.json,text-data,191121,1e6e7389ac71877759b305f399a1bb128ca2039195fb9ea2875aacbda995aed1
source_data/original_data/MAGE-Graph/output_1500/graph/full_output.json,text-data,159538,9b1bfb9c617bd20f719e1be4a68f24b0fa59d7fa60157181ec72d4f77826cd7d
source_data/original_data/MAGE-Graph/output_1501/graph/full_output.json,text-data,249939,4a5bc547279cdb5ef3c0fcbb42dbd5cdae66c3eb5f805dfe456f62119c86fb39
source_data/original_data/MAGE-Graph/output_1502/graph/full_output.json,text-data,133742,cc6585245205e23d13937e4512013e4a99b597402e23e928bc0a71d5d8c0c322
source_data/original_data/MAGE-Graph/output_1503/graph/full_output.json,text-data,14374,bffb6154bfacf03d26a42fd03bf058be7d95dbf7953a54c10669a92186ae7407
source_data/original_data/MAGE-Graph/output_1504/graph/full_output.json,text-data,221154,a447e7c3360baf3c7cd419508ef697063685361d0aded84ce78ef9c06be7635b
source_data/original_data/MAGE-Graph/output_1505/graph/full_output.json,text-data,94576,7f589095c62ddeebc102cf1d7b5e1c1ec215b7e74fad559546d446502a25d67a
source_data/original_data/MAGE-Graph/output_1506/graph/full_output.json,text-data,151527,2c5d4d1f541572d0726e211db4f958600a3a1ec460662f3dcd2148be7d3a1ada
source_data/original_data/MAGE-Graph/output_1507/graph/full_output.json,text-data,210273,d6861d210d991270e3b8e3c8aba3ee1fb19afbeeb8fd540e1e8a1c1d9aedc434
source_data/original_data/MAGE-Graph/output_1508/graph/full_output.json,text-data,102380,1f4e4d231e3c35694e2651407adfad52bd0efcea5cfc84acd06fa37427d53f20
source_data/original_data/MAGE-Graph/output_1509/graph/full_output.json,text-data,56287,94048e4eb2212f73c0d8de28bd37b165d4e3279a1e95e5ddbd1a9aa459172986
source_data/original_data/MAGE-Graph/output_151/graph/full_output.json,text-data,148830,abfcc7b2568f2eb0f06fbe165e08a4356c0cec514d51f4f5afffece5edaebe0e
source_data/original_data/MAGE-Graph/output_1510/graph/full_output.json,text-data,209385,8da39ecea05f885a6d44688b3003aac4065685e7366403fc7377a4b9fd890189
source_data/original_data/MAGE-Graph/output_1511/graph/full_output.json,text-data,158304,c8598594a9a20b00c6431f52ebe916ef761caf8c91aa5a67475ff01ccc5ed02f
source_data/original_data/MAGE-Graph/output_1512/graph/full_output.json,text-data,91613,c31e5bfcca6d91461b4daec4b5aa5779c73f70b3a8eef20be0610adb6c128df2
source_data/original_data/MAGE-Graph/output_1513/graph/full_output.json,text-data,118321,5b6db1fece97c2e9b8442da17be0c56fc3e0f914f90254ce3f9b6d23c7a56ca6
source_data/original_data/MAGE-Graph/output_1514/graph/full_output.json,text-data,80965,e11c294ee53a0872b9ea9ac9bdce211c0212378434bb2c6259cda9557f735323
source_data/original_data/MAGE-Graph/output_1515/graph/full_output.json,text-data,100139,b2b89e3c922d9a5dd598fc6db040a57b7b693157bc9f27db29a59811b921f604
source_data/original_data/MAGE-Graph/output_1516/graph/full_output.json,text-data,213165,0ce90cb69880fb2e060d1d5d01e3d2ce3fd95b71068b93165be38f3b63befc23
source_data/original_data/MAGE-Graph/output_1517/graph/full_output.json,text-data,114609,8d60df1da775f6fd35a295258da8715fbb94e364029d4842b62dc20fa49946cc
source_data/original_data/MAGE-Graph/output_1519/graph/full_output.json,text-data,56335,d8b4f686c5acee3347e240173ed4d0252848b0866efffcb7cded51594cd258c7
source_data/original_data/MAGE-Graph/output_152/graph/full_output.json,text-data,192472,5d83bb9af8380a0f1c918f9cc325329586d8eb654b47fb47ed1881943698c958
source_data/original_data/MAGE-Graph/output_1520/graph/full_output.json,text-data,242913,2540dd76dbe3c35379fbc430ac52ef6cac24ae6a415072957eae818819235f0f
source_data/original_data/MAGE-Graph/output_1521/graph/full_output.json,text-data,157541,7f3e9a46a9ebb914a0e07d40c0d17a3dc10e34909137e922cc922d243a432374
source_data/original_data/MAGE-Graph/output_1522/graph/full_output.json,text-data,123002,f33e3f00a3f44ac183cda6e34e52f0a7582c09835faaf6dc8dd5637f361c245a
source_data/original_data/MAGE-Graph/output_1523/graph/full_output.json,text-data,132206,a882f3da51f17f192eee299cb7a9d623568dc0e794b94f3e799aabe40cddd973
source_data/original_data/MAGE-Graph/output_1524/graph/full_output.json,text-data,155302,66f9869f2de094e2bdfca1a89bddd1d03cf685e18b84012700168296e38cbbf1
source_data/original_data/MAGE-Graph/output_1525/graph/full_output.json,text-data,51076,f428da5bd63162b9ef729489444be4ad65141b8dab4672bb549cfbdcfc0d140e
source_data/original_data/MAGE-Graph/output_1526/graph/full_output.json,text-data,173041,b40f57c0c810ea8c3791d8e078feba22ee2f2d17741d574d2150e50711f6decf
source_data/original_data/MAGE-Graph/output_1527/graph/full_output.json,text-data,169304,c69211c43b54ecf96deb73b71361bbe7e405ecfb37ffc3706667744116d3f4a0
source_data/original_data/MAGE-Graph/output_1528/graph/full_output.json,text-data,46108,23b355276d7ab760036daa200536e8364c75a61dcc2ab8eb974416fde3941b68
source_data/original_data/MAGE-Graph/output_1529/graph/full_output.json,text-data,378074,5571f734a013d43add3028da0da3e1979c31152aeb8c49382c2ff056bf8a6c8c
source_data/original_data/MAGE-Graph/output_153/graph/full_output.json,text-data,246815,ef9aabc92857c4423e6e6f393e13bfb625779d721ded680701dd0e3b96afa26b
source_data/original_data/MAGE-Graph/output_1530/graph/full_output.json,text-data,121447,56bb47c463b33dd55d63f7482ab4058af7ca7440e002b71185b24c26c251af49
source_data/original_data/MAGE-Graph/output_1531/graph/full_output.json,text-data,127603,f16822a0bdbbea2f110b024524d04c895627ce7ff63ef310a636ab464a2648ff
source_data/original_data/MAGE-Graph/output_1532/graph/full_output.json,text-data,111512,e67727d5a9ccae4e4a78db360a75085ca74b36c57210e5ac2367d5073a76fd11
source_data/original_data/MAGE-Graph/output_1533/graph/full_output.json,text-data,156620,f325527759971c1ab862e7ab53ab7f6b676ca3b608e195a47e9d11e95b683880
source_data/original_data/MAGE-Graph/output_1534/graph/full_output.json,text-data,3560,b7dbc9c26738bf9c668e9824005c0fa37722d89d90c08db54496fdcc9fc30499
source_data/original_data/MAGE-Graph/output_1535/graph/full_output.json,text-data,230252,9858b02e5317ddef99baa8aa8ce9c8aee3cb15d95ced7dba767e478d1b98cfcf
source_data/original_data/MAGE-Graph/output_1536/graph/full_output.json,text-data,154651,5b3b5c9a09ea3c96ec54141688581eef58ce2a8a4a888770577502361046cfee
source_data/original_data/MAGE-Graph/output_1537/graph/full_output.json,text-data,179866,489c96aa57d980a8942c5123da86bd035f8d8698eb753628b6d83a006a7f422c
source_data/original_data/MAGE-Graph/output_1538/graph/full_output.json,text-data,145809,29325dc5028cfe55e2b220630fb8ed8b03be73858d3065f2fb254e8952b27d18
source_data/original_data/MAGE-Graph/output_1539/graph/full_output.json,text-data,174384,ecf34ecc3ae6cb8e1b0489d18117af47df524707845af3c04e7e42605dccefaf
source_data/original_data/MAGE-Graph/output_154/graph/full_output.json,text-data,115577,aad6c047f3f2dd125acacb02ef52717267afd483790153062e277b8c4d26c0d3
source_data/original_data/MAGE-Graph/output_1540/graph/full_output.json,text-data,93761,79fc37145656ba721ad0d81989b6a897042f8db4db9bd1f9d93294962de495c0
source_data/original_data/MAGE-Graph/output_1541/graph/full_output.json,text-data,121289,2f8f51d9f5caa795dc01371055ac6bfca318cb97824c7064e84b6cd322d9c373
source_data/original_data/MAGE-Graph/output_1542/graph/full_output.json,text-data,109158,321b5e8a952667c8447c5c1d9821ffefe6dfeb1d77107a702bf0fcc005b9324e
source_data/original_data/MAGE-Graph/output_1543/graph/full_output.json,text-data,148897,2f41eca1e88e00dcb6083508a62605ca4d16f205c447a15374bb48a053fbf870
source_data/original_data/MAGE-Graph/output_1544/graph/full_output.json,text-data,99185,6ca53e949067b53568033304a343925c369cd9d450544f4785d4c9495061d0b0
source_data/original_data/MAGE-Graph/output_1545/graph/full_output.json,text-data,182984,a04f8d4bdfb95a833cdc86673c46c396e98934121a6a949d2e49ab17ebcb65fe
source_data/original_data/MAGE-Graph/output_1546/graph/full_output.json,text-data,131045,dff0ab8c22893af09e75667aac622d8d98583f1730617d61fd0d9898fea28077
source_data/original_data/MAGE-Graph/output_1547/graph/full_output.json,text-data,237083,22e9e6ad8e0f2844b40c9da216d6166721666c4145247d6077cc9fef35026aa6
source_data/original_data/MAGE-Graph/output_1548/graph/full_output.json,text-data,197221,4c1fec8a09730675ea0ba471b51544f6c33a5cf996e0b89c48e8ca076dfbc210
source_data/original_data/MAGE-Graph/output_1549/graph/full_output.json,text-data,167400,6fd87de7ad10dd2c2b6dda4a4c670da3ebd0648e82b37f363b704dab647bddad
source_data/original_data/MAGE-Graph/output_155/graph/full_output.json,text-data,274412,27446211521e8d0a43d9ae5a22924aeeb2c103c6364cdb98a3917c6319e06b45
source_data/original_data/MAGE-Graph/output_1550/graph/full_output.json,text-data,190175,de064d796e89af47f1265efbd73fcfc3d59ac69892ddf95701c5adc3dd883f82
source_data/original_data/MAGE-Graph/output_1551/graph/full_output.json,text-data,190303,9e7c5e52e56209d6d04b0a563333f76010366e035cf89ac642042d0c74b64465
source_data/original_data/MAGE-Graph/output_1552/graph/full_output.json,text-data,47535,aaf42f01f2a1acd4325b97e6275d5b55168bb10b374f64566cd43c7497bf31d5
source_data/original_data/MAGE-Graph/output_1553/graph/full_output.json,text-data,191272,74796f9922b4bd30010150dcc2c4cc281242e6e269f1feda7c0145a62d5ce1ab
source_data/original_data/MAGE-Graph/output_1554/graph/full_output.json,text-data,133532,ab8c7ca6458a1ba19f0d9391959e9cec0481f79795b74a548fb96034bebc1c85
source_data/original_data/MAGE-Graph/output_1555/graph/full_output.json,text-data,74864,476aa29307108e438de4d51b4f2ec4782c20ec1f2c2d712085d4106ee1fed4c2
source_data/original_data/MAGE-Graph/output_1556/graph/full_output.json,text-data,107318,225e2fb854a51ecca19882ec8875cae9cb2ea92dbaf3e741ac19f7fc50c7cf2e
source_data/original_data/MAGE-Graph/output_1557/graph/full_output.json,text-data,153032,d9a2cc1ade0c8549ac78e9faf3665005e3a0426a94dc0aa925aca98c51c4ec7b
source_data/original_data/MAGE-Graph/output_1558/graph/full_output.json,text-data,230446,d6fa539c72183e452d64649aa757924f56b8f0fae0b1ba526072bbb2f3140941
source_data/original_data/MAGE-Graph/output_1559/graph/full_output.json,text-data,145888,e4c506523e0cd58e0de3949988054ce6d2bf7b1605274aa3efa610c2ba8d53bc
source_data/original_data/MAGE-Graph/output_156/graph/full_output.json,text-data,208392,8a59648e71f33c65a941daaec6db3b4ab36ad68763c90c74ed780274cb1e5c7d
source_data/original_data/MAGE-Graph/output_1560/graph/full_output.json,text-data,93046,28f2298f2dc41d740c98cec0fbe541a6b68c09212c1425fdc9491d8560281601
source_data/original_data/MAGE-Graph/output_1561/graph/full_output.json,text-data,217,9df2af6e53ba062d6f707d136209d7a69901285176cde01a85e21ec6486936a8
source_data/original_data/MAGE-Graph/output_1562/graph/full_output.json,text-data,503017,5bb5a31661ac48a08ea3c91988a7bdd45640219751585636f49999637e3355d0
source_data/original_data/MAGE-Graph/output_1563/graph/full_output.json,text-data,85537,f2a28644ec881a73722f0024c7610d82bcb94ce84bea8a228d7120962bb3f8de
source_data/original_data/MAGE-Graph/output_1564/graph/full_output.json,text-data,169733,9d997d4f79dd6c102dbc42bbde583bf0133f5175c830e318b136b2d51d8c8a11
source_data/original_data/MAGE-Graph/output_1565/graph/full_output.json,text-data,131102,81e56276006cdefdca10cb8264d3a6b896b305b8046556ac073d1edaad1d9217
source_data/original_data/MAGE-Graph/output_1566/graph/full_output.json,text-data,132332,2ec8f9ee33fcb161153b5b6d9f5c093a44e79faa65668e2d70387d84afe0be8f
source_data/original_data/MAGE-Graph/output_1567/graph/full_output.json,text-data,116521,0ab8530e30a27ee3875196153b08824665d7b0132525b7a254865af31ad62996
source_data/original_data/MAGE-Graph/output_157/graph/full_output.json,text-data,100607,2f534a2247ef946220ca88df3e08c5cd105b1c0a795d3a0e00ec260c2c6bec74
source_data/original_data/MAGE-Graph/output_158/graph/full_output.json,text-data,133428,9e6621306db9e10edf630ce9eac61d95bb659d2837c559f42c8ed70a2cc35e0f
source_data/original_data/MAGE-Graph/output_159/graph/full_output.json,text-data,145957,af1b2b7b4819141c626b0af598036e5c9fe2364c9c9cbb99f666f9b12db27c35
source_data/original_data/MAGE-Graph/output_160/graph/full_output.json,text-data,182063,3840dafc58f9e312d5101e14148f022721027601d367cbea284106cd33f68921
source_data/original_data/MAGE-Graph/output_161/graph/full_output.json,text-data,78409,d29a53c8c9f64f340711640eb6283d84392a607f1c7133e469df4bc90e74026d
source_data/original_data/MAGE-Graph/output_162/graph/full_output.json,text-data,158251,3825c7c8b9f3a3b763e1bb17f8298b2df855ef7b0235bf88fc38b6476302661b
source_data/original_data/MAGE-Graph/output_163/graph/full_output.json,text-data,177730,a3a14d9e9e99d725874f1bccc76194036c241f57e7a467a5f0d65aae0d47dc4c
source_data/original_data/MAGE-Graph/output_164/graph/full_output.json,text-data,128472,72eba19343e9c02a3011a755c96ad7bf4abc98a18aac5395f2b9dfdb501e9dc4
source_data/original_data/MAGE-Graph/output_165/graph/full_output.json,text-data,169625,79b6ddaa1305c8804eb7fff69aeb5e6b33634439e384f9289c3d2009995abe23
source_data/original_data/MAGE-Graph/output_166/graph/full_output.json,text-data,202183,275c38e0197762c74d75d93ea33ae60abe446d4a14e7f27cb5b1cf5a197fe148
source_data/original_data/MAGE-Graph/output_167/graph/full_output.json,text-data,135110,d8b28de91c41ff3622f25f1253ff003248e90e174f7147cfb64fa858897210de
source_data/original_data/MAGE-Graph/output_168/graph/full_output.json,text-data,156242,41aeab5e4d91db33b0998bd16714cc8ca1f9db4a828986f5671e0ce44db80fd5
source_data/original_data/MAGE-Graph/output_169/graph/full_output.json,text-data,230228,8af7599addd5bbd136ccdede8ac8a78176bea2af59b2a4b8cce3bd5bda2579f8
source_data/original_data/MAGE-Graph/output_17/graph/full_output.json,text-data,259744,1a9c073764dd9e56ec876f9ad3f9027632e9c600a8cd20b709b71192e6658cc4
source_data/original_data/MAGE-Graph/output_170/graph/full_output.json,text-data,214023,892233622492c771a7facbc77114cb3ca3249aeea078b5449737cc624f625c13
source_data/original_data/MAGE-Graph/output_171/graph/full_output.json,text-data,177551,ba31c1348ead1171ce8a2c00b1cea53217d430a38d9dadab3fccc7da07f79154
source_data/original_data/MAGE-Graph/output_172/graph/full_output.json,text-data,131883,4a709c7156f9a978f9a2c983c0b6f149d0822e22f4a07e0396138484e1e779b9
source_data/original_data/MAGE-Graph/output_173/graph/full_output.json,text-data,124447,3ec53d2608ac520cac32d1bd74c15ee2bc6adcaf9969df903e456eb715ae3c19
source_data/original_data/MAGE-Graph/output_174/graph/full_output.json,text-data,121027,1d49d9a23a18fb363414419823980c10f1df50c48cfa482bcba61c60f330e45a
source_data/original_data/MAGE-Graph/output_175/graph/full_output.json,text-data,216420,1bfb3977d0859d23be8ec49196239a921efe7dd75a2f3072808c9b9866ece19b
source_data/original_data/MAGE-Graph/output_176/graph/full_output.json,text-data,150282,421a1f73539ab0bc7fbb890f37e1a318a7c94aa417070d92f9d6c6bf535bbd60
source_data/original_data/MAGE-Graph/output_177/graph/full_output.json,text-data,195250,f81cebf289c4e2c7b443ca61ad5c2d64d10b8e77759df7de9345f716b996d0d7
source_data/original_data/MAGE-Graph/output_178/graph/full_output.json,text-data,219940,0ce442f33a363f68a5541d241a167ac574d3311e0f1173216f3fba4c53df966e
source_data/original_data/MAGE-Graph/output_179/graph/full_output.json,text-data,147626,9a73833aa0fe32611dd3a7f8afe28467db37046d8c61957b92f9cc75ebf5e7e6
source_data/original_data/MAGE-Graph/output_180/graph/full_output.json,text-data,176378,7c083b0ee018c9efb73cc2da695b60290df4929d739da4bd89b7b0305beadd01
source_data/original_data/MAGE-Graph/output_181/graph/full_output.json,text-data,104731,931d1e857db1f2dc8df69501e33ef46ad07d87c27f85753c3937b759ae06607e
source_data/original_data/MAGE-Graph/output_182/graph/full_output.json,text-data,206816,f8060307854921d3c7251f36e6e3cd9cd246447932a792badee2a9a55834dfd3
source_data/original_data/MAGE-Graph/output_183/graph/full_output.json,text-data,153816,f28f802587f27c9b271d397f48c112ba63c2a0dbded4e48f41f217c37124d963
source_data/original_data/MAGE-Graph/output_184/graph/full_output.json,text-data,128594,9f5e99705f9fbace5697c87c8ba9860e668887cad8606f1370964398733f51c6
source_data/original_data/MAGE-Graph/output_185/graph/full_output.json,text-data,170552,783cab4852d22b9c024925193a866c823e5ad9bf5f038a474b0a628d465b81e4
source_data/original_data/MAGE-Graph/output_186/graph/full_output.json,text-data,254526,c9abade7e140c7a4b331a902006fdef8a24d70c70b14e69f7b08545032a1d74e
source_data/original_data/MAGE-Graph/output_187/graph/full_output.json,text-data,233819,4a514d9d4f0e0ffe8364c277bd57bce7a40d218b464aa3c3d6e933d2954ba25b
source_data/original_data/MAGE-Graph/output_188/graph/full_output.json,text-data,171062,e723d34e38d4acae0a7291e79d8feb065006adc9d06686950f41c0d654ae57b2
source_data/original_data/MAGE-Graph/output_189/graph/full_output.json,text-data,133778,b4fedf9b0b99c7596f791d01ef37a93eabaa4c816949fcf467d9c5f896af0428
source_data/original_data/MAGE-Graph/output_190/graph/full_output.json,text-data,144274,64b0c3831c1a94b493e0e5ee4efd84478df6e6b5a8974dd38cfb96de3d4784bf
source_data/original_data/MAGE-Graph/output_191/graph/full_output.json,text-data,194403,453a19e3ef5a750725ff51878db5758ef08277266aa562610002d59c89548a57
source_data/original_data/MAGE-Graph/output_192/graph/full_output.json,text-data,144288,071662b1a7d7a259d3b0b91dd09fea8e9c36b98d625025929c304c75dece61a7
source_data/original_data/MAGE-Graph/output_193/graph/full_output.json,text-data,229074,6967df70e908e270b9dddd67cc2831987ec3f28bc44e5405a76930a67743afcb
source_data/original_data/MAGE-Graph/output_194/graph/full_output.json,text-data,110197,e4b069638861324bdabea5295a41973287506194acb73eee4d48938ffb176d98
source_data/original_data/MAGE-Graph/output_195/graph/full_output.json,text-data,208702,061363ffd97b1981eced530c5bf52d7907de32871d180ce49921c49593977414
source_data/original_data/MAGE-Graph/output_196/graph/full_output.json,text-data,154856,bb3ee5f80fe2989642d30652e587ef6eb2a2829a9c6a477fd02febf76456dfc2
source_data/original_data/MAGE-Graph/output_197/graph/full_output.json,text-data,129647,f1876de14fc5a73851b39203de61e936106894a6e830bfded20e88ba30167146
source_data/original_data/MAGE-Graph/output_198/graph/full_output.json,text-data,152672,d0e2e0130e2f1e125a0c0ba6e7ffcce4eb3d2a3b1d1812bb013e35b11a97b3c9
source_data/original_data/MAGE-Graph/output_199/graph/full_output.json,text-data,283658,05a806031cec6f9ac75228a3e39556dadeb5f6e3415709bf494896c0eacb0b02
source_data/original_data/MAGE-Graph/output_2/graph/full_output.json,text-data,194228,3b5223108d5afb9a117dc103ec86b43b0ce33d6148ba216cdade85ba431fe920
source_data/original_data/MAGE-Graph/output_20/graph/full_output.json,text-data,311396,05124a6a66feddcc0b4575706de7be1aebda2afba81d814ef2f6577998f95540
source_data/original_data/MAGE-Graph/output_200/graph/full_output.json,text-data,203259,76e824ff82843ed09a02b27932b86918386c0e4b5c23a32c5a02165ccf1c703f
source_data/original_data/MAGE-Graph/output_201/graph/full_output.json,text-data,152909,f698475bc88593f667efe8e3c214e4496157c5b691f1866e21e0d64ced44e7af
source_data/original_data/MAGE-Graph/output_202/graph/full_output.json,text-data,257439,65acbd190f0207ca44e101676d331d80852d886940ff7139a5d81339e1d68424
source_data/original_data/MAGE-Graph/output_203/graph/full_output.json,text-data,171114,e582cc67f297c33d1e33461ccd192ecc1069edf2ebae477c26975666b399cd37
source_data/original_data/MAGE-Graph/output_204/graph/full_output.json,text-data,136353,e173bdcb114e9e16ca8b7c58d4826f87652dc2d253abb29152eb49986fb76adb
source_data/original_data/MAGE-Graph/output_205/graph/full_output.json,text-data,176689,b1d05b852bc69dec3e239ab41144cc6ad79df4a0953ac5c58507bae6e695f680
source_data/original_data/MAGE-Graph/output_206/graph/full_output.json,text-data,118499,4e298454f391525cd849e0ae0e4532c6d3763f2ad5e53166fa9fb976e3888c55
source_data/original_data/MAGE-Graph/output_207/graph/full_output.json,text-data,136235,0450252ddbe1037984ea84d42640cb9f9377480b8acc14025924445de51f726a
source_data/original_data/MAGE-Graph/output_208/graph/full_output.json,text-data,196418,1be26bec3c8862c36423413d061b8e669de9a7cd5329834396adaff34df68eb7
source_data/original_data/MAGE-Graph/output_209/graph/full_output.json,text-data,215253,34a27ec7741ff1346a94f43e3ddc9a69ee2e1d99e26441e1193623c52238a699
source_data/original_data/MAGE-Graph/output_210/graph/full_output.json,text-data,165366,57b535a24e216f325b04169b9085898109cbf2dbed933bae5c084ef313283c43
source_data/original_data/MAGE-Graph/output_211/graph/full_output.json,text-data,163502,847cb512b26231273020018fc6c7de65f8f7fb72c4e4acede704d4b44c6d2e59
source_data/original_data/MAGE-Graph/output_212/graph/full_output.json,text-data,157806,9e26bd1eac0457f9ad57df05659c185418c8c3aa27eb93d26d943a69adb7a5cc
source_data/original_data/MAGE-Graph/output_213/graph/full_output.json,text-data,241335,fc1050acacdc1d5bc512522e087865b37ea202c32736c5a498056526cbf71a38
source_data/original_data/MAGE-Graph/output_214/graph/full_output.json,text-data,135379,b2820a70513f8a95e20e82a1f6f75c159c93ee6eb10f48e12ac532e1af4f6043
source_data/original_data/MAGE-Graph/output_215/graph/full_output.json,text-data,160442,da0cd3e71eece0b703843b55b56ce6255380746a45d3ea4b8e5e30a5be748296
source_data/original_data/MAGE-Graph/output_216/graph/full_output.json,text-data,150228,57e291c0bc8f0458d209ee2fb08c7b3f2b58adfb0f42a16299d0d799a810075e
source_data/original_data/MAGE-Graph/output_217/graph/full_output.json,text-data,187607,2531d561bfbd1ca2d0a35d4bd3a2c7ebe49495e1dec22f0aa96dfe70b023a72d
source_data/original_data/MAGE-Graph/output_218/graph/full_output.json,text-data,184824,71d46ce57d39644b8c0590db95a51489b1aa36e3be74c1c16646c69ee7a2a1db
source_data/original_data/MAGE-Graph/output_219/graph/full_output.json,text-data,163705,fffd0ac565542e4359f6ff5d41d41b81ea2ed030b36c02f6a7580b298d60e566
source_data/original_data/MAGE-Graph/output_22/graph/full_output.json,text-data,173611,9e7a5de6ae11bed0a63973391162900147d9bf036666548dc35c28828b77342c
source_data/original_data/MAGE-Graph/output_220/graph/full_output.json,text-data,145968,ca60a524f0bad0a2913d08722355e74c194a3e377a870da0fc3b1f395f6af495
source_data/original_data/MAGE-Graph/output_221/graph/full_output.json,text-data,228967,955104138a7857b7d40161ceba36c02118f950fae235253b94b5066f96b8a9c1
source_data/original_data/MAGE-Graph/output_222/graph/full_output.json,text-data,201065,ddecc4796bd0b7b01f5d6b56ca50ecdb27c2cde24bd0ac79dd79302653b9519c
source_data/original_data/MAGE-Graph/output_223/graph/full_output.json,text-data,141202,a9c9db90da750310fe294fbc7f31df6a368d9c2030a99b65de39bd15207fed17
source_data/original_data/MAGE-Graph/output_224/graph/full_output.json,text-data,140389,279e6472210d039fef2abbfccda6d9290869ec8406391e2503b7e48f93a6578d
source_data/original_data/MAGE-Graph/output_225/graph/full_output.json,text-data,190060,3f6676f91391c54a5ff0b81a6b15ce4a28db173f96d1cc2a6b943da3e8feef17
source_data/original_data/MAGE-Graph/output_226/graph/full_output.json,text-data,133324,2b840a623a8a8f34eed4e1d9811de86d82fe796060b6f9ae1ce796431582b26d
source_data/original_data/MAGE-Graph/output_227/graph/full_output.json,text-data,187174,de8a957ea32ea282ab33a402a9bd4aaa3fa2c03162e92e799c372764f40e8e60
source_data/original_data/MAGE-Graph/output_228/graph/full_output.json,text-data,153585,0292ba3667f1c1916aac0da613b7a672134ce0a61e930a87d74c15f805d5c751
source_data/original_data/MAGE-Graph/output_229/graph/full_output.json,text-data,109149,3fc2eea79a11eed48672693c2e535652daede9223856e03d7863cc00c4ffeac5
source_data/original_data/MAGE-Graph/output_230/graph/full_output.json,text-data,183649,67fae5bc3796f07b63055b8b72fabaab7d67114b0f43c6b01a97d6a30fc4af1a
source_data/original_data/MAGE-Graph/output_231/graph/full_output.json,text-data,111807,2453f9dd7f0a73ffa0b24043800749e180a6a8ec3a243691e1929a38179c0cf7
source_data/original_data/MAGE-Graph/output_232/graph/full_output.json,text-data,265343,a5012ff6dddb733303d55df66b0ef5b3cd493314d319e68936440b8b4f887268
source_data/original_data/MAGE-Graph/output_233/graph/full_output.json,text-data,182757,f3f7e89e803b02b919a39b9dfdbc6e0dd6fba00d0f136b935adab5dc3fd7d8ec
source_data/original_data/MAGE-Graph/output_234/graph/full_output.json,text-data,89471,1d8fc382e79c57213421a59bfbeafb5a5a9ddeca63d9869256d9cb8c0cd193b9
source_data/original_data/MAGE-Graph/output_235/graph/full_output.json,text-data,159402,9f346d7b37251e659cd635edff661e169e326c248453220edf928adebeae5310
source_data/original_data/MAGE-Graph/output_236/graph/full_output.json,text-data,233524,1dec37419117cf7665bf3d15d794f31ecf0642ffc57ee65d4502b2b544f7016c
source_data/original_data/MAGE-Graph/output_237/graph/full_output.json,text-data,150331,3ad46a9e17a089c2b23b97df6b3e116fe566223661571cc5060e059bf2fcb1d4
source_data/original_data/MAGE-Graph/output_238/graph/full_output.json,text-data,122110,15dcaae0eb6d2bcad992ed3c7ce446acc45059fb52ec6f7cbc875f3edd1c1a18
source_data/original_data/MAGE-Graph/output_239/graph/full_output.json,text-data,249231,af60ce65e02f18700267e8fed8f31e627e1ee56e31b99e1d409b1dee75705d44
source_data/original_data/MAGE-Graph/output_24/graph/full_output.json,text-data,261476,f92380005500e4722f08c665baffc5b6108c49743e0f5ab4062ed73e359571bc
source_data/original_data/MAGE-Graph/output_240/graph/full_output.json,text-data,157960,f9162b47244d4114ae61cc2d1232fbeb45d8ab7974acccb57d6590d84b1e9e96
source_data/original_data/MAGE-Graph/output_241/graph/full_output.json,text-data,124933,ce380aea381338df4e66dbc578268c4954d379bc50538644a32a5e8b31b87239
source_data/original_data/MAGE-Graph/output_242/graph/full_output.json,text-data,129882,7fecd228c792e7f482ce7cdab8decd7d5018fce50c724ef547c3186dd646a82e
source_data/original_data/MAGE-Graph/output_243/graph/full_output.json,text-data,138577,ff651e8c465b5f0bcaec4aec5ad5b7a033571b6aac2d75bba2d52800e76543a1
source_data/original_data/MAGE-Graph/output_244/graph/full_output.json,text-data,233156,0e259246087e38f41016bdfeaa22ace7372b7d1277f310ca7200180c8f7e6460
source_data/original_data/MAGE-Graph/output_245/graph/full_output.json,text-data,107135,a0bd49e838403d745d4f37aa35141f2a7a546855df49f1a9d8c587da1bb29349
source_data/original_data/MAGE-Graph/output_246/graph/full_output.json,text-data,273357,f2bcb005130a1297878d8339fb82c5abb320f1574ef0dd467b297501f6805f8f
source_data/original_data/MAGE-Graph/output_247/graph/full_output.json,text-data,116576,3c8a0df9cbde110c61ab5e722899265416f694f4331613614d84e5215cf9bfd7
source_data/original_data/MAGE-Graph/output_248/graph/full_output.json,text-data,154478,a4922d2cff71e8003fa9fab08482cadbeb15b16fb180980d352f183a76530d50
source_data/original_data/MAGE-Graph/output_249/graph/full_output.json,text-data,86347,d2bb42f168bb0900a79be8f55b81634d1977ca7e58936b269737fed12db7e0d6
source_data/original_data/MAGE-Graph/output_25/graph/full_output.json,text-data,235024,4652a5cd812640e3294c818694a26fa838332bae2fd0118ef1c4f96d0307b79b
source_data/original_data/MAGE-Graph/output_250/graph/full_output.json,text-data,80396,9bb63cb5c2fdd36abc248faef34f6a1aac66ce5edab1a9985bbbc1af748692ec
source_data/original_data/MAGE-Graph/output_251/graph/full_output.json,text-data,117613,d0e88d928999e973d71e3c3d4135640a55c3fdf36b33d67c91d0a3f03d4860bd
source_data/original_data/MAGE-Graph/output_252/graph/full_output.json,text-data,165279,7e4813bb32841c45b9a87fb6e474dd28d901525b4515078b503ddb27882ce397
source_data/original_data/MAGE-Graph/output_253/graph/full_output.json,text-data,88111,dcfcab4cdb564eae666490fdfa1181bbfff900eebe5d80c587a3c04ba7c1826e
source_data/original_data/MAGE-Graph/output_254/graph/full_output.json,text-data,116248,4f845558852a7e140ee049a21917c42591536a6de966ba566609267f48c98e2f
source_data/original_data/MAGE-Graph/output_255/graph/full_output.json,text-data,101433,94787387d39ea0090cfea11026bdc5b4e1987bff6ed484ae7924c1d9e9f9baa6
source_data/original_data/MAGE-Graph/output_256/graph/full_output.json,text-data,14560,1299e6d8d6c259544150ac667fa9ad409b5385b43382eb7b9e4d4e4ca4dd3154
source_data/original_data/MAGE-Graph/output_257/graph/full_output.json,text-data,154037,688abd516340da4fc15eac650a8bfdd134694af987115cfc06248f08dd6cdfe5
source_data/original_data/MAGE-Graph/output_258/graph/full_output.json,text-data,215230,4ce672a151a0c44a18df32e3023f25af66f26d52eb5b98a9bfa02d60cf338b48
source_data/original_data/MAGE-Graph/output_259/graph/full_output.json,text-data,121232,c687f29d322676bab2098015687f256e73888841201bb112b1e2b349ac1f61f5
source_data/original_data/MAGE-Graph/output_26/graph/full_output.json,text-data,249611,45f64ed60f17b82957561dca1feb417b8ebbcc50e4c1f8961a44885267a380fc
source_data/original_data/MAGE-Graph/output_260/graph/full_output.json,text-data,158619,fb8f0f8dca9da4772859a794a49e6d791a513c6927d25d28eb836b25d350867d
source_data/original_data/MAGE-Graph/output_261/graph/full_output.json,text-data,146260,10011ea9bd590d040cb8b2c6bcd2080b70473cff52199c31e9f73878f91562c3
source_data/original_data/MAGE-Graph/output_262/graph/full_output.json,text-data,82110,6526570559fffb807cb6fcf1c8f58a506c3fa08fcb0971807fb14a160ecebb31
source_data/original_data/MAGE-Graph/output_263/graph/full_output.json,text-data,73876,49107d5631bcc16aec9322af3a26e17b095dd78eb09804cbed9d516888416631
source_data/original_data/MAGE-Graph/output_264/graph/full_output.json,text-data,110536,4cfb810e4fc50ad9ce8dff66c0dda2b42345c4818b3d5c6f01675c548e16aab0
source_data/original_data/MAGE-Graph/output_265/graph/full_output.json,text-data,158810,17ba83ec2be3f2f65a4ba858fc5a8d24ecce6ba2fc25b7314916279fe4fed5ba
source_data/original_data/MAGE-Graph/output_266/graph/full_output.json,text-data,121620,d7e104aa67609aafe68c6768b9784d3bcf347f8f062153a0889860069bbf5c66
source_data/original_data/MAGE-Graph/output_267/graph/full_output.json,text-data,187212,fa574056a4eecedfa1c925dbe3886f6a748720b25b49a805f294cb252e6cb48f
source_data/original_data/MAGE-Graph/output_268/graph/full_output.json,text-data,128899,e125cb94d845537b28461cff25573c4c402a657c3c6e18b0d00dddce35bd4dc9
source_data/original_data/MAGE-Graph/output_269/graph/full_output.json,text-data,175050,2d1a2d2f6bb6af220e90f5ef9f5db1842ebfdb8a7c87cab0e0506b31fecc5db1
source_data/original_data/MAGE-Graph/output_27/graph/full_output.json,text-data,273541,e03a5618085940791244086d55e262eb72aabe86f59599da8904512da7f297b1
source_data/original_data/MAGE-Graph/output_270/graph/full_output.json,text-data,207063,e481d5e4b931f8979d611b1e86d6b3ac811fd387b10ea5a46ed295632189153c
source_data/original_data/MAGE-Graph/output_271/graph/full_output.json,text-data,182169,373061b5bb71397bef4ba0725d1bd645ca9c2f7bb834bd55244f73de46388ac1
source_data/original_data/MAGE-Graph/output_272/graph/full_output.json,text-data,294481,6bb145c625492c9931395ffce5e770a72def62b575f1482cf021b92e912927e7
source_data/original_data/MAGE-Graph/output_273/graph/full_output.json,text-data,174202,d85ba9d5216e119b9f196f5a1fa59742533b3db8fc51edc8acd8953cb315fdf5
source_data/original_data/MAGE-Graph/output_274/graph/full_output.json,text-data,182792,f689a2a69f95a3533a5e579bb4e87c44383e3c671bea7e53838f7df38ae1e4fb
source_data/original_data/MAGE-Graph/output_275/graph/full_output.json,text-data,172045,ddd5ebc5db34e67fa62d8e3030b619adc1a58dfeb8244507030b594c7807e2b8
source_data/original_data/MAGE-Graph/output_276/graph/full_output.json,text-data,199446,7a178c05a8d17cb2b6062a3428a1465ea5d7218dc30d5848cd6bf2f225929625
source_data/original_data/MAGE-Graph/output_277/graph/full_output.json,text-data,173582,fa8dc02efe1e4b2bd9f80bfb3109439b6445b633ee29f9ad49938baef0be9462
source_data/original_data/MAGE-Graph/output_278/graph/full_output.json,text-data,236405,614b58d58931c84d66729c1c237f2ac1d0c65c53ef366ffbc65372e223158dec
source_data/original_data/MAGE-Graph/output_279/graph/full_output.json,text-data,139721,3fd1f776066084b8ed30db5ba4f8dbbec2ff55475814a70fe3d016599bfbca2b
source_data/original_data/MAGE-Graph/output_28/graph/full_output.json,text-data,231763,6e42bf6de3b16742f89e2d21f9ded6feacf7003ca4d5fc4101582ae3677f2bdf
source_data/original_data/MAGE-Graph/output_280/graph/full_output.json,text-data,148121,01b20e799557db2f6d9dfe896e41e415f6c3b908bef528ea816f39f348141d4d
source_data/original_data/MAGE-Graph/output_281/graph/full_output.json,text-data,199944,2968b6ccac611ea578ce3a4933f1d0bd026c022d5d83e8729df44be3449263ac
source_data/original_data/MAGE-Graph/output_282/graph/full_output.json,text-data,232149,19efa19fce3b7c16adc97430e448fc9068a0d627d8b86eec29b0d54e988ff137
source_data/original_data/MAGE-Graph/output_283/graph/full_output.json,text-data,154048,3609590a55e214538d732e9ff077c70e6aa84181afadc0cf5ac960f6eff19d55
source_data/original_data/MAGE-Graph/output_284/graph/full_output.json,text-data,181591,1934c7f7b17336b778f89b937e92c5ab33c53b9d949dfdbbfaa73c677fcf6ce1
source_data/original_data/MAGE-Graph/output_285/graph/full_output.json,text-data,93996,fb559d66f0cd2baa8478b0ca7b19ec65d0a8700793f29188f8ba807f476ce451
source_data/original_data/MAGE-Graph/output_286/graph/full_output.json,text-data,246179,88381d175ab9b97a432a5b84e477e659f8c5c3e389d99c519c2e672f0d281f32
source_data/original_data/MAGE-Graph/output_287/graph/full_output.json,text-data,90659,02f2d690ddc37979172d666717f721d8fb90115a819b75f80f455ee0cda15a36
source_data/original_data/MAGE-Graph/output_288/graph/full_output.json,text-data,156500,268b369a712a4d3f113442f289776cd993b7c5381e021dd8800a1968067815d7
source_data/original_data/MAGE-Graph/output_289/graph/full_output.json,text-data,174603,3feadba00f5b4652895c55a56c632b1c08bf3aa6295f6a63393ade3d756b4c0f
source_data/original_data/MAGE-Graph/output_29/graph/full_output.json,text-data,250315,0ecdb3e571cfadcdf5ebb051e963d15f52d13d60d9c0d3646532d0a59ad4f3cc
source_data/original_data/MAGE-Graph/output_290/graph/full_output.json,text-data,28356,bf1dff6b8e936413ff314280c82796a6024433c85e027b4e73ab53d7a3593f93
source_data/original_data/MAGE-Graph/output_291/graph/full_output.json,text-data,63832,27230acf50cb44814479f2022a5108fa9320d6a743fcee327ee5e663fdf49d82
source_data/original_data/MAGE-Graph/output_292/graph/full_output.json,text-data,147738,2051239471ebd68ba86279af3070f34b54a747e889a811c8738846e63b13ee29
source_data/original_data/MAGE-Graph/output_293/graph/full_output.json,text-data,221807,74c854d7195b59278e9249d57496ec966b8fd8f5344a413a1c1e5802c208416a
source_data/original_data/MAGE-Graph/output_294/graph/full_output.json,text-data,50190,b7b4fa067f3e1bdbfd1f7a44ee340bdfd5c55462451e7a7f72450b888c883c67
source_data/original_data/MAGE-Graph/output_295/graph/full_output.json,text-data,151327,5763899fe1e305f523866f817963c27343e831a12899e037b8270b958972b6ec
source_data/original_data/MAGE-Graph/output_296/graph/full_output.json,text-data,279082,1c2fc31485cb2f15330421f40edf95812855a25881bf4214006961d6c2f56071
source_data/original_data/MAGE-Graph/output_297/graph/full_output.json,text-data,117861,795a479cc65a16f46b19a0a486e5f11ee5f92b9e6de903861aef32e0a1728bbc
source_data/original_data/MAGE-Graph/output_298/graph/full_output.json,text-data,237237,2d8ab6161354c42562d837a5e75d3f334876d4d4a7927deb6de9c20cf1467575
source_data/original_data/MAGE-Graph/output_299/graph/full_output.json,text-data,195967,79f2af1b9d0bcc62178e00feaf10c39a778a988685ac6b921e4e58b40ecd449c
source_data/original_data/MAGE-Graph/output_3/graph/full_output.json,text-data,249021,5b231d6a9e3892a251846741acfb78e2e0cb9bfb62d72ad862ea94cb63269539
source_data/original_data/MAGE-Graph/output_300/graph/full_output.json,text-data,207990,59086789fce268695e42d958b35e1eb61c8a9e23d9917279a87a711601230bd0
source_data/original_data/MAGE-Graph/output_301/graph/full_output.json,text-data,223183,828a517abe91b356140d5987bd2be9a69350695568826809713b26549f5afe13
source_data/original_data/MAGE-Graph/output_302/graph/full_output.json,text-data,71858,770e0b4b79cb5ee2dc64c581e4245994dfde92eb4333245f7199e1c9a1033fee
source_data/original_data/MAGE-Graph/output_303/graph/full_output.json,text-data,174821,718df4ec55043158d3763178f9533f61f8dd5eb1ed621969f1a5f78895cb9530
source_data/original_data/MAGE-Graph/output_304/graph/full_output.json,text-data,142416,c14ba4485c98959a3459c66cd31ec82bd4f061182d1d268f4dce8a0bba1427a1
source_data/original_data/MAGE-Graph/output_305/graph/full_output.json,text-data,204901,3cb79f646050b3ba488d9d98a085295360ad69fc0a87e8fc85e16a3cf3be71d6
source_data/original_data/MAGE-Graph/output_306/graph/full_output.json,text-data,67878,3d954a604ad2694fcda4fb6629b22afe9f49d84219b34cdc0383e6b3d905a0c6
source_data/original_data/MAGE-Graph/output_307/graph/full_output.json,text-data,142045,f3e947bde6d41650a6af9ae9c9447d6862bc83759917e0d725ab2df377a41fd9
source_data/original_data/MAGE-Graph/output_308/graph/full_output.json,text-data,153379,60007a86bc16fa9a88726ad344353802ea40989e0c50ad7c7f49cc6729e2f5ce
source_data/original_data/MAGE-Graph/output_309/graph/full_output.json,text-data,220406,39963b24e067fc5d35c15c87775177b0ce2c6da079863d4a130af0926d12804e
source_data/original_data/MAGE-Graph/output_310/graph/full_output.json,text-data,85057,2fae6ffd0704456131557aed3114e2f78847d8776f68f5bf7845076aca23066f
source_data/original_data/MAGE-Graph/output_311/graph/full_output.json,text-data,259592,2eb79f5fe3f804bb19e51174c3cf6a08b57f650e9eec77bed6a91ba582ead1fd
source_data/original_data/MAGE-Graph/output_312/graph/full_output.json,text-data,94951,9f860bc5ddfa7b5535030cd2fb7b3c23eb7384a17562da25a0536dc2827e49d8
source_data/original_data/MAGE-Graph/output_313/graph/full_output.json,text-data,11984,8d0e0f1282af34cff2b6902daad99820e78cf0dd8e9cf26c90bea238d98bea96
source_data/original_data/MAGE-Graph/output_314/graph/full_output.json,text-data,175671,b33beeaed66e4063f638c1be58d24d567c4f59991bbaf4ad979cb9f97a799db5
source_data/original_data/MAGE-Graph/output_315/graph/full_output.json,text-data,380787,38a3170c246d7064f801d5a6ce44c163386da162d8abd55aaf9be9cb61fa9b95
source_data/original_data/MAGE-Graph/output_316/graph/full_output.json,text-data,87996,c720018c4b6a01c2284b371db7cc5f147062fd14d665b0c7e1e9cd1c30521331
source_data/original_data/MAGE-Graph/output_317/graph/full_output.json,text-data,78088,085eb14503f291c0a656f9b46b094ca864e237c0220d017b48b0d93480296328
source_data/original_data/MAGE-Graph/output_318/graph/full_output.json,text-data,110841,39c330472b2d153fc891312004faf8b00a79971ae2d780acfe74b8b3b6e707ce
source_data/original_data/MAGE-Graph/output_319/graph/full_output.json,text-data,142479,9a41f63ed90f15428ad46dae9f2aa78b52573162777a1cd7955b3c2cd2a94071
source_data/original_data/MAGE-Graph/output_32/graph/full_output.json,text-data,455419,dda078479a24a85b53ec8c221625575c346e74ce909f18c9a634b9dd5a0828d3
source_data/original_data/MAGE-Graph/output_320/graph/full_output.json,text-data,90950,72a6c5b16b6fec81a85198a513cfc7b4fc62937bf07b85c12a97cb604ef94ac7
source_data/original_data/MAGE-Graph/output_321/graph/full_output.json,text-data,89023,de70b77e9adf972a27e4ac5f5beda8af5b9125b423272c7f62b0ca9c8ec29a19
source_data/original_data/MAGE-Graph/output_322/graph/full_output.json,text-data,139266,4bf4ead0f9ddfa9069d3944fc09a39c442e0d02f785586a8d4eb4acef29a719a
source_data/original_data/MAGE-Graph/output_323/graph/full_output.json,text-data,62370,5ea831fd7df7fc42d0915fb7b53457eea1028877936b73ffb3b6eb27c47a8995
source_data/original_data/MAGE-Graph/output_324/graph/full_output.json,text-data,228071,1deb4d602a404c01760dc0f27fb936c273557d85df76bcf44cce48d781c14815
source_data/original_data/MAGE-Graph/output_325/graph/full_output.json,text-data,187218,89e819584e57c658c89fa76fbfb0de22dd3bdefa31fa5d60cd2f44b028be8e6c
source_data/original_data/MAGE-Graph/output_326/graph/full_output.json,text-data,152706,da2f80ff5fec45d057db1d9931a1d89dce0e19f2356de195856b21fb680b7029
source_data/original_data/MAGE-Graph/output_327/graph/full_output.json,text-data,96072,5a42a476e3a7258e95a6e14c189be8cf732d752653eac0772f87447cf34fa7d6
source_data/original_data/MAGE-Graph/output_328/graph/full_output.json,text-data,123338,fefa6d5732fdb6ea7f6e3dbe763dc003334900359fb64031af08fa03757527ab
source_data/original_data/MAGE-Graph/output_329/graph/full_output.json,text-data,104795,7c357dcc0bd515d90e13ccd596ad9aa40268a5c179c8c423749ba2ae1534073e
source_data/original_data/MAGE-Graph/output_33/graph/full_output.json,text-data,331798,fab2eb37bdfe83b103d4627c3024a1af8e621f9420d611d4fb323644ef4626ac
source_data/original_data/MAGE-Graph/output_330/graph/full_output.json,text-data,3942,9e9ae8df1f62861c47045ea2d94586f624d9609f4c9f83ec2e14ac8d90795d9d
source_data/original_data/MAGE-Graph/output_331/graph/full_output.json,text-data,40089,96e61c77ade1bd7f1029588aff9fd866d878b8b75e0cfe198c195bc6aebc8dc9
source_data/original_data/MAGE-Graph/output_332/graph/full_output.json,text-data,152254,4355bb827b3440b30200fcf164783d53440085483bf7091bf88de915dbba82b9
source_data/original_data/MAGE-Graph/output_333/graph/full_output.json,text-data,130462,7ad12af2b6ece8904db6484f76b28b825f3cc63cb0957b420224cb74de041345
source_data/original_data/MAGE-Graph/output_334/graph/full_output.json,text-data,161838,875a5092607983dc9f471b42364497e98a15da7dd4d5d67825567debe5bf532d
source_data/original_data/MAGE-Graph/output_335/graph/full_output.json,text-data,24236,504615adeee936edceb86987c73ddfeee4fd7764deaab9691762b95abe9e66d6
source_data/original_data/MAGE-Graph/output_336/graph/full_output.json,text-data,78808,bfeb810e264c729a6cdd47a9d5d553fe4c5ffddcd7133c5a553251bd567ac936
source_data/original_data/MAGE-Graph/output_337/graph/full_output.json,text-data,186059,4024aaad3fdddc12dd9b837f232f08c3fd75ce9a6d348627b1cbe8f5885a401d
source_data/original_data/MAGE-Graph/output_338/graph/full_output.json,text-data,35431,90eafb7258ca93b3dbd8e139a0dc3800272b6f55a517f9289b42fdf2ad913562
source_data/original_data/MAGE-Graph/output_339/graph/full_output.json,text-data,115775,a403d44e93f6138cb34cc33a639aaae05f47d2f8992752fc709ce5dabc5c1426
source_data/original_data/MAGE-Graph/output_34/graph/full_output.json,text-data,209702,6507f535f0ac8482cf9ae6cc8ceb66921f361eb05e8fb8aaef23c326c5bcf1a3
source_data/original_data/MAGE-Graph/output_340/graph/full_output.json,text-data,83637,54b62c20ed043bd10ed5b8552bea85bcd3de27cc419f4ef89158e8f659433941
source_data/original_data/MAGE-Graph/output_341/graph/full_output.json,text-data,257924,5625d4613fdf105e8d0efea280aa9e2250d00024ddef98be42a2b205c31c2551
source_data/original_data/MAGE-Graph/output_342/graph/full_output.json,text-data,133268,01ab1bb413c59acbdf2941e748c3b31f0f57a049c783762c209e828cd8a4022f
source_data/original_data/MAGE-Graph/output_343/graph/full_output.json,text-data,94752,6aafd289753ba4327d22ada6f9139cdbb950592fa673e2605e6f33b2b8aa760e
source_data/original_data/MAGE-Graph/output_344/graph/full_output.json,text-data,452712,66844d03abd6cddc1d196a4eb8973dfe1ca7b7936b2f69c2b9f014325234d2af
source_data/original_data/MAGE-Graph/output_345/graph/full_output.json,text-data,73693,f8059b65c2b1eed5a5e2765c52fa763714e811dba78bc8aa53e270d65f2a7d1b
source_data/original_data/MAGE-Graph/output_346/graph/full_output.json,text-data,163887,6f71c95ae9dbb0c90ee6ae17e0f40a8da1818295f6475f3c9d4368a131b044f5
source_data/original_data/MAGE-Graph/output_347/graph/full_output.json,text-data,125269,11ffe23c82adfff4023e91377b47fe15e3ce71b23009976b247788948e3988ad
source_data/original_data/MAGE-Graph/output_348/graph/full_output.json,text-data,100368,f51750e693af7e6b94ac1f4682a13e96b759d8272cdc1f4cfe9466a60a3391da
source_data/original_data/MAGE-Graph/output_349/graph/full_output.json,text-data,3532,697fb5cfcfa62bed95378b39c01878dbf3476833f7403e5e21f1563560f1c085
source_data/original_data/MAGE-Graph/output_35/graph/full_output.json,text-data,192289,b7ed633936f8e3eedf36692fc1269fa9c1c78082af5fbc5af92614faa3f13265
source_data/original_data/MAGE-Graph/output_350/graph/full_output.json,text-data,152487,a1f495e2f4f628d07d2383e3186a89cc1d1a962e2e8abae2b222e1d2a0f978ea
source_data/original_data/MAGE-Graph/output_351/graph/full_output.json,text-data,215655,7e06f2c008da4c44d67475e715e3e28d6cc28ff7d545de3b04fb545a8e72c39c
source_data/original_data/MAGE-Graph/output_352/graph/full_output.json,text-data,197770,20c1e2b868c9f4166df5744ed6346105ab77e08ed28ac8af28c0568682303f63
source_data/original_data/MAGE-Graph/output_353/graph/full_output.json,text-data,157418,3e6180da466e503ed5f37824e40de3b93d2c6fe7cd7b13a219adb6e46fc9a7a2
source_data/original_data/MAGE-Graph/output_354/graph/full_output.json,text-data,85541,740a5684edbde3f58ab2d2f85320ac5de857ec0fa24d596ba7ffef13a2e448b2
source_data/original_data/MAGE-Graph/output_355/graph/full_output.json,text-data,153009,277158fadd30a64ac052e6633705bcc8dda8edd0fdeb2bb995df1e7311aba6cd
source_data/original_data/MAGE-Graph/output_356/graph/full_output.json,text-data,136796,0c75da98a077e1f0c9c6faa6f17a04c8ea56fa305e7598bf7b373288f7bba925
source_data/original_data/MAGE-Graph/output_357/graph/full_output.json,text-data,135383,5d0e116fa96b5c6fb2fcc8eeba539add22dc85d18a3058451f87ef24ca1f6143
source_data/original_data/MAGE-Graph/output_358/graph/full_output.json,text-data,195463,bb17e1ad02255d032b75e2aaf8361b8a2835dea1068bc8f749812a9c7bb9aeb9
source_data/original_data/MAGE-Graph/output_359/graph/full_output.json,text-data,118646,ec902d2b2174036bdfac73f5942df788ea7a0b10cf6ff20b617eb07eeaa34129
source_data/original_data/MAGE-Graph/output_36/graph/full_output.json,text-data,239567,8a7f417d4f7dd58c70a278890380fa1184c5ddbf5d13479f1265dd611e55f2f4
source_data/original_data/MAGE-Graph/output_360/graph/full_output.json,text-data,123095,9c7710471a73cf969e67a7b94aae92526983ae7d0bd673e45772b2ac8bdbd40d
source_data/original_data/MAGE-Graph/output_361/graph/full_output.json,text-data,147536,0d795eb981c110bf38c286415f3118fc18a6abdf2e21d8aea4776921305af044
source_data/original_data/MAGE-Graph/output_362/graph/full_output.json,text-data,158551,8781c3805f620145f9a2a594e1762eaf6bd8d468867c67ea4a759da6db6bf5a8
source_data/original_data/MAGE-Graph/output_363/graph/full_output.json,text-data,92687,4bd863a26b67bd991e06f4bdd0a14adf94953824bd7e15d196ecf21a1f9b86de
source_data/original_data/MAGE-Graph/output_364/graph/full_output.json,text-data,186954,3b9ab30baf0aef0296a10b98776be6ef247bce0b68b81cf4bc0511c390b702a0
source_data/original_data/MAGE-Graph/output_365/graph/full_output.json,text-data,161767,931bbf6815fedf59429da4e02529ceab0d88e41bec5eaec3189c3f1493bdc9f1
source_data/original_data/MAGE-Graph/output_366/graph/full_output.json,text-data,559175,560d05347be0551f6bf928c903a7eaf8908dbf2622b1a40a6710b97aa6eef982
source_data/original_data/MAGE-Graph/output_367/graph/full_output.json,text-data,168444,bb6fbd8dad41e08ccda4130a4bc755e10dcde372305ecb9022c124ac3f956dc9
source_data/original_data/MAGE-Graph/output_368/graph/full_output.json,text-data,93343,d8b66cedef514242cf13fa29e29771c0a5c83c978b519cf21ea70b3c23cb09ab
source_data/original_data/MAGE-Graph/output_369/graph/full_output.json,text-data,277400,0edf5b1fa1cbee64cc6d3c631ef6c5504a45623ca12542abe459ed973b820222
source_data/original_data/MAGE-Graph/output_370/graph/full_output.json,text-data,282420,5c72461a8ce98552600251bd3701d6f467ad58c794defc6a59a2df87c2d6dbd1
source_data/original_data/MAGE-Graph/output_371/graph/full_output.json,text-data,152602,568b79df6679fffc02551132c6a1c75b6a3937c192a569fe31085c88e43faea8
source_data/original_data/MAGE-Graph/output_372/graph/full_output.json,text-data,339239,a3c13bc6c61307c4018aeef56fadd592e7559e397e39e4ce5748ac1902a6e5a5
source_data/original_data/MAGE-Graph/output_373/graph/full_output.json,text-data,175751,2aa29c50be8ac14697b5ad22ffe5e3cc3871ed4a6417d282b0d5d3d1b17ef235
source_data/original_data/MAGE-Graph/output_374/graph/full_output.json,text-data,193640,61f171a31cddedc122a604ae4b31065652059959f3b7d841cc47488881cbacfa
source_data/original_data/MAGE-Graph/output_375/graph/full_output.json,text-data,557013,cfb49feda6469232ba256782f387872e2f2288a31a654740bf5644b5b3db69eb
source_data/original_data/MAGE-Graph/output_376/graph/full_output.json,text-data,116867,b1385a7cdc3f4a1d2e838a425e611a02f9e6fe9b9a26e6c3947a2899d3f41211
source_data/original_data/MAGE-Graph/output_377/graph/full_output.json,text-data,167166,76bb543d727b4f6e215beed460a45a7f11cef3301d6f9feeb59acdea1bf51c90
source_data/original_data/MAGE-Graph/output_378/graph/full_output.json,text-data,102392,e9de1a5cc62c840772340e9132b3a92e06c484bb2704c42dd2c0fe2dcd11352a
source_data/original_data/MAGE-Graph/output_379/graph/full_output.json,text-data,208975,015f62d582c9160035cedf81ef94ee9df3d90d4cfef9548b6737c2478244a8e3
source_data/original_data/MAGE-Graph/output_38/graph/full_output.json,text-data,206209,53eefeea16256215bff4cdfca99cb6e23bb56701a5080141f465cee42dcf388b
source_data/original_data/MAGE-Graph/output_380/graph/full_output.json,text-data,100503,570ddc073ebf00d3c45490b48d6f29ed8d5a675147ba71d1ff8c5048f75c359c
source_data/original_data/MAGE-Graph/output_381/graph/full_output.json,text-data,96696,b0be9ab2cd34304bce2a41c21752760c622e63e547cb8feb17bd159158ad1489
source_data/original_data/MAGE-Graph/output_382/graph/full_output.json,text-data,128737,cae66c665e78a229763558db6cd6121536cb866955ca86e86baaad9db44c350b
source_data/original_data/MAGE-Graph/output_383/graph/full_output.json,text-data,118089,2e32bd3c78e7fb17d43387a7bde1865a01bb3327f646076bb814934108e5073f
source_data/original_data/MAGE-Graph/output_384/graph/full_output.json,text-data,248026,02c2e78931ce1941e630d92550220853f8e2cbd701f8564ce6de96546bff8dab
source_data/original_data/MAGE-Graph/output_385/graph/full_output.json,text-data,93935,746084401f9818dc493228597aede886bab09d634e2c97c6bb13f91dd3e9ab93
source_data/original_data/MAGE-Graph/output_386/graph/full_output.json,text-data,43466,f386a2227638fb182a37027c0a7fa252b20c8505dd8f20933f344510a3bb7fbe
source_data/original_data/MAGE-Graph/output_387/graph/full_output.json,text-data,72964,6c7a044b619def6af9a68a2cc2228aa976fb7af3c24cad909d49571669d566d7
source_data/original_data/MAGE-Graph/output_388/graph/full_output.json,text-data,88187,9b59c8340808fbb787bddeeebac74034a3836a9db46ea83d68ec3ce4fe0273bb
source_data/original_data/MAGE-Graph/output_389/graph/full_output.json,text-data,242290,4aa0f5308ec4e4e536f78f3b19464f38a2815f2523941743d63a995cd649ae3a
source_data/original_data/MAGE-Graph/output_390/graph/full_output.json,text-data,121967,6692e8c0c56018ac93beb8922557a80f19fab859196990d1369d9b6a9cebea3e
source_data/original_data/MAGE-Graph/output_391/graph/full_output.json,text-data,539707,cc7642eea8a56b04d81b06725c603ff788e2098ebbba99bb496d48dbd4f255cc
source_data/original_data/MAGE-Graph/output_392/graph/full_output.json,text-data,89497,c756681f74ab4d67a19f8e3efe9c80cc3a5f51197b4139d7cdab16548f29a353
source_data/original_data/MAGE-Graph/output_393/graph/full_output.json,text-data,101914,1b5aa4155bf0a9309a2018346dbdca32f43de3fe6cd08d60f8a4298dafd4275f
source_data/original_data/MAGE-Graph/output_394/graph/full_output.json,text-data,219322,f3c994a5940b73ee0025568f905d280cbdad062832e6e2d3a883ae1dc3cc3b96
source_data/original_data/MAGE-Graph/output_395/graph/full_output.json,text-data,112896,95af3c59fd3af327d41d3d275a988bdfcd5206fd4fbc1363096b27ab9b0d6039
source_data/original_data/MAGE-Graph/output_396/graph/full_output.json,text-data,184304,b404cd732a865559369c2fe47890382b3fe640ab046aa81a7c9e029efa1f0922
source_data/original_data/MAGE-Graph/output_397/graph/full_output.json,text-data,143425,4f076279edcbd6f22406d5ebd2e442942f4d34f2cc15ea47db5cfedb4aa0da10
source_data/original_data/MAGE-Graph/output_398/graph/full_output.json,text-data,143965,78da1f92e039830032e12b297827f90d6c736751581134aa213baf2234c9802b
source_data/original_data/MAGE-Graph/output_399/graph/full_output.json,text-data,114794,6ca7cf09924c34d9cf0c6270224e648d98c9f48509f4e5f9a1375de4bed43567
source_data/original_data/MAGE-Graph/output_4/graph/full_output.json,text-data,379574,8b807dd23bc062e5d773f2b48f7478e50ae07e16ee0ab95bfc08886b81203103
source_data/original_data/MAGE-Graph/output_40/graph/full_output.json,text-data,356357,e3feba77fe870bb92d220b5534d88649be81df5df44d978ab00e91bb941f4207
source_data/original_data/MAGE-Graph/output_400/graph/full_output.json,text-data,27184,95a9a96ae0d39605ba2faee0a3f3e2967b95e6207cdcd2d6c9b3d71f42d2e6e0
source_data/original_data/MAGE-Graph/output_401/graph/full_output.json,text-data,226882,16a6149a02f046f2ef3d898a3d1365877a2d96f083a0842205b11bead0ebad31
source_data/original_data/MAGE-Graph/output_402/graph/full_output.json,text-data,160428,901ecae45bed313205963340beee3c72ef9e048b2dce752f375b1460761ddcc1
source_data/original_data/MAGE-Graph/output_403/graph/full_output.json,text-data,131562,b65d011379cc3c8a25a98d9d0bffc74542d546198c6532922aa69ffefc9748ef
source_data/original_data/MAGE-Graph/output_404/graph/full_output.json,text-data,168491,a82f4ab92c1e5b27d72aa9862338fa2ae623d67f55528d8008e82e2547dc60ae
source_data/original_data/MAGE-Graph/output_405/graph/full_output.json,text-data,119015,baac12f80182e8515170482d7b7e18ac1656d0715cbd38ed4f5ce9425b63580e
source_data/original_data/MAGE-Graph/output_406/graph/full_output.json,text-data,90467,6a3d600fc2e4cf33c241174761e4190a9e818dbc77f3e22493d50dac95c3e61e
source_data/original_data/MAGE-Graph/output_407/graph/full_output.json,text-data,164083,a1b9fd70601d9f24146c34a1d73e95eb01d16935090feeb6a0c8c1b018550137
source_data/original_data/MAGE-Graph/output_408/graph/full_output.json,text-data,123437,073459ced139385caf4d6e92779210ba8debcf7424bd6abff3dcdba7cbfccb9d
source_data/original_data/MAGE-Graph/output_409/graph/full_output.json,text-data,113082,6713c93d626605de65ab76b5c9c43cf4dd04ac1205b7b2eb9d04229120d977e6
source_data/original_data/MAGE-Graph/output_41/graph/full_output.json,text-data,365083,443080081afd927d8789b73075e3614d69a7ba176b0092822bc732591837caf4
source_data/original_data/MAGE-Graph/output_410/graph/full_output.json,text-data,144709,c8d9db4b79ff209da3579bc533b6e231a9f0bbef2bc50afb2c865d121b549864
source_data/original_data/MAGE-Graph/output_411/graph/full_output.json,text-data,180974,e3dc040554b32bfe6a25e48032355191c267c717de048f8ddf8fbc3be34c779e
source_data/original_data/MAGE-Graph/output_412/graph/full_output.json,text-data,125767,9b24661dc9d732e1ecf753357020f771fd82dc9435c107d9f0c4f2991d3b0845
source_data/original_data/MAGE-Graph/output_413/graph/full_output.json,text-data,73901,9c43a9ed7e38318f241b3250e076e378a22ea689ecbd92e9005489effd10fa8b
source_data/original_data/MAGE-Graph/output_414/graph/full_output.json,text-data,215485,72f41530e856635236a572feda9189c39553285d45352901c3f669b19e2fbc21
source_data/original_data/MAGE-Graph/output_415/graph/full_output.json,text-data,172918,e91a6b340a4bf5b336ca3e7ed9611dc724cc101803a9451742f46c3b0c201af0
source_data/original_data/MAGE-Graph/output_416/graph/full_output.json,text-data,37372,2307f8498e0ed824a867cb95fd732b11ce012dbb7d2564ac2043911b1d0a321d
source_data/original_data/MAGE-Graph/output_417/graph/full_output.json,text-data,6613,d328ce93b3c64322d38fb0990b13d51fdb738794b098136b084dc3caa30e5882
source_data/original_data/MAGE-Graph/output_418/graph/full_output.json,text-data,167475,846825a4886582dcf7262f95da7e052fca675247d7a6c2b7732a5be7be8a188d
source_data/original_data/MAGE-Graph/output_419/graph/full_output.json,text-data,98888,2d824fd86465286ffb79a898517ee32a40c3048749fc770201fd433f15b5f8b2
source_data/original_data/MAGE-Graph/output_42/graph/full_output.json,text-data,257236,8ce6e6399dfdb6cf389b8723eb503c0664a5c6541b65de0e8b09f9c5d8fe6ee4
source_data/original_data/MAGE-Graph/output_420/graph/full_output.json,text-data,189395,7a8d6c6231485ea8f017a7772558afbea0f04ca0a645cd23ad3491a0ede9c5e6
source_data/original_data/MAGE-Graph/output_421/graph/full_output.json,text-data,78779,a4debb804c802e1113b39e68c474988dc5ccc68622fc4339066ffd5606a69253
source_data/original_data/MAGE-Graph/output_422/graph/full_output.json,text-data,230437,1b562d2ec0e9dc3da789f3612587362af937b463ebb39e5159c399d23f54cc0e
source_data/original_data/MAGE-Graph/output_423/graph/full_output.json,text-data,238857,42a9c4bf310a2775e9ca6d3a09469daeb7a865983dbf2095848375140d7c83c5
source_data/original_data/MAGE-Graph/output_424/graph/full_output.json,text-data,101001,2f5c0492b5c40cb15ae064391968eb8e163d39ae1d350a26f008fc4711fdff46
source_data/original_data/MAGE-Graph/output_425/graph/full_output.json,text-data,48334,04429d1e1420aea6266d11562929c9cad81d7a36185239352da41d9fc5b17a27
source_data/original_data/MAGE-Graph/output_426/graph/full_output.json,text-data,111690,ec868363cfdd84434683bc454e9d61bcad555ca20341a2efd80c3bbe7c976be3
source_data/original_data/MAGE-Graph/output_427/graph/full_output.json,text-data,132947,e50545b59af4f84b888e1f4456b4ec5c5af5925243dee8931468aba541e9ff6e
source_data/original_data/MAGE-Graph/output_428/graph/full_output.json,text-data,109849,fcde55acbfccd7dfafb48e9beef3a424d4cfc8a409f91afa44a0738facc015da
source_data/original_data/MAGE-Graph/output_429/graph/full_output.json,text-data,153074,9a6ab280a78bf9768f1ad53d9df5e49855e9f0ba817719e9c0766795e66aa8a8
source_data/original_data/MAGE-Graph/output_43/graph/full_output.json,text-data,300791,6ee6272fd4e186a6776df0a044fc31d396d9bda244cd1d623bab2999b4dc1525
source_data/original_data/MAGE-Graph/output_430/graph/full_output.json,text-data,130093,1316a58080d011cf82b028fce7f3d59b7882fe0628eb02cb07129d61d8e25724
source_data/original_data/MAGE-Graph/output_431/graph/full_output.json,text-data,187565,ebdd87b75d4359f76906e34b010284d1bf0d6b286425951145f7ad027035545f
source_data/original_data/MAGE-Graph/output_432/graph/full_output.json,text-data,168724,17b0f0f5cd246aefeba1bf03bd91f89693f79b9550d34562328a0123ebac8004
source_data/original_data/MAGE-Graph/output_433/graph/full_output.json,text-data,160139,c6790a5a72814110accb4ebbac304e892cf32d3e1c8c190d5cffdad5d279b06d
source_data/original_data/MAGE-Graph/output_434/graph/full_output.json,text-data,256622,e2e6d1a31a704c097b3da4ded892ca5e4e607dc753d1b3bc677ee57cbb570d99
source_data/original_data/MAGE-Graph/output_435/graph/full_output.json,text-data,497485,67c8b01b00b2fde0034493522ee02ef87c70c4afa354e09906095916b319044e
source_data/original_data/MAGE-Graph/output_436/graph/full_output.json,text-data,118866,1490d59ece02c8c778b595713db0cc6b244f46eea80a22bf9ea7b72161bdbe10
source_data/original_data/MAGE-Graph/output_437/graph/full_output.json,text-data,257058,14df1f51c15267a4dd0fb0edb1b9ca3436fac39c82d24fe3bfd48238ce4e2b53
source_data/original_data/MAGE-Graph/output_438/graph/full_output.json,text-data,47302,a34b2750f5e1f1fc9451cdcb0bfe82868654e702f90929fb719ef5bfed76193b
source_data/original_data/MAGE-Graph/output_439/graph/full_output.json,text-data,172949,a818da81b88c9e0bc6a18b22f31e329c8edd0a1374e36e65a4e9ac74dd3230bf
source_data/original_data/MAGE-Graph/output_44/graph/full_output.json,text-data,308357,5d9e7ce182f9dc0595bec2c05f4d8c07ee1fc49fd7d30f6f1d2d1aff1abac5a2
source_data/original_data/MAGE-Graph/output_440/graph/full_output.json,text-data,103632,87b963cef8485767471ad11c9da5860f2582f100f31d148f6276305275e01327
source_data/original_data/MAGE-Graph/output_441/graph/full_output.json,text-data,150904,0b075b295c0fe61e2cc16d3f4fdec3ce8eacb3e51b8f59cb0a7c30a162bb488c
source_data/original_data/MAGE-Graph/output_442/graph/full_output.json,text-data,40218,da9e814df67e6c4e934fd08aa3ee20e8b1af10d27c22274815b363d8306dd47a
source_data/original_data/MAGE-Graph/output_443/graph/full_output.json,text-data,402489,119331588538014e1930f7f6e11d232f74fdb1098821ea06f3042425955830ac
source_data/original_data/MAGE-Graph/output_444/graph/full_output.json,text-data,429685,f124ea78ea662376ef17072794f8782f34383c56f7c3ade61841d14a10fcb233
source_data/original_data/MAGE-Graph/output_445/graph/full_output.json,text-data,173712,805746d7ac9f39d9d83b7024f49b5b642f602fa2e7ea01403444fbc0e2c28c08
source_data/original_data/MAGE-Graph/output_446/graph/full_output.json,text-data,326666,3d871bbfabd4a6f7acb0dda47f417521227057d4e5063d980a29d29deef7381c
source_data/original_data/MAGE-Graph/output_447/graph/full_output.json,text-data,96217,a888d83ee02f1916a42091c1ee12a654bdc941b4035587d9805fe6870f1a1dd7
source_data/original_data/MAGE-Graph/output_448/graph/full_output.json,text-data,92461,32e21c370e27ba3057dda97400eb6ce441fcf5a62c8bd738c82e53dd0078021c
source_data/original_data/MAGE-Graph/output_449/graph/full_output.json,text-data,122042,7f49460ef2d7c81ed5d628fe3c7aac71102009085d3fc058535979e50c18ac4d
source_data/original_data/MAGE-Graph/output_45/graph/full_output.json,text-data,284591,c6c7cf83de8bd3130a5dc30b1c42faef5dbd78eb0ee0d143edfaf1feca00ad0b
source_data/original_data/MAGE-Graph/output_450/graph/full_output.json,text-data,290733,86dda427849b611438f7e8037c82fc899e7fe7fdaf3e1402c11731ac847ee93d
source_data/original_data/MAGE-Graph/output_451/graph/full_output.json,text-data,105638,d33d025dc9fcbd13cba6c45cd3364dfb92203a59800af042e31bebfed4158668
source_data/original_data/MAGE-Graph/output_452/graph/full_output.json,text-data,97334,4134b130b0c25e6c464c18ebd7cde3f28a2fbeffb2311a04029e2dfadad97b1e
source_data/original_data/MAGE-Graph/output_453/graph/full_output.json,text-data,206824,e22d18142681230df56e76fd69a077a8bcbfbe79c0b8327726f9c4f31697a537
source_data/original_data/MAGE-Graph/output_454/graph/full_output.json,text-data,29329,9c764bb0e67cd9d4d54d83c41d3ab9fa3e8e8d52996fb1bc76504b836bb60884
source_data/original_data/MAGE-Graph/output_455/graph/full_output.json,text-data,105743,f1e66a59c3c31258fab54ef227f5fbf190f9e1a6cf2ba9f6e7cec4ee0af2b5e8
source_data/original_data/MAGE-Graph/output_456/graph/full_output.json,text-data,116192,5439418a1d7814104d39e63c00846507ba79ae13c4d752648f92aabd99b5357d
source_data/original_data/MAGE-Graph/output_457/graph/full_output.json,text-data,68107,c2c6d7e060eaf17b0a28754dcb2b9fb51bb224fc8e2f61171dfdef2285926ad6
source_data/original_data/MAGE-Graph/output_458/graph/full_output.json,text-data,188817,348eed15903f5d4b7c646fa24f602027abf4069d430708baa4b7e6b0e6f12c79
source_data/original_data/MAGE-Graph/output_459/graph/full_output.json,text-data,109389,d7ca5cf81e42426cecf6850aa46ecb771305f61a6c8eca8ffb2788dc000b59eb
source_data/original_data/MAGE-Graph/output_46/graph/full_output.json,text-data,177334,85022cad8dc75a2dd79dfdf4af3b4e7b38f35663651b7044b3e127a51b10baaa
source_data/original_data/MAGE-Graph/output_460/graph/full_output.json,text-data,91892,810dfe10de08c54eded6b593fc007af334b8e1d51b4b992ea037d696006d509e
source_data/original_data/MAGE-Graph/output_461/graph/full_output.json,text-data,138587,04d038b4c4f8e966b955431fec221642b5411892e5c4d3ecc6ed2d4c0add0f6a
source_data/original_data/MAGE-Graph/output_462/graph/full_output.json,text-data,115589,3471d5cc32d20aa38c9f253fca2542da776144eb6d6d277cc93d5b545f8e639f
source_data/original_data/MAGE-Graph/output_463/graph/full_output.json,text-data,92115,86caeeb57206322d0624190293987a4afce8e1e54fecce98c4441370bfe009e0
source_data/original_data/MAGE-Graph/output_464/graph/full_output.json,text-data,119615,582b9e890d2c3d1f3877c6e2d7ecbfc5b3029db1d70c1b5afe51c90cec80fc78
source_data/original_data/MAGE-Graph/output_465/graph/full_output.json,text-data,249196,66d48cc9122dcd0698d86ebdecd2c2ad665b8b8d572fd98c5049e55030f2dcda
source_data/original_data/MAGE-Graph/output_466/graph/full_output.json,text-data,440413,6c8195f5f101a9d9b80fb57830da41ee82df53549494e171fae7a6850985f609
source_data/original_data/MAGE-Graph/output_467/graph/full_output.json,text-data,107284,b3069e8e6de64ae91231311f5d6f12eafa81ebbe358d36e8821ef8d0a65acb04
source_data/original_data/MAGE-Graph/output_468/graph/full_output.json,text-data,71359,6a43fa9b86bd1dcbe3f0d25581cdd0df935be7863166cf7cd5f8c36bfd418c2a
source_data/original_data/MAGE-Graph/output_469/graph/full_output.json,text-data,160801,532fdb20fd28c0bb927ed49cc5fde22688dc5fc63e727a6907ea630d7b6c4b40
source_data/original_data/MAGE-Graph/output_47/graph/full_output.json,text-data,201016,fd2a9dd86b1cba34705fe6f55447b74f1c2c990e8ba243fe5ae5c37153615205
source_data/original_data/MAGE-Graph/output_470/graph/full_output.json,text-data,137545,c7cf3af61bdfb96f5a9ad0fd3c3c5919555c0ede3aeceb898859ad74609adba1
source_data/original_data/MAGE-Graph/output_471/graph/full_output.json,text-data,124934,9049ed41759fe04790a1d30004599e0145da9b0d4925542875942f577af1b7fd
source_data/original_data/MAGE-Graph/output_472/graph/full_output.json,text-data,252457,a7b2c8901d1c0d6164b61d851a319aa8a47cb88659c0b3d3a7cf9fbc01f53443
source_data/original_data/MAGE-Graph/output_473/graph/full_output.json,text-data,103618,56bf87315c840a1416ecad335c55e6b96ed4c49cd77f49f16e04cad549e3eb80
source_data/original_data/MAGE-Graph/output_474/graph/full_output.json,text-data,10632,2dcabc5a96163340b0d565fb5d440f16734ea8e089a20bf64bf4fe74bacddfed
source_data/original_data/MAGE-Graph/output_475/graph/full_output.json,text-data,128822,a986f45b3a1f021a7d623734b80c2ab8a2aa3a846711bc9309425708233ffda5
source_data/original_data/MAGE-Graph/output_476/graph/full_output.json,text-data,140990,6d704779fd58e2d1757fe5287696cc3c339a0a5e83ddf131b6240004df15b9da
source_data/original_data/MAGE-Graph/output_477/graph/full_output.json,text-data,203502,f93fcfcfc296537867970bbfb2fe6e4e0d62fed05b5ba7ec95b1fe0f30031c67
source_data/original_data/MAGE-Graph/output_478/graph/full_output.json,text-data,113269,d11e4e1673eaca6fd2f22e8f85b2039fff558b9d7539b6d172803435c7e8bb13
source_data/original_data/MAGE-Graph/output_479/graph/full_output.json,text-data,133957,77fda2eb2a0bff793bf29529ec25ddaa3fe938bad970ba3bec7982a6368c7404
source_data/original_data/MAGE-Graph/output_480/graph/full_output.json,text-data,136436,60bfee2ace6b0b6d9bc3b2dcd64bbaa402f0703596b6eed4a82637674159e10b
source_data/original_data/MAGE-Graph/output_481/graph/full_output.json,text-data,135420,5b1ba8e38a809dae313688f74611a709327de54e8f9a5bd0c715035aeada9ec5
source_data/original_data/MAGE-Graph/output_482/graph/full_output.json,text-data,43638,87283c3a2e422da1f0ba18cbd99ad633b6b9064b0bd8e04c744d2de1c52db47e
source_data/original_data/MAGE-Graph/output_483/graph/full_output.json,text-data,151949,8f97c498bcbfc98aea5797496660c406c9af16ea715520f238b2fd3116bda381
source_data/original_data/MAGE-Graph/output_484/graph/full_output.json,text-data,6372,06500a69e4a1c73156716aab957935e47d8515e26c6f51cbe5904935abf84b5c
source_data/original_data/MAGE-Graph/output_485/graph/full_output.json,text-data,120396,132a3f4c48364b89c16d92c870bf05c446d9bc04e552c9427d3469cc989215f8
source_data/original_data/MAGE-Graph/output_486/graph/full_output.json,text-data,150352,52a71f0167bf277532096ca8d1d899989da9ded35347115d564ec331d8e4e45d
source_data/original_data/MAGE-Graph/output_487/graph/full_output.json,text-data,246303,ebe0a94dcf631e9ca08e757a4fd6454de3afc60d79c7890b637b8f06bd0a08f0
source_data/original_data/MAGE-Graph/output_488/graph/full_output.json,text-data,15504,bcb52e83209cc6a599bfb2c599f1eda8e1e761d7f17fd9ab0e9eb4a874262d67
source_data/original_data/MAGE-Graph/output_489/graph/full_output.json,text-data,150047,0cd7355b6561487aa362bbdf8fa27d82640946aa5e375e1f2307786b4c75f294
source_data/original_data/MAGE-Graph/output_49/graph/full_output.json,text-data,386427,679c0777eee50d9ccdcbc3b97da7b12e4b39426e244dd079978eb5ebae2d6364
source_data/original_data/MAGE-Graph/output_490/graph/full_output.json,text-data,154913,7dd32fc8c397b37ec39fdc152bed9dccd95b5aa570ba6935971ec40921cfba95
source_data/original_data/MAGE-Graph/output_491/graph/full_output.json,text-data,151612,d3c2f5ef940e7af9dc10738dcca30abd50f47f9fc29280326a7f3bd67b854f61
source_data/original_data/MAGE-Graph/output_492/graph/full_output.json,text-data,123315,eaf0f083759bb1837b84824804e25bfd080ddd3e0a52179af678124f7f60ab6c
source_data/original_data/MAGE-Graph/output_493/graph/full_output.json,text-data,176164,4d1146eddcb4a96159c4f744d196683b9cd1b5dca9b195efa26ec01fc4d6138f
source_data/original_data/MAGE-Graph/output_494/graph/full_output.json,text-data,412664,910cceeb0db438e866aa00624501f202915b99b21323162c9356a164d78fb212
source_data/original_data/MAGE-Graph/output_495/graph/full_output.json,text-data,153935,828256133865b062e7dba112eb4e2a5a6111cf773c58f6e707478d648fa37249
source_data/original_data/MAGE-Graph/output_496/graph/full_output.json,text-data,176817,29933400648366cfcb09fe91ce4b584b2860ab51d4f19b356dee7c9fc5f23d72
source_data/original_data/MAGE-Graph/output_497/graph/full_output.json,text-data,137543,2dbf66e22de83a91cb748afd291d1823fe34235eee25a73479e1152b59dfa115
source_data/original_data/MAGE-Graph/output_498/graph/full_output.json,text-data,119891,a46e873f5384d8232f03fce11459a2ee45b09c1a4264e9b45f689157f4f225c8
source_data/original_data/MAGE-Graph/output_499/graph/full_output.json,text-data,228212,92e97c3e207f53c66af354eecf211fe63c416196ddbe13106dc8d36bbaa7a02a
source_data/original_data/MAGE-Graph/output_5/graph/full_output.json,text-data,180938,f94228e1f9174f831c708a8a3f6b855d02e65e0f595b133307ade74e4ca32adf
source_data/original_data/MAGE-Graph/output_500/graph/full_output.json,text-data,151143,49610d59ecfd16374abfc6aec9ed4fb12de267edbe5c6c57909b83d3462fc143
source_data/original_data/MAGE-Graph/output_501/graph/full_output.json,text-data,108809,9a6051f6e6e26fa259fb22cb3a8a466422814937594cd0c760cda1dea74efba9
source_data/original_data/MAGE-Graph/output_502/graph/full_output.json,text-data,104998,149b2db75d8303d14f4b764b886b90fdbe6a95b4812a0cce8b1ae772279a57ef
source_data/original_data/MAGE-Graph/output_503/graph/full_output.json,text-data,78501,c88e9d41031bf331169dbf882ac395a538e20f03e7ba6e82dc13fa4362870020
source_data/original_data/MAGE-Graph/output_504/graph/full_output.json,text-data,154023,cc5b6204671ab0697c9f782391f52eef05dbcaa9c2fa5cc02c7c7849d1c28560
source_data/original_data/MAGE-Graph/output_505/graph/full_output.json,text-data,142322,a0a26e8ef440af28864f0c7e8df6dd495e4398dccecca05759f1afea6a60a437
source_data/original_data/MAGE-Graph/output_506/graph/full_output.json,text-data,139916,9f3acf979b1936ffeb7062d3df04277dec089a8a5bee53318852d1799fdee38d
source_data/original_data/MAGE-Graph/output_507/graph/full_output.json,text-data,144185,1876be120dfb772bf57293b9dfd189855c6ecf7dd09f2615b01bc00686a296d3
source_data/original_data/MAGE-Graph/output_508/graph/full_output.json,text-data,88104,d22a4b9a97b7224edbb90eebad89570aa9fafe71cf44837a9f54683215ec9a52
source_data/original_data/MAGE-Graph/output_509/graph/full_output.json,text-data,199982,ff600e510416d51f35b98619965ba607c6c622c0428c69751f5710fd607f6f66
source_data/original_data/MAGE-Graph/output_51/graph/full_output.json,text-data,337874,6a6942fbad3c41578e520ef603d399669b23583c567bdf5de08ea39501dfc437
source_data/original_data/MAGE-Graph/output_510/graph/full_output.json,text-data,171060,2f440a797dd1a334017f22aa798cc5185dfe4bb1a0c6c44b239d9d09e5e63749
source_data/original_data/MAGE-Graph/output_511/graph/full_output.json,text-data,101210,6a00fd2da212b88b9424dceb4465bd0f71b862fd969e6c9ca1ca102edd7f026c
source_data/original_data/MAGE-Graph/output_512/graph/full_output.json,text-data,271882,dfd99a5d2b7826e903ea73e990cbd16541ad6d2ec2dd2b72d97520e1ddad4ed3
source_data/original_data/MAGE-Graph/output_513/graph/full_output.json,text-data,47913,5b9d4a4c072a263c57a11ae8df52d15dc163371084f69e3739e53142266de740
source_data/original_data/MAGE-Graph/output_514/graph/full_output.json,text-data,141440,2392eabee145f976174c519d0a42e2cba3637296d49c8517cccf6ad77ee7e9e0
source_data/original_data/MAGE-Graph/output_515/graph/full_output.json,text-data,151683,0cdf67cf0c89d474aad97ed1965c336ebcf4fd02245dcfe5daf297283422b74d
source_data/original_data/MAGE-Graph/output_516/graph/full_output.json,text-data,171575,b0f6021ea21b3671e1c11a29c432f47572ce80dc5e7a926989542fb118b711b7
source_data/original_data/MAGE-Graph/output_517/graph/full_output.json,text-data,311644,17cdb70b30cce189f296b6bf0bbc7faa93bd3ddc87d51c5e9fd8f9308e37fa45
source_data/original_data/MAGE-Graph/output_518/graph/full_output.json,text-data,227427,d198ef0d4df5492900b52f28e7006a7ad7c2314eb542e005fc22d75638248b3c
source_data/original_data/MAGE-Graph/output_519/graph/full_output.json,text-data,200341,9e011d85d6708f6c53877f4b0edc3ecce77ef3a9f98d48f73301b10feddff01e
source_data/original_data/MAGE-Graph/output_52/graph/full_output.json,text-data,220677,87256f04054139b86cf7b86007d4679558094702fc3bfb7f8e7099da769cc2d0
source_data/original_data/MAGE-Graph/output_520/graph/full_output.json,text-data,120184,f1b7b0153f9aebb97105137e839b6aa78c963f1021ffe0982654589bf30270f8
source_data/original_data/MAGE-Graph/output_521/graph/full_output.json,text-data,133210,45a6d21d955bf3a6069a2e40d1c632069b3905f1d8064b289c204a8f76617f73
source_data/original_data/MAGE-Graph/output_522/graph/full_output.json,text-data,132526,127db12cdc10ab9f00d92121a87661b49bdeb46d303a1becfd34864e0046e110
source_data/original_data/MAGE-Graph/output_523/graph/full_output.json,text-data,110565,a9b19718e2790fdcf0dbcd05de0c8731b91b587c59ac88466d678bfac29904e8
source_data/original_data/MAGE-Graph/output_524/graph/full_output.json,text-data,50859,ae47e6f75842032e5a1855f86125b566eaec34d284dd0542a74ac496c6bdb11c
source_data/original_data/MAGE-Graph/output_525/graph/full_output.json,text-data,239135,bbd89e0c772aaaec731be9296652f8f41c28862d47d6e31d93c5bbddc2735d4c
source_data/original_data/MAGE-Graph/output_526/graph/full_output.json,text-data,243094,2091010277df52c426838919f340549651dcf624c822415b1209f5c8e7da5812
source_data/original_data/MAGE-Graph/output_527/graph/full_output.json,text-data,153688,0d58999dda1a33c8c81fadaa33f318686e47ee8d2017daa5d35bc1157b668179
source_data/original_data/MAGE-Graph/output_528/graph/full_output.json,text-data,33144,a921b974be73c5babc944bc703a59d31ee08436a022d590962a10f15975c98c3
source_data/original_data/MAGE-Graph/output_529/graph/full_output.json,text-data,161870,8a459361d3e02d9393ed08012af09618efb7915bf21d13fa0f233b8f03786292
source_data/original_data/MAGE-Graph/output_53/graph/full_output.json,text-data,192951,9c9992c3111bbcd3dea5511290bea34c2b694f3e06ea60e5403561b10dba4af5
source_data/original_data/MAGE-Graph/output_530/graph/full_output.json,text-data,328427,e1a2e95dc5d41956dbdc11cd48da80aa60342544c0a530b153e09c1e23ac03d9
source_data/original_data/MAGE-Graph/output_531/graph/full_output.json,text-data,88305,7a84dd4211b3cb158d38e87ffa709162547f4933512ab91a9fd68f498aca8d27
source_data/original_data/MAGE-Graph/output_532/graph/full_output.json,text-data,92624,7f4ce646403c4e66c222eb8e0334ee2e10d1449ed47af550a971f1ec8096c72b
source_data/original_data/MAGE-Graph/output_533/graph/full_output.json,text-data,612016,b5b9167eb8956ddc3f0ef2ec4c7a0cad78bc09cf4a9f4eb867ce220ca4c22bbc
source_data/original_data/MAGE-Graph/output_534/graph/full_output.json,text-data,103243,36356a38bee06b6452bf133ba46b4527b1beee6845efbdeddf3990eedbdcd9b4
source_data/original_data/MAGE-Graph/output_535/graph/full_output.json,text-data,347172,061de213d95933a023cfa0efe215519e4a4faebaca22d68242a0ce1209502de1
source_data/original_data/MAGE-Graph/output_536/graph/full_output.json,text-data,209105,0236e76d5522589a9cf62547da8e0dadfac4a462dadb3bea5146f4082166fc83
source_data/original_data/MAGE-Graph/output_537/graph/full_output.json,text-data,79651,4e525056d91b335246d1b66621ae423fa1660713bfef03ca8f982c4ab99589f5
source_data/original_data/MAGE-Graph/output_538/graph/full_output.json,text-data,222415,b5c46587c85f5e377509d92afd8b986b2f6df588dd3cac85d5f293fd83132abc
source_data/original_data/MAGE-Graph/output_539/graph/full_output.json,text-data,547008,7f02d755f52bde83344b56c38680edd7fa27ee68946c5fb4fe165f57a0c220f1
source_data/original_data/MAGE-Graph/output_54/graph/full_output.json,text-data,277247,0f91b5788a08f42c1ba76f9af1d1c6ca0d375b8f297b79a34c48d72e9cfc301f
source_data/original_data/MAGE-Graph/output_540/graph/full_output.json,text-data,158604,7b9fe8af0a0054003ccf0c8de189bdd01fa7a77f3c4f49c1dc9be6d70b5f071f
source_data/original_data/MAGE-Graph/output_541/graph/full_output.json,text-data,222024,f45a6ae35a2161d040dcc08000f5878aacf37e9a1ac665231d9467ab69d3cdd1
source_data/original_data/MAGE-Graph/output_542/graph/full_output.json,text-data,79188,6d40f366373c9dd52932d51d41667bf3ead3a424e49390d9f6d0a87a57a3b287
source_data/original_data/MAGE-Graph/output_543/graph/full_output.json,text-data,141215,25f2fb28dbdd9981bb866adcd6f98cb42ac942413e9caef38b3331f70d8b3622
source_data/original_data/MAGE-Graph/output_544/graph/full_output.json,text-data,90405,2cd03fc78b0c04fda93c6844c32a44ac1ab45676f651bf564660ee089b45c640
source_data/original_data/MAGE-Graph/output_545/graph/full_output.json,text-data,110173,9efbdfb165fbdb46852881aed7eb88ddbf32b040ab87e0fc4ba21db4e2e8d0ba
source_data/original_data/MAGE-Graph/output_546/graph/full_output.json,text-data,143858,872bd296878e608db742a70cd5d7316fa2fa51746b6c6706f85e28cad2289cea
source_data/original_data/MAGE-Graph/output_547/graph/full_output.json,text-data,221330,771fe5cfeb6a798946221dc7e940d2b65c8bec714cd00ff7f75f87851986d039
source_data/original_data/MAGE-Graph/output_548/graph/full_output.json,text-data,36782,6466e6c4c6d62ceda0a62e6a9e15cbdbd201633ef6471fd7988e899d0d90800d
source_data/original_data/MAGE-Graph/output_549/graph/full_output.json,text-data,179341,2386cc109520a55312f53329c536d3f0b3508bae662588a06f0faa99e0ace998
source_data/original_data/MAGE-Graph/output_55/graph/full_output.json,text-data,308329,ac839f551a270f957482522eedf4624f19239bc82d905443ed2cfd37b3a31083
source_data/original_data/MAGE-Graph/output_550/graph/full_output.json,text-data,171440,8d709732651f8766f2f5b3a5c6befeef669a2d2b7ec7b571cecc8365ade645c1
source_data/original_data/MAGE-Graph/output_551/graph/full_output.json,text-data,151045,f441899c27ecb877ec85cdb8b5dfe3a92c0e6a250d6782de20e87144a35dd9b8
source_data/original_data/MAGE-Graph/output_552/graph/full_output.json,text-data,115426,6959671ba7461d0ce179d27684ab281df196157bf1d8b36288ac86137f151b08
source_data/original_data/MAGE-Graph/output_553/graph/full_output.json,text-data,161249,f5cd846934aee49c6291f2570883244e1c3f6c4de569d75ab04e68f27ee617fb
source_data/original_data/MAGE-Graph/output_554/graph/full_output.json,text-data,148475,19cfed05b0cb4b251dabf5772e59c72ff5703938d5a74d44ca7f61b3faca2bb9
source_data/original_data/MAGE-Graph/output_555/graph/full_output.json,text-data,129480,a0379cb65513f00c2f658026fdafa73c3af52e6ca5dac67ad586142d098c8612
source_data/original_data/MAGE-Graph/output_556/graph/full_output.json,text-data,150561,53d493ebf82b38c740d748f95ba1d56d5c0f1f5da92951c4b8658054f1fae80a
source_data/original_data/MAGE-Graph/output_557/graph/full_output.json,text-data,80090,e55b95942f9afad8684f3246245453cb9b070c8eddfc8c678a7aa2763038913e
source_data/original_data/MAGE-Graph/output_558/graph/full_output.json,text-data,125817,2475602b50ef3187f511ae79c8b1bed7306a7672dac268068e451b37ad20f63b
source_data/original_data/MAGE-Graph/output_559/graph/full_output.json,text-data,116943,e206d924e18055898c3d3d47e56b279d178fad65acb158a4c71208a046a0e2b7
source_data/original_data/MAGE-Graph/output_56/graph/full_output.json,text-data,283815,2a1c090311636716632fd72c830ece560835c124403ef40490a482ba98d12aa6
source_data/original_data/MAGE-Graph/output_560/graph/full_output.json,text-data,106426,d0bb647216026dfd59531a4b510a6ea77f16fd17457f1775f4e221be83f8308a
source_data/original_data/MAGE-Graph/output_561/graph/full_output.json,text-data,242475,45556853c507f63000a394a7b7853a0494daaf18aeeba9d3b90d2b65ae77084e
source_data/original_data/MAGE-Graph/output_562/graph/full_output.json,text-data,174844,362a2e517966e0ef8f819a76f57845108c593f0e8c665ad4550f614a650635c3
source_data/original_data/MAGE-Graph/output_563/graph/full_output.json,text-data,104644,103fbe727bbc8151bb25076d43a8d2286f14a8687ef3b07c623b4b7b5435a624
source_data/original_data/MAGE-Graph/output_564/graph/full_output.json,text-data,39849,db30ea720031e02654d294389811612b51d2d5517b3596be9c00bda90777c3cd
source_data/original_data/MAGE-Graph/output_565/graph/full_output.json,text-data,120444,cb7e1467ebfeceb289e0b84cbb12b00671ba4ae844bb7a7aca00ce09de1ce2f9
source_data/original_data/MAGE-Graph/output_566/graph/full_output.json,text-data,140364,aefd5c9f9dba380b42413b6fc0c4634900ce1156b6699af91f1d1538b4980cb2
source_data/original_data/MAGE-Graph/output_567/graph/full_output.json,text-data,115096,6fcbd751aa9b3b005835020cc94c7c8b98df5f31e61efee941c73c70e112de5a
source_data/original_data/MAGE-Graph/output_568/graph/full_output.json,text-data,141073,fdae1ea3f3fa926547bb33465587b70e8158db83d616fe781a2a4b92ac26e59a
source_data/original_data/MAGE-Graph/output_569/graph/full_output.json,text-data,129104,e057aee6e8e0a90055edcfaba19a5cba7a8b1b9436ef68a544101b70eb385715
source_data/original_data/MAGE-Graph/output_570/graph/full_output.json,text-data,1877898,44f0e42f5a254be015f82c3315d67461333a7ee8b37f1293207e804a14b6519b
source_data/original_data/MAGE-Graph/output_571/graph/full_output.json,text-data,70824,657836e80ebd5fcc3b9f9652a5eaec5e0b9f1439be2cdf7badbab64a31354d09
source_data/original_data/MAGE-Graph/output_572/graph/full_output.json,text-data,203325,870bbfe0b51d1053145e2457bae1e431e4f0d8a009a2d6a51eecc6cde7f39b19
source_data/original_data/MAGE-Graph/output_573/graph/full_output.json,text-data,106403,7fb7a0c567132f1e71bf91ebdac7fb8339f7088e22fb07dde99d400ad8012a5b
source_data/original_data/MAGE-Graph/output_574/graph/full_output.json,text-data,70344,722a64b6622922edd54f8adc9341f32c48234d69c4184bd8d37b33493471bc33
source_data/original_data/MAGE-Graph/output_575/graph/full_output.json,text-data,181106,4b0719011d70efd22ac267d5bcd6bb4438b12f243914716c7b656142e4bc6b6d
source_data/original_data/MAGE-Graph/output_576/graph/full_output.json,text-data,102281,e1a1669bd969304170489b06cffd3e4b58a457d7f5b29040c59e6dfc2fa99fb1
source_data/original_data/MAGE-Graph/output_577/graph/full_output.json,text-data,240171,458c4069cbd193801e8fcd7a16ca875ae27604554034b496692e075e1b4da892
source_data/original_data/MAGE-Graph/output_578/graph/full_output.json,text-data,145581,6ef6bb530133003db86bb47830c0b4b2b81f6b2597f62f9bea6b432ab3f9e955
source_data/original_data/MAGE-Graph/output_579/graph/full_output.json,text-data,107373,240162bc75366dd4a0ad4e9680a7b65622333b5082089fc02c96e7540ad0788a
source_data/original_data/MAGE-Graph/output_58/graph/full_output.json,text-data,477588,bf0db54b1fcf15aa83787fb2bf6a003ff6334d33f70f849dd84e758f87441264
source_data/original_data/MAGE-Graph/output_580/graph/full_output.json,text-data,80853,e4ee591ba6135d9160e4fb2ac223ad1d85239b830dde7c406382e0484f372127
source_data/original_data/MAGE-Graph/output_581/graph/full_output.json,text-data,45254,f8994549e37a657fc6769c838e7b3f65b9009441c49efd0240487faa7a7482e2
source_data/original_data/MAGE-Graph/output_582/graph/full_output.json,text-data,230264,058190615bfa7ca476dc8445fb02662514e6df1e8aad32892f39e47e6adfcc7d
source_data/original_data/MAGE-Graph/output_583/graph/full_output.json,text-data,108392,92258ac502098126e6a2b160abf0ac01a5bb9b47f340ad20158c4b4864cd5811
source_data/original_data/MAGE-Graph/output_584/graph/full_output.json,text-data,110320,8427980891b8145caf413cf07104f4722bee52583b2837c6977df8f77c2d3642
source_data/original_data/MAGE-Graph/output_585/graph/full_output.json,text-data,130445,91b421ed5b7c411164e9bbf359c5e0669fd520a2573008e381e6af60f2eccd75
source_data/original_data/MAGE-Graph/output_586/graph/full_output.json,text-data,76407,5838293a5c6993b36265d35c18b6c6791a13ea0d7c30520773fcb0258dad9e5b
source_data/original_data/MAGE-Graph/output_587/graph/full_output.json,text-data,260391,de5d54e8818392455b0093ca7d53c01ab645dd02f76159f084719f32fce7ae62
source_data/original_data/MAGE-Graph/output_588/graph/full_output.json,text-data,99407,bd6dabb30625dd2628361e10eb764d63dc578aefc604639437e46fe06c100d4a
source_data/original_data/MAGE-Graph/output_589/graph/full_output.json,text-data,182978,40e66ff77028eabc22146417cf5b3cc77c2c3b18352d180e53d0c4daae2f1e94
source_data/original_data/MAGE-Graph/output_59/graph/full_output.json,text-data,325519,881260d5010127d388a1a3a5b70fdcb72e89870fede19f860789974497021d94
source_data/original_data/MAGE-Graph/output_590/graph/full_output.json,text-data,71977,bce54a3d07adb6342dbcf7a2684651e0493073a8703fbd89d8570cfaf041c601
source_data/original_data/MAGE-Graph/output_591/graph/full_output.json,text-data,96618,0b590f43ab9669d791460cc2efb98cd01ac8564bf0ee6e843cfc58bbd10d1687
source_data/original_data/MAGE-Graph/output_592/graph/full_output.json,text-data,214229,3fa34cc92a47c71a843eeb6b1bc13aaddf4c34368ad4604ad498fabb9de8f04b
source_data/original_data/MAGE-Graph/output_593/graph/full_output.json,text-data,113188,0de7017de0b41ffb3648b7d8e58e270fad0082d835e440597d8d4a43075a55c0
source_data/original_data/MAGE-Graph/output_594/graph/full_output.json,text-data,182270,094e31b9c147d0a1111d0a430f3874b3dd398b273b0e81a5914f2d360490074a
source_data/original_data/MAGE-Graph/output_595/graph/full_output.json,text-data,118012,f7e19ac104edc3437583811095e3461ca2ff88f5d017ac5578ee9024c48f1550
source_data/original_data/MAGE-Graph/output_596/graph/full_output.json,text-data,78190,2b3ed228f2cbd2a54b196806281d29480e56965fdec8851759657f1f39774e3d
source_data/original_data/MAGE-Graph/output_597/graph/full_output.json,text-data,27584,27632b11e50a816268da265f6027a9ac4a2fae086d4754e7e9e43afd32196602
source_data/original_data/MAGE-Graph/output_598/graph/full_output.json,text-data,72244,74634033c9243bca01f54ca92516f5d9bdc7211c08caac274e32cdd0870534c6
source_data/original_data/MAGE-Graph/output_599/graph/full_output.json,text-data,74523,72ca46ee765dbb132e628e6622f6ec0db09b6aa3179eaa66d846c5de253823dd
source_data/original_data/MAGE-Graph/output_6/graph/full_output.json,text-data,257507,ce8aa608b66f0705fffce4446995ece3e7129fdc142c4e7c294843e20a4d34dc
source_data/original_data/MAGE-Graph/output_60/graph/full_output.json,text-data,173240,325f08ddacf7104fc589325fbc4a054f06eacb6dc21532964b786e652fda8d46
source_data/original_data/MAGE-Graph/output_600/graph/full_output.json,text-data,82384,3a321f9a5cf1c9d645d814e075c59dcf35411094e4037d6b56dd2caa2d059774
source_data/original_data/MAGE-Graph/output_601/graph/full_output.json,text-data,79264,d4fdd66c29f86577089d2f068e0aec9ce8f59999192f54f08f91b699b4ee28b4
source_data/original_data/MAGE-Graph/output_602/graph/full_output.json,text-data,265225,8a664034fb147c95acee2861f70305e3a716663acb4af4ad0d49595f12911555
source_data/original_data/MAGE-Graph/output_603/graph/full_output.json,text-data,96919,d27511f7103438b8f10cadedd6a32f38056c6bf1c00a85d0adcf379fb5cd2bd1
source_data/original_data/MAGE-Graph/output_604/graph/full_output.json,text-data,100542,a4446e551bb2667a5920c71740de027868ba8d7fb8bf0820dbb6930ff36cc734
source_data/original_data/MAGE-Graph/output_605/graph/full_output.json,text-data,240747,8b5d07b7b0019b66eebbf779dd6e1603b504142fc1b24f2dcd0d94467f983a4e
source_data/original_data/MAGE-Graph/output_606/graph/full_output.json,text-data,160148,32682bfecf425c9451c5b800d40013544b098bed9ac34ccfa0f43bfa129c55e1
source_data/original_data/MAGE-Graph/output_607/graph/full_output.json,text-data,214223,a11b626a1156550cac5acb58d5246c183dd8e59f50f2f9274376d18c18577db9
source_data/original_data/MAGE-Graph/output_608/graph/full_output.json,text-data,319065,f7546038a174313088154d57c1651548330e03578f12cd21d8bac04e55ca6265
source_data/original_data/MAGE-Graph/output_609/graph/full_output.json,text-data,173024,da4444271584f24fbf752041bc7eb129f19258587c80c31d18ade3cbc76a7efd
source_data/original_data/MAGE-Graph/output_61/graph/full_output.json,text-data,236968,fa1f5e2f38eb8ee068ab6caa78a84bd93fb57661d32882d4b4c3c89c67d849d7
source_data/original_data/MAGE-Graph/output_610/graph/full_output.json,text-data,166659,495d4363cafea0b190aff01c15068c0da0dd64854226e0d0a969793b18027cb3
source_data/original_data/MAGE-Graph/output_611/graph/full_output.json,text-data,115050,f77183ca528fe902598cf13cbb0a92da8d8ea6f9d4260e4030486c44bf10ae23
source_data/original_data/MAGE-Graph/output_612/graph/full_output.json,text-data,106232,fbfddcb7a8335685b1d247146d46ad1d7b4d1d343e4f28aa41e0374e9ad10e4d
source_data/original_data/MAGE-Graph/output_613/graph/full_output.json,text-data,235942,a6d6596f4f8a449a4f9ffdb20d2bbb7cf3dce1b9d8179a27b677be66ce35a903
source_data/original_data/MAGE-Graph/output_614/graph/full_output.json,text-data,209098,763df7bc9eca5e537b5cc7994a7eca1488dc8a6ac8c6d80afdada86cdf190cf0
source_data/original_data/MAGE-Graph/output_615/graph/full_output.json,text-data,41453,7b83afe7a48a0bee9cb689e5b7b1f89790cb7fe20c4e42f620b0485fbc66d9aa
source_data/original_data/MAGE-Graph/output_616/graph/full_output.json,text-data,134339,5b73629124a98005138ec04b244db83507c640070f416048a377792071c43943
source_data/original_data/MAGE-Graph/output_617/graph/full_output.json,text-data,230491,c11683e635fec70c14c0394bce5dd0f14b7989a3b8e8f53de9e329d120e7f4b0
source_data/original_data/MAGE-Graph/output_618/graph/full_output.json,text-data,68853,bcdc243fdd9f7edffa436c876a57ef70d834828f94d52ee5759218c6e61aa66a
source_data/original_data/MAGE-Graph/output_619/graph/full_output.json,text-data,151925,297eabd1636d44fa31d46f61c4050d425f35a5bf61cd0fdc5e45466859752578
source_data/original_data/MAGE-Graph/output_62/graph/full_output.json,text-data,252389,fed47c41d1a9ef33fd77f78179f5bd91962f231d390083e6a70c99753033fbca
source_data/original_data/MAGE-Graph/output_620/graph/full_output.json,text-data,102522,392af58fcb55a61cb350394c683b1322619748fa34149657b319e9c6ae4f0a47
source_data/original_data/MAGE-Graph/output_621/graph/full_output.json,text-data,133406,970ed1930d1bb354804db21992312e81bac39da74819a1eae976835f40d52c06
source_data/original_data/MAGE-Graph/output_622/graph/full_output.json,text-data,108143,2e261f1fc916b84398b56d6ff9b8f47fddae80f40d7339cca6e4672205147463
source_data/original_data/MAGE-Graph/output_623/graph/full_output.json,text-data,153216,b079440caff13d7d271eb85e35c867029fe66184dd437d85e0425683cd47029c
source_data/original_data/MAGE-Graph/output_624/graph/full_output.json,text-data,65240,7ff82672808e211cd811e079c51677ce54302d9de17239dae5c0fd555a32b92e
source_data/original_data/MAGE-Graph/output_625/graph/full_output.json,text-data,128028,53b4a5b138d4b07b2025eff9bcaf23ffb8e78fd4837bbbc1594833073a520ba5
source_data/original_data/MAGE-Graph/output_626/graph/full_output.json,text-data,129297,b2738c66304bb3a3db7a3da44bb216bb619a79e3b1d014019f651680b9292b7b
source_data/original_data/MAGE-Graph/output_627/graph/full_output.json,text-data,156006,958b420149ec5fe5c5034b93c70e80b263f278159729939aec2ed8fa2905df84
source_data/original_data/MAGE-Graph/output_628/graph/full_output.json,text-data,359122,71d888a1a5cc9e46f95291da6a3431b88828b9f739857377db5cbb1fc2b6d069
source_data/original_data/MAGE-Graph/output_629/graph/full_output.json,text-data,178533,68a5f69b68a3a670330b2ffeb33a4ebfe40d0fa404bd2d0e9fb755182a749226
source_data/original_data/MAGE-Graph/output_63/graph/full_output.json,text-data,269653,272336aa8aa679362490368e003ad4a53d38918748e628580f83fd19b8ace18a
source_data/original_data/MAGE-Graph/output_630/graph/full_output.json,text-data,17171,8365f458f51f8c7d473e8374f3e782fe342df0c46a85ef8327047f4d35c2f512
source_data/original_data/MAGE-Graph/output_631/graph/full_output.json,text-data,215887,bda27c103fa40976ccffa9deb2cd152f8a7b3100c09dc2963d997f1cd85bf87e
source_data/original_data/MAGE-Graph/output_632/graph/full_output.json,text-data,135041,0f91dd74f0094d2acec3a09e64cf5c102bc8174be13b94af6127a73ca82c7650
source_data/original_data/MAGE-Graph/output_633/graph/full_output.json,text-data,147390,26bdd8cdf790597c231cc22b8814a62b8e7240328aa1b61631b11c04eb680ae2
source_data/original_data/MAGE-Graph/output_634/graph/full_output.json,text-data,105440,c848aa2f22f8fefc7859319b76a638bdcfc3f67a013466b47a54fa41e5afec93
source_data/original_data/MAGE-Graph/output_636/graph/full_output.json,text-data,147781,8f82c769ae68f7021039007d31a02353f96370935f265c7a9d218dd682cb3839
source_data/original_data/MAGE-Graph/output_637/graph/full_output.json,text-data,116664,fb6a80561d0b3b5a8cd4815342e9070de3091bd7931a8cdbfbdb1598dd8f2b48
source_data/original_data/MAGE-Graph/output_638/graph/full_output.json,text-data,65238,a3038079ce9d74a84e3cb98623c96133e7021b772e391b6e7ee1bf4bd0981413
source_data/original_data/MAGE-Graph/output_639/graph/full_output.json,text-data,136070,e35ae6552c25676a7b366cd9e0183e45a463c2dd549602dae9679a75e55d44a8
source_data/original_data/MAGE-Graph/output_64/graph/full_output.json,text-data,307929,80bd58abf352715116c81232aeb8b85f7dced5c2f932fff539aa51858abc3ffd
source_data/original_data/MAGE-Graph/output_640/graph/full_output.json,text-data,145810,9e0225111b0e22d93453e2b224585b0c42d26c894c0d80aa4338192217f900ed
source_data/original_data/MAGE-Graph/output_641/graph/full_output.json,text-data,176418,7f36d40d2048bbcc2fa65cf0584fbec9c926350a9cafdaddceac0ed97e018a75
source_data/original_data/MAGE-Graph/output_642/graph/full_output.json,text-data,125564,e9487f0d51c39bcabc1542ec39ff6e6a12ec1627a03c241851d56df5aaac3eae
source_data/original_data/MAGE-Graph/output_643/graph/full_output.json,text-data,218035,335e780ce616f1f81c55483cd032e1464c9d08afa62a3084a0067c94aceb8da8
source_data/original_data/MAGE-Graph/output_644/graph/full_output.json,text-data,166721,f3f259afe3efeb38258582a3f7ae9d140cb767218c47baf131547121cc658a08
source_data/original_data/MAGE-Graph/output_645/graph/full_output.json,text-data,212310,eef72333fd286ca9336466c2ce5387b7de96a960d57836048450b4973135011e
source_data/original_data/MAGE-Graph/output_646/graph/full_output.json,text-data,93721,5211b44cabaa7eafff33e0bb9ce3677b2532dd3cd827c3fdd253f3b6009a6649
source_data/original_data/MAGE-Graph/output_647/graph/full_output.json,text-data,50623,91c360e97f324d3298e98c5adb43c2714dfe37a0393bff37e5993d294e93539a
source_data/original_data/MAGE-Graph/output_648/graph/full_output.json,text-data,132085,e0ca410a52358f0eb95acedf7ea9e4702ab23cfdb4f0127f95cf3aecba6b276c
source_data/original_data/MAGE-Graph/output_649/graph/full_output.json,text-data,127220,c5990fb011fcd200c6d521c00900891432722e6bd9d31645a5fb6f03899e7c98
source_data/original_data/MAGE-Graph/output_65/graph/full_output.json,text-data,238026,969e31ca5a37c7b87daa6e55f23b9064fdbf60d2dd7a3ae2c8c2463996686c91
source_data/original_data/MAGE-Graph/output_650/graph/full_output.json,text-data,118724,c620ba6c387f42fb5b769ea949902384cd56f4868351048c476dd6aea1dabbf7
source_data/original_data/MAGE-Graph/output_651/graph/full_output.json,text-data,141706,cecf3cacb8cf56917b1986ae94ae98daf0823ccb49bd825b9dfd9fc4bac6f6ad
source_data/original_data/MAGE-Graph/output_652/graph/full_output.json,text-data,22537,e4d23555d35759c00bba4b6ac58bfd80832be9149c9edcea7d6d0fe5618fa45f
source_data/original_data/MAGE-Graph/output_653/graph/full_output.json,text-data,247995,461746930e60b49824cf254a0b2685b812c18f87785f8934550f4d305efffc5c
source_data/original_data/MAGE-Graph/output_654/graph/full_output.json,text-data,155237,476f7a6fc4d64af7ef4b0ce56da6461806166f0660f0a0d4d67796620832387f
source_data/original_data/MAGE-Graph/output_655/graph/full_output.json,text-data,203961,4ada6727b9cd32ced118aae4ba6cb90b3db2b7ec182684294eb2c999d0326a83
source_data/original_data/MAGE-Graph/output_656/graph/full_output.json,text-data,174923,c38c6aae306ca1b593cfb1c1d1614da0257270fc6e157ce4b3b2535b750106fb
source_data/original_data/MAGE-Graph/output_657/graph/full_output.json,text-data,156051,5a79ca65df328965f65341f46a36204e2f758bc9b4e6cc095bcf7f6f838927e9
source_data/original_data/MAGE-Graph/output_658/graph/full_output.json,text-data,160517,efee0a1e1caeb2321628cfffc24376b549db6c3fdb19c85c2d47638552d9128e
source_data/original_data/MAGE-Graph/output_659/graph/full_output.json,text-data,146445,bd8e5732c1854c7bf494fdbcab0d0c72f4dd582da82e2df639fa59c875bf02ea
source_data/original_data/MAGE-Graph/output_66/graph/full_output.json,text-data,273845,2675f8b2b6d9d94e54bc4aa1c9dfd59bc982a9155890c057bd858bc7c2635040
source_data/original_data/MAGE-Graph/output_660/graph/full_output.json,text-data,43861,326a00ecaefb1ad3a474470680d7015619a211e6ddd03cf72448a868feffe0d6
source_data/original_data/MAGE-Graph/output_661/graph/full_output.json,text-data,102164,a91cde06d42e9e6077c65461b4c284a00c98d302b9c0bb0e3a210904eff32061
source_data/original_data/MAGE-Graph/output_662/graph/full_output.json,text-data,118472,6413d39afd43f6380571fc5bd7e68900ced039bfa559776876e980f1d42c9d18
source_data/original_data/MAGE-Graph/output_663/graph/full_output.json,text-data,98689,658b4c1295c841e6a19ffc56ec4233312c83a42b8476f03094e4dd1b08d987f9
source_data/original_data/MAGE-Graph/output_664/graph/full_output.json,text-data,196393,c244d9022ee57476aa4d5c10fb4d9f9ca19d92e094441b5bdc242bba5d44d987
source_data/original_data/MAGE-Graph/output_665/graph/full_output.json,text-data,315756,b0c7cac081642b3683bf58ee3f2296579c8cbe7b97455021755122726e4020b3
source_data/original_data/MAGE-Graph/output_666/graph/full_output.json,text-data,40227,72dae85b18f7b507d534f9cc578ed3f3bc5a5aaf66b7ce2ef885064bece98fd5
source_data/original_data/MAGE-Graph/output_667/graph/full_output.json,text-data,98256,be0b404edfe575472fde70832031e39b4c68d280a2174c184508a6c906c5ca39
source_data/original_data/MAGE-Graph/output_668/graph/full_output.json,text-data,94642,6acbd350c335893bf9c1dd6be9f8b5f39beaa17037e82d671562736cc08de401
source_data/original_data/MAGE-Graph/output_669/graph/full_output.json,text-data,114359,36c5f1b59dfb2d3a5b6deedee85f01875ac254e8c66b8d0870df26e3e0ad3c4f
source_data/original_data/MAGE-Graph/output_67/graph/full_output.json,text-data,266329,7bb67be22e4a3d32fa7986bca27a117ac717f698f63fb6d168909ffcda64198b
source_data/original_data/MAGE-Graph/output_670/graph/full_output.json,text-data,157223,f52260ac3581aab5bbbc8a74865bf9734030e7f623b4b68cd1ba45642a8714a1
source_data/original_data/MAGE-Graph/output_671/graph/full_output.json,text-data,104822,f4ea4179bcef8f6ebed755daedc9fcd2c06b45ccc8646aced4cae9251244578a
source_data/original_data/MAGE-Graph/output_672/graph/full_output.json,text-data,113343,4f2c5afd8404b524dd246ec4ff71035d419930f5e2edc5d1ad790e0eb5118c35
source_data/original_data/MAGE-Graph/output_674/graph/full_output.json,text-data,75236,90b05e6efce7016280a3acf406c52cc8a6cc424fd05e6f1897d845d2dbac5e8c
source_data/original_data/MAGE-Graph/output_675/graph/full_output.json,text-data,368931,626231441b6b8e4cc6c62564812fd5e88d1d85b54245cb9766f9e08a4f8cba8c
source_data/original_data/MAGE-Graph/output_676/graph/full_output.json,text-data,159429,1a78d2861588cdaefaa877ee4794462c23d6cac07f2f81996ba59cc673f9585c
source_data/original_data/MAGE-Graph/output_677/graph/full_output.json,text-data,57597,d5975988eabbf9e46ba117016463db6d55ab52c3cfd1da1dd9a2d8e3ed850e5b
source_data/original_data/MAGE-Graph/output_678/graph/full_output.json,text-data,169933,a9a7f4020fce7a129a16bbac35cfb6046d0476eff3a5412a89222638be2a3783
source_data/original_data/MAGE-Graph/output_679/graph/full_output.json,text-data,63395,73c2146ceab71a8303ff44814f1c31fc083779671e802e49a8d58f2248d14030
source_data/original_data/MAGE-Graph/output_68/graph/full_output.json,text-data,258064,bbc81c5e743e5a481818dbf0d3270efb366690c6dda8e36900a36644a6feb53a
source_data/original_data/MAGE-Graph/output_680/graph/full_output.json,text-data,128796,1098c0db3dd3c8089ca0f321a6c2d7051cd3d0e5cc1ebd945be6a7a4097c7237
source_data/original_data/MAGE-Graph/output_681/graph/full_output.json,text-data,277899,4a1dadfcc1b3e049f7e8e35c7505bf92d0699dac15b28b7423fe60e87afb344f
source_data/original_data/MAGE-Graph/output_682/graph/full_output.json,text-data,386012,52c3ab34ddc70162cbfa845f5d12e2b7a111538c66deef18b4d4febf8be4f2de
source_data/original_data/MAGE-Graph/output_683/graph/full_output.json,text-data,70855,68aae1edee1976a42d9245a70a7bf84184ecb1dd9feb82cdbe2158b61d2c2800
source_data/original_data/MAGE-Graph/output_684/graph/full_output.json,text-data,257657,605e4f5a5219f77b4b78a29a2554aa0f04add5489a37ac7c85182acdee3cb16b
source_data/original_data/MAGE-Graph/output_685/graph/full_output.json,text-data,212247,d4f23e8483fb18639062389906eeb36496c4309b38d5c58fb563f50d984062d8
source_data/original_data/MAGE-Graph/output_686/graph/full_output.json,text-data,182548,aea9fec61c3a66f3ea808461577f708a7cdd27f446e2e1005c2697381bff0c3a
source_data/original_data/MAGE-Graph/output_687/graph/full_output.json,text-data,136721,63ca0f4462314992b33486a6a6ef9f6d49f5d4a88a5c54aae88c69655843f5b4
source_data/original_data/MAGE-Graph/output_688/graph/full_output.json,text-data,150254,ea0a2d60ea5fa41108351b9332592d080c68911db0769512786e23a654818977
source_data/original_data/MAGE-Graph/output_689/graph/full_output.json,text-data,111017,f38801e203c4f25ece9b35978472ef0f4737e1cad140e9ad8098b4f7d52f7a17
source_data/original_data/MAGE-Graph/output_69/graph/full_output.json,text-data,396392,74aaeb63f486fac6a9ee4ca322e1966f18da375752f512e3000a1fcfcffa6118
source_data/original_data/MAGE-Graph/output_690/graph/full_output.json,text-data,207055,7ca66bce0e381c9dddff531743a14a941d576f13d10c5c261ccf3f816ebe3e10
source_data/original_data/MAGE-Graph/output_691/graph/full_output.json,text-data,117460,8436672399eb873c6858e89807c5e90a92b7dea34517e6ca0c7938c5078c1380
source_data/original_data/MAGE-Graph/output_692/graph/full_output.json,text-data,129488,11b26671dc70024a4984df335eba0608dfbd66875c6ec4eba157be7fa0994be6
source_data/original_data/MAGE-Graph/output_693/graph/full_output.json,text-data,135376,bb85c1f25bd2c79ec34af8e92ac83b83dc322151e64b6bce06d11990b96cb93a
source_data/original_data/MAGE-Graph/output_694/graph/full_output.json,text-data,188144,be2f2462598930b46f766b44e5c77e0c64ce71758485dbe487ce4e97c9a1ded5
source_data/original_data/MAGE-Graph/output_695/graph/full_output.json,text-data,265818,ae64ccaf0b7cf35645c4812d2dc9bce0701476f8819b10af356c23f97d9a4e7e
source_data/original_data/MAGE-Graph/output_696/graph/full_output.json,text-data,119511,1a4f90ac3f8527448e2856b1440a1ce47da2f17b03f00f1e3765ddc9ed24a80b
source_data/original_data/MAGE-Graph/output_697/graph/full_output.json,text-data,86743,96cdb2c736801232c5b4ec133ec557b9539013781eb24e6cb785e2f10ff3aef0
source_data/original_data/MAGE-Graph/output_698/graph/full_output.json,text-data,77491,c308c6454f478410dc0e428247584d266081b6469878eecf5f9815de2aebc2fa
source_data/original_data/MAGE-Graph/output_699/graph/full_output.json,text-data,110869,180724ff45f726b9f5b6e7304f5da4895350de6ec49abea628303663c172014e
source_data/original_data/MAGE-Graph/output_7/graph/full_output.json,text-data,131971,aaf7c2b1517acc01a7410a5bfdacea47997a8aaf0b6cecbe339088818d7d1298
source_data/original_data/MAGE-Graph/output_70/graph/full_output.json,text-data,265394,4e6e48b2508967d91fcb95516bf7c45e4654d0c3c7c7c876d48896f7e1ec8c16
source_data/original_data/MAGE-Graph/output_700/graph/full_output.json,text-data,127961,c02f93203dec542de5d6e04b9433a17d00c6a802760e6fcad8a633908f4f8c26
source_data/original_data/MAGE-Graph/output_701/graph/full_output.json,text-data,259869,e1cd75259a0dc4f26effa305edb18c12d419ea474e7c84094964a29f8fc0bf18
source_data/original_data/MAGE-Graph/output_702/graph/full_output.json,text-data,97352,66a2b4f3df23d74c9e8c25af8f171ab1dac7fee26557033fa27ec1c5416842a0
source_data/original_data/MAGE-Graph/output_703/graph/full_output.json,text-data,149816,461e8467bc930e5c4ba30439de0582513f96089c304a10345b0377494d772693
source_data/original_data/MAGE-Graph/output_704/graph/full_output.json,text-data,221823,28d10903a1c7447e5e2666adf490fe307eebf7dd3008d758fc5ac3eabb2d39ed
source_data/original_data/MAGE-Graph/output_705/graph/full_output.json,text-data,243207,b0111f681bc0170af430921386e35ea74916ce90824693222cd02d0059f8c025
source_data/original_data/MAGE-Graph/output_706/graph/full_output.json,text-data,77393,6a0b21148ad53d6fa7bc27d715837cb88f3bca3a2f2fe83973a016e6d83e4e7e
source_data/original_data/MAGE-Graph/output_707/graph/full_output.json,text-data,895456,0574223501c12e83b91ae821e4571813c0fccbce675246bd46102dbdc2d4da35
source_data/original_data/MAGE-Graph/output_708/graph/full_output.json,text-data,410699,c94d919dde3c2344b31b4efb7004cff73c6dfed46bd93b04e1b8d7b467661c43
source_data/original_data/MAGE-Graph/output_709/graph/full_output.json,text-data,137308,d78af213abc109beee47e9a14952210b851a0aea3311df4abd59fb86e94721ad
source_data/original_data/MAGE-Graph/output_71/graph/full_output.json,text-data,280413,0106c747cbf4ac70b109213344b0e88c87e949a6c6c86394892083a26d2b4ae4
source_data/original_data/MAGE-Graph/output_710/graph/full_output.json,text-data,223166,8eaef25cab531173dbf48df16bb412eb1a8300fef646c96073301fe27600a73e
source_data/original_data/MAGE-Graph/output_711/graph/full_output.json,text-data,204459,ccc569e4262c0d2a5b5f50619c415fb23def8bc217d45e76602a7d21467ab855
source_data/original_data/MAGE-Graph/output_712/graph/full_output.json,text-data,134057,ce2b2e6107dc8d9fdc6e985022bf1c52144fe8f3e5b014f8c0676a39a2e863d8
source_data/original_data/MAGE-Graph/output_713/graph/full_output.json,text-data,191291,7b7cca8884da9496b708b4b7b9f7380d8e715e6e060f8bd1aa15aa08f44a33e9
source_data/original_data/MAGE-Graph/output_714/graph/full_output.json,text-data,58452,955e94fbe9865dd75066b74679bf356f63627159687f41e9f3073c25b51c6ada
source_data/original_data/MAGE-Graph/output_715/graph/full_output.json,text-data,100578,ca2c96eeb824974bcf00778ae30a58f82cb7ef83e1c0b2e33eff07f3de5bbd40
source_data/original_data/MAGE-Graph/output_716/graph/full_output.json,text-data,485886,a3fdea99e216e4965c12af76d1a945a6b36b1309923bcef18fa8566d75a8f350
source_data/original_data/MAGE-Graph/output_717/graph/full_output.json,text-data,174821,e4ec33f9360790f1d363f06aa392bc56cadd268c4ad04da673206ceb229dcc9e
source_data/original_data/MAGE-Graph/output_718/graph/full_output.json,text-data,160407,fcc366f7620c3ccb092307f48dbc89ee3ed3ed8915c62ba6676f7a5cbdcd0cfd
source_data/original_data/MAGE-Graph/output_719/graph/full_output.json,text-data,112165,a8c012e4934563c508991e7a4f3057559a2d842097d662f4a85102f5a4b1c8ee
source_data/original_data/MAGE-Graph/output_72/graph/full_output.json,text-data,350072,cd1a8579a14e4d8afd8ce4685bcaa70f0fa921c59d397bee44edf50f971f977b
source_data/original_data/MAGE-Graph/output_720/graph/full_output.json,text-data,115510,4b203f3f9bc48d75448b1695c95991941a447c107baef7335ae46b5675a7a07d
source_data/original_data/MAGE-Graph/output_721/graph/full_output.json,text-data,106264,5aca93763b9c51dcbec8cfbd26c6762ed59ce2bd7e4a2c2b78b036ff7edfd9aa
source_data/original_data/MAGE-Graph/output_722/graph/full_output.json,text-data,316883,890103266949beeca47ce70deb25096c5e6c7c66f704e4a241fda12c369e04f2
source_data/original_data/MAGE-Graph/output_723/graph/full_output.json,text-data,181530,4403f45b6c465a9b19ad166211e4f85ab2438155b31ab726d3232dc54ff3de9b
source_data/original_data/MAGE-Graph/output_724/graph/full_output.json,text-data,190330,9a786faaa3ca39694d444059d7f09dde13b40f0dbfbfd23c02668641219a4c26
source_data/original_data/MAGE-Graph/output_725/graph/full_output.json,text-data,226925,1a617bf1e7728dea342b5d68bfaf8557db97e4e0f07726750ffef2612a894a42
source_data/original_data/MAGE-Graph/output_726/graph/full_output.json,text-data,387428,fc32ab40ae1c28ec2472cde21da3e7b6217da200273cbc227f280b0a294c6dd5
source_data/original_data/MAGE-Graph/output_727/graph/full_output.json,text-data,137680,099d05d387d3545b83fe785cb4c753304660b76b8bc24c1526c261a4a48a7691
source_data/original_data/MAGE-Graph/output_728/graph/full_output.json,text-data,91400,f9657de07e1c5add2b9a24c77774e07a933ac76309f60a3ed4df4e82e8c2eb98
source_data/original_data/MAGE-Graph/output_729/graph/full_output.json,text-data,141994,f93d788cbd866f9ac8e2b447beca8c484a9ffa515b2662be13d13f6c8068ec46
source_data/original_data/MAGE-Graph/output_73/graph/full_output.json,text-data,252745,7268b7ada39117b0cc54f07fef06a2b6635b3853e250450d4b25750a4dae6730
source_data/original_data/MAGE-Graph/output_730/graph/full_output.json,text-data,551324,b3e754ac4b950afd87c79cbfb71cefb2aa5f5ed5bd0de8a5e3f6b2242a8d0d28
source_data/original_data/MAGE-Graph/output_731/graph/full_output.json,text-data,116657,91012cd2aeaa3f2fd0f3bee5542ed35759f671a2a7888bb306a515d8e17be4a7
source_data/original_data/MAGE-Graph/output_732/graph/full_output.json,text-data,102877,298ee4227264547b94785a985b1e37f1a346ac046521a328a7e58125fa36261b
source_data/original_data/MAGE-Graph/output_733/graph/full_output.json,text-data,478366,0999bae483c354dcb0c4c382a10f4209c24ae70f633d2d09b215d150b846075c
source_data/original_data/MAGE-Graph/output_734/graph/full_output.json,text-data,133185,5b2e04f86cb60403ab177e99f62990cbc86120dd6585331b064dbcb8f12c8f59
source_data/original_data/MAGE-Graph/output_735/graph/full_output.json,text-data,145356,e3f69f42edfec846b71a97ff30e0b855d217bf4bc7d7a6d2fd8d00976413cd8a
source_data/original_data/MAGE-Graph/output_736/graph/full_output.json,text-data,215186,a11acf154b394240e75c92c94f9d6fdcdcf0b0c5ac3297dd6b876a7645494ed9
source_data/original_data/MAGE-Graph/output_737/graph/full_output.json,text-data,96562,24e89ab139cd0a83907ee12f827121b7db0dcf3ab36831c22087861f0c70d8c5
source_data/original_data/MAGE-Graph/output_738/graph/full_output.json,text-data,99652,deee5367654d1c36511043a358244dea2253487de321f3e80df9544ce527c62b
source_data/original_data/MAGE-Graph/output_739/graph/full_output.json,text-data,119855,a801c82a8bb7544c506f79294f5ccfe41df1c885254547a42e0310e27bc62834
source_data/original_data/MAGE-Graph/output_74/graph/full_output.json,text-data,391741,d2966fbc2e0d19cd61ea027d2e86016453d619c6dc976cff404d7ff6cf47a86e
source_data/original_data/MAGE-Graph/output_740/graph/full_output.json,text-data,75213,832c74c72aaf64769c1de6c0c00eaa63fd589bbb68128003b3e98d654a02bbcf
source_data/original_data/MAGE-Graph/output_741/graph/full_output.json,text-data,146238,cf46617367dde7f852885d316aad19263ec1fb628ab1af4c2232b7a53ce57515
source_data/original_data/MAGE-Graph/output_742/graph/full_output.json,text-data,132308,dc7defb911994a23c291d905b1e43771e79c94efda666af358207260b639d8e1
source_data/original_data/MAGE-Graph/output_743/graph/full_output.json,text-data,130859,ae439af87aa940518e5ed7d5235c4f2cb0a1a27ca282e1689a2db9eb2b8bbad2
source_data/original_data/MAGE-Graph/output_744/graph/full_output.json,text-data,151598,6c77bcb4b1a78a1e28f412b5077deed753444d0ec30ee00d194bddd653bd648b
source_data/original_data/MAGE-Graph/output_745/graph/full_output.json,text-data,27295,9365a54390d44b3d23e3d95521e3622bafac0e0a60dcc2e0fdcae5b6295808fe
source_data/original_data/MAGE-Graph/output_746/graph/full_output.json,text-data,55130,11df6137f19978897689960a4651965b6ebd36c069b8ebf225862e714a6549a4
source_data/original_data/MAGE-Graph/output_747/graph/full_output.json,text-data,170114,dbd18e9fe75d227f71bd478f5411921aee8e7171f17385f609155478866ac69f
source_data/original_data/MAGE-Graph/output_748/graph/full_output.json,text-data,164396,aab5414fd8cba86cc4b9f166d45a40e1405d5017a387fa244de69eb4756321ea
source_data/original_data/MAGE-Graph/output_749/graph/full_output.json,text-data,107906,087fb78c6ff306898d14a849b3a06853b17e42f59ab197d6956c4b40e3eb16c7
source_data/original_data/MAGE-Graph/output_75/graph/full_output.json,text-data,371221,7c7f93d1d95226bf4469b8745f97ed4a7d52e769c1f3f179d45f7dd587172701
source_data/original_data/MAGE-Graph/output_750/graph/full_output.json,text-data,100606,b8cefb4a55dc05706a0a6c2c6e57a29baf8fa6cb9efba76eed1dfbcf592bf6f5
source_data/original_data/MAGE-Graph/output_751/graph/full_output.json,text-data,213204,1eb9089ca655831ad8eae79f2b43a9fcc09569f738856ac850662adaf2c49b4a
source_data/original_data/MAGE-Graph/output_752/graph/full_output.json,text-data,60949,6f377a7463496a56c6a07ae325a1064c40618c7ff045653ded7d59e9d2fb39ad
source_data/original_data/MAGE-Graph/output_753/graph/full_output.json,text-data,102690,9b20c5938f4047b340364e071bc6e565979538bfb30d5d5f9496fff1cd0ceca1
source_data/original_data/MAGE-Graph/output_754/graph/full_output.json,text-data,192372,4f3d01188f45f1bb8ac6cfe7886c8bb7f13c3fc970e6344ebdf5a6454008790b
source_data/original_data/MAGE-Graph/output_755/graph/full_output.json,text-data,271055,b75b63e7fa44fe23f259283746cd091396412fd9767e6da723960fc64c927aa6
source_data/original_data/MAGE-Graph/output_756/graph/full_output.json,text-data,71631,32778915fb6e3552ed7a16eec0d7649a51674cd50a18670a8592b4988406a746
source_data/original_data/MAGE-Graph/output_757/graph/full_output.json,text-data,164671,6f0425542c1c57bbd01bf1d34a8ef8c58c87561d6b4cce525347ad8e97b176bb
source_data/original_data/MAGE-Graph/output_758/graph/full_output.json,text-data,111172,746ce68706bc0e07f1823affc62e1f7818078da95712b4e330acc114c02cffd6
source_data/original_data/MAGE-Graph/output_759/graph/full_output.json,text-data,187216,f3b9e011191d9295311201569c08c62cd5de997c1868b2d434b738258a5ed3d8
source_data/original_data/MAGE-Graph/output_76/graph/full_output.json,text-data,391948,b7dd109aa6ec1f8d631eaefc70ee63ec26159588eb2ad6c81f8729432eb66fa3
source_data/original_data/MAGE-Graph/output_760/graph/full_output.json,text-data,175172,2d37a2e4851b018eecddd36258a4e3ae617f3cb3cf90d23c45ebc4db94cde80b
source_data/original_data/MAGE-Graph/output_761/graph/full_output.json,text-data,147253,1ab0b1197fa4ee3620ef77db6eb864497fba6ca3a7bb516a4ca6d7eb3c44b3c1
source_data/original_data/MAGE-Graph/output_762/graph/full_output.json,text-data,89781,cc0a33929bf6ae4e9219ea75cefab597a14ac9fac79e65e2ae040e5611bc9ad8
source_data/original_data/MAGE-Graph/output_763/graph/full_output.json,text-data,132785,65804e0663687d7c3242c5feccc24aa48767fdd4003f5c8876560ceba73bec75
source_data/original_data/MAGE-Graph/output_764/graph/full_output.json,text-data,162287,9081cbe044556cba5bb5b31435fdea426afd4e428e518c1eb5061e5843e7aa4a
source_data/original_data/MAGE-Graph/output_765/graph/full_output.json,text-data,164520,3312d248f6da0be71423b89d955e9912394e37f1b1b913f97e0f17fdb27ebeb4
source_data/original_data/MAGE-Graph/output_766/graph/full_output.json,text-data,161536,f5b784e0c49ffaeed452da2450b8adf0bb6b6f8f8168b6b3bf1a0225f015932b
source_data/original_data/MAGE-Graph/output_767/graph/full_output.json,text-data,220900,a19b40eb3ba5695a3179af891d97f8df898eacd98a43f7319b782632d68f197b
source_data/original_data/MAGE-Graph/output_768/graph/full_output.json,text-data,131485,72a7a55586ea211d068ac32de440713fc6c6ef44ff917e85c01ba83a6d25df04
source_data/original_data/MAGE-Graph/output_769/graph/full_output.json,text-data,149876,fe17bc7ccd8aa703543f7aad42ec3b61291978b76131ddc2b47e520ad4d8b33f
source_data/original_data/MAGE-Graph/output_77/graph/full_output.json,text-data,267503,d8273b96aa8c99d831e97d7a1d2bd929f77fd69402001c34bcea289c6b63bd19
source_data/original_data/MAGE-Graph/output_770/graph/full_output.json,text-data,239989,bb39e158fd1c583c7560b4768e97a0fec343b477561b77b17dd8298a7fabd5e5
source_data/original_data/MAGE-Graph/output_771/graph/full_output.json,text-data,206930,8ae2b30b7f5aca204fdfc3250580db93e3de3d01b937b9ee16cda9699c8d11c9
source_data/original_data/MAGE-Graph/output_772/graph/full_output.json,text-data,177613,db50a356b3d196054526986ca24348a4b9713a5bfdddaadef6c5605f3469a390
source_data/original_data/MAGE-Graph/output_773/graph/full_output.json,text-data,205395,0fea779b19e37529ec4dbb6e3d4d556948f10567444772a40be56d8f277f3aa6
source_data/original_data/MAGE-Graph/output_774/graph/full_output.json,text-data,201567,d7b6cd171636798a98882b7cf264dcff1162748c71e895c151cd66dbf5a52cca
source_data/original_data/MAGE-Graph/output_775/graph/full_output.json,text-data,187452,cf5e873995ac9b8ec937dcb1d108f192b94e0eb403e4c7e183915ba852d54cd4
source_data/original_data/MAGE-Graph/output_776/graph/full_output.json,text-data,189456,b56fcffef33f48137e159ae4e2a7c23c47fc5e4829d5dae6c6a9411db3aa922d
source_data/original_data/MAGE-Graph/output_777/graph/full_output.json,text-data,299982,c172b14a79d2c17193bbed5e0a8230194143ec3da00f7c61dce102b372fd038c
source_data/original_data/MAGE-Graph/output_778/graph/full_output.json,text-data,231354,f760f7e44f4a269a44323a9cbd62d84153a8c73ed9b82916e280c93c1f8f7721
source_data/original_data/MAGE-Graph/output_779/graph/full_output.json,text-data,109725,2c34a7327711f1fbe31e70a9084bef70be79bf4b2b7ad9d840b57fcb4d6c98cc
source_data/original_data/MAGE-Graph/output_78/graph/full_output.json,text-data,236984,66f8ba7782987c6f512e65cb8c44f201b7fefda790961ba32fadc4ffdd4efc77
source_data/original_data/MAGE-Graph/output_780/graph/full_output.json,text-data,124569,8b936f431b388804f8f7deedb791669d4ef1e685c79caba982ff9ed079df8f1f
source_data/original_data/MAGE-Graph/output_781/graph/full_output.json,text-data,195328,76ae92eb3df50cc02aad5b38b00a9c28640f3691f6dc165a586fbb5c3cb7b19c
source_data/original_data/MAGE-Graph/output_782/graph/full_output.json,text-data,124657,9f23199f02b00ddc9ff7926092cee5987e5ca6b6124078e0403996ee9bf26245
source_data/original_data/MAGE-Graph/output_783/graph/full_output.json,text-data,139440,39adced59299d3fe8c6f66c15b664e74dfe9dc35cad2e0022fc42f4ed7b60391
source_data/original_data/MAGE-Graph/output_784/graph/full_output.json,text-data,182045,44058efdb9e9107372af8afdb890c84c950ca578f75023059e4901c899d67ec9
source_data/original_data/MAGE-Graph/output_785/graph/full_output.json,text-data,135923,080225d0d450a8abc6cbc490732f0df18b8dadbd7e88f182bde19b6e0e9b90ed
source_data/original_data/MAGE-Graph/output_786/graph/full_output.json,text-data,169730,3138f90b2fdcf37b2f3b70c42d34b29553f04ae86cc69afc20e9b5bc57560e72
source_data/original_data/MAGE-Graph/output_787/graph/full_output.json,text-data,218252,68653c30c06b1d6f072fd75cf3a9a073fae0ef1657b6900abefe3c6a69f22317
source_data/original_data/MAGE-Graph/output_788/graph/full_output.json,text-data,341681,0e5357f255c8ef06720657d2ba776ee5a7b4c1eb03aa1f94a2512c704ba3fcf1
source_data/original_data/MAGE-Graph/output_789/graph/full_output.json,text-data,201033,c7237e746d48111c31819f857f64abab7cfb17742af99b6eec8853a481b80809
source_data/original_data/MAGE-Graph/output_79/graph/full_output.json,text-data,120667,d14c04eca338dac7a677a93fadb4101e4433c024854dbe85855c80a4b270bf85
source_data/original_data/MAGE-Graph/output_790/graph/full_output.json,text-data,83243,e837b7e494345ef3fcbcc8e08ad45525f3e329e974cc707e2dc66a3bf7ee26f5
source_data/original_data/MAGE-Graph/output_791/graph/full_output.json,text-data,175219,81881e3fe754920fed457a99f004d7d59f95c6d1c92ec14835adf9a38a306311
source_data/original_data/MAGE-Graph/output_792/graph/full_output.json,text-data,127640,4c661c743b81178f427f6fb479806bd5b858ed41bb93e204a4ecc7a2fe6f73b5
source_data/original_data/MAGE-Graph/output_793/graph/full_output.json,text-data,234198,f358c9b94a0ba1bf695c6fbf7bab08ee994ebd47c7202cb1ea1a5f9d913f455f
source_data/original_data/MAGE-Graph/output_794/graph/full_output.json,text-data,104205,2b7d5fa0b70d0253f7837509743f88f09a5a48ff06cd465bbc781842fceaa4e5
source_data/original_data/MAGE-Graph/output_795/graph/full_output.json,text-data,91007,2961bcfb945f763c002cab2d462137f50165741328a5de9071465367dbaf3c5f
source_data/original_data/MAGE-Graph/output_796/graph/full_output.json,text-data,134587,bda36e00199edee235f1e66060e43e38fb5f93c1c2db56b259a2190c9d2fb1fc
source_data/original_data/MAGE-Graph/output_797/graph/full_output.json,text-data,189496,52dea6e34d676d641ee8cf6acdfcc7b69241bc5cd8553d9609dcdfda63ddac6a
source_data/original_data/MAGE-Graph/output_798/graph/full_output.json,text-data,288234,11b4d800972742b27fb48586212e71b02f09a3d141cb08b4dfe0e5b09c6744f0
source_data/original_data/MAGE-Graph/output_799/graph/full_output.json,text-data,148643,e4e769c04e5ce6ff4205ebfd4b439f4e002d1604626a5b5e7ad693eb2425d61a
source_data/original_data/MAGE-Graph/output_8/graph/full_output.json,text-data,121754,8d0c501740a3de93dd97ca72de3b91ffe00c127f3ac50acc1688d29e26b08002
source_data/original_data/MAGE-Graph/output_80/graph/full_output.json,text-data,186070,9ecc51ab87904cb3782c32248c9a74fe5f482b867528ac9fc57b7bb753b7c9e9
source_data/original_data/MAGE-Graph/output_800/graph/full_output.json,text-data,52356,726bd033493064b8b77f2255f221e18c29d507496a22dc2bdca94c9f18313b63
source_data/original_data/MAGE-Graph/output_801/graph/full_output.json,text-data,101738,ef3ba01feedb32b5d2986e2b03b2165d1c66249c1d89ecb2925869da7f5361cf
source_data/original_data/MAGE-Graph/output_802/graph/full_output.json,text-data,137136,31585d3e6eff4800235d537b7afc1fcb514ce2289115d858b8a87b83fa174159
source_data/original_data/MAGE-Graph/output_803/graph/full_output.json,text-data,152437,b1c1b5aa08ab5a92ce3a2ed23118bf59f4e8ae45f54fdfb570fb62413f217bd2
source_data/original_data/MAGE-Graph/output_804/graph/full_output.json,text-data,90004,ac9c183987588d8da9a6b885f939e27c361739988cb43f7eeea9fcb243cbbb4f
source_data/original_data/MAGE-Graph/output_805/graph/full_output.json,text-data,166641,3cb0508e4fac64bf99eb346fcaff85c475169e1e1a34121350b8c5965a5112cc
source_data/original_data/MAGE-Graph/output_806/graph/full_output.json,text-data,266838,2cddfcfd868eea4037750f54e037b11c5041d5cc1c778bef4ff831a82a8c3adb
source_data/original_data/MAGE-Graph/output_807/graph/full_output.json,text-data,210549,1d816c1ff7fb526f562adb08fb3829d09de6bf9f916dd881f2504c5596a4776c
source_data/original_data/MAGE-Graph/output_808/graph/full_output.json,text-data,79029,bafca38d2aec1290b5ed73c7364e37e6e4502d7a62bd57a7e2031015d163f9a6
source_data/original_data/MAGE-Graph/output_809/graph/full_output.json,text-data,161811,6eaf7a3f3d5e663d2aeb24f3d36434907c49890f61523460567781d8c48b5241
source_data/original_data/MAGE-Graph/output_81/graph/full_output.json,text-data,323929,a60921b924db2997c5dc2b37d9caf90cc6e02d726e8e4dfd5ea577b82373d388
source_data/original_data/MAGE-Graph/output_810/graph/full_output.json,text-data,119561,62f1befca28a8ae27e11f0284ca262f3af1da306a3352c7d140122df17c7ed17
source_data/original_data/MAGE-Graph/output_811/graph/full_output.json,text-data,79014,9a3f00fbbdda4beabc13d5c996505e7dfe33fe7f36249d63cc5ceb2453702c80
source_data/original_data/MAGE-Graph/output_812/graph/full_output.json,text-data,118043,2206e4010739833d5e69f9d05f0fce3291d2056ad08c2654dafd30cbe082accc
source_data/original_data/MAGE-Graph/output_813/graph/full_output.json,text-data,98482,345e98f33741aeaba96e7eba30f56885572beb6155cff520dd1b6030fe24fd32
source_data/original_data/MAGE-Graph/output_814/graph/full_output.json,text-data,61907,fbb2baf70274fa10d02b62705c8c9b4afd8052070ca10fd888a6a2d98cee5597
source_data/original_data/MAGE-Graph/output_815/graph/full_output.json,text-data,167593,b6396d6a3838d6e44081f3978e8fa18bfb1e9b4f3a075e10c784c20837f47485
source_data/original_data/MAGE-Graph/output_816/graph/full_output.json,text-data,83534,48bfed04b4b733463beeb1260f91fdaf77104fe9810516b7ad78ee028c7fe7d1
source_data/original_data/MAGE-Graph/output_817/graph/full_output.json,text-data,97902,38c7232b4d0477f9d33fe62f68abb5b96163935b220e14563200d47cbba1bcc1
source_data/original_data/MAGE-Graph/output_818/graph/full_output.json,text-data,170267,3a71ce476165aee6fb2ccd392b231e4bf7b6c6fcf1ad22e46b9882ab8aa05c5a
source_data/original_data/MAGE-Graph/output_819/graph/full_output.json,text-data,117550,0b15eb4f2419df2da1faa408fdef304e9d5cc19cd12bb3fd67f1bb35b332299d
source_data/original_data/MAGE-Graph/output_82/graph/full_output.json,text-data,561073,75344de2ff1560abbb5a54fc0b40a442d21d1c2ed4ac78aca8fa73ea70313834
source_data/original_data/MAGE-Graph/output_820/graph/full_output.json,text-data,100773,65814a81fff59507089baf9da9840d160aec9043bbc7dbce875c91ff1a10d7b4
source_data/original_data/MAGE-Graph/output_821/graph/full_output.json,text-data,150286,897386d7c1953d173af576630c2d969456edc4c79cd0501534191eeddf1e5d7a
source_data/original_data/MAGE-Graph/output_822/graph/full_output.json,text-data,76950,7858ffb6a064b69ad57e5945bff460ac39746c69995d7ac7e65262802c676863
source_data/original_data/MAGE-Graph/output_823/graph/full_output.json,text-data,130326,aacecd8595ea996b16a52ee11c4b7197758613c482d993c337ede8d99ccc9b59
source_data/original_data/MAGE-Graph/output_824/graph/full_output.json,text-data,295744,7ecc134906b5348b4b69fdc7d849268428b7aea186809e8785e5fe6bfd653de0
source_data/original_data/MAGE-Graph/output_825/graph/full_output.json,text-data,123691,88778bb8208ddb46bfc4e993dd75b861ab9f7023e3166dac4dd80f7594fd98c7
source_data/original_data/MAGE-Graph/output_826/graph/full_output.json,text-data,320688,33ec86c77caf957beb8fc062d0f7130fe9db089f557351bc9a87abc9d71cb86c
source_data/original_data/MAGE-Graph/output_827/graph/full_output.json,text-data,87528,ab40a6dbc67428d02284c76610d05d0158eee2463f69859d97371341003b3c4f
source_data/original_data/MAGE-Graph/output_828/graph/full_output.json,text-data,110051,f9a6f65bd1ef3275278d327de0ffb6c3bb1f147ea228c68156ed8e612a6a6121
source_data/original_data/MAGE-Graph/output_829/graph/full_output.json,text-data,140113,3be676a052b485bb6c1a5b308cd6c89ba2e89321719ee71d8dd45897ab97f642
source_data/original_data/MAGE-Graph/output_83/graph/full_output.json,text-data,160800,4e74af9ec36a206b8ef6e169fb98fff72f76c33d3b1aecb5174e23dec49febaa
source_data/original_data/MAGE-Graph/output_830/graph/full_output.json,text-data,145076,6c9368835f8e79edd5ac9954701bd11c3633def81d7a6e9866b9d35ae67becd0
source_data/original_data/MAGE-Graph/output_831/graph/full_output.json,text-data,165231,d6fc1028defb37d0450cb4762ec000475391de570f09d5b012a1dba3b8d383b2
source_data/original_data/MAGE-Graph/output_832/graph/full_output.json,text-data,28035,cd2c5262d4c6eeb313cc9097f24e9721b6b36f54000b09e95594e0de55346a71
source_data/original_data/MAGE-Graph/output_833/graph/full_output.json,text-data,141906,146f554b4e041d350f8b9f0af42892c1a6bd2f87c9bd683e653df73cfa44f541
source_data/original_data/MAGE-Graph/output_834/graph/full_output.json,text-data,190497,4c3c01aa4aa2621d91627210866797fabad8182a48af6a131b3da65131fcc9c8
source_data/original_data/MAGE-Graph/output_835/graph/full_output.json,text-data,89816,a66e2ab48e562ba22eb545bf6d98299edc349ff274a890a66d22867a7cb9f375
source_data/original_data/MAGE-Graph/output_836/graph/full_output.json,text-data,107946,996790998daf741da0e18a4dc845ededbc11f65e16e9953515312850d34badcb
source_data/original_data/MAGE-Graph/output_838/graph/full_output.json,text-data,71353,d7a3c801b2af078841b15a4d29410e8e8da38d8ca63c116888d2931ef48a44e9
source_data/original_data/MAGE-Graph/output_839/graph/full_output.json,text-data,32843,e02c32c63233dd0200d20da1ae4bdd3e41ea2fdc454284d1a17e98979386ade1
source_data/original_data/MAGE-Graph/output_84/graph/full_output.json,text-data,126480,ad48571c6aa95fa4e134dbece6135a95aeb0242fd62ec8f3fdfce63b7cedf4fc
source_data/original_data/MAGE-Graph/output_840/graph/full_output.json,text-data,100041,25ac7076e9df3f2738e3f629c8ac3e7fc02a80feb9558258279e58ab89a41f32
source_data/original_data/MAGE-Graph/output_841/graph/full_output.json,text-data,195229,c63e7cd6817f9321ded3e8fe1b6c757977b17c24c7fca54888a2365315944cf1
source_data/original_data/MAGE-Graph/output_842/graph/full_output.json,text-data,213900,315c358bf56ca1b0b82d2bb0aabf9684abd4c31870977135783afbdddc75b8c8
source_data/original_data/MAGE-Graph/output_843/graph/full_output.json,text-data,119110,382aa9988a01036c38bb26091c743afecc9e8be1dbac946f67d97a9fa37ded57
source_data/original_data/MAGE-Graph/output_844/graph/full_output.json,text-data,220121,e55f7f8982f8b01eaa3a7ec1ae77ac6752cb60cc2ec52d591bd73e5cb8944dbe
source_data/original_data/MAGE-Graph/output_845/graph/full_output.json,text-data,232758,9340a90fb62b6db3c37810cc7f0ac3fe047352ce9cf8493da0fd7d3cc2cff633
source_data/original_data/MAGE-Graph/output_846/graph/full_output.json,text-data,196079,6c45f47f5373a1d78228e7462e624a9dc5061e04801fda700b1c6f9565c654cb
source_data/original_data/MAGE-Graph/output_847/graph/full_output.json,text-data,262071,4f64ba46249a6bc0a06db8a1e9dee652eb83a99107a4df710457199b5f945c1b
source_data/original_data/MAGE-Graph/output_848/graph/full_output.json,text-data,140536,8f990445aa2210e3dd06365da528c0909891063a41ea252111d4c921ff9e42c4
source_data/original_data/MAGE-Graph/output_849/graph/full_output.json,text-data,132313,0b4448d23e1df339c0cd28dc6069149b851b390747c1fad373b42ba61449433d
source_data/original_data/MAGE-Graph/output_85/graph/full_output.json,text-data,125185,66718341ed7e8ac8b9a48da53b9bc01e963b117ac4d435bb79d80ed0ce1ba5cc
source_data/original_data/MAGE-Graph/output_850/graph/full_output.json,text-data,112519,d12c0e55784e73694ed6ec848df99eb818be9ec78b389311fb4fe4753afd2e62
source_data/original_data/MAGE-Graph/output_851/graph/full_output.json,text-data,211030,b3c432cea8a9a989c36f3af79e06079ad3914353f9cef874c964755e28a99d7d
source_data/original_data/MAGE-Graph/output_852/graph/full_output.json,text-data,131540,97593d6e12abdb6d03680dba8d15acaf273d0f18348cb7cb6866498a503ef62b
source_data/original_data/MAGE-Graph/output_853/graph/full_output.json,text-data,120669,e4f3cd6d7fc2bb965bb461016dfff1dd2ff26b058ea03362bd0f7878d69dcc88
source_data/original_data/MAGE-Graph/output_854/graph/full_output.json,text-data,192521,1f47d3c3c57aa956dfb19cd8b9e9ca9cd0446385f2b72b6721ee2aba3dbeb36a
source_data/original_data/MAGE-Graph/output_855/graph/full_output.json,text-data,111618,b456fe506402464063458c9b2cd733266a1dde85276b5be4232f77da77666886
source_data/original_data/MAGE-Graph/output_856/graph/full_output.json,text-data,105869,dc45c84b73914c19afffcf4e53271b98a651fa5c9f1ce7d6766d3f03052b99a9
source_data/original_data/MAGE-Graph/output_857/graph/full_output.json,text-data,149298,235aaa2301e412fcedb4378cdda53dcb9805fe2c57b0091a2f4576ddef216103
source_data/original_data/MAGE-Graph/output_858/graph/full_output.json,text-data,143078,94b1c675cb33f6fcf99e5a2a891e5a1cc8195cd05feb8b29c8b1be9d288b3142
source_data/original_data/MAGE-Graph/output_859/graph/full_output.json,text-data,143308,b096291865393f6bade512d765e6cdb88eb63a1a83a159c2e3b55e6c2f3f3c1a
source_data/original_data/MAGE-Graph/output_86/graph/full_output.json,text-data,135268,0c7e39f51b2ac0ca17aca945bfbee9090a88ac68c22dbfdc4096e3a6fd0885ab
source_data/original_data/MAGE-Graph/output_860/graph/full_output.json,text-data,147560,745ea467c4b52760ac83d6fd66138fc51380cdb4e2cb8272c8357174b4b02723
source_data/original_data/MAGE-Graph/output_861/graph/full_output.json,text-data,103326,d4944d7b97898bfc6fc895693b177b82b2c8aa87863193c0574a42dd272f2320
source_data/original_data/MAGE-Graph/output_862/graph/full_output.json,text-data,195463,6a0a3a2c9880b06b9f69ac155bf7fc14057ddd67e424d06fe27d5429a6890192
source_data/original_data/MAGE-Graph/output_863/graph/full_output.json,text-data,167552,ee97ae2e9dbea3e44680fd12a192b643f360a59a6dfdccbd8246008ed5275efc
source_data/original_data/MAGE-Graph/output_864/graph/full_output.json,text-data,167270,b73458c35575b5ebbd27e37cae45fbe05d40abdacbb76ac3a3d142661b7d719b
source_data/original_data/MAGE-Graph/output_865/graph/full_output.json,text-data,160495,9bbfd52f308de97fabe18e87645cce312cd181c8d3da83bef5817cb0353e9fcd
source_data/original_data/MAGE-Graph/output_866/graph/full_output.json,text-data,215887,36c2cd8ac7f0bce573019554655a5e03c6c1f51c56eb2c60a072dc480c7c773e
source_data/original_data/MAGE-Graph/output_867/graph/full_output.json,text-data,230513,f9d9dadc3cefc80229f3f5272c5dfe7aba2a6051a7421fffdf18baaf39eb20bc
source_data/original_data/MAGE-Graph/output_868/graph/full_output.json,text-data,124612,3a8dde73c65c6d82ba9c9ab07aac7086d052733a4d567c8eb948a989626cfb0c
source_data/original_data/MAGE-Graph/output_869/graph/full_output.json,text-data,193991,c1d34b543087fadf3146809b3018f694c0ae302ae17a4e96c4b118f287f4bad3
source_data/original_data/MAGE-Graph/output_87/graph/full_output.json,text-data,173754,3d9dabefad070a063f612206aabc8427f4d5f0866d4214167ae0ed6141da6d08
source_data/original_data/MAGE-Graph/output_870/graph/full_output.json,text-data,163815,0fa303dc68faee25086004eea1a06c4d0610a21adf793dae21f7119ea713b119
source_data/original_data/MAGE-Graph/output_871/graph/full_output.json,text-data,156280,df38c91d70831df60ce127188f2787323dd36bb4baeb4607f95483dd00f6a655
source_data/original_data/MAGE-Graph/output_872/graph/full_output.json,text-data,224411,7e85d9b7bdaad0596e7bfe4c8458e8eefb5a91a4e5301bb6ec8f3314bed8f078
source_data/original_data/MAGE-Graph/output_873/graph/full_output.json,text-data,114660,0124587d0af407f0b9b95385ae9d44eb101b303637dfcc6df4426a16aa446524
source_data/original_data/MAGE-Graph/output_874/graph/full_output.json,text-data,135669,13684511e0037652baf922fac5fc45c6b7154b28a14694a6b008a599261ee825
source_data/original_data/MAGE-Graph/output_875/graph/full_output.json,text-data,213072,a7a4060032d3d046f73a4e479304a5092bc7d7470aac72a479925ae44c87ba58
source_data/original_data/MAGE-Graph/output_876/graph/full_output.json,text-data,187895,d2a477e3c8335b81cd4267627d086f1402ed8abbc96edb76f51470f865fdc583
source_data/original_data/MAGE-Graph/output_877/graph/full_output.json,text-data,233036,2009f33e2ad33fe6f6fb80bfbd1e439bdf969e833739e67f7fda262143c0a74f
source_data/original_data/MAGE-Graph/output_878/graph/full_output.json,text-data,143821,bcca312a30255cb220d74bc0d3e1e6e58a7f9fb5b4e0adc6f2aa44615bcd6cc4
source_data/original_data/MAGE-Graph/output_879/graph/full_output.json,text-data,206918,480845854b5ffa21f3011da7b056c67309b33948502ff4700b6c855c6a5219dd
source_data/original_data/MAGE-Graph/output_88/graph/full_output.json,text-data,100602,1fd2e5780b52ec32823e14ff4734b9a7bd2a4eb28cf15156ea0e171eb564a933
source_data/original_data/MAGE-Graph/output_880/graph/full_output.json,text-data,193538,75fe858c96376d9f22190beb69659c7fa5039ab2afc3d6936a787a10861e1f4f
source_data/original_data/MAGE-Graph/output_881/graph/full_output.json,text-data,195047,2034a6cc548d1405c71904105c76da162800bca8b99cdd34883a8a8883571053
source_data/original_data/MAGE-Graph/output_882/graph/full_output.json,text-data,159886,1ed8f1eeacfda426197e7b31a9762e14435ac4dbe9554d9eb4b799670b2683fd
source_data/original_data/MAGE-Graph/output_883/graph/full_output.json,text-data,151572,655c47c7feea0787913af935ad744edbec0b96ee84aa7d86817cb3b45b027dde
source_data/original_data/MAGE-Graph/output_884/graph/full_output.json,text-data,120045,f5cad3ef58680c309ef7e51089f13a1a0afbe11bdb903952bdf91b61165ee336
source_data/original_data/MAGE-Graph/output_885/graph/full_output.json,text-data,155883,17f26eb053c2e9d70bd94033c979f5762620e2e0aa34a5765f84fe0a632e5663
source_data/original_data/MAGE-Graph/output_886/graph/full_output.json,text-data,192567,01dc33aa31be74938a8c2a028623a08a10824f5b96634ebc127123a7bedc8eea
source_data/original_data/MAGE-Graph/output_887/graph/full_output.json,text-data,122438,9083b6b864fadfd46369267570100d1aff43e55df459135234c03ca95634cc12
source_data/original_data/MAGE-Graph/output_888/graph/full_output.json,text-data,229116,10e18b3326d8af714d6eaddfe371f7e239c29f1b4f445fdbf7e8f4aaac7150a5
source_data/original_data/MAGE-Graph/output_889/graph/full_output.json,text-data,83129,b7831a6a87f603e7a5359cf32dd5c3ef7f6af6a0a430b73ccf5c42198799ba7c
source_data/original_data/MAGE-Graph/output_89/graph/full_output.json,text-data,326357,08d37cb30096f477dc9cd97e2d7a270f6b9c594ca6020dfb0e261aed5843c5c7
source_data/original_data/MAGE-Graph/output_890/graph/full_output.json,text-data,143448,6fefcfc0a6e40c34562f19b5e0aa14f1f739d3c5e4bea669fced2b24206aa5b8
source_data/original_data/MAGE-Graph/output_891/graph/full_output.json,text-data,188157,e9448d0a4299889771323ace59ba1187d35b4697ca16e79c0ca80e615a4a5725
source_data/original_data/MAGE-Graph/output_892/graph/full_output.json,text-data,108650,fbf75569b6df08092d16ee3dc13c46cfb5b1d79e6014cd0b1d13d7077dc7ff16
source_data/original_data/MAGE-Graph/output_893/graph/full_output.json,text-data,115329,2da1ea9fd3866364ecae6c5ff418e3ced0e3185fea9dcd3f2ec7cf468a6f5308
source_data/original_data/MAGE-Graph/output_894/graph/full_output.json,text-data,107942,c9d9b63691cf52472f0cb87f6e9d5dabe3e6f2ed58d2b702cfeffd2304ae952b
source_data/original_data/MAGE-Graph/output_895/graph/full_output.json,text-data,122593,9bc507ffda4e251bc63206aace5725c81eabf3749291cf606ee32e1e1c320e10
source_data/original_data/MAGE-Graph/output_896/graph/full_output.json,text-data,111611,e824c5821a5d15cd3cf8114c2029ed4585bee9785d9f1c428e2b9ca1ef67db42
source_data/original_data/MAGE-Graph/output_897/graph/full_output.json,text-data,338400,0beac61126cc585de8b21bf5982c07a22599b510f26f52dfc2790f321af76830
source_data/original_data/MAGE-Graph/output_898/graph/full_output.json,text-data,104827,94b728239af0fc5fd2c82c9eab8dcd2678cfbbe39e2324ef08b44b14b0824922
source_data/original_data/MAGE-Graph/output_899/graph/full_output.json,text-data,83401,1259eafc22b43131b8de6b1d35cffd5411a99e4f67c3606a4275431bc1c38a7a
source_data/original_data/MAGE-Graph/output_9/graph/full_output.json,text-data,341422,f962f3cb284440d6851f79f73bc82ca6664027df78221773d96e3e6bd78bb670
source_data/original_data/MAGE-Graph/output_90/graph/full_output.json,text-data,364126,8cbe6a830110ab658ba6dfc3679233d13f1305ec2d8eeedd7ed15b546653dc19
source_data/original_data/MAGE-Graph/output_900/graph/full_output.json,text-data,467625,9465a01d058a5a7a14c50acc762814c2e7bf2abcf75a4e0bbccfd91663210db1
source_data/original_data/MAGE-Graph/output_901/graph/full_output.json,text-data,186618,6105046a0141e148d8fd7ed309f064996536f070b542fc5699627bb04de64e4f
source_data/original_data/MAGE-Graph/output_902/graph/full_output.json,text-data,145389,c1813341f2bbbf0e5f7a207aa6a2ce21e516ebdd4af0920dc8bce41a74dc6ca2
source_data/original_data/MAGE-Graph/output_903/graph/full_output.json,text-data,119664,bcc00c8b3f397afc0aefe2ba41109c71a6f199322885cea399a53a3bae843782
source_data/original_data/MAGE-Graph/output_904/graph/full_output.json,text-data,1497751,313f1206de238b1d8d9eb54c6840087eca477c949aac9e7db9f9084bb3bcef55
source_data/original_data/MAGE-Graph/output_905/graph/full_output.json,text-data,78743,3612a1571a2e481015ea303ae5e839bcd8517b9671c9f970253de8a567333010
source_data/original_data/MAGE-Graph/output_906/graph/full_output.json,text-data,55137,eaddd60b9a9dd36f35f3b053d5f78c6a80274fe98d7e52a0e0cbeb936be5285b
source_data/original_data/MAGE-Graph/output_907/graph/full_output.json,text-data,88037,1f9fb8ee51d0bd3f5600b0e0d988256da2dc8f2947cb0d638937bf3198da82b4
source_data/original_data/MAGE-Graph/output_908/graph/full_output.json,text-data,95509,b93e40d99696c24f4e7f20a278ba2d258b1f936a23b6b106aeaff9af40e8af4e
source_data/original_data/MAGE-Graph/output_909/graph/full_output.json,text-data,96994,081244da925b7c782a9dcb45c5f8825317e8a330d3d86ac9adb23b80c2ccfe7d
source_data/original_data/MAGE-Graph/output_91/graph/full_output.json,text-data,148064,629d827cc565c5795f017ca7b56cedf9b8f52fbbaad02fbcaffbe4f9c80d4064
source_data/original_data/MAGE-Graph/output_910/graph/full_output.json,text-data,193506,98e6c5b585b846f510e31d59b53a7c7d7edb3cad9779d088f88a7598b8b84e0b
source_data/original_data/MAGE-Graph/output_911/graph/full_output.json,text-data,83398,6591dd1829d9858135655f7e3ccaea19d4f001eb2351abb96f93b66a6687989c
source_data/original_data/MAGE-Graph/output_912/graph/full_output.json,text-data,179812,ae8df5b85379b31c35e5b16655c5ae65c9259b4c6d5b8c8246dcf7eb443c1ac5
source_data/original_data/MAGE-Graph/output_913/graph/full_output.json,text-data,88914,dc4a7be377682f2d537af65801ee08456ca50148bda87670d26dfd62f27e0043
source_data/original_data/MAGE-Graph/output_914/graph/full_output.json,text-data,58505,68dd7a695b583d6adf0a5199a9e760e7688bafdad8fd9122884412662811da45
source_data/original_data/MAGE-Graph/output_915/graph/full_output.json,text-data,94743,e27d84c9cde334079064e42e738cf77de325e1b1785ae3540168a5efbcb0bbcc
source_data/original_data/MAGE-Graph/output_916/graph/full_output.json,text-data,105068,2d105ddd957ad27c3cba202def3d52f477e0adcea165e9a2e234b824fd993483
source_data/original_data/MAGE-Graph/output_917/graph/full_output.json,text-data,141152,40caf87f85bf0947b7f67d7e4eb9816948cf608a7147cc79f5ea85d0383b0f77
source_data/original_data/MAGE-Graph/output_918/graph/full_output.json,text-data,137782,f04eb9190bfe2d5c4171d95a9ab5e7b65dd919bb021ba791a5c57280700d49cc
source_data/original_data/MAGE-Graph/output_919/graph/full_output.json,text-data,197392,7489e05c10b91348117a9a130b52370c75635a2fe4baa6caead2422fa30ac987
source_data/original_data/MAGE-Graph/output_92/graph/full_output.json,text-data,148335,817b6a3d65b18b99a9f26bdac192e2539601b0599bfa6ba19e3c165eb1b660d2
source_data/original_data/MAGE-Graph/output_920/graph/full_output.json,text-data,175210,14a48f817b2bc8bad54d3036a4dd626202747f904c16f0a2c521c595c14659cb
source_data/original_data/MAGE-Graph/output_921/graph/full_output.json,text-data,130066,d7f668ff8789470ef07af5629fa69cc17fe7bc404bd6aac4d73cc131d463a01e
source_data/original_data/MAGE-Graph/output_922/graph/full_output.json,text-data,124583,fd255360cfed87176735883bab6b6f886e8e9b69d78536ff0e8bd16718667cda
source_data/original_data/MAGE-Graph/output_923/graph/full_output.json,text-data,87010,cf78e47e120cea678abb19a0b12f1ef81b9ee4e72a0263cfbc6aa7c0cc400b1a
source_data/original_data/MAGE-Graph/output_924/graph/full_output.json,text-data,120730,7649eca7924c595fd2d8b507447cc33656df38896d7fdd9f8ecc4d72fd6f8a00
source_data/original_data/MAGE-Graph/output_925/graph/full_output.json,text-data,139735,414cf7040b016ab254b8ab0e5077575c7be2dd81199e670c0490a8c9e52482df
source_data/original_data/MAGE-Graph/output_926/graph/full_output.json,text-data,160274,87ac7d0cb70367d1202efa20d2f91a95804338785d6baf7995cfc0f03b8f9e23
source_data/original_data/MAGE-Graph/output_927/graph/full_output.json,text-data,168284,c3fd1237a6838fbcd4573f315271626a90d8bde5bf7475b4bb4d874616792d03
source_data/original_data/MAGE-Graph/output_928/graph/full_output.json,text-data,84829,6c9170b3f7e2cbf0dac8d86ee4e79064d1e5d7ba8a1e45d723d9b510fffb62a2
source_data/original_data/MAGE-Graph/output_929/graph/full_output.json,text-data,98228,b7544602cbf529843e7e7487d2f6bd03e62c8a234f1aae8a11d44f15b712af5b
source_data/original_data/MAGE-Graph/output_93/graph/full_output.json,text-data,128530,cc380a286487df9e31b912091718f95d2f21cff646df4425d59d9b3f0349813c
source_data/original_data/MAGE-Graph/output_930/graph/full_output.json,text-data,169357,c72070c51e834b70c42060f0f1c734e1dba3946ea92f86334c095e0478061e67
source_data/original_data/MAGE-Graph/output_931/graph/full_output.json,text-data,113074,aecac383be17c24dd64524f52807d1e566b2a63e38ed2c1e9322bb3ab5b41e09
source_data/original_data/MAGE-Graph/output_932/graph/full_output.json,text-data,115586,8e8f13720b6f95d994106c61f8f713a31e58a9f1c633fdb98ca56c12d5c675a7
source_data/original_data/MAGE-Graph/output_933/graph/full_output.json,text-data,162756,70de79954261973074ff531dd03a1c18c9a890dc6dd418d9fdce30ca121d9b78
source_data/original_data/MAGE-Graph/output_934/graph/full_output.json,text-data,166306,38b41f7f93d8dce47748af1198406722500d4c2d963763713d28bd28c1c84541
source_data/original_data/MAGE-Graph/output_935/graph/full_output.json,text-data,213470,49b74c10c58443e24b2cff57ecc8ae223e988c6f589774cc09dbba6d3900e3e1
source_data/original_data/MAGE-Graph/output_936/graph/full_output.json,text-data,114831,3515212d0864e225af8f6c4c3e5071be59442eca3d82f1943d398f1f5008355f
source_data/original_data/MAGE-Graph/output_937/graph/full_output.json,text-data,122262,7ca00c9d1dd06c8864c9a1a0b5cbd9b1fb9fd98e998825bc64702171b46b1d65
source_data/original_data/MAGE-Graph/output_938/graph/full_output.json,text-data,121541,7a2187e6cab4e2137d6f5b99e55130f977c1140675616770770581fb94a8dc8c
source_data/original_data/MAGE-Graph/output_939/graph/full_output.json,text-data,187568,93f83d3ce9b4992978ddec6267c31ac5f3b78e5b621d4c99fde17356c4bb442f
source_data/original_data/MAGE-Graph/output_94/graph/full_output.json,text-data,131537,5b5f8b6007ada2dc71b28000dafd26ce689bb692bf8763e3bf75b8a851204406
source_data/original_data/MAGE-Graph/output_940/graph/full_output.json,text-data,136206,eee5321f41c221baac055a3fb4228c27f00d70c10ecfbca7bdf688c5dcb7341e
source_data/original_data/MAGE-Graph/output_941/graph/full_output.json,text-data,255299,a5e64bea0ff9880dc25acce0f42e9647c873f993d35fdf4d79d40db4e7c48121
source_data/original_data/MAGE-Graph/output_942/graph/full_output.json,text-data,188103,07a00da63d7ea601aa5b9158712c8941f4237522111cb9d5fb5cbe753db337b0
source_data/original_data/MAGE-Graph/output_943/graph/full_output.json,text-data,84877,d4b3e982d257e0d0e3cdf91585840739ea54083f8bdd74c3b790a670da8bdb6a
source_data/original_data/MAGE-Graph/output_944/graph/full_output.json,text-data,140880,79a9b5375a1d2d35fef94f0125659358f48cfc0274f1ce22e33565391007b2a3
source_data/original_data/MAGE-Graph/output_945/graph/full_output.json,text-data,281064,305b01aff0a79b12e6364e50cc08c99c8e012316f68294f558980af8fafc901a
source_data/original_data/MAGE-Graph/output_946/graph/full_output.json,text-data,129981,ff2fdd452ab8589d5a2bc647e32ad6774f4d7574781744a7f0ce3869b92b1812
source_data/original_data/MAGE-Graph/output_947/graph/full_output.json,text-data,183099,8ad38c9c1e6bcd72e68d1ee16b93e5b5869d024f407cd930709e1ac4c0c30fa5
source_data/original_data/MAGE-Graph/output_948/graph/full_output.json,text-data,148356,f233461f31c62a623427bfe83efc5e4cc33954a1f090083815a7447286dc0882
source_data/original_data/MAGE-Graph/output_949/graph/full_output.json,text-data,266377,c459eec3a29b8c47606102cf28c7c54d8faf28ee65a48e2c34ffa632504c8323
source_data/original_data/MAGE-Graph/output_95/graph/full_output.json,text-data,89699,fe2a27864698681ede0f1afe619a3cac21d0f9b86aca23cd857a2295b0b16434
source_data/original_data/MAGE-Graph/output_950/graph/full_output.json,text-data,183945,97db0b4d82e3752122ba2bca05f819befb7efe159d12bb6b0c203cee359d5f56
source_data/original_data/MAGE-Graph/output_951/graph/full_output.json,text-data,149997,c7db2cf6df45619db4a50226a763bc6bba9b24f35e3fe78efb255206baabb5ee
source_data/original_data/MAGE-Graph/output_952/graph/full_output.json,text-data,156860,26b5fd640fa4a59a987d7fbb8a41e854e1438a91801443e9d5ccde69837dfe4b
source_data/original_data/MAGE-Graph/output_953/graph/full_output.json,text-data,84797,c84d1befbfa7f413fd93541ec5cc058d07d91645d775d208c796cd8be463a12c
source_data/original_data/MAGE-Graph/output_954/graph/full_output.json,text-data,164155,57e6d35c51571828e089610cc78cc17c27a2fe60e0423e13f4a6b763fdc287d2
source_data/original_data/MAGE-Graph/output_955/graph/full_output.json,text-data,150631,2603be88ec65c998bb7f8f980cfe84abdefd74edfa52b1bcc0637d3a0ea1627a
source_data/original_data/MAGE-Graph/output_956/graph/full_output.json,text-data,410112,36014505387864627e3badeb7078408a5918d40a090b9305b5672a4d49277a29
source_data/original_data/MAGE-Graph/output_957/graph/full_output.json,text-data,370130,bca4847c7747b3db4522b761ba35a0cebddce7ec981086dbc7e30adc5272c9ec
source_data/original_data/MAGE-Graph/output_958/graph/full_output.json,text-data,186664,dc2a27d8a157ff138b486107b2f5647e5da601f2f4481d2a582990b56e5e50a5
source_data/original_data/MAGE-Graph/output_959/graph/full_output.json,text-data,122967,d423720b32fd0b1ef580709f71151f4f7bcd82084b7a155fa9d4b3ee98ec30f6
source_data/original_data/MAGE-Graph/output_96/graph/full_output.json,text-data,207042,d76dc67421291f247f686646f76d52428c6eef5311bb13e54c5334ddec366355
source_data/original_data/MAGE-Graph/output_960/graph/full_output.json,text-data,162714,0b2d75c89900f8b32da5fe32b3779fefa4dff42259c36d3965bfb7c68c442353
source_data/original_data/MAGE-Graph/output_961/graph/full_output.json,text-data,132895,b624322fb4c1ae8a33019f8906db6b93f4ade08fb9091174e82fe2cfa775d55c
source_data/original_data/MAGE-Graph/output_962/graph/full_output.json,text-data,139375,e86497d8d7aeba0dcf19f1d7c1f9b1470848c445046fe9189838f2a7997f6f64
source_data/original_data/MAGE-Graph/output_963/graph/full_output.json,text-data,154807,71047b2803e965fb29221547b0b518d74ba571cf09b93acbf7f61a58da81e687
source_data/original_data/MAGE-Graph/output_964/graph/full_output.json,text-data,296274,771dbd4d616125c041566395fa8c2e9bedf4d2801626e46c4abc1a120fa4d900
source_data/original_data/MAGE-Graph/output_965/graph/full_output.json,text-data,177627,82d22654d8fa014e086ce640c1aaf122f6a2b5c99284cb697d12bfb44e31d31e
source_data/original_data/MAGE-Graph/output_966/graph/full_output.json,text-data,141605,91fc5dabf4d5ceade5a8171f6956fd022253e51599f8771899dea4df6606bb17
source_data/original_data/MAGE-Graph/output_967/graph/full_output.json,text-data,106094,80823c96c69da3d6a0d6896c198a9435b137a8440ab6f7f2adc84828dfdc716b
source_data/original_data/MAGE-Graph/output_968/graph/full_output.json,text-data,157520,4c58ae88285aa87c36e23bef8a28c8f72b358f44a5d6d7501e9a9b16a60ae9c3
source_data/original_data/MAGE-Graph/output_969/graph/full_output.json,text-data,210606,3742a2c88512902193b74108a956cc8adc9664ca4abb7d1878e6841eb9774654
source_data/original_data/MAGE-Graph/output_97/graph/full_output.json,text-data,169576,950ce28b43f9a0704ca91a45bc5a33c5f282f2f00db94462871157a6d4d9e00d
source_data/original_data/MAGE-Graph/output_970/graph/full_output.json,text-data,166598,560b40e8b14942408ea6bd6ebffbbfb59c4b471b6f3aeea2f4f282c642807f82
source_data/original_data/MAGE-Graph/output_971/graph/full_output.json,text-data,316077,0484d1b3c6f46adffe839ff04f6afe672aeb5e69e2f62fe795f27fe1fef9d057
source_data/original_data/MAGE-Graph/output_972/graph/full_output.json,text-data,126883,f2e945e028d819d16d8a70c818d47ebb07d386b5658aef4060ef26e45e8edd09
source_data/original_data/MAGE-Graph/output_973/graph/full_output.json,text-data,344457,c636242c37b24af51ad5bc08018c398bb99d256b0d2aa0860e328a6921def423
source_data/original_data/MAGE-Graph/output_974/graph/full_output.json,text-data,112382,9e4f3efe8f45454d3be5020df97fbaf2acf38e8931a3fcde0457a873ba5b3b34
source_data/original_data/MAGE-Graph/output_975/graph/full_output.json,text-data,152029,264b3db4b60e2d4111b11c9fa0f2fe256cae80aa22381e4f7269cb7bd4477787
source_data/original_data/MAGE-Graph/output_976/graph/full_output.json,text-data,130860,d40ad2d265bf5dded7d3afcddbc42bc44b5a1c3e0339193345807c38c8a43139
source_data/original_data/MAGE-Graph/output_977/graph/full_output.json,text-data,175057,513c23572b623493e2e2290b837b7694626ec452bcdf70f3c0b73959719c50b3
source_data/original_data/MAGE-Graph/output_978/graph/full_output.json,text-data,149953,383f699c403492af06588ece506b3389906db2d2c2a7cfe9bc9977fd1fd5e8fe
source_data/original_data/MAGE-Graph/output_979/graph/full_output.json,text-data,179318,1244a5dcec05cbe25537cebe6053cbcc3d24c4ed77b7fbd49a4ddd69e202d972
source_data/original_data/MAGE-Graph/output_98/graph/full_output.json,text-data,111405,1195e4f8a577e414b439961a2873f3f4a2f18bca121137dfaa506f1e6ec727de
source_data/original_data/MAGE-Graph/output_980/graph/full_output.json,text-data,142986,d95116155aa996946d249466771f744a0e164b30be2fd48d497f0b20332165c4
source_data/original_data/MAGE-Graph/output_981/graph/full_output.json,text-data,195025,c47384e428574b01d0da2f4638fd28a7a4d89170f29d48129d722eb5ff8dc414
source_data/original_data/MAGE-Graph/output_982/graph/full_output.json,text-data,174264,a17ca07b184c9fdb898c43959c9488f51400dd7b19c9481314240a5cd295854f
source_data/original_data/MAGE-Graph/output_983/graph/full_output.json,text-data,213963,4210c2da1496e8f309b3a1030860c0db01188d5acc80224b50bf11d40e9f42de
source_data/original_data/MAGE-Graph/output_984/graph/full_output.json,text-data,118355,06487d6e68e2ea4b67ddeee19558a1dfaa22a079f050d9f6b82c24ad8bbf5a10
source_data/original_data/MAGE-Graph/output_985/graph/full_output.json,text-data,182430,5332be2d51f7f92f697fb3ac7897bc4bcaf777f4da65be7ad72ceca579908713
source_data/original_data/MAGE-Graph/output_986/graph/full_output.json,text-data,134479,313366fcbe005a12013790fd4ea2004520d650e81c6e012b69d0ac2615754b44
source_data/original_data/MAGE-Graph/output_987/graph/full_output.json,text-data,169804,d1f3d2da6e543090fb3b0d2523622f0ea458f56b2285af2a84719614e6b0cecc
source_data/original_data/MAGE-Graph/output_988/graph/full_output.json,text-data,112191,82f3aa21f3f23d0b78f09ec8d3da5c9731518ad114fc19200fc3775e266e5d68
source_data/original_data/MAGE-Graph/output_989/graph/full_output.json,text-data,142929,fef53d886ee7b89b506e44bbe6d653c0be2f08d1969792384eba4bbe4fcb778d
source_data/original_data/MAGE-Graph/output_99/graph/full_output.json,text-data,162879,317203f58d885f77a4c812753142fc2af1e181614ddf24e37ebcc30a21969585
source_data/original_data/MAGE-Graph/output_990/graph/full_output.json,text-data,134561,250a75bdb0568728edb2519a8078247e487f36ee01fa2a5aae055a6c15494377
source_data/original_data/MAGE-Graph/output_991/graph/full_output.json,text-data,223724,8d2b6a30d83b6d921d2c3acd15d47fd84a2c99cb7b92a28a1d6793248facd4de
source_data/original_data/MAGE-Graph/output_992/graph/full_output.json,text-data,172216,52212903b5d725c8cac4ed3ed346411b62ed55b80430d6ce1c373b3bac81829a
source_data/original_data/MAGE-Graph/output_993/graph/full_output.json,text-data,141244,c5a6ef5f818f148eda5345e6e0308250acb04e9cce82a031ad180ce83e8629d7
source_data/original_data/MAGE-Graph/output_994/graph/full_output.json,text-data,215601,5a890165af8e2164804826cfb8ccd6966272aa8cda93ddb17151a783acf2ad94
source_data/original_data/MAGE-Graph/output_995/graph/full_output.json,text-data,192292,33299a1b7ba5e0e929255cb3014ffbf9831d7408cbe5e2b03f5bfbc648e6d3bd
source_data/original_data/MAGE-Graph/output_996/graph/full_output.json,text-data,144645,f71e39d9f8b332100b5734989109fe63ec1f2c8a23c822e70f1bd03358a2b58f
source_data/original_data/MAGE-Graph/output_997/graph/full_output.json,text-data,145542,8a1838300d99759f0ab23810ea95950a26086b3bedccd07956c41e5b5ed9814e
source_data/original_data/MAGE-Graph/output_998/graph/full_output.json,text-data,197418,c691a8fa679c1e8df4a6ce18b018bf7bba366c8675fd03202ffb2bdc3a3c7a57
source_data/original_data/MAGE-Graph/output_999/graph/full_output.json,text-data,97012,ce513ff3f1726cd9dba183a74555d334c58c1aef02e918893e3e1d867ba0fb1c
source_data/original_data/ml_classification_oof_predictions.csv,text-data,13905768,1b6e1a64bd48226299824c3e626c66e9394685e1008e01464342f7b97e3048f3
source_data/original_data/ml_classification_summary.csv,text-data,4879,5edfb2903ac8ae4504add9ef57431976132ae4fea4edcb28710426c9afcff879
source_data/original_data/ml_modeling_subset_3075_rows.csv,text-data,5551421,8439b8a9a4497c8abbb3fa0a137a85e52dde1e5b9d86876dcf3bef589574ab83
source_data/original_data/ml_training_data_benchmark_excluded.csv,text-data,8659024,56dd12556996b762c998ac1709d34dad51ba7d2325d57d4f74e9a8d327d6eebd
source_data/original_data/morphology_four_way.json,text-data,192339,86640b10bef33fae4f94f4c3de8922c5e2d9023ca35a07dd3bb4bf2fce26f53b
source_data/original_data/pure_3075_catalyst_table_20260902.csv,text-data,321357,0435504b4e501c21ab525d772ca430083dd7d1f8e51ea38218ac098b3782ca66
source_data/original_data/shap_analysis_fold_audit.csv,text-data,6892,e9ab377e9b77a39726daf683e2bea75bfde2117b3b2f0dbf5d0a3f48476e84af
source_data/original_data/shap_analysis_summary.csv,text-data,766329,4e721bee89b02cad6b04e66c030729c1504d9bc60fa45abdad87496002c3599a
source_data/original_data/shap_analysis_values_long_top_features.csv,text-data,35648089,f8c359098afd460a7bcdccc59dd6f8ccb0b00d8bb0d747a98435f07ce31ec8cb
source_data/original_data/tip_dendrite_shap_no_Ru_top12_raw_points.csv,text-data,3419409,11fbcff1294d467b68009c6b35ece918f0b87598579e5bf6b52c913d9bc566c3
