Catalyst key,Catalyst,Formula,Morphology
paper_1000|output_1000|chem_H_WO3,H-WO3,H-WO3,Hierarchical
paper_1001|output_1001|chem_RuC_B_O_rGO,Ru_C - B - O / rGO,,Particle/Cluster
paper_1002|output_1002|chem_SnO2,SnO₂,SnO₂,Crystalline; Faceted Polyhedron; Flower/Urchin/Dendrite; Particle/Cluster; Porous Network
paper_1003|output_1003|chem_Ni3S4_IF,Ni₃S₄/IF,Ni₃S₄,Porous Network
paper_1003|output_1003|chem_Ni3S4_NiFe_LDH_IF,Ni₃S₄/NiFe-LDH/IF,Ni₃S₄/NiFe-LDH,2D Sheet; Particle/Cluster; Porous Network
paper_1003|output_1003|chem_NiFe_LDH_IF,NiFe-LDH/IF,NiFe-LDH,2D Sheet; Particle/Cluster; Porous Network
paper_1003|output_1003|chem_Ru_NiFe_LDH_IF,Ru-NiFe-LDH/IF,Ru-NiFe-LDH,2D Sheet; Porous Network
paper_1003|output_1003|chem_S_FeOOH_IF,S-FeOOH/IF,FeOOH,Porous Network
paper_1004|output_1004|chem_Ni_RuO2,Ni-RuO₂,Ni-RuO₂,Generic Nanostructure; Hollow/Core-Shell; Particle/Cluster; Porous Network
paper_1005|output_1005|chem_Cr0.008Ru0.992_fcc_hcp_aerogel,Cr_{0.008}Ru_{0.992 fcc / hcp} aerogel,Cr_{0.008}Ru_{0.992},Particle/Cluster; Porous Network
paper_1005|output_1005|chem_Cr0.022Ru0.978_fcc_hcp_aerogel,Cr_{0.022}Ru_{0.978 fcc / hcp} aerogel,Cr_{0.022}Ru_{0.978},Particle/Cluster; Porous Network
paper_1005|output_1005|chem_Cr0.033Ru0.967_fcc_hcp_aerogel,Cr_{0.033}Ru_{0.967 fcc / hcp} aerogel,Cr_{0.033}Ru_{0.967},Faceted Polyhedron; Particle/Cluster; Porous Network
paper_1005|output_1005|chem_Cr0.041Ru0.959_fcc_hcp_aerogel,Cr_{0.041}Ru_{0.959 fcc / hcp} aerogel,Cr_{0.041}Ru_{0.959},Particle/Cluster; Porous Network
paper_1005|output_1005|chem_Ru_fcc_aerogel,Ru_{fcc} aerogel,Ru,Faceted Polyhedron; Particle/Cluster; Porous Network
paper_1005|output_1005|chem_Ru_fcc_hcp_aerogel,Ru_{fcc / hcp} aerogel,Ru,Faceted Polyhedron; Particle/Cluster; Porous Network
paper_1005|output_1005|chem_Ru_hcp_aerogel,Ru_{hcp} aerogel,Ru,Faceted Polyhedron; Particle/Cluster; Porous Network
paper_1006|output_1006|chem_ni_ii_fe,NiII-Fe,,Film/Coating; Particle/Cluster; Porous Network
paper_1006|output_1006|chem_v_ni_ii_fe,V-NiII-Fe,,Generic Nanostructure; Particle/Cluster; Porous Network
paper_1008|output_1008|chem_Pt1Cl0.5_Ru-NPs_RuOx,Pt₁Cl₀.₅/Ru-NPs@RuOₓ,,Particle/Cluster
paper_1008|output_1008|chem_Pt1_Ru-NPs_RuOx,Pt₁/Ru-NPs@RuOₓ,,Particle/Cluster
paper_1008|output_1008|chem_Ru-NPs_RuOx,Ru-NPs@RuOₓ,,Crystalline; Particle/Cluster
paper_1009|output_1009|chem_NM,nickel mesh,Ni,1D Wire/Rod/Tube; Crystalline; Generic Nanostructure; Particle/Cluster; Porous Network
paper_1009|output_1009|chem_Ni3S2,Ni₃S₂,Ni₃S₂,2D Sheet
paper_1009|output_1009|chem_NiFe_LDH,NiFe-LDH,NiFe-LDH,2D Sheet; Faceted Polyhedron; Generic Nanostructure; Particle/Cluster; Porous Network
paper_1009|output_1009|chem_NiFe_LDH_Ni3S2_NM,NiFe-LDH/Ni₃S₂ heterostructure,NiFe-LDH/Ni₃S₂,2D Sheet
paper_100|output_100|chem_IrFeCoNi,IrFeCoNi,IrFeCoNi,Faceted Polyhedron
paper_100|output_100|chem_Ir_benchmark,Iridium,Ir,Particle/Cluster
paper_100|output_100|chem_Ru0.20_IrFeCoNi_0.80,"Ru0.20(Ir,Fe,Co,Ni)0.80",Ru0.20(IrFeCoNi)0.80,Amorphous; Crystalline; Generic Nanostructure; Particle/Cluster
paper_100|output_100|chem_Ru_benchmark,Ruthenium,Ru,Particle/Cluster
paper_1010|output_1010|chem_Co_n_NPC,Co_n@NPC,,Faceted Polyhedron; Hollow/Core-Shell; Particle/Cluster; Porous Network
paper_1010|output_1010|chem_Co_n_Pt_1_NPC,Co_n-Pt_1@NPC,,Particle/Cluster; Porous Network
paper_1010|output_1010|chem_Pt_1_NPC,Pt_1@NPC,,Generic Nanostructure; Hollow/Core-Shell; Particle/Cluster; Porous Network
paper_1012|output_1012|chem_Ru_Cu2O,Ru@Cu₂O,,2D Sheet; Particle/Cluster
paper_1012|output_1012|chem_Ru_Mn3O4,Ru@Mn₃O₄,Ru@Mn₃O₄,Faceted Polyhedron; Generic Nanostructure; Particle/Cluster; Porous Network
paper_1012|output_1012|chem_Ru_NPs,Ru NPs,,Faceted Polyhedron; Generic Nanostructure; Particle/Cluster
paper_1012|output_1012|chem_Ru_NiO,Ru@NiO,,2D Sheet
paper_1012|output_1012|chem_Ru_over_Mn3O4,Ru/Mn₃O₄,,Faceted Polyhedron; Generic Nanostructure; Particle/Cluster; Porous Network
paper_1013|output_1013|chem_Co-N4_NC,Co-N4/NC,,Particle/Cluster
paper_1013|output_1013|chem_Co-N5_NC,Co-N5/NC,,Particle/Cluster
paper_1013|output_1013|chem_CoNPs_NC,CoNPs/NC,,Particle/Cluster
paper_1014|output_1014|chem_CoP,CoP,CoP,2D Sheet; Film/Coating; Porous Network
paper_1014|output_1014|chem_Se-CoP,Se-CoP,Se-CoP,2D Sheet; Film/Coating
paper_1015|output_1015|chem_CoOOH_c,CoOOH-c,CoOOH,1D Wire/Rod/Tube; Amorphous; Crystalline; Generic Nanostructure; Particle/Cluster; Porous Network
paper_1015|output_1015|chem_CoOOH_l,CoOOH-l,CoOOH,1D Wire/Rod/Tube; Amorphous; Crystalline; Generic Nanostructure; Particle/Cluster; Porous Network
paper_1015|output_1015|chem_CoOOH_s,CoOOH-s,CoOOH,1D Wire/Rod/Tube; Amorphous; Crystalline; Generic Nanostructure; Particle/Cluster; Porous Network
paper_1016|output_1016|chem_CoOOH_Co3O4,CoOOH/Co3O4,CoOOH/Co3O4,1D Wire/Rod/Tube; Particle/Cluster; Porous Network
paper_1016|output_1016|chem_CoOOH_CoSnO4,CoOOH/(CoxSn1-x)3O4,CoOOH/(Co_xSn_{1-x})_3O_4,1D Wire/Rod/Tube; Particle/Cluster; Porous Network
paper_1017|output_1017|chem_Ir_NMO_2at,NM₉₈I₂O,,1D Wire/Rod/Tube; Generic Nanostructure
paper_1017|output_1017|chem_Ir_NMO_4at,NM₉₆I₄O,,1D Wire/Rod/Tube; Generic Nanostructure
paper_1017|output_1017|chem_Ir_NMO_7at,NM₉₃I₇O,,1D Wire/Rod/Tube; Generic Nanostructure
paper_1017|output_1017|chem_NMO,NMO,NiMoO₄,1D Wire/Rod/Tube; Generic Nanostructure
paper_1018|output_1018|chem_PtMn_AC_Pt_SA_SC,PtMn_{AC}/Pt_{SA}SC,,Porous Network
paper_1018|output_1018|chem_Pt_AC_Pt_SA_SC,Pt_{AC}/Pt_{SA}SC,,Porous Network
paper_1018|output_1018|chem_Pt_AC_SC,Pt_{AC}/SC,,Porous Network
paper_1018|output_1018|chem_Pt_SA_SC,Pt_{SA}/SC,,Porous Network
paper_1019|output_1019|chem_L-Ru_Co(OH)_x,L-Ru/Co(OH)_x,,1D Wire/Rod/Tube; 2D Sheet; Generic Nanostructure; Particle/Cluster; Porous Network
paper_1019|output_1019|chem_W-Ru_Co(OH)_x,W-Ru/Co(OH)_x,,Film/Coating
paper_101|output_101|chem_FeMoOOH_NF,amorphous FeMo oxyhydroxide on Ni foam,,1D Wire/Rod/Tube; Amorphous; Film/Coating; Generic Nanostructure; Particle/Cluster; Porous Network
paper_101|output_101|chem_MoOx_NF,reconstructed molybdenum oxide on Ni foam,,Porous Network
paper_1020|output_1020|chem_CuO,CuO,CuO,1D Wire/Rod/Tube; Generic Nanostructure; Hollow/Core-Shell; Particle/Cluster; Porous Network; Rough/Wrinkled
paper_1020|output_1020|chem_Dy_CuO,Dy-CuO,Dy-CuO,Hollow/Core-Shell; Particle/Cluster
paper_1020|output_1020|chem_Rh_Dy_CuO,Rh@Dy-CuO,Rh@Dy-CuO,1D Wire/Rod/Tube; Porous Network
paper_1022|output_1022|chem_FSN,FSN,Fe:Ni = 2:8,1D Wire/Rod/Tube; Film/Coating
paper_1022|output_1022|chem_Ni,Ni,Ni,Particle/Cluster
paper_1022|output_1022|chem_TPP_FSN,TPP-FSN,TPP/FSN,1D Wire/Rod/Tube; Film/Coating
paper_1023|output_1023|chem_Cu-Zn@Zn,Cu-Zn@Zn,Cu-Zn multicomponent alloy,Hollow/Core-Shell; Particle/Cluster
paper_1023|output_1023|chem_bare_Zn,bare Zn,Zn,Film/Coating
paper_1024|output_1024|chem_Ir_Nb2O5-x,Ir/Nb₂O₅₋ₓ,Ir/Nb₂O₅₋ₓ,Particle/Cluster
paper_1026|output_1026|chem_M-Mo2C-Mo2N,M-Mo₂C-Mo₂N,Mo₂C-Mo₂N,2D Sheet; Particle/Cluster
paper_1026|output_1026|chem_Mo2C,Mo₂C,Mo₂C,2D Sheet; Particle/Cluster
paper_1026|output_1026|chem_Mo2C-Mo2N,Mo₂C-Mo₂N heterostructures,Mo₂C-Mo₂N,2D Sheet; Particle/Cluster
paper_1026|output_1026|chem_Mo2N,Mo₂N,Mo₂N,2D Sheet; Particle/Cluster
paper_1027|output_1027|chem_PHI_PTI,PHI/PTI,,Generic Nanostructure; Particle/Cluster
paper_1028|output_1028|chem_Ru_P_TiO2,Ru/P-TiO₂,Ru/P-TiO₂,Porous Network
paper_1028|output_1028|chem_Ru_TiO2,Ru/TiO₂,Ru/TiO₂,Particle/Cluster
paper_102|output_102|chem_Co_SalphenCOF,Co-SalphenCOF,,Amorphous; Porous Network
paper_102|output_102|chem_Ni_SalphenCOF,Ni-SalphenCOF,,Film/Coating; Particle/Cluster; Porous Network
paper_1030|output_1030|chem_Co9.0_a_c_SnSe_SnSe2,Co9.0%-a/c-SnSe/SnSe2,,1D Wire/Rod/Tube; 2D Sheet; Porous Network
paper_1030|output_1030|chem_Fe9.0_a_c_SnSe_SnSe2,Fe9.0%-a/c-SnSe/SnSe2,,1D Wire/Rod/Tube; 2D Sheet; Generic Nanostructure; Porous Network
paper_1030|output_1030|chem_Ni9.0_a_c_SnSe_SnSe2,Ni9.0%-a/c-SnSe/SnSe2,,1D Wire/Rod/Tube; 2D Sheet; Porous Network
paper_1030|output_1030|chem_a_c_SnSe_SnSe2,a/c-SnSe/SnSe2,,1D Wire/Rod/Tube; 2D Sheet; Porous Network
paper_1031|output_1031|chem_CuO,CuO,CuO,Film/Coating
paper_1031|output_1031|chem_PtCu2,PtCu₂,PtCu₂,Film/Coating; Particle/Cluster
paper_1031|output_1031|chem_PtCu2_CuO,PtCu₂/CuO,PtCu₂/CuO,Film/Coating
paper_1032|output_1032|chem_CrNN,CrNN,Ni@Cr₂O₃-NiO,Particle/Cluster; Porous Network
paper_1033|output_1033|chem_Pt_111,Pt(111),Pt,Crystalline
paper_1033|output_1033|chem_Pt_111_Ni_OH_2,Pt(111)–Ni(OH)₂,Pt(111)–Ni(OH)₂,Particle/Cluster
paper_1033|output_1033|chem_Pt_polycrystalline,polycrystalline Pt,Pt,Crystalline
paper_1034|output_1034|chem_CoN/C_Co-C,CoN/C@CNE nano-assembly,CoN/C with Co-C core-shell,Hollow/Core-Shell
paper_1034|output_1034|chem_NiFe_LDH,NiFe LDH,NiFe-LDH,1D Wire/Rod/Tube; 2D Sheet; Film/Coating; Porous Network
paper_1034|output_1034|chem_pristine_NiFe_LDH,pristine NiFe LDH,NiFe-LDH,1D Wire/Rod/Tube; 2D Sheet; Film/Coating; Porous Network
paper_1035|output_1035|chem_a_Co3O4,a-Co₃O₄,Co₃O₄,Generic Nanostructure; Porous Network
paper_1035|output_1035|chem_p_Co3O4,p-Co₃O₄,Co₃O₄,Generic Nanostructure; Porous Network
paper_1036|output_1036|chem_Ir_NPs_AC,Ir NPs/AC,,Particle/Cluster
paper_1036|output_1036|chem_Ir_NPs_AC_1,Ir NPs/AC-1,,Particle/Cluster
paper_1037|output_1037|chem_cu2o,Cu₂O,Cu₂O,Faceted Polyhedron; Particle/Cluster
paper_1037|output_1037|chem_hd_eu_cu2o,HD-Eu/Cu₂O,Eu/Cu₂O,2D Sheet; Faceted Polyhedron; Particle/Cluster; Rough/Wrinkled
paper_1037|output_1037|chem_ld_eu_cu2o,LD-Eu/Cu₂O,Eu/Cu₂O,2D Sheet; Crystalline; Faceted Polyhedron; Generic Nanostructure; Particle/Cluster; Porous Network; Rough/Wrinkled
paper_1038|output_1038|chem_Ir_SAC_NiFe_LDH,Ir_{SAC}-NiFe-LDH,,2D Sheet
paper_1038|output_1038|chem_NiIr_SAA_NiFe_LDH,NiIr_{SAA}-NiFe-LDH,,2D Sheet; Particle/Cluster
paper_1039|output_1039|chem_Au_Ti_300,Au/Ti-300,Au/TiO2,1D Wire/Rod/Tube; Crystalline; Generic Nanostructure; Particle/Cluster; Porous Network
paper_1039|output_1039|chem_Au_Ti_75,Au/Ti-75,Au/TiO2,1D Wire/Rod/Tube; Crystalline; Generic Nanostructure; Particle/Cluster; Porous Network
paper_103|output_103|chem_BP,black phosphorus,P,2D Sheet; Crystalline; Particle/Cluster
paper_1041|output_1041|chem_Co3(PO4)2,Co₃(PO₄)₂,Co₃(PO₄)₂,Crystalline; Particle/Cluster
paper_1041|output_1041|chem_Co3O4,Co₃O₄,Co₃O₄,2D Sheet; Generic Nanostructure; Particle/Cluster; Rough/Wrinkled
paper_1041|output_1041|chem_Co9S8,Co₉S₈,Co₉S₈,Particle/Cluster; Rough/Wrinkled
paper_1042|output_1042|chem_NiFeCr_NF,NiFeCr/NF,,Porous Network
paper_1042|output_1042|chem_NiFe_NF,NiFe/NF,,Porous Network
paper_1044|output_1044|chem_alpha_Co(OH)2,α-Co(OH)₂,Co(OH)₂,2D Sheet; Hierarchical; Porous Network; Rough/Wrinkled
paper_1045|output_1045|chem_Ru_P_Fe3O4_IF,Ru/P-Fe3O4@IF,Ru/P-Fe3O4,Hollow/Core-Shell
paper_1046|output_1046|chem_pd_cu_moo_x,PdCu-MoO_x,PdCu-MoO_x,Particle/Cluster
paper_1047|output_1047|chem_CoFeOxHy,Co(Fe)O_xH_y,Co(Fe)O_xH_y,Film/Coating
paper_1047|output_1047|chem_CoOxHy,CoO_xH_y,CoO_xH_y,Film/Coating
paper_1047|output_1047|chem_FeOxHy,FeO_xH_y,FeO_xH_y,Film/Coating
paper_1047|output_1047|chem_MnOxHy,MnO_xH_y,MnO_xH_y,Film/Coating
paper_1047|output_1047|chem_NiFeOxHy,Ni(Fe)O_xH_y,Ni(Fe)O_xH_y,Film/Coating
paper_1047|output_1047|chem_NiOxHy,NiO_xH_y,NiO_xH_y,Film/Coating
paper_1048|output_1048|chem_20wt_Ir_C,20 wt% Ir/C,,2D Sheet; Film/Coating
paper_1048|output_1048|chem_NiFe_LDH_NP_film,3D NiFe-LDH NP film,,1D Wire/Rod/Tube; 2D Sheet; Film/Coating; Generic Nanostructure; Particle/Cluster; Porous Network
paper_1048|output_1048|chem_beta_Ni_OH_2_NP_film,β-Ni(OH)₂ NP film,Ni(OH)₂,Film/Coating
paper_1048|output_1048|chem_nickel_foam,pure nickel foam,Ni,Porous Network
paper_104|output_104|chem_AgPd_alloy,AgPd alloy,AgPd,Hollow/Core-Shell
paper_104|output_104|chem_NN_12,NN-12,,2D Sheet; Porous Network
paper_104|output_104|chem_Pd40Ni10Cu30P20,Pd40Ni10Cu30P20 amorphous alloy,Pd40Ni10Cu30P20,Amorphous
paper_1050|output_1050|chem_Au-Ru_hybrid_nanowires,chem_Au-Ru_hybrid_nanowires,,1D Wire/Rod/Tube
paper_1050|output_1050|chem_Pt-skin_Pt3Fe_zigzag_nanowires,chem_Pt-skin_Pt3Fe_zigzag_nanowires,,1D Wire/Rod/Tube
paper_1050|output_1050|chem_Pt3Co_hierarchical_nanowires,chem_Pt3Co_hierarchical_nanowires,,1D Wire/Rod/Tube; Hierarchical
paper_1050|output_1050|chem_PtNiCo_ultrathin_nanowires,chem_PtNiCo_ultrathin_nanowires,,1D Wire/Rod/Tube
paper_1050|output_1050|chem_PtNiPd_trimetallic_nanowires,chem_PtNiPd_trimetallic_nanowires,,1D Wire/Rod/Tube
paper_1050|output_1050|chem_PtNi_hollow,chem_PtNi_hollow,,Hollow/Core-Shell
paper_1050|output_1050|chem_PtNi_sea_sponge,chem_PtNi_sea_sponge,,Porous Network
paper_1050|output_1050|chem_PtPb_Pt_nanoplates,chem_PtPb_Pt_nanoplates,,2D Sheet
paper_1050|output_1050|chem_PtPb_nanoplates_irradiated,chem_PtPb_nanoplates_irradiated,,2D Sheet
paper_1051|output_1051|chem_ML_beta_Ni(OH)2_NS_CC,ML β-Ni(OH)₂ NS/CC,Ni(OH)₂,2D Sheet; Generic Nanostructure; Particle/Cluster; Porous Network
paper_1051|output_1051|chem_SL_alpha_Ni(OH)2_NS_CC,SL α-Ni(OH)₂ NS/CC,Ni(OH)₂,2D Sheet; Generic Nanostructure; Particle/Cluster; Porous Network
paper_1052|output_1052|chem_Pt_WO3_CFC,Pt/WO3@CFC,Pt/WO3,1D Wire/Rod/Tube; Crystalline; Generic Nanostructure; Particle/Cluster
paper_1052|output_1052|chem_Pt_def-WO3_CFC,Pt/def-WO3@CFC,Pt/WO3,1D Wire/Rod/Tube; Crystalline; Generic Nanostructure; Particle/Cluster
paper_1053|output_1053|chem_CoP,CoP,CoP,2D Sheet
paper_1053|output_1053|chem_EG-CoP,EG-CoP,,2D Sheet
paper_1053|output_1053|chem_EG-Pt_CoP_0.5,EG-Pt/CoP-0.5,,Particle/Cluster
paper_1053|output_1053|chem_EG-Pt_CoP_1.0,EG-Pt/CoP-1.0,,Particle/Cluster
paper_1053|output_1053|chem_EG-Pt_CoP_1.5,EG-Pt/CoP-1.5,,2D Sheet; Particle/Cluster
paper_1053|output_1053|chem_EG-Pt_CoP_3.0,EG-Pt/CoP-3.0,,Particle/Cluster
paper_1053|output_1053|chem_Pt_CoP_0.5,Pt/CoP-0.5,,Particle/Cluster
paper_1053|output_1053|chem_Pt_CoP_1.0,Pt/CoP-1.0,,Particle/Cluster
paper_1053|output_1053|chem_Pt_CoP_1.5,Pt/CoP-1.5,,2D Sheet; Particle/Cluster
paper_1053|output_1053|chem_Pt_CoP_3.0,Pt/CoP-3.0,,Particle/Cluster
paper_1054|output_1054|chem_Pt,Pt,Pt,Amorphous; Hollow/Core-Shell; Particle/Cluster; Porous Network
paper_1054|output_1054|chem_Pt3Ni3NWs_C,Pt3Ni3NWs/C,,Faceted Polyhedron; Particle/Cluster; Porous Network
paper_1054|output_1054|chem_Ru_C2N,Ru nanoparticles anchored on a nitrogenated holey 2D carbon structure,,2D Sheet; Crystalline; Faceted Polyhedron; Hollow/Core-Shell; Particle/Cluster; Porous Network
paper_1055|output_1055|chem_NiFe_LDH,NiFe LDH,NiFe LDH,2D Sheet; Generic Nanostructure; Particle/Cluster; Porous Network
paper_1055|output_1055|chem_NiFe_LDH_PMo12,NiFe LDH-PMo12,NiFe LDH-PMo12,2D Sheet; Generic Nanostructure; Particle/Cluster; Porous Network
paper_1056|output_1056|chem_CoOOH_nanosheets,CoOOH nanosheets,CoOOH,2D Sheet
paper_1056|output_1056|chem_CuO,CuO,CuO,Particle/Cluster
paper_1056|output_1056|chem_a_Co,a-Co,CoOOH,2D Sheet
paper_1056|output_1056|chem_a_CuCo,a-CuCo,CoO_xH_y (Cu-doped),Amorphous; Generic Nanostructure; Hollow/Core-Shell; Particle/Cluster
paper_1058|output_1058|chem_Pt@TiN,Pt@TiN,Pt@TiN,Hollow/Core-Shell; Particle/Cluster
paper_1058|output_1058|chem_Pt@TiN-V_N,Pt@TiN-V_N,Pt@TiN-V_N,Hollow/Core-Shell; Particle/Cluster; Rough/Wrinkled
paper_1058|output_1058|chem_TiN,TiN,TiN,Particle/Cluster; Porous Network
paper_1059|output_1059|chem_CoP_NPC,CoP/NPC,CoP/NPC,1D Wire/Rod/Tube; Generic Nanostructure; Particle/Cluster; Porous Network
paper_1059|output_1059|chem_FeP_CoP_NPC,FeP-CoP/NPC,FeP-CoP/NPC,Crystalline; Film/Coating; Generic Nanostructure; Hollow/Core-Shell; Particle/Cluster; Porous Network; Rough/Wrinkled
paper_1059|output_1059|chem_FeP_NPC,FeP/NPC,FeP/NPC,Porous Network
paper_1059|output_1059|chem_Ru_FeP_CoP_NPC,Ru-FeP-CoP/NPC,Ru-FeP-CoP/NPC,1D Wire/Rod/Tube; Particle/Cluster; Porous Network
paper_1060|output_1060|chem_CoHCF,cobalt hexacyanoferrate,,Porous Network
paper_1060|output_1060|chem_Co_Fe_hollow_cage,chem_Co_Fe_hollow_cage,,Hollow/Core-Shell
paper_1060|output_1060|chem_Ni_Fe_Se_cage,chem_Ni_Fe_Se_cage,,Hollow/Core-Shell
paper_1062|output_1062|chem_Ti3C2Tx,Ti3C2Tx,Ti₃C₂Tₓ,2D Sheet; Generic Nanostructure; Rough/Wrinkled
paper_1063|output_1063|chem_Cu3P_Ni2P_CF,Cu₃P/Ni₂P@CF,Cu₃P/Ni₂P,1D Wire/Rod/Tube; Generic Nanostructure; Particle/Cluster; Porous Network
paper_1064|output_1064|chem_CeO2_CC,CeO2/CC,CeO2,2D Sheet; Film/Coating; Hollow/Core-Shell; Particle/Cluster
paper_1064|output_1064|chem_CeO2_CoSe2_CC,CeO2@CoSe2/CC,CeO2@CoSe2,1D Wire/Rod/Tube; Film/Coating; Hollow/Core-Shell; Particle/Cluster
paper_1064|output_1064|chem_CeO2_CoSe2_CC_0.2,CeO2@CoSe2/CC-0.2,CeO2@CoSe2,1D Wire/Rod/Tube; Film/Coating; Hollow/Core-Shell; Particle/Cluster
paper_1064|output_1064|chem_CeO2_CoSe2_CC_1,CeO2@CoSe2/CC-1,CeO2@CoSe2,1D Wire/Rod/Tube; Film/Coating; Hollow/Core-Shell; Particle/Cluster
paper_1064|output_1064|chem_CoCH_CC,CoCH/CC,,1D Wire/Rod/Tube; Film/Coating; Generic Nanostructure; Hollow/Core-Shell; Particle/Cluster
paper_1064|output_1064|chem_CoSe2_CC,CoSe2/CC,CoSe2,1D Wire/Rod/Tube; Array/Aligned; Generic Nanostructure; Hierarchical; Hollow/Core-Shell; Particle/Cluster
paper_1065|output_1065|chem_NiFe_Ce_LDH,NiFe-Ce LDH,NiFeCe(OH)x,1D Wire/Rod/Tube; 2D Sheet; Generic Nanostructure
paper_1065|output_1065|chem_Ni_Ce_LDH,Ni-Ce LDH,NiCe(OH)x,2D Sheet
paper_1065|output_1065|chem_Ni_Fe_LDH,Ni-Fe LDH,NiFe(OH)x,2D Sheet
paper_1067|output_1067|chem_Ce_m_Ni(OH)2@NiSe2,Ce⋅m⋅Ni(OH)₂@NiSe₂,Ce-m-Ni(OH)₂@NiSe₂,2D Sheet; Faceted Polyhedron; Hollow/Core-Shell; Particle/Cluster
paper_1068|output_1068|chem_Li_NiFe_LDH,Li-NiFe LDHs,Li-NiFe-LDH,2D Sheet; Flower/Urchin/Dendrite; Particle/Cluster; Rough/Wrinkled
paper_1068|output_1068|chem_NiFe_LDH,NiFe LDHs,NiFe-LDH,2D Sheet; Flower/Urchin/Dendrite; Generic Nanostructure; Particle/Cluster
paper_106|output_106|chem_NiFe_HS,NiFe-HS,,2D Sheet; Crystalline
paper_106|output_106|chem_NiFe_LS,NiFe-LS,,2D Sheet
paper_1072|output_1072|chem_CoP,CoP,CoP,1D Wire/Rod/Tube; 2D Sheet; Array/Aligned; Crystalline; Generic Nanostructure; Particle/Cluster; Porous Network
paper_1072|output_1072|chem_Pt_CoP,Pt/CoP,Pt/CoP,2D Sheet; Array/Aligned; Particle/Cluster; Porous Network
paper_1073|output_1073|chem_CoFeO,CoFeO,CoFeO,Crystalline; Generic Nanostructure; Particle/Cluster
paper_1073|output_1073|chem_a_CoFeO_PO4,a-CoFeO-PO₄,CoFeO·PO₄,Amorphous; Crystalline; Generic Nanostructure; Particle/Cluster
paper_1074|output_1074|chem_CF,CF,Cu,Porous Network
paper_1074|output_1074|chem_CoFe_LDH_CF,CoFe-LDH/CF,CoFe-LDH,2D Sheet
paper_1074|output_1074|chem_Cu3P_CoFe_LDH_CF,Cu₃P@CoFe-LDH/CF,Cu₃P@CoFe-LDH,2D Sheet
paper_1075|output_1075|chem_CoFe_Ni2P,CoFe-Ni₂P,CoFe-Ni₂P,Porous Network
paper_1075|output_1075|chem_Co_Ni2P,Co-Ni₂P,Co-Ni₂P,Porous Network
paper_1075|output_1075|chem_Fe_Ni2P,Fe-Ni₂P,Fe-Ni₂P,Porous Network
paper_1075|output_1075|chem_Ni2P,Ni₂P,Ni₂P,Porous Network
paper_1076|output_1076|chem_CoMoO_HT,CoMoO-HT,"β-CoMoO4, α-CoMoO4",2D Sheet; Generic Nanostructure; Porous Network
paper_1076|output_1076|chem_CoMoO_P,CoMoO-P,CoMoO4-P,2D Sheet; Generic Nanostructure; Porous Network
paper_1076|output_1076|chem_pre_CoMoO,pre-CoMoO,"CoMoO4·0.75H2O, CoMoO4·0.9H2O",Generic Nanostructure; Porous Network
paper_1077|output_1077|chem_Pt,Pt,Pt,Film/Coating; Particle/Cluster
paper_1077|output_1077|chem_Pt-Bi_ir,Pt-Bi_ir,Pt-Bi_ir,Film/Coating
paper_1078|output_1078|chem_Co0.5Ir0.5_CAEN,Co_{0.5}Ir_{0.5-CAEN},Co_{0.5}Ir_{0.5}/C,Particle/Cluster
paper_1078|output_1078|chem_Fe0.5Ir0.5_CAEN,Fe_{0.5}Ir_{0.5-CAEN},Fe_{0.5}Ir_{0.5}/C,Particle/Cluster
paper_1078|output_1078|chem_Ir_CA,Ir_CA,,Generic Nanostructure; Particle/Cluster; Porous Network; Rough/Wrinkled
paper_1078|output_1078|chem_Ir_CAEN_1000_6,Ir_CAEN-1000-6,Ir/C,Generic Nanostructure; Particle/Cluster; Porous Network; Rough/Wrinkled
paper_1078|output_1078|chem_commercial_Ir_C,commercial Ir/C,Ir/C,Generic Nanostructure; Particle/Cluster; Porous Network; Rough/Wrinkled
paper_1079|output_1079|chem_feooh_nife_ldhs,FeOOH@NiFe LDHs,,2D Sheet; Flower/Urchin/Dendrite
paper_1079|output_1079|chem_nife_ldhs,NiFe LDHs,,2D Sheet
paper_1079|output_1079|chem_pt_feooh_nife_ldhs,Pt/FeOOH@NiFe LDHs,,2D Sheet; Hollow/Core-Shell; Particle/Cluster
paper_1079|output_1079|chem_pt_nife_ldhs,Pt/NiFe LDHs,,2D Sheet
paper_107|output_107|chem_NiOxHy_FTO,NiOxHy / FTO electrode,NiOxHy,Film/Coating; Porous Network
paper_107|output_107|chem_Ni_foil,Ni foil electrode,Ni,Film/Coating; Porous Network
paper_107|output_107|chem_nanoporous_NiOxHy_Ni_foam,nanoporous NiOxHy / Ni foam,NiOxHy,Film/Coating; Porous Network
paper_1080|output_1080|chem_ICM,ICM,Ir-CoMn2O4,Generic Nanostructure; Particle/Cluster
paper_1080|output_1080|chem_ICM_activated,ICM_activated,IrOx/γ-MnO2,Particle/Cluster; Rough/Wrinkled
paper_1081|output_1081|chem_Co3O4_carbon,Co3O4-carbon porous nanowire arrays,,1D Wire/Rod/Tube; Array/Aligned; Porous Network
paper_1081|output_1081|chem_FeCo_alloy_NG,FeCo alloy nanoparticles coated in N-doped graphene layers,,Film/Coating; Particle/Cluster
paper_1081|output_1081|chem_FeNi_NC_RGO,FeNi@NC/RGO,,Generic Nanostructure; Particle/Cluster; Porous Network; Rough/Wrinkled
paper_1081|output_1081|chem_MxCo3-xO4,M_x Co_{3-x} O_4 porous nanocages,,Porous Network
paper_1081|output_1081|chem_NiCo_UMOFNs,NiCo bimetal-organic framework nanosheets,,2D Sheet; Porous Network
paper_1081|output_1081|chem_WC_nanoclusters,carbon-coated WC nanoclusters,,Film/Coating
paper_1082|output_1082|chem_Co2P,Co₂P,Co₂P,Crystalline; Generic Nanostructure; Particle/Cluster; Rough/Wrinkled
paper_1082|output_1082|chem_Co2P_CoP_300,Co₂P/CoP-300,Co₂P/CoP,Particle/Cluster
paper_1082|output_1082|chem_Co2P_CoP_350,Co₂P/CoP-350,Co₂P/CoP,Particle/Cluster
paper_1082|output_1082|chem_Co2P_CoP_400,Co₂P/CoP-400,Co₂P/CoP,Particle/Cluster
paper_1082|output_1082|chem_CoP,CoP,CoP,Crystalline; Generic Nanostructure; Particle/Cluster; Rough/Wrinkled
paper_1083|output_1083|chem_Ag,Ag,Ag,Rough/Wrinkled
paper_1083|output_1083|chem_Au,Au,Au,Rough/Wrinkled
paper_1083|output_1083|chem_Co,Co,Co,Rough/Wrinkled
paper_1083|output_1083|chem_Cu,Cu,Cu,Rough/Wrinkled
paper_1083|output_1083|chem_Fe,Fe,Fe,Rough/Wrinkled
paper_1083|output_1083|chem_Ni,Ni,Ni,Rough/Wrinkled
paper_1083|output_1083|chem_Pd,Pd,Pd,Rough/Wrinkled
paper_1083|output_1083|chem_Pt,Pt,Pt,Rough/Wrinkled
paper_1083|output_1083|chem_W,W,W,Rough/Wrinkled
paper_1084|output_1084|chem_Eu2O3,Eu₂O₃,Eu₂O₃,Particle/Cluster
paper_1085|output_1085|chem_CoS2@MXene,CoS2@MXene,CoS2@Ti3C2Tx,1D Wire/Rod/Tube; 2D Sheet; Generic Nanostructure; Hierarchical; Hollow/Core-Shell; Particle/Cluster; Porous Network
paper_1087|output_1087|chem_WO3_16nm,16 nm WO3,WO3,Particle/Cluster
paper_1087|output_1087|chem_WO3_2nm,2 nm WO3,WO3,Particle/Cluster
paper_1087|output_1087|chem_WO3_35nm,35 nm WO3,WO3,Particle/Cluster
paper_1087|output_1087|chem_WO3_4nm,4 nm WO3,WO3,Particle/Cluster
paper_1087|output_1087|chem_WO3_60nm,60 nm WO3,WO3,Particle/Cluster
paper_1088|output_1088|chem_bare_ni_foam,bare Ni foam,Ni,2D Sheet; Crystalline; Generic Nanostructure; Particle/Cluster; Porous Network; Rough/Wrinkled
paper_1088|output_1088|chem_ncf450,NCF450,Ni/NiO@CoFe LDH,2D Sheet; Crystalline; Generic Nanostructure; Particle/Cluster; Porous Network
paper_1088|output_1088|chem_ni_nio_foam,Ni/NiO foam,Ni/NiO,2D Sheet; Crystalline; Generic Nanostructure; Particle/Cluster; Porous Network
paper_1089|output_1089|chem_Cu,Cu,Cu,Film/Coating
paper_1089|output_1089|chem_Cu(OH)2,Cu(OH)₂,Cu(OH)₂,Film/Coating
paper_1089|output_1089|chem_Cu2O,Cu₂O,Cu₂O,Crystalline; Film/Coating; Particle/Cluster
paper_1089|output_1089|chem_CuO,CuO,CuO,Crystalline; Film/Coating; Particle/Cluster
paper_108|output_108|chem_Ni83Fe17_ONCAs,Ni83Fe17 alloy nanocones arrays,Ni83Fe17,1D Wire/Rod/Tube; Amorphous; Array/Aligned; Porous Network; Rough/Wrinkled
paper_1090|output_1090|chem_Cu2O_NW_CF,CF@Cu₂O NW,Cu₂O,2D Sheet
paper_1090|output_1090|chem_LDH_3,CF@LDH-3,CoFe LDH,2D Sheet; Porous Network; Rough/Wrinkled
paper_1091|output_1091|chem_Cu2S,Cu₂S,Cu₂S,1D Wire/Rod/Tube; Array/Aligned; Porous Network
paper_1091|output_1091|chem_Cu2S_Ni,Cu₂S@Ni,Cu₂S@Ni,1D Wire/Rod/Tube; Hollow/Core-Shell
paper_1092|output_1092|chem_Cu_NWs,Cu NWs,Cu,1D Wire/Rod/Tube; 2D Sheet; Film/Coating; Generic Nanostructure; Hollow/Core-Shell; Porous Network
paper_1092|output_1092|chem_Cu_NiFe_LDH,Cu@NiFe LDH,,1D Wire/Rod/Tube; 2D Sheet; Generic Nanostructure; Hollow/Core-Shell; Particle/Cluster; Porous Network
paper_1092|output_1092|chem_NiFe_LDH,pure NiFe LDH,,1D Wire/Rod/Tube; 2D Sheet; Generic Nanostructure; Porous Network
paper_1094|output_1094|chem_h-WNRAs,hexagonal tungsten oxide nanorod arrays,WO3,1D Wire/Rod/Tube; Array/Aligned; Generic Nanostructure
paper_1095|output_1095|chem_FeNiB,FeNiB,FeNiB,Particle/Cluster
paper_1096|output_1096|chem_Co-BF,Co–BF,,1D Wire/Rod/Tube; Porous Network
paper_1096|output_1096|chem_CoMo_Co-BF,CoMo/Co–BF,CoMo,1D Wire/Rod/Tube; Crystalline; Generic Nanostructure; Particle/Cluster; Porous Network
paper_1098|output_1098|chem_Ni3S2,Ni₃S₂,Ni₃S₂,2D Sheet; Particle/Cluster; Porous Network
paper_1098|output_1098|chem_Ni3S2_NF,Ni₃S₂-NF,Ni₃S₂ on nickel foam,2D Sheet; Porous Network
paper_1099|output_1099|chem_CP_EGZn_DMG,CP/EGZn/DMG hydrogel electrolyte,,Particle/Cluster; Porous Network
paper_1099|output_1099|chem_CP_EGZn_betaine,CP/EGZn/betaine hydrogel electrolyte,,Porous Network
paper_1099|output_1099|chem_CP_EGZn_proline,CP/EGZn/proline hydrogel electrolyte,,1D Wire/Rod/Tube; Porous Network
paper_109|output_109|chem_NiMo_Int_NF,NiMo/Int/NF,NiMo/MoO2/Ni,1D Wire/Rod/Tube; Porous Network; Rough/Wrinkled
paper_109|output_109|chem_NiMo_NF,NiMo/NF,,Porous Network
paper_10|output_10|chem_Sigracet_39BB_MPL,Sigracet 39BB with Microporous Layer,,Porous Network
paper_1100|output_1100|chem_Pt,Pt,Pt,Film/Coating; Rough/Wrinkled
paper_1100|output_1100|chem_Pt_Au,Pt/Au nano-film,Pt/Au,Film/Coating; Rough/Wrinkled
paper_1101|output_1101|chem_FeCoPd,FeCoPd,FeCoPd,Particle/Cluster
paper_1102|output_1102|chem_NiFeP_CC,NiFeP/CC,(NiFe)2P,1D Wire/Rod/Tube; 2D Sheet; Particle/Cluster; Porous Network
paper_1102|output_1102|chem_Zn_NiFe_LDH_CC,Zn–NiFe LDH/CC,,1D Wire/Rod/Tube; 2D Sheet; Particle/Cluster; Porous Network
paper_1102|output_1102|chem_d_NiFeP_CC,d-NiFeP/CC,(NiFe)2P,1D Wire/Rod/Tube; 2D Sheet; Particle/Cluster; Porous Network
paper_1103|output_1103|chem_NS,NS,NiSe,1D Wire/Rod/Tube; 2D Sheet; Faceted Polyhedron; Particle/Cluster; Porous Network
paper_1103|output_1103|chem_NS_NOOH_1,NS/NOOH-1,NiSe/NiOOH,1D Wire/Rod/Tube; 2D Sheet; Crystalline; Flower/Urchin/Dendrite; Generic Nanostructure; Particle/Cluster; Porous Network
paper_1103|output_1103|chem_NS_NOOH_30,NS/NOOH-30,NiSe/NiOOH,1D Wire/Rod/Tube; 2D Sheet; Crystalline; Flower/Urchin/Dendrite; Generic Nanostructure; Particle/Cluster; Porous Network
paper_1104|output_1104|chem_Ni1-xFex_3P,(Ni_{1 - x}Fe_x)_3P,(Ni_{1 - x}Fe_x)_3P,1D Wire/Rod/Tube; 2D Sheet; Amorphous; Crystalline; Generic Nanostructure; Particle/Cluster; Porous Network
paper_1105|output_1105|chem_n_nicop_nf,N-NiCoP/NF,N-NiCoP,1D Wire/Rod/Tube; Crystalline; Hierarchical; Porous Network
paper_1105|output_1105|chem_ni_co_nf,NiCo/NF,NiCo,1D Wire/Rod/Tube; Generic Nanostructure; Particle/Cluster; Porous Network
paper_1105|output_1105|chem_nicon_nf,NiCoN/NF,NiCoN,Flower/Urchin/Dendrite; Porous Network
paper_1105|output_1105|chem_nicop_nf,NiCoP/NF,NiCoP,Porous Network
paper_1106|output_1106|chem_1T_WS2_2H_WS2_CdS_WWC_1,1T-WS2/2H-WS2/CdS heterostructures (WWC-1),1T-WS2/2H-WS2/CdS,1D Wire/Rod/Tube; Porous Network
paper_1106|output_1106|chem_CdS,pure CdS nanorods,CdS,1D Wire/Rod/Tube; Generic Nanostructure; Particle/Cluster; Porous Network
paper_1106|output_1106|chem_WS2,pure WS2 nanosheets,WS2,2D Sheet
paper_1107|output_1107|chem_Ni3S2,Ni3S2,Ni₃S₂,2D Sheet; Porous Network
paper_1108|output_1108|chem_P25,commercial P25,TiO2,Particle/Cluster
paper_1108|output_1108|chem_PC_0.1,PC-0.1,,Particle/Cluster
paper_1109|output_1109|chem_Cu-SnS2-x,Cu-SnS2-x,Cu-SnS2-x,2D Sheet
paper_1109|output_1109|chem_SnS2,SnS2,SnS2,2D Sheet
paper_1110|output_1110|chem_Fe-HPNC_Co3O4,Fe-HPNC/Co₃O₄,FeN₂ + Co₃O₄,Hierarchical; Particle/Cluster; Porous Network
paper_1111|output_1111|chem_NiCo_LDH_CoNi2S4,NiCo-LDH@CoNi2S4,,2D Sheet
paper_1111|output_1111|chem_NiOOH,NiOOH,NiOOH,2D Sheet; Porous Network
paper_1111|output_1111|chem_NiOOH_Ni3S2,NiOOH@Ni3S2,,2D Sheet
paper_1111|output_1111|chem_Ni_Co_P_CoNi2S4,Ni–Co–P@CoNi2S4,,2D Sheet; Hollow/Core-Shell
paper_1111|output_1111|chem_Ni_Co_oxyhydroxides,Ni–Co oxyhydroxides,,2D Sheet; Generic Nanostructure; Particle/Cluster
paper_1112|output_1112|chem_Cu4N_Ni3N_CFC,Cu₄N/Ni₃N,Cu₄N/Ni₃N,2D Sheet
paper_1112|output_1112|chem_S_NiFe_OOH_NF,"S-(Ni,Fe)OOH/NF",,Porous Network
paper_1113|output_1113|chem_NiFe_LDH,NiFe layered double hydroxide,NiFe-LDH,2D Sheet
paper_1114|output_1114|chem_CoBi,CoBi,,2D Sheet; Amorphous; Particle/Cluster; Porous Network
paper_1114|output_1114|chem_CoBi_MXene,CoBi/MXene,,2D Sheet; Amorphous; Particle/Cluster; Porous Network
paper_1114|output_1114|chem_MXene,MXene,Ti₃C₂Tₓ,2D Sheet
paper_1116|output_1116|chem_Mo2C,Mo₂C,Mo₂C,2D Sheet
paper_1116|output_1116|chem_Ru1_Mo2C,Ru₁–Mo₂C,Ru₁-Mo₂C,2D Sheet; Porous Network
paper_1116|output_1116|chem_RuNF,Ru/NF,,Porous Network
paper_1117|output_1117|chem_Co_film_TP,Co film/TP,Co,Film/Coating; Porous Network
paper_1117|output_1117|chem_Co_foam_TP,Co foam/TP,Co,Film/Coating; Porous Network
paper_1117|output_1117|chem_TP,TP,Ti,Generic Nanostructure; Particle/Cluster; Porous Network
paper_1118|output_1118|chem_NiO_Ni_Cu,NiO/Ni@Cu,NiO/Ni,2D Sheet; Hollow/Core-Shell; Particle/Cluster; Porous Network
paper_1118|output_1118|chem_Ni_Cu,Ni@Cu,Ni,2D Sheet; Hollow/Core-Shell; Porous Network
paper_1118|output_1118|chem_Ni_OH_2_Ni_Cu,Ni(OH)₂/Ni@Cu,Ni(OH)₂/Ni,2D Sheet; Hollow/Core-Shell; Porous Network
paper_111|output_111|chem_NiFe_Ce_LDH,NiFe-Ce LDH,NiFeCe(OH)x,2D Sheet; Array/Aligned; Generic Nanostructure; Porous Network
paper_111|output_111|chem_Ni_Ce_LDH,Ni-Ce LDH,,2D Sheet; Porous Network
paper_111|output_111|chem_Ni_Fe_LDH,Ni-Fe LDH,,2D Sheet; Porous Network
paper_1122|output_1122|chem_Co3O4,Co3O4,Co3O4,Particle/Cluster
paper_1122|output_1122|chem_W-Co3O4,W–Co3O4,W-Co3O4,Particle/Cluster
paper_1122|output_1122|chem_com_Co3O4,commercial Co3O4,Co3O4,Particle/Cluster
paper_1123|output_1123|chem_PtRuMoFeCoNi_HEA-QDs,PtRuMoFeCoNi high-entropy alloy quantum dots,PtRuMoFeCoNi,Particle/Cluster
paper_1124|output_1124|chem_Pt1_PC,Pt₁@PC,Pt₁@PC,Particle/Cluster; Porous Network
paper_1124|output_1124|chem_Pt1_PMo12_PC,Pt₁@PMo₁₂@PC,Pt₁@PMo₁₂@PC,Hollow/Core-Shell; Particle/Cluster; Porous Network
paper_1124|output_1124|chem_Pt1_PW12_PC,Pt₁@PW₁₂@PC,Pt₁@PW₁₂@PC,Hollow/Core-Shell; Particle/Cluster; Porous Network
paper_1125|output_1125|chem_MSN_WO3,MSN-WO3,WO3,1D Wire/Rod/Tube; 2D Sheet; Flower/Urchin/Dendrite; Generic Nanostructure; Particle/Cluster; Porous Network; Rough/Wrinkled
paper_1125|output_1125|chem_MSN_WO3_x,MSN-WO3-x,WO3-x,1D Wire/Rod/Tube; Array/Aligned; Generic Nanostructure; Particle/Cluster; Porous Network; Rough/Wrinkled
paper_1125|output_1125|chem_Ru_MSN_WO3_x,Ru/MSN-WO3-x,Ru/WO3-x,1D Wire/Rod/Tube; Array/Aligned; Flower/Urchin/Dendrite; Generic Nanostructure; Particle/Cluster; Porous Network; Rough/Wrinkled
paper_1127|output_1127|chem_Ru_CoP,needle-like Ru/CoP,Ru/CoP,1D Wire/Rod/Tube
paper_1127|output_1127|chem_Ru_CoP_B,Ru/CoP-B,Ru/CoP,1D Wire/Rod/Tube
paper_1129|output_1129|chem_Pt_NC,Pt/NC,Pt/NC,Generic Nanostructure; Particle/Cluster
paper_1129|output_1129|chem_Pt_NSC,Pt/NSC,Pt/NSC,Crystalline; Particle/Cluster; Porous Network
paper_1129|output_1129|chem_Pt_XC_72,Pt/XC-72,Pt/XC-72,Particle/Cluster
paper_1130|output_1130|chem_La1-Run_NC,La₁–Ruₙ/NC,La₁-Ruₙ/NC,Particle/Cluster
paper_1130|output_1130|chem_MoO3-Run_NC,MoO₃–Ruₙ/NC,MoO₃-Ruₙ/NC,Particle/Cluster
paper_1130|output_1130|chem_Sm1-Run_NC,Sm₁–Ruₙ/NC,Sm₁-Ruₙ/NC,1D Wire/Rod/Tube; Particle/Cluster
paper_1132|output_1132|chem_Pt_B-WO2.9,Pt/B-WO2.9,Pt/B-WO2.9,Particle/Cluster
paper_1133|output_1133|chem_Ru_YNC,Ru–YNC,,2D Sheet; Generic Nanostructure; Hollow/Core-Shell; Particle/Cluster; Porous Network
paper_1134|output_1134|chem_RuS2-x,RuS2-x (Sv),RuS2-x,2D Sheet; Faceted Polyhedron; Generic Nanostructure; Hollow/Core-Shell; Particle/Cluster
paper_1136|output_1136|chem_Co(OH)2_CC,Co(OH)₂/CC,Co(OH)₂,Porous Network
paper_1136|output_1136|chem_Ru_CC,Ru/CC,Ru,2D Sheet; Film/Coating
paper_1138|output_1138|chem_RuW_W-NC,RuW/W–NC,,Particle/Cluster
paper_1139|output_1139|chem_Ru_NPs_RANEY_Ni,Ru_NPs@RANEY® Ni,Ru/Ni,Generic Nanostructure; Particle/Cluster; Porous Network
paper_113|output_113|chem_Cu_GDE,25-nm-thick Cu-coated gas diffusion electrode,Cu,Crystalline; Film/Coating; Porous Network
paper_1140|output_1140|chem_CoFe_LDH,CoFe LDH,,Porous Network
paper_1141|output_1141|chem_pt1ru2_moc,Pt₁Ru₂/MoC,Pt₁Ru₂/MoC,Generic Nanostructure; Particle/Cluster
paper_1141|output_1141|chem_pt_moc,Pt/MoC,Pt/MoC,Particle/Cluster
paper_1141|output_1141|chem_ru_moc,Ru/MoC,Ru/MoC,Particle/Cluster
paper_1142|output_1142|chem_d-NiFeP_CC,d-NiFeP/CC,(NiFe)2P,1D Wire/Rod/Tube; 2D Sheet; Generic Nanostructure; Particle/Cluster; Porous Network
paper_1143|output_1143|chem_MoS2_MM,MoS2/MM,MoS2,1D Wire/Rod/Tube; Generic Nanostructure; Particle/Cluster
paper_1143|output_1143|chem_MoS2_MM_C,MoS2/MM-C,MoS2,1D Wire/Rod/Tube; Generic Nanostructure; Particle/Cluster
paper_1143|output_1143|chem_O_MoS2_MM,O-MoS2/MM,MoS2Ox,1D Wire/Rod/Tube; Generic Nanostructure; Particle/Cluster; Porous Network
paper_1143|output_1143|chem_oxidized_MoS2_MM,oxidized MoS2/MM,MoS2Ox,1D Wire/Rod/Tube; Generic Nanostructure; Particle/Cluster
paper_1145|output_1145|chem_Au3Ir,Au₃Ir nanoalloys,Au₃Ir,Particle/Cluster
paper_1146|output_1146|chem_0.5Pd_FeOx,0.5Pd-FeO_x,Pd(0.5wt%)-FeO_x,Particle/Cluster
paper_1146|output_1146|chem_5Pd_FeOx,5Pd-FeO_x,Pd(5wt%)-FeO_x,Particle/Cluster
paper_1146|output_1146|chem_Pd3Fe_FeOx,0.5Pd_3Fe-FeO_x,Pd3Fe(0.5wt% Pd)-FeO_x,Particle/Cluster
paper_1147|output_1147|chem_NiSe_NF,NiSe/NF,NiSe,1D Wire/Rod/Tube; Flower/Urchin/Dendrite; Generic Nanostructure; Porous Network
paper_1147|output_1147|chem_powdery_NiSe,powdery NiSe,NiSe,1D Wire/Rod/Tube; Flower/Urchin/Dendrite; Generic Nanostructure; Porous Network
paper_1148|output_1148|chem_polycrystalline_Ag,polycrystalline silver,Ag,Crystalline
paper_1148|output_1148|chem_polycrystalline_Au,polycrystalline gold,Au,Crystalline
paper_1149|output_1149|chem_Pt,Pt thin-film electrode,Pt,Film/Coating; Particle/Cluster; Porous Network
paper_114|output_114|chem_Ni0.04Co0.48Zn0.36V0.12Cr2Ox,Ni0.04Co0.48Zn0.36V0.12Cr2Ox,Ni0.04Co0.48Zn0.36V0.12Cr2Ox,Crystalline; Generic Nanostructure; Particle/Cluster; Porous Network
paper_1150|output_1150|chem_CoCat,CoCat,,Film/Coating
paper_1151|output_1151|chem_MWCNT-GCE,multi-walled carbon nanotube composite film-glassy carbon electrode,,1D Wire/Rod/Tube; Film/Coating
paper_1152|output_1152|chem_NiII_O_CoII,Ni^{II} -O- Co^{II},Co-Ni(OH)_2,Porous Network
paper_1152|output_1152|chem_NiII_O_NiII,Ni^{II} -O- Ni^{II},Ni(OH)_2,Porous Network
paper_1152|output_1152|chem_NiII_delta_O_CoII_delta,Ni^{II + δ} -O- Co^{II + δ},Co-Ni(OH)_2@CoNi,Porous Network
paper_1152|output_1152|chem_NiII_delta_O_NiII_delta,Ni^{II + δ} -O- Ni^{II + δ},Ni(OH)_2@Ni,Porous Network
paper_1153|output_1153|chem_co_ru_das_ru_nps_nc_4,Co-Ru DAS/Ru NPs/NC-4,,Generic Nanostructure; Particle/Cluster
paper_1154|output_1154|chem_CeO2-NiCoP,CeO2-NiCoP,CeO2-NiCoP,1D Wire/Rod/Tube; 2D Sheet; Array/Aligned; Generic Nanostructure; Hollow/Core-Shell; Porous Network; Rough/Wrinkled
paper_1154|output_1154|chem_NiCoP,NiCoP,NiCoP,1D Wire/Rod/Tube; Array/Aligned; Generic Nanostructure; Rough/Wrinkled
paper_1155|output_1155|chem_FeCoNi_LDH,FeCoNi LDH,,1D Wire/Rod/Tube; 2D Sheet; Flower/Urchin/Dendrite; Generic Nanostructure; Particle/Cluster; Porous Network; Rough/Wrinkled
paper_1155|output_1155|chem_FeNi_LDH,FeNi LDH,,2D Sheet; Generic Nanostructure; Porous Network; Rough/Wrinkled
paper_1155|output_1155|chem_NiCo_LDH,NiCo LDH,,2D Sheet; Porous Network
paper_1155|output_1155|chem_NiNi_LDH,NiNi LDH,,2D Sheet; Generic Nanostructure; Particle/Cluster; Porous Network; Rough/Wrinkled
paper_1156|output_1156|chem_co_co_oh_2,Co@Co(OH)₂,Co@Co(OH)₂,2D Sheet; Generic Nanostructure; Hollow/Core-Shell; Porous Network
paper_1156|output_1156|chem_p_co_co_oh_2,P-Co/Co(OH)₂,P-Co/Co(OH)₂,Hollow/Core-Shell; Porous Network
paper_1157|output_1157|chem_RhPd-H_NPs,RhPd-H NPs,RhPd-H,Crystalline; Particle/Cluster
paper_1157|output_1157|chem_RhPd_NPs,RhPd NPs,RhPd,Particle/Cluster
paper_1158|output_1158|chem_RhPd-H,RhPd-H,RhPdH,1D Wire/Rod/Tube; 2D Sheet; Flower/Urchin/Dendrite; Generic Nanostructure; Hollow/Core-Shell; Particle/Cluster; Rough/Wrinkled
paper_1158|output_1158|chem_RhPd-H/C-A,RhPd-H/C-A,,2D Sheet; Hollow/Core-Shell
paper_115|output_115|chem_HEA_AlZnFeCoNi,High-Entropy Alloy interphase layer,Al7Zn5Fe4Co3Ni1,Film/Coating; Particle/Cluster; Rough/Wrinkled
paper_115|output_115|chem_bare_Li,bare Lithium,Li,Crystalline; Film/Coating; Generic Nanostructure; Rough/Wrinkled
paper_1160|output_1160|chem_Fe_Ni_111_flat,Fe/Ni(111)_flat,Fe/Ni(111),2D Sheet; Generic Nanostructure; Particle/Cluster; Rough/Wrinkled
paper_1160|output_1160|chem_NF_acid,acid-treated NF (NF_acid),,Porous Network; Rough/Wrinkled
paper_1160|output_1160|chem_Ni_111_flat,Ni(111)_flat,Ni(111),Particle/Cluster
paper_1161|output_1161|chem_FeMoO4,FeMoO4,FeMoO4,Crystalline; Generic Nanostructure; Particle/Cluster; Porous Network
paper_1161|output_1161|chem_alpha_FeOOH,α-FeO(OH),FeO(OH),2D Sheet; Faceted Polyhedron; Generic Nanostructure; Particle/Cluster; Porous Network
paper_1161|output_1161|chem_gamma_FeOOH,γ-FeO(OH),FeO(OH),2D Sheet; Faceted Polyhedron; Generic Nanostructure; Particle/Cluster; Porous Network
paper_1162|output_1162|chem_FeMoO4_NF,FeMoO4/NF,FeMoO4,1D Wire/Rod/Tube; Generic Nanostructure; Particle/Cluster; Porous Network
paper_1163|output_1163|chem_FeMoO4_NF,FeMoO4/NF,FeMoO4,Generic Nanostructure; Particle/Cluster; Porous Network
paper_1163|output_1163|chem_FeMoO4_powder_NF,FeMoO4 powder/NF,FeMoO4,Generic Nanostructure; Particle/Cluster; Porous Network
paper_1164|output_1164|chem_CuNiFe_0.1_CF,CuNiFe0.1@CF,CuNiFe_{0.1}@CF,Porous Network
paper_1164|output_1164|chem_CuNiFe_1_CF,CuNiFe1@CF,CuNiFe_{1}@CF,Hollow/Core-Shell; Particle/Cluster; Porous Network
paper_1164|output_1164|chem_CuNiFe_3_CF,CuNiFe3@CF,CuNiFe_{3}@CF,Hollow/Core-Shell; Particle/Cluster; Porous Network
paper_1165|output_1165|chem_NiOOH,NiOOH,NiOOH,2D Sheet
paper_1166|output_1166|chem_FeCoNiLaPd,FeCoNiLaPd,,1D Wire/Rod/Tube; 2D Sheet; Generic Nanostructure; Hierarchical; Particle/Cluster
paper_1166|output_1166|chem_FeCoNiPd,FeCoNiPd,,Particle/Cluster
paper_1166|output_1166|chem_FeCoNiScPd,FeCoNiScPd,,Particle/Cluster
paper_1167|output_1167|chem_Cr2S3_NF,Cr₂S₃@NF,Cr₂S₃,Particle/Cluster; Porous Network
paper_1167|output_1167|chem_Ni3S2_Cr2S3_NF,Ni₃S₂/Cr₂S₃@NF,Ni₃S₂/Cr₂S₃,Particle/Cluster; Porous Network
paper_1167|output_1167|chem_Ni3S2_NF,Ni₃S₂@NF,Ni₃S₂,Particle/Cluster; Porous Network
paper_1167|output_1167|chem_NiCr_NF,NiCr@NF,NiCr,Porous Network
paper_1168|output_1168|chem_na_ru3ni,NA-Ru₃Ni,Ru₃Ni,Generic Nanostructure; Particle/Cluster
paper_1168|output_1168|chem_na_ru3ni_c,NA-Ru₃Ni/C,Ru₃Ni/C,Generic Nanostructure
paper_1168|output_1168|chem_ru3ni_300,Ru₃Ni-300,Ru₃Ni,Generic Nanostructure; Particle/Cluster
paper_1168|output_1168|chem_ru3ni_600,Ru₃Ni-600,Ru₃Ni,Generic Nanostructure; Particle/Cluster
paper_1169|output_1169|chem_PtCoCuNiZn,ultrafine quinary PtCoCuNiZn nanoalloy,PtCoCuNiZn,Particle/Cluster
paper_1169|output_1169|chem_PtCoCuZn,ultrafine PtCoCuZn nanoalloy,PtCoCuZn,Array/Aligned; Particle/Cluster
paper_1169|output_1169|chem_PtCuZn,ultrafine PtCuZn nanoalloy,PtCuZn,Array/Aligned
paper_1169|output_1169|chem_PtZn,ultrafine PtZn nanoalloy,PtZn,Array/Aligned; Particle/Cluster
paper_116|output_116|chem_Pt_surface,Pt surface,Pt,1D Wire/Rod/Tube; Amorphous; Crystalline; Hollow/Core-Shell; Particle/Cluster
paper_116|output_116|chem_jagged_Pt_NW,jagged Pt nanowires,Pt,1D Wire/Rod/Tube; Amorphous; Crystalline; Hollow/Core-Shell; Particle/Cluster
paper_1170|output_1170|chem_boronized_Co,boronized Co sheet,,Film/Coating; Rough/Wrinkled
paper_1170|output_1170|chem_boronized_Fe,boronized Fe sheet,,Film/Coating; Rough/Wrinkled
paper_1170|output_1170|chem_boronized_Ni,boronized Ni sheet,,2D Sheet; Film/Coating; Generic Nanostructure; Rough/Wrinkled
paper_1170|output_1170|chem_boronized_NiFe_35,boronized 35% NiFe alloy sheet,,Film/Coating
paper_1170|output_1170|chem_boronized_NiFe_50,boronized 50% NiFe alloy sheet,,Film/Coating
paper_1170|output_1170|chem_boronized_NiFe_80,boronized 80% NiFe alloy sheet,,2D Sheet; Film/Coating; Generic Nanostructure; Rough/Wrinkled
paper_1171|output_1171|chem_Co3_xNixO4_NF,Co_{3-x}Ni_xO_4/NF,Co_{3-x}Ni_xO_4,Hollow/Core-Shell; Particle/Cluster; Porous Network; Rough/Wrinkled
paper_1171|output_1171|chem_EA_Co3_xNixO4_NF,EA-Co_{3-x}Ni_xO_4/NF,Co_yNi_{1-y}O,Hollow/Core-Shell; Particle/Cluster; Porous Network; Rough/Wrinkled
paper_1172|output_1172|chem_Ni45Fe55,Ni45Fe55,Ni_{0.45}Fe_{0.55}OOH,2D Sheet; Particle/Cluster
paper_1173|output_1173|chem_Ni(OH)2,Ni(OH)₂,Ni(OH)₂,Particle/Cluster
paper_1173|output_1173|chem_Ni5Co3Mo-OH,Ni5Co3Mo-OH,Ni₅Co₃Mo-OH,2D Sheet; Particle/Cluster; Porous Network
paper_1173|output_1173|chem_NiCo-OH,NiCo-OH,NiCo-OH,Particle/Cluster; Porous Network
paper_1173|output_1173|chem_NiMo-OH,NiMo-OH,NiMo-OH,Particle/Cluster
paper_1174|output_1174|chem_Cl-Ni(OH)2,Cl-Ni(OH)₂,Cl-Ni(OH)₂,2D Sheet; Particle/Cluster; Porous Network
paper_1174|output_1174|chem_EE_Cl-Ni(OH)2,EE/Cl-Ni(OH)₂,EE/Cl-Ni(OH)₂,2D Sheet; Particle/Cluster
paper_1174|output_1174|chem_Ni(OH)2,Ni(OH)₂,Ni(OH)₂,2D Sheet; Particle/Cluster; Porous Network
paper_1175|output_1175|chem_Ni_Ni3C,Ni/Ni3C,Ni/Ni₃C,2D Sheet; Particle/Cluster; Porous Network
paper_1175|output_1175|chem_OH_Ni,OH-Ni,OH-Ni,Crystalline; Flower/Urchin/Dendrite; Generic Nanostructure; Particle/Cluster; Rough/Wrinkled
paper_1175|output_1175|chem_OH_Ni_Ni3C,OH-Ni/Ni3C,OH-Ni/Ni₃C,Flower/Urchin/Dendrite; Generic Nanostructure; Hierarchical; Particle/Cluster; Porous Network; Rough/Wrinkled
paper_1177|output_1177|chem_Ni_Ni3S2_NPs,Ni@Ni₃S₂ NPs,Ni@Ni₃S₂,1D Wire/Rod/Tube; 2D Sheet; Hollow/Core-Shell; Particle/Cluster; Porous Network
paper_1178|output_1178|chem_MoO2_Ru_NT,MoO2@Ru NT,MoO2@Ru,1D Wire/Rod/Tube; 2D Sheet; Generic Nanostructure; Porous Network
paper_1179|output_1179|chem_NiFeMo_NF,NiFeMo/NF,NiFeMo (oxy)hydroxide,2D Sheet; Porous Network
paper_1179|output_1179|chem_NiFe_NF,NiFe/NF,NiFe (oxy)hydroxide,2D Sheet; Porous Network
paper_1179|output_1179|chem_NiMo_NF,NiMo/NF,NiMo (oxy)hydroxide,Porous Network
paper_1179|output_1179|chem_Ni_NF,Ni/NF,Ni (oxy)hydroxide,Porous Network
paper_117|output_117|chem_B2_CuPd,B2 CuPd nanocubes,CuPd,Faceted Polyhedron
paper_117|output_117|chem_Co_Cu_M_oxide,(CoxCuyM1-x-y)3O4,,Amorphous; Porous Network
paper_117|output_117|chem_CuAl_alloy,dealloyed nanoporous CuAl,CuAl,Porous Network
paper_117|output_117|chem_evaporated_Cu,evaporated Cu,Cu,Crystalline; Porous Network
paper_117|output_117|chem_nanoporous_Cu,nanoporous Cu,Cu,Crystalline; Porous Network
paper_1180|output_1180|chem_fct_PtCo_NC,fct-PtCo@NC,fct-PtCo@NC,Particle/Cluster
paper_1181|output_1181|chem_Ir,pure Ir,Ir,Generic Nanostructure; Particle/Cluster
paper_1181|output_1181|chem_IrY,IrY alloy,IrY,Particle/Cluster
paper_1182|output_1182|chem_Ni_NP,Ni NP,,Particle/Cluster
paper_1183|output_1183|chem_MNN_1,MNN-1,Mo-NiO/Ni,Crystalline; Particle/Cluster
paper_1183|output_1183|chem_MNN_2,MNN-2,Mo-NiO/Ni,Crystalline; Particle/Cluster
paper_1183|output_1183|chem_MNN_3,MNN-3,Mo-NiO/Ni,Crystalline; Particle/Cluster
paper_1183|output_1183|chem_MNN_4,MNN-4,Mo-NiO/Ni,Crystalline; Particle/Cluster
paper_1183|output_1183|chem_Ni_NPs,Ni nanoparticles,Ni,Crystalline; Particle/Cluster
paper_1183|output_1183|chem_c_Mo_NiO,c-Mo-NiO,Mo-NiO,Crystalline; Film/Coating; Particle/Cluster
paper_1183|output_1183|chem_c_Mo_NiO_Ni,c-Mo-NiO/Ni,Mo-NiO/Ni,Crystalline; Particle/Cluster
paper_1184|output_1184|chem_NiOOH_SNW,NiOOH SNWs,NiOOH,1D Wire/Rod/Tube; 2D Sheet; Generic Nanostructure; Particle/Cluster
paper_1184|output_1184|chem_Zn_NiOOH_SNW,Zn-NiOOH SNWs,Zn-NiOOH,1D Wire/Rod/Tube; 2D Sheet; Generic Nanostructure; Particle/Cluster; Porous Network
paper_1185|output_1185|chem_Co-B@CoO_Ti,Co-B@CoO/Ti,Co-B@CoO,1D Wire/Rod/Tube; Array/Aligned; Generic Nanostructure; Hollow/Core-Shell; Particle/Cluster; Porous Network
paper_1185|output_1185|chem_CoO_Ti,CoO/Ti,CoO,1D Wire/Rod/Tube; Array/Aligned; Generic Nanostructure; Hierarchical; Hollow/Core-Shell; Particle/Cluster; Porous Network; Rough/Wrinkled
paper_1186|output_1186|chem_Ni(OH)2,Ni(OH)2,Ni(OH)2,2D Sheet; Porous Network
paper_1187|output_1187|chem_cf_ni2co1zn_ldh,CF@Ni2Co1Zn-LDH,,2D Sheet; Particle/Cluster
paper_1187|output_1187|chem_cf_nicozn_ldh_co9s8_qd,CF@NiCoZn-LDH/Co9S8-QD,NiCoZn-LDH/Co₉S₈,2D Sheet; Film/Coating; Particle/Cluster
paper_1189|output_1189|chem_Co-NC,Co-NC,Co,Porous Network
paper_1189|output_1189|chem_Ni-NC,Ni-NC,Ni,1D Wire/Rod/Tube; Hollow/Core-Shell; Porous Network
paper_1189|output_1189|chem_Ni0.9Co0.1-NC,Ni0.9Co0.1-NC,Ni_{0.9}Co_{0.1},2D Sheet; Amorphous; Particle/Cluster; Porous Network
paper_118|output_118|chem_Ru_TiMnO_x,Ru/TiMnO x,Ru/TiMnOx,Crystalline; Generic Nanostructure; Particle/Cluster; Porous Network
paper_1190|output_1190|chem_cu_ni_niZn,activated NiZn coatings,,2D Sheet; Crystalline; Film/Coating; Generic Nanostructure; Particle/Cluster; Porous Network; Rough/Wrinkled
paper_1190|output_1190|chem_cu_ni_niZn_Au,Gold-supported activated NiZn coatings,,Film/Coating; Rough/Wrinkled
paper_1191|output_1191|chem_NiFe,NiFe,NiFe,2D Sheet; Film/Coating; Porous Network
paper_1191|output_1191|chem_NiFeOx,NiFeOx,NiFeOx,1D Wire/Rod/Tube; Film/Coating; Particle/Cluster; Porous Network; Rough/Wrinkled
paper_1191|output_1191|chem_NiFe_NiFeOx_200,NiFe/NiFeOx-200,NiFe/NiFeOx,1D Wire/Rod/Tube; Film/Coating; Porous Network
paper_1191|output_1191|chem_NiFe_NiFeOx_500,NiFe/NiFeOx-500,NiFe/NiFeOx,1D Wire/Rod/Tube; Film/Coating; Porous Network
paper_1191|output_1191|chem_NiFe_NiFeOx_800,NiFe/NiFeOx-800,NiFe/NiFeOx,1D Wire/Rod/Tube; Film/Coating; Porous Network
paper_1193|output_1193|chem_Fe,Fe film,,Film/Coating; Rough/Wrinkled
paper_1193|output_1193|chem_Ni_Fe_40Fe,Ni-Fe films with a bulk and surface composition of 40% Fe,,Film/Coating; Rough/Wrinkled
paper_1193|output_1193|chem_Ni_aged,aged Ni film,,Film/Coating; Rough/Wrinkled
paper_1193|output_1193|chem_Ni_fresh,freshly deposited Ni film,,Film/Coating; Rough/Wrinkled
paper_1194|output_1194|chem_NiOOH,NiOOH,NiOOH,2D Sheet
paper_1194|output_1194|chem_Ni_0.75_Fe_0.25_OOH,Ni_{0.75}Fe_{0.25}OOH,Ni_{0.75}Fe_{0.25}OOH,2D Sheet
paper_1195|output_1195|chem_beta_ni_oh_2_assembled,assembled β-Ni(OH)₂,Ni(OH)₂,1D Wire/Rod/Tube; 2D Sheet; Faceted Polyhedron; Generic Nanostructure; Particle/Cluster; Porous Network; Rough/Wrinkled
paper_1195|output_1195|chem_beta_ni_oh_2_hexagonal,β-Ni(OH)₂,Ni(OH)₂,1D Wire/Rod/Tube; 2D Sheet; Faceted Polyhedron; Generic Nanostructure; Particle/Cluster; Porous Network; Rough/Wrinkled
paper_1197|output_1197|chem_Ni45Fe55,Ni45Fe55,Ni_{0.45}Fe_{0.55}OOH,2D Sheet
paper_1199|output_1199|chem_polycrystalline_Pt,polycrystalline Pt,Pt,Crystalline
paper_119|output_119|chem_NN_12,NN-12,,2D Sheet; Generic Nanostructure; Particle/Cluster
paper_11|output_11|chem_NiFe_LDH,NiFe layered double hydroxides,NiFe-LDH,2D Sheet; Array/Aligned
paper_1200|output_1200|chem_NiFeOOH_H,NiFeOOH-H,Ni0.8Fe0.2OOH,2D Sheet
paper_1200|output_1200|chem_NiFeOOH_T,NiFeOOH-T,Ni0.8Fe0.2OOH,2D Sheet
paper_1200|output_1200|chem_Ni_foam,bare Ni foam,,Porous Network
paper_1201|output_1201|chem_A_MoP_PC,A-MoP@PC,A-MoP@PC,1D Wire/Rod/Tube; Amorphous; Generic Nanostructure; Hollow/Core-Shell; Particle/Cluster; Porous Network
paper_1201|output_1201|chem_MoP_PC,MoP@PC,MoP@PC,1D Wire/Rod/Tube; Porous Network
paper_1202|output_1202|chem_r_ru_ni_oh_2,R-Ru-Ni(OH)₂,R-Ru-Ni(OH)₂,2D Sheet; Generic Nanostructure; Particle/Cluster; Porous Network
paper_1202|output_1202|chem_ru_c,Ru/C,,2D Sheet; Generic Nanostructure; Porous Network
paper_1202|output_1202|chem_ru_ni_oh_2,Ru-Ni(OH)₂,Ru-Ni(OH)₂,1D Wire/Rod/Tube; Generic Nanostructure; Particle/Cluster; Porous Network
paper_1203|output_1203|chem_WO3_0.6H2O,WO₃·0.6H₂O,WO₃·0.6H₂O,1D Wire/Rod/Tube; 2D Sheet; Crystalline; Faceted Polyhedron
paper_1204|output_1204|chem_Co_P,cobalt-phosphorus-derived films,Co-P,Film/Coating; Porous Network
paper_1204|output_1204|chem_Co_P_CF,Co-P on copper foam,Co-P/CF,Film/Coating; Porous Network
paper_1204|output_1204|chem_Co_S,porous cobalt-sulfide films,Co-S,Film/Coating; Porous Network
paper_1204|output_1204|chem_N_Ni,surface nitrogen modified porous Ni,,Porous Network
paper_1204|output_1204|chem_Ni2P_Ni_NF,hierarchically porous Ni2P/Ni/NF,Ni2P/Ni,Porous Network
paper_1204|output_1204|chem_h_NiSx,hierarchically porous nickel sulfide,NiSₓ,Amorphous; Film/Coating; Porous Network
paper_1204|output_1204|chem_hp_Ni,hierarchically porous Ni framework,,Hierarchical; Porous Network
paper_1204|output_1204|chem_sc_Ni2P_delta-_NiHO,sc-Ni2Pδ-/NiHO,Ni2Pδ-/NiHO,Crystalline
paper_1205|output_1205|chem_CoCu_DAC_CP,CoCu DAC@CP,CoCu-N-C,Particle/Cluster
paper_1205|output_1205|chem_CoFe_DAC_CP,CoFe DAC@CP,CoFe-N-C,Particle/Cluster
paper_1205|output_1205|chem_CoZn_DAC_CP,CoZn DAC@CP,CoZn-N-C,Particle/Cluster
paper_1205|output_1205|chem_Co_SAC_CP,Co SAC@CP,Co-N4/C,2D Sheet; Generic Nanostructure; Particle/Cluster; Porous Network
paper_1206|output_1206|chem_120min_ECA_CoNPs@C,120 min ECA-CoNPs@C,Co/C/Co(OH)2,Film/Coating; Particle/Cluster
paper_1206|output_1206|chem_CoNPs@C,CoNPs@C,Co@C,Particle/Cluster
paper_1206|output_1206|chem_bare_CoNPs,bare CoNPs,,Particle/Cluster
paper_1207|output_1207|chem_ru1_pnc,Ru₁/PNC,Ru₁-N₃P₁,Generic Nanostructure
paper_1208|output_1208|chem_Ni_NiO_HG,Ni/NiO@HG,,Hollow/Core-Shell; Particle/Cluster
paper_1208|output_1208|chem_Ni_NiO_HGPxOy,Ni/NiO@HGPxOy,,Particle/Cluster
paper_1209|output_1209|chem_CoMnP_Ni2P_NF,CoMnP/Ni₂P/NF,CoMnP/Ni₂P/NF,2D Sheet; Hierarchical; Porous Network
paper_120|output_120|chem_AHE_Ni2.2Fe1.0Co0.15Mn0.23Cr0.08Zn0.15,Optimal amorphous high-entropy electrocatalyst (AHE),Ni2.2Fe1.0Co0.15Mn0.23Cr0.08Zn0.15,1D Wire/Rod/Tube; Amorphous; Crystalline; Generic Nanostructure; Porous Network
paper_1210|output_1210|chem_Co9S8_WS2_nanobelt,Co9S8/WS2 nanobelt array,Co9S8/WS2,1D Wire/Rod/Tube; 2D Sheet; Array/Aligned; Film/Coating; Porous Network
paper_1210|output_1210|chem_Co9S8_WS2_nanoneedle,Co9S8/WS2 nanoneedle array,Co9S8/WS2,1D Wire/Rod/Tube; 2D Sheet; Array/Aligned; Film/Coating; Porous Network
paper_1210|output_1210|chem_Co9S8_WS2_nanorhombus,Co9S8/WS2 nanorhombus array,Co9S8/WS2,1D Wire/Rod/Tube; 2D Sheet; Array/Aligned; Film/Coating; Porous Network
paper_1213|output_1213|chem_A-Ni_NF,A-Ni/NF,,Generic Nanostructure; Particle/Cluster; Porous Network
paper_1213|output_1213|chem_AC-Ni_NF,AC-Ni/NF,Ni/Ni(OH)₂,Film/Coating; Hollow/Core-Shell; Porous Network
paper_1213|output_1213|chem_CeNi_NF,CeNi/NF,,Film/Coating; Porous Network
paper_1213|output_1213|chem_Ni_NF,Ni/NF,,Flower/Urchin/Dendrite; Generic Nanostructure; Particle/Cluster; Porous Network
paper_1214|output_1214|chem_CuO,CuO,CuO,Faceted Polyhedron; Porous Network
paper_1214|output_1214|chem_Fe2O3,Fe2O3,Fe2O3,2D Sheet; Crystalline; Faceted Polyhedron; Generic Nanostructure; Particle/Cluster; Porous Network
paper_1214|output_1214|chem_MH_TMO,MH-TMO,Fe2O3/CuO,2D Sheet; Faceted Polyhedron; Generic Nanostructure; Particle/Cluster; Porous Network
paper_1215|output_1215|chem_TMB_NiNC,TMB@NiNC,Ni3Co4Fe3B2H14O20,1D Wire/Rod/Tube; Crystalline; Generic Nanostructure; Particle/Cluster; Porous Network
paper_1217|output_1217|chem_alpha_Co(OH)2,α-Co(OH)₂,Co(OH)₂,2D Sheet; Particle/Cluster
paper_1217|output_1217|chem_beta_Co(OH)2,β-Co(OH)₂,Co(OH)₂,2D Sheet; Particle/Cluster
paper_121|output_121|chem_CFO,CoFe2O4,CoFe2O4,Crystalline; Particle/Cluster
paper_121|output_121|chem_CFO_CoBDC,CoFe2O4@CoBDC,CoFe2O4@CoBDC,Hollow/Core-Shell; Particle/Cluster
paper_121|output_121|chem_CoBDC,CoBDC,,Porous Network
paper_1220|output_1220|chem_NiFe-ANNR,NiFe-ANNR,NiFe oxide,Crystalline; Generic Nanostructure; Particle/Cluster
paper_1220|output_1220|chem_NiFe-ANR,NiFe-ANR,NiFe oxide,1D Wire/Rod/Tube; Array/Aligned; Crystalline; Generic Nanostructure; Particle/Cluster
paper_1220|output_1220|chem_NiFe-CNR,NiFe-CNR,NiFe oxide,1D Wire/Rod/Tube; Crystalline; Generic Nanostructure; Particle/Cluster
paper_1221|output_1221|chem_NiFeW1_LDHs,NiFeW1-LDHs,,2D Sheet; Generic Nanostructure; Porous Network
paper_1221|output_1221|chem_NiFeW3_LDHs,NiFeW3-LDHs,,2D Sheet; Generic Nanostructure; Porous Network
paper_1221|output_1221|chem_NiFeW5_LDHs,NiFeW5-LDHs,,2D Sheet; Generic Nanostructure; Porous Network
paper_1221|output_1221|chem_NiFe_LDHs,NiFe-LDHs,,2D Sheet; Generic Nanostructure; Porous Network
paper_1222|output_1222|chem_Ni_NiOx,Ni@NiO_x,Ni@NiO_x,Hollow/Core-Shell
paper_1222|output_1222|chem_Ni_Ni_NiOx,Ni@Ni/NiO_x,Ni@Ni/NiO_x,Hollow/Core-Shell
paper_1223|output_1223|chem_C@CoP-FeP_FF,C@CoP-FeP/FF,,Film/Coating; Flower/Urchin/Dendrite; Generic Nanostructure; Hierarchical; Hollow/Core-Shell; Particle/Cluster; Porous Network
paper_1223|output_1223|chem_CoFeP_FF,CoFeP/FF,,Flower/Urchin/Dendrite; Generic Nanostructure; Hierarchical; Particle/Cluster; Porous Network
paper_1223|output_1223|chem_FF,FF,,Porous Network
paper_1224|output_1224|chem_Co-CuOx,Co-CuOx electrochemical filter,CoOx/CuOx,Particle/Cluster
paper_1224|output_1224|chem_CuOx,CuOx electrochemical filter,CuOx,Array/Aligned
paper_1225|output_1225|chem_p_pt3co_nc,P-Pt3Co/NC,P-Pt₃Co/NC,Particle/Cluster
paper_1225|output_1225|chem_pt3co_nc,Pt₃Co/NC,Pt₃Co/NC,Particle/Cluster
paper_1226|output_1226|chem_mco_373,MCO-373,,Film/Coating; Porous Network
paper_1226|output_1226|chem_mco_373_nf,MCO-373/NF,,Film/Coating; Porous Network
paper_1226|output_1226|chem_mco_573,MCO-573,,Film/Coating
paper_1226|output_1226|chem_mo2c,Mo₂C,Mo₂C,Crystalline; Film/Coating; Particle/Cluster
paper_1226|output_1226|chem_mo2c_nf,Mo₂C/NF,Mo₂C on nickel foam,Crystalline; Film/Coating; Particle/Cluster; Porous Network
paper_1226|output_1226|chem_moo2,MoO₂,MoO₂,Film/Coating
paper_1227|output_1227|chem_c_mo,C-Mo,Mo/ZnCr2O4,Particle/Cluster
paper_1229|output_1229|chem_10_cycle_cu_foil,10-cycle Cu foil,Cu,Porous Network
paper_1229|output_1229|chem_pristine_cu_foil,pristine Cu foil,Cu,Porous Network
paper_122|output_122|chem_Au_CeO2,Au/CeO2,,Crystalline
paper_122|output_122|chem_CoO2_SiO2,CoOx/SiO2,,Generic Nanostructure; Particle/Cluster; Porous Network
paper_122|output_122|chem_Pt_SiO2,Pt/SiO2,,Particle/Cluster
paper_1230|output_1230|chem_cat_51_9,cat.-51.9,NiOOH,Generic Nanostructure; Particle/Cluster; Porous Network
paper_1230|output_1230|chem_mo_o2_ni,MoO2·Ni,MoO2·Ni,2D Sheet
paper_1230|output_1230|chem_nimo_o4_nf,NiMoO4/NF,NiMoO4,1D Wire/Rod/Tube
paper_1232|output_1232|chem_Ni(OH)2_CC,Ni(OH)₂@CC,Ni(OH)₂,2D Sheet
paper_1232|output_1232|chem_Ni(OH)2_M_CC,Ni(OH)₂-M@CC,Ni(OH)₂,2D Sheet
paper_1233|output_1233|chem_CoNi_BDC_LDH,CoNi-BDC@LDH,,2D Sheet
paper_1233|output_1233|chem_CoNi_LDH,CoNi-LDH,,2D Sheet
paper_1234|output_1234|chem_CoO,CoO,CoO,1D Wire/Rod/Tube
paper_1234|output_1234|chem_CoO_NiO,CoO@NiO,CoO@NiO,1D Wire/Rod/Tube
paper_1234|output_1234|chem_Li_0.75V,Li-0.75 V,CoO@NiO,1D Wire/Rod/Tube; Particle/Cluster
paper_1234|output_1234|chem_Li_0.75V_350C,Li-0.75 V-350 °C,CoO@NiO,1D Wire/Rod/Tube
paper_1234|output_1234|chem_NiO,NiO,NiO,1D Wire/Rod/Tube
paper_1235|output_1235|chem_RhP2_Rh_NPG,RhP₂/Rh@NPG,RhP₂/Rh@NPG,Generic Nanostructure; Particle/Cluster; Porous Network
paper_1236|output_1236|chem_CoMn_LDH_Cl,CoMn-LDH-Cl,,1D Wire/Rod/Tube; 2D Sheet; Porous Network
paper_1236|output_1236|chem_CoMn_LDH_NO3,CoMn-LDH-NO3,,1D Wire/Rod/Tube; 2D Sheet; Porous Network
paper_1236|output_1236|chem_CoMn_LDH_SO4,CoMn-LDH-SO4,,1D Wire/Rod/Tube; 2D Sheet; Crystalline; Generic Nanostructure; Porous Network; Rough/Wrinkled
paper_1236|output_1236|chem_porous_carbon,porous carbon,,Porous Network
paper_1237|output_1237|chem_I-Ni@C,I-Ni@C,,Particle/Cluster
paper_1237|output_1237|chem_Ni@C,Ni@C,,1D Wire/Rod/Tube; Hollow/Core-Shell; Particle/Cluster
paper_1238|output_1238|chem_NiFeCoLi_NF,NiFeCoLi/NF,NiFeCoLiOx,1D Wire/Rod/Tube; Faceted Polyhedron; Film/Coating; Porous Network
paper_1238|output_1238|chem_NiFeCo_NF,NiFeCo/NF,NiFeCoOx,Film/Coating; Porous Network
paper_1239|output_1239|chem_LixNiO_Ni,Li_xNiO/Ni heterostructure on graphene,Li_xNiO/Ni,Porous Network
paper_1240|output_1240|chem_hydrous_nickel_oxide,hydrous nickel oxide,NiO_x(OH)_y(H2O)_z,Crystalline
paper_1241|output_1241|chem_NiCo_LDH,NiCo-LDH,NiCo-LDH,2D Sheet; Particle/Cluster
paper_1241|output_1241|chem_Ti3C2Tx_NiCo_LDH,Ti3C2Tx/NiCo-LDH-3 T (B//E),Ti₃C₂Tₓ/NiCo-LDH,2D Sheet; Particle/Cluster
paper_1243|output_1243|chem_Ni-Mo_12pct,Ni-Mo alloy (12% Mo),Ni-Mo,Generic Nanostructure; Particle/Cluster; Rough/Wrinkled
paper_1243|output_1243|chem_Ni-Mo_1pct,Ni-Mo alloy (1% Mo),Ni-Mo,Generic Nanostructure; Particle/Cluster; Rough/Wrinkled
paper_1243|output_1243|chem_Ni-Mo_4pct,Ni-Mo alloy (4% Mo),Ni-Mo,Generic Nanostructure; Particle/Cluster; Rough/Wrinkled
paper_1243|output_1243|chem_Ni-Mo_nanopowder,Ni-Mo nanopowder,Ni-Mo,Generic Nanostructure; Particle/Cluster; Rough/Wrinkled
paper_1244|output_1244|chem_Co6W6C_2_600,Co₆W₆C-2-600,Co₆W₆C,Particle/Cluster
paper_1245|output_1245|chem_WO3_nanoparticles,WO3 nanoparticles,WO3,Film/Coating; Particle/Cluster
paper_1246|output_1246|chem_CoP_CC,CoP/CC,CoP,1D Wire/Rod/Tube
paper_1246|output_1246|chem_Mn0.15_CoP_CC,Mn0.15-CoP/CC,,1D Wire/Rod/Tube; Crystalline; Faceted Polyhedron; Flower/Urchin/Dendrite; Generic Nanostructure; Particle/Cluster; Porous Network
paper_1246|output_1246|chem_Mn0.1_CoP_CC,Mn0.1-CoP/CC,,1D Wire/Rod/Tube
paper_1246|output_1246|chem_Mn0.2_CoP_CC,Mn0.2-CoP/CC,,1D Wire/Rod/Tube
paper_1247|output_1247|chem_Mn_doped_Fe2P,Mn-doped Fe₂P,Mn-doped Fe₂P,Porous Network
paper_1247|output_1247|chem_Mn_doped_Ni2P,Mn-doped Ni₂P,Mn-doped Ni₂P,Flower/Urchin/Dendrite; Particle/Cluster; Porous Network; Rough/Wrinkled
paper_1247|output_1247|chem_Mn_doped_Ni2P_Fe2P,Mn-doped Ni₂P/Fe₂P,Mn-doped Ni₂P/Fe₂P,Flower/Urchin/Dendrite; Generic Nanostructure; Porous Network
paper_1247|output_1247|chem_Ni2P_Fe2P,Ni₂P/Fe₂P,Ni₂P/Fe₂P,Porous Network
paper_1248|output_1248|chem_Ni_Co-TAPP-HNA_rGO,Ni/Co-TAPP-HNA/rGO,,2D Sheet
paper_1249|output_1249|chem_mo_ni4_moo2_ni,MoNi4/MoO2@Ni,MoNi4/MoO2,2D Sheet; Particle/Cluster; Porous Network
paper_1249|output_1249|chem_moo2_cuboids_ni,MoO2 cuboids on nickel foam,MoO2,1D Wire/Rod/Tube; 2D Sheet; Generic Nanostructure; Particle/Cluster; Porous Network; Rough/Wrinkled
paper_1249|output_1249|chem_ni_nanosheets_ni,Ni nanosheets on nickel foam,Ni,1D Wire/Rod/Tube; 2D Sheet; Generic Nanostructure; Particle/Cluster; Porous Network; Rough/Wrinkled
paper_1249|output_1249|chem_nimo_o4_ni,NiMoO4 cuboids on nickel foam,NiMoO4,2D Sheet; Generic Nanostructure; Hierarchical; Particle/Cluster; Porous Network
paper_1250|output_1250|chem_PBA_WS2,PBA-WS2,,Crystalline; Faceted Polyhedron; Generic Nanostructure; Hollow/Core-Shell; Particle/Cluster; Rough/Wrinkled
paper_1250|output_1250|chem_PBA_cage,Co-Fe PBA nanocages,,2D Sheet; Crystalline; Faceted Polyhedron; Generic Nanostructure; Hollow/Core-Shell; Particle/Cluster; Porous Network; Rough/Wrinkled
paper_1250|output_1250|chem_PBA_cage_WS2,PBA(cage)-WS2,,Crystalline; Faceted Polyhedron; Generic Nanostructure; Hollow/Core-Shell; Particle/Cluster; Rough/Wrinkled
paper_1250|output_1250|chem_WS2,WS2 nanoflowers,WS2,Crystalline; Faceted Polyhedron; Flower/Urchin/Dendrite; Generic Nanostructure; Hollow/Core-Shell; Particle/Cluster; Porous Network; Rough/Wrinkled
paper_1251|output_1251|chem_ms_au,MS-Au,Au,Particle/Cluster; Porous Network; Rough/Wrinkled
paper_1251|output_1251|chem_rh_au,Rh/Au,Rh/Au,Particle/Cluster; Porous Network; Rough/Wrinkled
paper_1251|output_1251|chem_rh_ms_au,Rh/MS-Au,Au@Rh,Particle/Cluster
paper_1251|output_1251|chem_rh_ss_au,Rh/SS-Au,Rh/Au,Particle/Cluster; Porous Network; Rough/Wrinkled
paper_1253|output_1253|chem_NiFe_LDH_MXene_NF,NiFe-LDH/MXene/NF,,Generic Nanostructure
paper_1253|output_1253|chem_NiFe_LDH_NF,NiFe-LDH/NF,,2D Sheet; Porous Network
paper_1254|output_1254|chem_Pt,Pt,Pt,Faceted Polyhedron; Film/Coating; Particle/Cluster
paper_1254|output_1254|chem_Pt_Ni_dual_sites,Pt-Ni dual sites,Pt@Ni(OH)₂,Film/Coating; Particle/Cluster
paper_1255|output_1255|chem_Co_CP_Cu,Co/CP/Cu,Co oxide/hydroxide,2D Sheet; Porous Network
paper_1255|output_1255|chem_Co_CP_Ni,Co/CP/Ni,Co oxide/hydroxide,Porous Network
paper_1255|output_1255|chem_Co_CP_SM,Co/CP/SM,Co oxide/hydroxide,2D Sheet; Porous Network
paper_1255|output_1255|chem_Co_CP_Ti,Co/CP/Ti,Co oxide/hydroxide,Porous Network
paper_1255|output_1255|chem_Co_Cu,Co/Cu,Co oxide/hydroxide,2D Sheet; Porous Network
paper_1255|output_1255|chem_Co_Ni,Co/Ni,Co oxide/hydroxide,2D Sheet; Generic Nanostructure; Porous Network
paper_1255|output_1255|chem_Co_SM,Co/SM,Co oxide/hydroxide,2D Sheet; Porous Network
paper_1255|output_1255|chem_Co_Ti,Co/Ti,Co oxide/hydroxide,2D Sheet; Generic Nanostructure; Porous Network
paper_1256|output_1256|chem_feox_ni2p_ni_foam,FeOₓ/Ni₂P on Ni-foam,FeOₓ/Ni₂P/Ni,Porous Network
paper_1256|output_1256|chem_feox_ni_foam,FeOₓ on Ni-foam,FeOₓ/Ni,Porous Network
paper_1256|output_1256|chem_nio,NiO,NiO,Particle/Cluster
paper_1256|output_1256|chem_niznfe4ox_ni_foam,NiZnFe₄Oₓ on Ni-foam,NiZnFe₄Oₓ/Ni,Porous Network
paper_1256|output_1256|chem_niznfeox,NiZnFeOₓ,NiZnFeOₓ,Particle/Cluster
paper_1256|output_1256|chem_niznfeox_ni_foam,NiZnFeOₓ on Ni-foam,NiZnFeOₓ/Ni,Porous Network
paper_1256|output_1256|chem_raney_ni,Raney Ni,Ni,Porous Network
paper_1257|output_1257|chem_commercial_sb0.1sn0.9o2,commercial Sb0.1Sn0.9O2,Sb0.1Sn0.9O2,Crystalline; Generic Nanostructure; Particle/Cluster; Porous Network
paper_1257|output_1257|chem_commercial_sno2,commercial SnO2,SnO2,Crystalline; Faceted Polyhedron; Generic Nanostructure; Particle/Cluster; Porous Network
paper_1257|output_1257|chem_turing_sb0.1sn0.9o2,Turing Sb0.1Sn0.9O2,Sb0.1Sn0.9O2,Crystalline; Generic Nanostructure; Particle/Cluster; Porous Network
paper_1257|output_1257|chem_turing_sno2,Turing SnO2,SnO2,Crystalline; Faceted Polyhedron; Generic Nanostructure; Particle/Cluster; Porous Network
paper_1259|output_1259|chem_NiO_CNT,NiO/CNT,NiO/CNT,Particle/Cluster
paper_1259|output_1259|chem_NiO_Ni_CNT,NiO/Ni-CNT,NiO/Ni-CNT,1D Wire/Rod/Tube; Particle/Cluster
paper_1259|output_1259|chem_Ni_CNT,Ni/CNT,Ni/CNT,Particle/Cluster
paper_1259|output_1259|chem_Ni_nanoplate,CNT-free Ni nanoplate,Ni,2D Sheet
paper_1260|output_1260|chem_Pt_111,Pt(111),Pt,Crystalline
paper_1261|output_1261|chem_Co_NC,Co@NC,Co@NC,1D Wire/Rod/Tube; 2D Sheet; Hollow/Core-Shell; Particle/Cluster
paper_1261|output_1261|chem_Nd_Co_NC,Nd/Co@NC,Nd/Co@NC,Faceted Polyhedron; Generic Nanostructure; Hollow/Core-Shell; Particle/Cluster; Porous Network; Rough/Wrinkled
paper_1262|output_1262|chem_Ni-Fe-Ce-P_CC,Ni-Fe-Ce-P/CC,Ni-Fe-Ce-P,2D Sheet; Generic Nanostructure
paper_1262|output_1262|chem_Ni-Fe-P_CC,Ni-Fe-P/CC,Ni-Fe-P,2D Sheet; Generic Nanostructure; Particle/Cluster; Porous Network; Rough/Wrinkled
paper_1263|output_1263|chem_MS_Ni3Se2_Ni,MS-Ni3Se2/Ni,Ni3Se2,Flower/Urchin/Dendrite; Generic Nanostructure; Hierarchical; Particle/Cluster; Porous Network; Rough/Wrinkled
paper_1263|output_1263|chem_NF_Ni3Se2_Ni,NF-Ni3Se2/Ni,Ni3Se2,Flower/Urchin/Dendrite; Generic Nanostructure; Hierarchical; Particle/Cluster; Porous Network; Rough/Wrinkled
paper_1264|output_1264|chem_NiFe10_NWA,NiFe10 nanowire array,NiFe,1D Wire/Rod/Tube; Array/Aligned; Generic Nanostructure; Hierarchical; Hollow/Core-Shell; Particle/Cluster
paper_1264|output_1264|chem_Ni_NWA,Ni nanowire array,Ni,1D Wire/Rod/Tube; Array/Aligned; Generic Nanostructure; Hierarchical; Hollow/Core-Shell; Particle/Cluster
paper_1264|output_1264|chem_S_NiFe10_NWA,S-NiFe10 nanowire array,"NiFe/(Ni,Fe)3S2",1D Wire/Rod/Tube; 2D Sheet; Array/Aligned; Hollow/Core-Shell; Particle/Cluster
paper_1265|output_1265|chem_NiMoFe_NPs_MoO2_NPAs,NiMoFe NPs@MoO2 NPAs,NiMoFe@MoO2,Array/Aligned; Particle/Cluster; Rough/Wrinkled
paper_1266|output_1266|chem_Ni,Ni,Ni,2D Sheet; Flower/Urchin/Dendrite; Particle/Cluster
paper_1266|output_1266|chem_NiOH2,Ni(OH)₂,Ni(OH)₂,2D Sheet; Flower/Urchin/Dendrite; Particle/Cluster
paper_1266|output_1266|chem_Ni_NiOH2,Ni/Ni(OH)₂,Ni/Ni(OH)₂,2D Sheet; Flower/Urchin/Dendrite; Particle/Cluster; Rough/Wrinkled
paper_1267|output_1267|chem_Ni2P_NF,Ni₂P/NF,Ni₂P,1D Wire/Rod/Tube; Array/Aligned; Crystalline; Generic Nanostructure; Particle/Cluster
paper_1267|output_1267|chem_Ni_Fe_LDH,Ni-Fe LDH,Ni-Fe LDH,Porous Network
paper_1268|output_1268|chem_NiSe_CP,NiSe/CP,NiSe,2D Sheet
paper_1268|output_1268|chem_NiSe_Ni0.85Se_CP,NiSe-Ni_{0.85}Se/CP,NiSe-Ni_{0.85}Se,1D Wire/Rod/Tube; 2D Sheet; Generic Nanostructure; Porous Network; Rough/Wrinkled
paper_1269|output_1269|chem_n_wc,N-WC,N-WC,Array/Aligned; Generic Nanostructure; Particle/Cluster
paper_1269|output_1269|chem_n_wc_nanoarray,N-WC nanoarray,N-WC,Array/Aligned; Generic Nanostructure; Particle/Cluster
paper_1269|output_1269|chem_wc,WC,WC,Array/Aligned; Generic Nanostructure; Particle/Cluster
paper_1269|output_1269|chem_wc_nanoarray,WC nanoarray,WC,Array/Aligned; Generic Nanostructure; Particle/Cluster
paper_126|output_126|chem_NiMoO4_precursor,NiMoO4 precursor,NiMoO4,Crystalline; Flower/Urchin/Dendrite; Generic Nanostructure; Porous Network
paper_126|output_126|chem_e_NiMoO4,e-NiMoO4,NiMoO4,Crystalline; Flower/Urchin/Dendrite; Generic Nanostructure; Porous Network
paper_1270|output_1270|chem_CoN,CoN,CoN,Particle/Cluster
paper_1271|output_1271|chem_co_nifeooh,Co-NiFeOOH,,2D Sheet; Array/Aligned; Faceted Polyhedron; Porous Network
paper_1271|output_1271|chem_ni_foam,bare Ni foam,,Porous Network
paper_1271|output_1271|chem_nifeooh,NiFeOOH,,2D Sheet; Faceted Polyhedron; Particle/Cluster
paper_1271|output_1271|chem_v_cr_co_nifeooh,V_Cr Co-NiFeOOH,,Faceted Polyhedron; Particle/Cluster
paper_1272|output_1272|chem_Ru3Ni-N-C,Ru₃Ni-N-C,Ru₃Ni-N-C,Particle/Cluster
paper_1274|output_1274|chem_Ru_C2N,Ru@C2N,Ru@C2N,Particle/Cluster
paper_1275|output_1275|chem_np_Pd,nanoporous Pd,Pd,Porous Network
paper_1275|output_1275|chem_np_PdH_0.43,nanoporous PdH0.43,PdH_{0.43},Crystalline; Particle/Cluster; Porous Network
paper_127|output_127|chem_Au0.87Cu0.13,Au0.87Cu0.13 nanoparticles,Au0.87Cu0.13,Particle/Cluster
paper_1285|output_1285|chem_FeNi_CoS2,"Fe,Ni-CoS₂",Co₀.₈Fe₀.₁₁Ni₀.₉S₂,Faceted Polyhedron; Porous Network
paper_1285|output_1285|chem_Ni_CoS2,Ni-CoS₂,Co₀.₈Ni₀.₂S₂,Faceted Polyhedron
paper_1286|output_1286|chem_Ni3,Ni³,,2D Sheet; Generic Nanostructure; Hierarchical; Porous Network
paper_1287|output_1287|chem_Os_NP_NC,Os-NP@NC,,Flower/Urchin/Dendrite; Generic Nanostructure; Particle/Cluster; Porous Network; Rough/Wrinkled
paper_1287|output_1287|chem_Os_SA_SNC,Os-SA@SNC,,Flower/Urchin/Dendrite; Generic Nanostructure; Particle/Cluster; Porous Network; Rough/Wrinkled
paper_1288|output_1288|chem_NiFeOOH_AC,AC-prepared NiFeOOH,NiFeOOH,2D Sheet; Faceted Polyhedron; Generic Nanostructure; Particle/Cluster; Porous Network
paper_1288|output_1288|chem_NiFe_oxide,NiFe oxide,NiFe oxide,Generic Nanostructure
paper_128|output_128|chem_Co_OH_2_coated_Co,Co(OH)2-coated Co electrode,Co(OH)2,Film/Coating; Particle/Cluster
paper_128|output_128|chem_NiFe_LDH,NiFe LDH,,2D Sheet
paper_128|output_128|chem_polycrystalline_Pt,polycrystalline Pt,Pt,Crystalline; Film/Coating
paper_1290|output_1290|chem_NiFe_LDH,NiFe LDH,Ni_x Fe_y (OH)_2,2D Sheet; Porous Network
paper_1290|output_1290|chem_S_NiFe_LDH,S-NiFe LDH,S-Ni_x Fe_y (OH)_2,2D Sheet; Porous Network
paper_1291|output_1291|chem_Ni2P_NF,Ni₂P/NF,,2D Sheet
paper_1291|output_1291|chem_Ni2P_v_NF,Ni₂Pᵥ/NF,,2D Sheet
paper_1291|output_1291|chem_NiOH2_NF,Ni(OH)₂/NF,,2D Sheet; Porous Network
paper_1291|output_1291|chem_Pt_Ni2P_v_NF,Pt@Ni₂Pᵥ/NF,Pt@Ni₂P_v,Porous Network
paper_1292|output_1292|chem_FeNiWPB,FeNiWPB,FeNiWPB,Amorphous; Particle/Cluster; Porous Network
paper_1292|output_1292|chem_Pt_ASSA_FeNiPB,Pt_ASSA@FeNiPB,Pt_ASSA@FeNiPB,Hollow/Core-Shell; Particle/Cluster
paper_1292|output_1292|chem_Pt_ASSA_FeNiWPB,Pt_ASSA@FeNiWPB,Pt_ASSA@FeNiWPB,Amorphous; Hollow/Core-Shell; Particle/Cluster
paper_1293|output_1293|chem_Pt3Mn_C,Pt₃Mn/C,Pt₃Mn/C,Array/Aligned; Crystalline; Particle/Cluster
paper_1293|output_1293|chem_PtMn_C,PtMn/C,PtMn/C,Array/Aligned; Crystalline; Particle/Cluster
paper_1294|output_1294|chem_Co(OH)2/NF,Co(OH)2/NF,Co(OH)2/NF,Porous Network
paper_1294|output_1294|chem_Co(OH)2@NiFe-LDH/NF,Co(OH)2@NiFe-LDH/NF,Co(OH)2@NiFe-LDH/NF,Film/Coating; Hollow/Core-Shell
paper_1294|output_1294|chem_NiFe-LDH/NF,NiFe-LDH/NF,NiFe-LDH/NF,2D Sheet; Porous Network
paper_1295|output_1295|chem_Ru_MnO2,Ru/MnO2,Ru/MnO2,2D Sheet; Generic Nanostructure
paper_1295|output_1295|chem_Ru_beta_MnO2,Ru/β-MnO2,Ru/β-MnO2,2D Sheet; Generic Nanostructure
paper_1298|output_1298|chem_r_CoP,r-CoP,,Porous Network
paper_1299|output_1299|chem_Co_NPG,Co@NPG,Co@NPG,Porous Network
paper_1299|output_1299|chem_Mo0.1Co0.9_NPG,Mo0.1Co0.9@NPG,Mo_{0.1}Co_{0.9}@NPG,Porous Network
paper_1299|output_1299|chem_Mo0.2Co0.8_NPG,Mo0.2Co0.8@NPG,Mo_{0.2}Co_{0.8}@NPG,Porous Network
paper_1299|output_1299|chem_NPG,NPG,NPG,Porous Network
paper_129|output_129|chem_Fe2.5Co2.5Ni10OyHz,Fe2.5Co2.5Ni10(oxy)hydroxide,Fe2.5Co2.5Ni10OyHz,Flower/Urchin/Dendrite; Porous Network
paper_129|output_129|chem_Fe5Co5Ni5OyHz,Fe5Co5Ni5(oxy)hydroxide,Fe5Co5Ni5OyHz,Flower/Urchin/Dendrite; Porous Network
paper_129|output_129|chem_Fe7.5Co7.5OyHz,Fe7.5Co7.5(oxy)hydroxide,Fe7.5Co7.5OyHz,Porous Network
paper_129|output_129|chem_FeCoCrCuOx,FeCoCrCuOx,FeCoCrCuOx,Porous Network
paper_129|output_129|chem_NFF,Nickel-Iron foam,NiFeOx,Porous Network
paper_129|output_129|chem_Ni15OyHz,Ni15(oxy)hydroxide,Ni15OyHz,Porous Network
paper_12|output_12|chem_CoFe_LDH,cobalt iron layered double hydroxide,,2D Sheet
paper_12|output_12|chem_Ir_CoFe_LDH,atomic Ir catalyst on cobalt iron layered double hydroxide,,2D Sheet; Amorphous; Crystalline; Film/Coating; Particle/Cluster
paper_1300|output_1300|chem_Co_CoNx_NC_NG,Co@CoNx@NC-NG,,Particle/Cluster
paper_1300|output_1300|chem_Fe_FeNx_NC_NG,Fe@FeNx@NC-NG,,Particle/Cluster
paper_1300|output_1300|chem_Ni_NiNx_NC_NG,Ni@NiNx@NC-NG,,Particle/Cluster
paper_1301|output_1301|chem_Mo2C_CFP,Mo₂C/CFP,,Particle/Cluster; Porous Network
paper_1301|output_1301|chem_Pt_CFP,Pt/CFP,,Particle/Cluster; Porous Network
paper_1301|output_1301|chem_Pt_Mo2C_CFP,Pt@Mo₂C/CFP,Pt@Mo₂C/C,Particle/Cluster; Porous Network
paper_1302|output_1302|chem_Mo2C_NrGO,Mo2C-NrGO,Mo2C-NrGO,2D Sheet; Particle/Cluster; Porous Network
paper_1302|output_1302|chem_Pt_Mo2C_NrGO,Pt@Mo2C·NrGO,Pt@Mo2C·NrGO,2D Sheet; Generic Nanostructure; Hollow/Core-Shell; Particle/Cluster
paper_1302|output_1302|chem_Pt_NrGO,Pt-NrGO,Pt-NrGO,2D Sheet; Generic Nanostructure; Particle/Cluster; Porous Network
paper_1306|output_1306|chem_Au_p-C3N4,Au/C3N4,Au/C3N4,Particle/Cluster
paper_1306|output_1306|chem_Bi2O3_TiO2,Bi2O3/TiO2,Bi2O3/TiO2,Particle/Cluster
paper_1306|output_1306|chem_BiVO4_nanoFeNi-Bi_r0.11,BiVO4|nanoFe:Ni-Bi (r=0.11),BiVO4/nanoFe:Ni-Bi,Particle/Cluster
paper_1307|output_1307|chem_NiCr_LDH,NiCr-LDH,,2D Sheet; Array/Aligned; Porous Network
paper_1307|output_1307|chem_NiCr_LDH_NSAs,NiCr-LDH NSAs,,2D Sheet; Array/Aligned; Porous Network
paper_1307|output_1307|chem_NiCr_LDH_NS_powder,NiCr-LDH NS powder,,2D Sheet
paper_130|output_130|chem_Pt,Platinum,Pt,Crystalline; Film/Coating; Generic Nanostructure; Particle/Cluster
paper_130|output_130|chem_PtAu,Au-decorated Pt electrode,PtAu,Particle/Cluster
paper_130|output_130|chem_PtMo_0,Mo-decorated Pt electrode (0.22 ML coverage),PtMo,Film/Coating
paper_130|output_130|chem_PtMo_low,Mo-decorated Pt electrode (low coverage),PtMo,Film/Coating
paper_130|output_130|chem_PtRh_high,Rh-decorated Pt electrode (high coverage),PtRh,Film/Coating; Particle/Cluster
paper_130|output_130|chem_PtRh_low,Rh-decorated Pt electrode (low coverage),PtRh,Film/Coating; Particle/Cluster
paper_130|output_130|chem_PtRu_high,Ru-decorated Pt electrode (high coverage),PtRu,Film/Coating; Particle/Cluster
paper_130|output_130|chem_PtRu_low,Ru-decorated Pt electrode (low coverage),PtRu,Film/Coating; Particle/Cluster
paper_1311|output_1311|chem_Fe_NiMoO4,Fe-NiMoO₄,Fe-NiMoO₄,1D Wire/Rod/Tube; Array/Aligned; Hollow/Core-Shell
paper_1311|output_1311|chem_Ru_Fe_NiMoO4,Ru/Fe-NiMoO₄,Ru/Fe-NiMoO₄,1D Wire/Rod/Tube; Amorphous; Array/Aligned; Generic Nanostructure; Hollow/Core-Shell; Particle/Cluster; Porous Network
paper_1311|output_1311|chem_Ru_NiMoO4,Ru/NiMoO₄,Ru/NiMoO₄,1D Wire/Rod/Tube; Array/Aligned; Hollow/Core-Shell; Porous Network
paper_1312|output_1312|chem_CeO2_Ru_aerogel_1_1,CeO₂-Ru(1-1) aerogel,CeO₂-Ru,Porous Network
paper_1313|output_1313|chem_NCP,NiCoP,,Generic Nanostructure; Particle/Cluster; Porous Network
paper_1313|output_1313|chem_RMNCL,"Ru,Mn-NiCo LDH",,Generic Nanostructure; Particle/Cluster; Porous Network
paper_1313|output_1313|chem_RMNCP,"Ru,Mn-NiCoP",,Generic Nanostructure; Porous Network
paper_1313|output_1313|chem_RNCP,Ru-NiCoP,,Generic Nanostructure; Particle/Cluster; Porous Network
paper_1314|output_1314|chem_Ru-NiFe,Ru-NiFe,,1D Wire/Rod/Tube; 2D Sheet; Faceted Polyhedron; Generic Nanostructure; Particle/Cluster; Porous Network
paper_1315|output_1315|chem_Ru-Ni,Ru-Ni,,2D Sheet
paper_1315|output_1315|chem_Ru-NiP,Ru-NiP,,Film/Coating
paper_1316|output_1316|chem_Ru8_CoMoS2_CO,Ru8%@Co-MoS2-CO,Ru_{7.3wt%}Co_{2.7wt%}Mo_{51.8wt%}S,Particle/Cluster
paper_1316|output_1316|chem_Ru8_MoS2,Ru8%@MoS2,Ru8%MoS2,Particle/Cluster
paper_1317|output_1317|chem_ru_co_ni_oh_2,Ru@Co-Ni(OH)₂,Ru@Co-Ni(OH)₂,Porous Network
paper_1317|output_1317|chem_ru_fe_ni_oh_2,Ru@Fe-Ni(OH)₂,Ru@Fe-Ni(OH)₂,Porous Network
paper_1317|output_1317|chem_ru_feco_ni_oh_2,Ru@FeCo-Ni(OH)₂,Ru@FeCo-Ni(OH)₂,Crystalline; Hierarchical; Particle/Cluster; Porous Network
paper_1317|output_1317|chem_ru_ni_oh_2,Ru@Ni(OH)₂,Ru@Ni(OH)₂,2D Sheet; Particle/Cluster; Porous Network
paper_1318|output_1318|chem_RuFe_FeNC,RuFe/FeNC,,Particle/Cluster
paper_1319|output_1319|chem_Li_IrOx,Li-IrOx,Li-IrO_x,Amorphous; Particle/Cluster
paper_1320|output_1320|chem_ni_dendrite,Ni dendrite,Ni,1D Wire/Rod/Tube; 2D Sheet; Crystalline; Film/Coating; Flower/Urchin/Dendrite; Particle/Cluster; Porous Network
paper_1320|output_1320|chem_ni_film,Ni film,Ni,1D Wire/Rod/Tube; 2D Sheet; Crystalline; Film/Coating; Flower/Urchin/Dendrite; Particle/Cluster; Porous Network
paper_1320|output_1320|chem_ni_foil,commercial Ni foil,Ni,1D Wire/Rod/Tube; 2D Sheet; Crystalline; Film/Coating; Flower/Urchin/Dendrite; Particle/Cluster; Porous Network
paper_1320|output_1320|chem_ni_particle,Ni particle,Ni,1D Wire/Rod/Tube; 2D Sheet; Crystalline; Film/Coating; Flower/Urchin/Dendrite; Particle/Cluster; Porous Network
paper_1320|output_1320|chem_nife_ldh_nf,NiFe LDH/Ni foam,NiFe LDH,Porous Network
paper_1320|output_1320|chem_nio_ni_cnt,NiO/Ni-CNT,NiO/Ni,Particle/Cluster
paper_1321|output_1321|chem_CoP_HNC,CoP@HNC,CoP@HNC,Particle/Cluster; Porous Network
paper_1321|output_1321|chem_Co_HNC,Co@HNC,Co@HNC,Particle/Cluster; Porous Network
paper_1323|output_1323|chem_Ni_NPGC,Ni-NPGC,,Porous Network
paper_1323|output_1323|chem_Ni_NiO_PGC_10_1_400,Ni/NiO-PGC_{10-1-400},,2D Sheet; Crystalline; Particle/Cluster
paper_1324|output_1324|chem_NiOH2_NF,Ni(OH)₂/NF,Ni(OH)₂,Porous Network
paper_1324|output_1324|chem_a-WO3_NF,a-WO₃/NF,a-WO₃,Amorphous
paper_1324|output_1324|chem_a-WO3_NiOH2_0.2H2O_NF,a-[WO₃/Ni(OH)₂]·0.2H₂O/NF,a-[WO₃/Ni(OH)₂]·0.2H₂O,1D Wire/Rod/Tube; Amorphous; Porous Network
paper_1325|output_1325|chem_CC_CoNi_LDH,CC@CoNi-LDH,,2D Sheet; Film/Coating; Generic Nanostructure; Particle/Cluster; Porous Network; Rough/Wrinkled
paper_1325|output_1325|chem_CC_CoNi_NC,CC@CoNi-NC,,1D Wire/Rod/Tube; 2D Sheet; Film/Coating; Generic Nanostructure; Hollow/Core-Shell; Particle/Cluster; Porous Network; Rough/Wrinkled
paper_1326|output_1326|chem_Ni4W_WO3_NF,Ni₄W/WO₃/NF,Ni₄W/WO₃/NF,1D Wire/Rod/Tube; Particle/Cluster; Porous Network
paper_1326|output_1326|chem_NiWO4_NF,NiWO₄/NF,NiWO₄/NF,Particle/Cluster; Porous Network
paper_1326|output_1326|chem_WO3_NF,WO₃/NF,WO₃/NF,1D Wire/Rod/Tube
paper_1328|output_1328|chem_NixSy_MnOxHy_NF,Ni_x S_y @ MnO_x H_y / NF,Ni_x S_y @ MnO_x H_y / NF,1D Wire/Rod/Tube
paper_1328|output_1328|chem_NixSy_NF,Ni_x S_y / NF,Ni_x S_y / NF,1D Wire/Rod/Tube
paper_1329|output_1329|chem_ht_nimon,HT-NiMoN,Ni0.2Mo0.8N,1D Wire/Rod/Tube; Array/Aligned; Faceted Polyhedron; Generic Nanostructure; Particle/Cluster; Porous Network
paper_1329|output_1329|chem_hw_nimon_2h,HW-NiMoN-2h,Ni0.2Mo0.8N,1D Wire/Rod/Tube; Array/Aligned; Faceted Polyhedron; Generic Nanostructure; Particle/Cluster
paper_1329|output_1329|chem_wb_nimon,WB-NiMoN,Ni0.2Mo0.8N,1D Wire/Rod/Tube; Array/Aligned; Faceted Polyhedron; Generic Nanostructure; Particle/Cluster
paper_132|output_132|chem_Fe3O4,Fe3O4,Fe3O4,1D Wire/Rod/Tube; Amorphous; Crystalline; Particle/Cluster
paper_132|output_132|chem_NiFe,NiFe,NiFe,Amorphous; Crystalline; Particle/Cluster
paper_1330|output_1330|chem_Os_P_WC,Os/P-WC,Os/P-WC,Faceted Polyhedron; Generic Nanostructure; Particle/Cluster; Porous Network
paper_1331|output_1331|chem_cs_nifecu,core-shell nickel-iron-copper electrode,,1D Wire/Rod/Tube; Flower/Urchin/Dendrite; Generic Nanostructure; Hollow/Core-Shell; Particle/Cluster; Porous Network
paper_1331|output_1331|chem_nife_ldh,NiFe LDH,,2D Sheet
paper_1332|output_1332|chem_FeP_Ni2P,FeP/Ni₂P hybrid,FeP/Ni₂P,Particle/Cluster; Porous Network
paper_1333|output_1333|chem_CeO2,CeO2,CeO2,Particle/Cluster
paper_1333|output_1333|chem_NiCeOxHy,NiCeOxHy,NiCeOxHy,Particle/Cluster
paper_1333|output_1333|chem_Ni_OH_2,Ni(OH)2,Ni(OH)2,Particle/Cluster; Porous Network
paper_1334|output_1334|chem_FeCoNi-HNTAs,FeCoNi-HNTAs,"1T' MoS2 + (Co,Fe,Ni)9S8",1D Wire/Rod/Tube
paper_1335|output_1335|chem_Sr2RuO4,Sr2RuO4,Sr2RuO4,2D Sheet
paper_1335|output_1335|chem_SrRuO3,SrRuO3,SrRuO3,2D Sheet
paper_1336|output_1336|chem_nickel_oxide,NiO,NiO,Film/Coating
paper_1336|output_1336|chem_tungsten_oxide,tungsten oxide,WO3,Film/Coating
paper_1337|output_1337|chem_A-CFC,A-CFC,,Amorphous; Film/Coating
paper_1337|output_1337|chem_c-CFC,c-CFC,,Crystalline; Film/Coating
paper_1338|output_1338|chem_PtCo_C,PtCo/C,PtCo/C,Particle/Cluster
paper_1338|output_1338|chem_PtCo_Pt_C,PtCo@Pt/C,PtCo@Pt/C,Particle/Cluster
paper_1338|output_1338|chem_PtFe_C,PtFe/C,PtFe/C,Particle/Cluster
paper_1338|output_1338|chem_PtFe_Pt_C,PtFe@Pt/C,PtFe@Pt/C,Particle/Cluster
paper_1338|output_1338|chem_PtNi_C,PtNi/C,PtNi/C,Particle/Cluster
paper_1338|output_1338|chem_PtNi_Pt_C,PtNi@Pt/C,PtNi@Pt/C,Particle/Cluster
paper_1338|output_1338|chem_dealloyed_PtCo_C,dealloyed PtCo/C,dealloyed PtCo/C,Particle/Cluster
paper_1338|output_1338|chem_dealloyed_PtNi_C,dealloyed PtNi/C,dealloyed PtNi/C,Particle/Cluster
paper_1339|output_1339|chem_PBSCF_100,PBSCF (100),PrBa0.5Sr0.5Co1.5Fe0.5O5+δ,Crystalline; Film/Coating; Rough/Wrinkled
paper_1339|output_1339|chem_PBSCF_110,PBSCF (110),PrBa0.5Sr0.5Co1.5Fe0.5O5+δ,Crystalline; Film/Coating; Rough/Wrinkled
paper_1339|output_1339|chem_PBSCF_111,PBSCF (111),PrBa0.5Sr0.5Co1.5Fe0.5O5+δ,Crystalline; Film/Coating; Rough/Wrinkled
paper_133|output_133|chem_FeNi4Ox,FeNi4Ox,FeNi4Ox,Particle/Cluster
paper_133|output_133|chem_Ni2Cr2FeOx,Ni2Cr2FeOx,Ni2Cr2FeOx,Particle/Cluster
paper_133|output_133|chem_NiFe2Ox,NiFe2Ox,NiFe2Ox,Particle/Cluster
paper_133|output_133|chem_NiO,NiO,NiO,Particle/Cluster
paper_133|output_133|chem_NiZnFe4Ox,NiZnFe4Ox,NiZnFe4Ox,Particle/Cluster
paper_133|output_133|chem_NiZnFeOx,NiZnFeOx,NiZnFeOx,Particle/Cluster
paper_133|output_133|chem_Raney_Ni,Raney Ni,Ni,Porous Network
paper_133|output_133|chem_ZnFe2Ox,ZnFe2Ox,ZnFe2Ox,Particle/Cluster
paper_1340|output_1340|chem_CF_VGSs_MoS2_FeCoNi_OHx,CF/VGSs/MoS2/FeCoNi(OH)x,CF/VGSs/MoS2/FeCoNi(OH)x,1D Wire/Rod/Tube; 2D Sheet; Film/Coating; Flower/Urchin/Dendrite; Generic Nanostructure; Hierarchical; Particle/Cluster; Porous Network; Rough/Wrinkled
paper_1340|output_1340|chem_CF_VGSs_MoS2_FeCoNi_Px,CF/VGSs/MoS2/FeCoNiPx,CF/VGSs/MoS2/FeCoNiPx,2D Sheet
paper_1342|output_1342|chem_Co3O4,Co3O4,Co3O4,Crystalline; Particle/Cluster
paper_1342|output_1342|chem_Co3O4_CeO2,Co3O4/CeO2,Co3O4/CeO2,Crystalline
paper_1343|output_1343|chem_Au,Au,Au,Particle/Cluster; Porous Network
paper_1343|output_1343|chem_Au_CoOOH,Au/CoOOH,Au/CoOOH,2D Sheet; Particle/Cluster; Porous Network
paper_1344|output_1344|chem_cf_feso,CF-FeSO,Fe-CoOOH,1D Wire/Rod/Tube; 2D Sheet; Generic Nanostructure; Particle/Cluster; Porous Network; Rough/Wrinkled
paper_1344|output_1344|chem_cf_o,CF-O,CoO,1D Wire/Rod/Tube; 2D Sheet; Generic Nanostructure; Particle/Cluster; Porous Network; Rough/Wrinkled
paper_1344|output_1344|chem_cp_feso,CP-FeSO,Fe-CoOOH,1D Wire/Rod/Tube; 2D Sheet; Generic Nanostructure; Particle/Cluster; Porous Network; Rough/Wrinkled
paper_1344|output_1344|chem_cp_o,CP-O,CoO,1D Wire/Rod/Tube; 2D Sheet; Generic Nanostructure; Particle/Cluster; Porous Network; Rough/Wrinkled
paper_1345|output_1345|chem_mgo,MgO,MgO,2D Sheet
paper_1345|output_1345|chem_pt_mgo,Pt/MgO,Pt/MgO,2D Sheet; Particle/Cluster
paper_1346|output_1346|chem_ru_wo3_x_cp,Ru-WO3-x/CP,Ru-WO3-x,1D Wire/Rod/Tube; Particle/Cluster
paper_1347|output_1347|chem_CeO2-xNx,nanoporous CeO2−xNx,CeO2-xNx,Particle/Cluster; Porous Network
paper_1347|output_1347|chem_FeCo,nanoporous FeCo,FeCo,Porous Network
paper_1347|output_1347|chem_FeCo_CeO,nanoporous FeCo/Ce-O,FeCo/Ce-O,Particle/Cluster; Porous Network
paper_1347|output_1347|chem_FeCo_CeO2-xNx,nanoporous FeCo/CeO2−xNx,FeCo/CeO2-xNx,Generic Nanostructure; Particle/Cluster; Porous Network
paper_1347|output_1347|chem_RuO2_GC,RuO2/GC,RuO2/GC,1D Wire/Rod/Tube; Particle/Cluster; Porous Network
paper_1347|output_1347|chem_RuO2_NF,RuO2/NF,RuO2/NF,1D Wire/Rod/Tube; Particle/Cluster; Porous Network
paper_1349|output_1349|chem_Ir-HxWO3,Ir–HxWO3,Ir-HxWO3,1D Wire/Rod/Tube; Particle/Cluster
paper_134|output_134|chem_Ni_Cu_catalyst,Ni–Cu catalyst,Ni-Cu,Particle/Cluster
paper_1350|output_1350|chem_Au_55nm,55 nm Au NPs,Au,Hollow/Core-Shell; Particle/Cluster
paper_1350|output_1350|chem_Au_Ru_55_2.5nm,55 nm Au@2.5 nm Ru NPs,,Hollow/Core-Shell; Particle/Cluster
paper_1351|output_1351|chem_W,W,W,Generic Nanostructure; Particle/Cluster
paper_1351|output_1351|chem_WO2,WO2,WO2,1D Wire/Rod/Tube; Crystalline; Particle/Cluster
paper_1351|output_1351|chem_W_WO2,W/WO2,W/WO2,1D Wire/Rod/Tube; Particle/Cluster
paper_1351|output_1351|chem_W_plus_WO2,W + WO2,W + WO2,1D Wire/Rod/Tube; Particle/Cluster
paper_1352|output_1352|chem_Ir_D-ATO,Ir/D-ATO,Ir/ATO,1D Wire/Rod/Tube; Crystalline; Generic Nanostructure; Particle/Cluster; Porous Network
paper_1352|output_1352|chem_Ir_M-ATO,Ir/M-ATO,Ir/ATO,1D Wire/Rod/Tube; Crystalline; Generic Nanostructure; Particle/Cluster; Porous Network
paper_1352|output_1352|chem_Ir_S-ATO,Ir/S-ATO,Ir/ATO,1D Wire/Rod/Tube; Crystalline; Generic Nanostructure; Particle/Cluster; Porous Network
paper_1353|output_1353|chem_pdptnicuzn_hea_nps,PdPtNiCuZn HEA NPs,,Particle/Cluster
paper_1354|output_1354|chem_CS-Ru-40,CS-Ru-40,,1D Wire/Rod/Tube; 2D Sheet; Crystalline; Generic Nanostructure; Hollow/Core-Shell; Particle/Cluster
paper_1357|output_1357|chem_Co(OH)2_TF,Co(OH)₂ film,Co(OH)₂,Film/Coating
paper_1357|output_1357|chem_Ni(OH)2_TF,Ni(OH)₂ film,Ni(OH)₂,Film/Coating
paper_1357|output_1357|chem_NiCo(OH)2_TF,NiCo(OH)₂ film,NiCo(OH)₂,Array/Aligned; Film/Coating
paper_1357|output_1357|chem_NiFe(OH)2_TF,NiFe(OH)₂ film,NiFe(OH)₂,Film/Coating
paper_1358|output_1358|chem_Ni0.2Mo0.8N,Ni0.2Mo0.8N,Ni_{0.2}Mo_{0.8}N,2D Sheet; Array/Aligned; Generic Nanostructure; Hollow/Core-Shell; Particle/Cluster; Porous Network
paper_1358|output_1358|chem_Ni0.2Mo0.8N_Ni,Ni0.2Mo0.8N/Ni,Ni_{0.2}Mo_{0.8}N/Ni,2D Sheet; Array/Aligned; Generic Nanostructure; Hollow/Core-Shell; Particle/Cluster; Porous Network
paper_1358|output_1358|chem_porous_Ni,porous Ni,Ni,Particle/Cluster; Porous Network
paper_1359|output_1359|chem_FeMoOOH_NF,FeMoOOH/NF,FeMoOOH,1D Wire/Rod/Tube; 2D Sheet; Flower/Urchin/Dendrite; Generic Nanostructure; Porous Network; Rough/Wrinkled
paper_1359|output_1359|chem_MoO2_NF,MoO2/NF,MoO2,Porous Network
paper_135|output_135|chem_NiCoP,NiCoP,NiCoP,1D Wire/Rod/Tube; 2D Sheet; Crystalline; Faceted Polyhedron; Particle/Cluster; Porous Network; Rough/Wrinkled
paper_135|output_135|chem_NiCoP_300,NiCoP-300,NiCoP,1D Wire/Rod/Tube; 2D Sheet; Crystalline; Faceted Polyhedron; Particle/Cluster; Porous Network; Rough/Wrinkled
paper_135|output_135|chem_NiCoP_600,NiCoP-600,NiCoP,1D Wire/Rod/Tube; 2D Sheet; Crystalline; Faceted Polyhedron; Particle/Cluster; Porous Network; Rough/Wrinkled
paper_1360|output_1360|chem_fcc0_25_Ru_Sn_C,fcc0.25 Ru–Sn/C,Ru–Sn/C (fcc0.25),Faceted Polyhedron; Particle/Cluster; Porous Network
paper_1360|output_1360|chem_fcc0_42_Ru_Sn_C,fcc0.42 Ru–Sn/C,Ru–Sn/C (fcc0.42),Faceted Polyhedron; Generic Nanostructure; Particle/Cluster
paper_1360|output_1360|chem_fcc0_63_Ru_Sn_C,fcc0.63 Ru–Sn/C,Ru–Sn/C (fcc0.63),1D Wire/Rod/Tube; Faceted Polyhedron; Particle/Cluster; Porous Network
paper_1360|output_1360|chem_fcc_Ru_Sn_C,fcc Ru–Sn/C,Ru–Sn/C (fcc),Particle/Cluster
paper_1360|output_1360|chem_hcp_Ru_C,hcp Ru/C,Ru/C (hcp),Particle/Cluster
paper_1361|output_1361|chem_NCMP,Ni–Co–Mn phosphide (NCMP),Ni1.1Co1.4MnP1.8,Particle/Cluster
paper_1361|output_1361|chem_NCP,Ni–Co phosphide (NCP),Ni-Co-P,Porous Network
paper_1364|output_1364|chem_klto,KLTO,K0.469La0.531TiO3,2D Sheet; Generic Nanostructure; Particle/Cluster; Porous Network
paper_1364|output_1364|chem_tro_rklto,TRO/RKLTO,(K0.469La0.531)TiO3 with surface Ru-doping and Ti-doped RuO2 nanoparticles,Particle/Cluster
paper_1365|output_1365|chem_Co_n_Pt1_N5_6C,Co_n–Pt_1@N_[5]/[6]C,,2D Sheet; Crystalline; Film/Coating; Generic Nanostructure; Hollow/Core-Shell; Particle/Cluster
paper_1365|output_1365|chem_Co_n_Pt1_N6C,Co_n–Pt_1@N_[6]C,,Film/Coating; Hollow/Core-Shell; Particle/Cluster; Porous Network
paper_1366|output_1366|chem_Ru_C_com,Ru/C_com,,Faceted Polyhedron; Film/Coating; Particle/Cluster; Porous Network
paper_1366|output_1366|chem_Ru_NC,Ru–NC,,Particle/Cluster
paper_1366|output_1366|chem_Ru_YNC,Ru–YNC,,1D Wire/Rod/Tube; 2D Sheet; Particle/Cluster
paper_1367|output_1367|chem_Ni3S4_IF,Ni₃S₄/IF,Ni₃S₄,2D Sheet; Porous Network
paper_1367|output_1367|chem_Ni3S4_NiFe_LDH_IF,Ni₃S₄/NiFe-LDH/IF,Ni₃S₄/NiFe-LDH,1D Wire/Rod/Tube; 2D Sheet; Generic Nanostructure; Particle/Cluster; Porous Network
paper_1367|output_1367|chem_NiFe_LDH_IF,NiFe-LDH/IF,NiFe-LDH,2D Sheet; Generic Nanostructure; Particle/Cluster; Porous Network
paper_1367|output_1367|chem_Ru_NiFe_LDH_IF,Ru-NiFe-LDH/IF,Ru-NiFe-LDH,Porous Network
paper_1367|output_1367|chem_S_FeOOH_IF,S-FeOOH/IF,FeOOH,Porous Network
paper_1368|output_1368|chem_ni_oh_2_nf,Ni(OH)₂/NF,Ni(OH)₂,1D Wire/Rod/Tube; 2D Sheet; Array/Aligned; Generic Nanostructure; Particle/Cluster; Porous Network; Rough/Wrinkled
paper_1368|output_1368|chem_s_ni_oh_2_ceo2_nf,S-Ni(OH)₂/CeO₂/NF,S-Ni(OH)₂/CeO₂,1D Wire/Rod/Tube; 2D Sheet; Generic Nanostructure; Particle/Cluster; Porous Network
paper_1368|output_1368|chem_s_ni_oh_2_nf,S-Ni(OH)₂/NF,S-Ni(OH)₂,1D Wire/Rod/Tube; 2D Sheet; Array/Aligned; Flower/Urchin/Dendrite; Generic Nanostructure; Particle/Cluster; Porous Network; Rough/Wrinkled
paper_1369|output_1369|chem_cp_runii_c,CP-RuNi/C,,Particle/Cluster; Porous Network
paper_1369|output_1369|chem_up_ni_c,UP-Ni/C,,Particle/Cluster; Porous Network
paper_1369|output_1369|chem_up_ru_c,UP-Ru/C,,Particle/Cluster; Porous Network
paper_1369|output_1369|chem_up_runisas_c,UP-RuNi_SAs/C,,Particle/Cluster; Porous Network
paper_136|output_136|chem_CoS2_microwires,CoS2 microwires,CoS₂,1D Wire/Rod/Tube
paper_136|output_136|chem_CoS2_nanowires,CoS2 nanowires,CoS₂,1D Wire/Rod/Tube
paper_136|output_136|chem_Cu_doped_RuO2,Cu-doped RuO2,Cu-RuO₂,Generic Nanostructure
paper_136|output_136|chem_IrCo,IrCo,IrCo,2D Sheet
paper_136|output_136|chem_IrNi,IrNi,IrNi,1D Wire/Rod/Tube
paper_136|output_136|chem_Mo2C_graphene_nanoribbons,Mo2C graphene nanoribbons,Mo₂C,1D Wire/Rod/Tube
paper_136|output_136|chem_Mo2C_ribbons,Mo2C ribbons,Mo₂C,1D Wire/Rod/Tube
paper_1371|output_1371|chem_CoP_PC,CoP/PC,CoP,Porous Network
paper_1371|output_1371|chem_NCP_CC,NCP/CC,NiCoP,1D Wire/Rod/Tube; 2D Sheet; Array/Aligned; Crystalline; Generic Nanostructure; Particle/Cluster; Porous Network
paper_1371|output_1371|chem_NCP_CP,NCP/CP,NiCoP,1D Wire/Rod/Tube; 2D Sheet; Array/Aligned; Crystalline; Faceted Polyhedron; Generic Nanostructure; Particle/Cluster; Porous Network
paper_1371|output_1371|chem_NCP_GF,NCP/GF,NiCoP,1D Wire/Rod/Tube; 2D Sheet; Array/Aligned; Crystalline; Generic Nanostructure; Particle/Cluster; Porous Network
paper_1371|output_1371|chem_NCP_NF,NCP/NF,NiCoP,1D Wire/Rod/Tube; 2D Sheet; Array/Aligned; Crystalline; Generic Nanostructure; Particle/Cluster; Porous Network
paper_1371|output_1371|chem_NCP_PC,NCP/PC,NiCoP,1D Wire/Rod/Tube; 2D Sheet; Array/Aligned; Crystalline; Generic Nanostructure; Particle/Cluster; Porous Network
paper_1371|output_1371|chem_NCP_TM,NCP/TM,NiCoP,1D Wire/Rod/Tube; 2D Sheet; Array/Aligned; Crystalline; Faceted Polyhedron; Generic Nanostructure; Particle/Cluster; Porous Network
paper_1371|output_1371|chem_Ni2P_PC,Ni₂P/PC,Ni₂P,Porous Network
paper_1372|output_1372|chem_CoCrOx,CoCrOx,CoCrO_x,Particle/Cluster
paper_1372|output_1372|chem_FeCrOx,FeCrOx,FeCrO_x,Particle/Cluster
paper_1372|output_1372|chem_NiCrOx,NiCrOx,NiCrO_x,Particle/Cluster
paper_1373|output_1373|chem_Ir_SA_Mo2C_C,Ir_SA–Mo₂C/C,Ir-SA/Mo₂C/C,Particle/Cluster
paper_1374|output_1374|chem_COF_205_Ru,COF-205-Ru,,Porous Network
paper_1375|output_1375|chem_n_Co3S4_NF,n·Co₃S₄@NF,Co₃S₄,1D Wire/Rod/Tube; 2D Sheet; Film/Coating; Generic Nanostructure; Hierarchical; Particle/Cluster; Porous Network
paper_1375|output_1375|chem_r_Co3S4_NF,r·Co₃S₄@NF,Co₃S₄,1D Wire/Rod/Tube; 2D Sheet; Film/Coating; Generic Nanostructure; Hierarchical; Particle/Cluster; Porous Network
paper_1376|output_1376|chem_Fe-Co_NCs,Fe-Co NCs,,Generic Nanostructure; Particle/Cluster; Porous Network
paper_1376|output_1376|chem_Fe-HESA_NCs,Fe-HESA NCs,,Generic Nanostructure; Hollow/Core-Shell; Particle/Cluster
paper_1377|output_1377|chem_Cr0.2Ru0.8O2_x,Cr_{0.2}Ru_{0.8}O_{2·x},Cr_{0.2}Ru_{0.8}O_{2·x},Particle/Cluster
paper_1379|output_1379|chem_titanium_hydride,titanium hydride,TiH_{1.97},2D Sheet
paper_137|output_137|chem_MoNi4,MoNi4,MoNi4,Porous Network
paper_137|output_137|chem_NiFeN,NiFeN,NiFeN,Porous Network
paper_137|output_137|chem_NiFe_LDH,NiFe LDH,NiFe LDH,2D Sheet; Porous Network
paper_137|output_137|chem_NiMoN,NiMoN,NiMoN,Porous Network
paper_1380|output_1380|chem_Pdene_aerogels,Pdene aerogels,Pd,Porous Network
paper_1380|output_1380|chem_alpha_PdHene_aerogels,α-PdHene aerogels,,1D Wire/Rod/Tube; Porous Network
paper_1380|output_1380|chem_beta_PdHene_aerogels,β-PdHene aerogels,PdHx,1D Wire/Rod/Tube; Porous Network
paper_1380|output_1380|chem_mixed_PdHene_aerogels,mixed-phase PdHene aerogels,,Generic Nanostructure; Particle/Cluster; Porous Network; Rough/Wrinkled
paper_1381|output_1381|chem_ni_ir_ox,NiIrO_x,NiIrO_x,Rough/Wrinkled
paper_1381|output_1381|chem_ni_w_ir_ox,NiWIrOx,NiWIrO_x,Particle/Cluster; Rough/Wrinkled
paper_1382|output_1382|chem_Y_NiMo_MoO2_x,Y-NiMo/MoO2−x,Y-NiMo/MoO2−x,2D Sheet; Generic Nanostructure; Particle/Cluster; Rough/Wrinkled
paper_1384|output_1384|chem_rutirv_coooh,RuTIrV/CoOOH,RuTIrV/CoOOH,1D Wire/Rod/Tube; Faceted Polyhedron; Hollow/Core-Shell; Particle/Cluster; Porous Network
paper_1385|output_1385|chem_NiMo_H2,NiMo-H2,Ni0.91Mo0.09/MoO2,1D Wire/Rod/Tube; 2D Sheet; Crystalline; Generic Nanostructure; Particle/Cluster; Porous Network
paper_1386|output_1386|chem_Se_RuOx,Se·RuOx,Se·RuOx,2D Sheet; Crystalline; Faceted Polyhedron; Particle/Cluster
paper_1387|output_1387|chem_cofe_ldh_nf,CoFe LDH/NF,CoFe LDH/NF,2D Sheet; Porous Network
paper_1387|output_1387|chem_pw12_cofe_ldh_nf,PW₁₂-CoFe LDH/NF,PW₁₂-CoFe LDH/NF,2D Sheet
paper_1388|output_1388|chem_fcc_Ru1Co,fcc-Ru1Co,Ru1Co,Faceted Polyhedron; Generic Nanostructure; Porous Network
paper_1388|output_1388|chem_hcp_Ru1Co,hcp-Ru1Co,Ru1Co,Faceted Polyhedron; Generic Nanostructure; Porous Network
paper_1388|output_1388|chem_hcp_fcc_Ru1Co,hcp/fcc-Ru1Co,Ru1Co,Faceted Polyhedron; Generic Nanostructure; Porous Network
paper_138|output_138|chem_NiCo2O4_NF,Nickel Cobalt Oxide on Nickel Foam,NiCo2O4/NF,Porous Network
paper_138|output_138|chem_NiFe2O4_NF,Nickel Iron Oxide on Nickel Foam,NiFe2O4/NF,Porous Network
paper_138|output_138|chem_Ni_CoFe2O4_NF,Nickel Cobalt Iron Oxide on Nickel Foam,Ni-CoFe2O4/NF,1D Wire/Rod/Tube; Porous Network
paper_138|output_138|chem_Ni_CoFe2O4_NF_800,Annealed Nickel Cobalt Iron Oxide on Nickel Foam,Ni-CoFe2O4/NF,1D Wire/Rod/Tube; Porous Network
paper_138|output_138|chem_Ni_NF,Nickel Nanocones on Nickel Foam,Ni/NF,Generic Nanostructure; Porous Network
paper_138|output_138|chem_RuO2_NF,Ruthenium Dioxide on Nickel Foam,RuO2/NF,Porous Network
paper_1390|output_1390|chem_Ir_Co3O4,Ir-Co3O4,Ir-Co3O4,Crystalline; Faceted Polyhedron; Film/Coating; Particle/Cluster
paper_1390|output_1390|chem_LaIr_Co3O4,LaIr-Co3O4,LaIr-Co3O4,Particle/Cluster
paper_1391|output_1391|chem_a_NMO,a-NMO,NiMoOx,Amorphous
paper_1391|output_1391|chem_a_RNMO,a-RNMO,RuNiMoOx,2D Sheet; Amorphous; Generic Nanostructure; Particle/Cluster; Rough/Wrinkled
paper_1391|output_1391|chem_c_NMO,c-NMO,NiMoO4,Crystalline
paper_1392|output_1392|chem_CoP_NF,CoP/NF,CoP,1D Wire/Rod/Tube; 2D Sheet; Generic Nanostructure; Hierarchical; Particle/Cluster; Porous Network
paper_1392|output_1392|chem_MnO2_Co_Pi_CoP_NF,MnO2@Co-Pi@CoP/NF,,1D Wire/Rod/Tube; 2D Sheet; Amorphous; Array/Aligned; Film/Coating; Generic Nanostructure; Hierarchical; Hollow/Core-Shell; Particle/Cluster; Porous Network
paper_1393|output_1393|chem_HxWO3_NN,HxWO3 NN,H_xWO_3,Generic Nanostructure
paper_1394|output_1394|chem_3D_ACCE,3D-ACCE,NiFe-LDH,1D Wire/Rod/Tube; 2D Sheet; Amorphous; Film/Coating; Generic Nanostructure; Particle/Cluster; Porous Network
paper_1394|output_1394|chem_ACCE,ACCE,NiFe-LDH,1D Wire/Rod/Tube; 2D Sheet; Amorphous; Film/Coating; Generic Nanostructure; Particle/Cluster; Porous Network
paper_1394|output_1394|chem_NiFe_LDH_H,NiFe-LDH-H,,2D Sheet
paper_1395|output_1395|chem_NiIr0.5_TiO2,NiIr_{0.5}/TiO_2,NiIr_{0.5}/TiO_2,2D Sheet
paper_1395|output_1395|chem_TiO2,TiO₂,TiO₂,2D Sheet
paper_1396|output_1396|chem_aza_cmp_ni,Aza-CMP–Ni,,Porous Network
paper_1396|output_1396|chem_aza_cmp_nife,Aza-CMP–NiFe,,Porous Network
paper_1397|output_1397|chem_IrOx,amorphous iridium oxide,IrO_x,Amorphous; Particle/Cluster; Rough/Wrinkled
paper_1398|output_1398|chem_Pt1OLC,Pt1/OLC,,Particle/Cluster
paper_1398|output_1398|chem_Pt1_graphene,Pt1/graphene,,2D Sheet
paper_139|output_139|chem_Pt,Platinum,Pt,Crystalline; Film/Coating; Particle/Cluster
paper_139|output_139|chem_PtAu,Platinum-Gold,PtAu,Film/Coating; Particle/Cluster
paper_139|output_139|chem_PtMo,Platinum-Molybdenum,PtMo,Film/Coating; Particle/Cluster
paper_139|output_139|chem_PtRh,Platinum-Rhodium,PtRh,Film/Coating
paper_139|output_139|chem_PtRu,Platinum-Ruthenium,PtRu,Film/Coating; Particle/Cluster
paper_13|output_13|chem_alpha_Co_OH_2,alpha-Co(OH)2,Co(OH)2,2D Sheet; Amorphous; Crystalline; Faceted Polyhedron; Generic Nanostructure; Particle/Cluster; Porous Network; Rough/Wrinkled
paper_13|output_13|chem_alpha_Co_OH_Cl,alpha-Co(OH)2-xClx,Co(OH)2-xClx,2D Sheet; Amorphous; Crystalline; Faceted Polyhedron; Generic Nanostructure; Particle/Cluster; Porous Network; Rough/Wrinkled
paper_13|output_13|chem_beta_Co_OH_2,beta-Co(OH)2,Co(OH)2,2D Sheet; Amorphous; Crystalline; Faceted Polyhedron; Generic Nanostructure; Particle/Cluster; Porous Network; Rough/Wrinkled
paper_1400|output_1400|chem_Ni0.9Co0.1(OH)2,Ni0.9Co0.1(OH)2,Ni_{0.9}Co_{0.1}(OH)_2,Porous Network
paper_1400|output_1400|chem_NiFe_LDH,NiFe LDH,NiFe-LDH,Porous Network
paper_1402|output_1402|chem_MoO3-x_Pt_C,MoO3-x@Pt/C,MoO3-x@Pt/C,Hollow/Core-Shell; Particle/Cluster
paper_1403|output_1403|chem_2H_Nb1.35S2,2H Nb1.35S2,Nb_{1.35}S_2,Rough/Wrinkled
paper_1404|output_1404|chem_pt_tet,Pt_tet,Pt,2D Sheet; Amorphous; Crystalline; Faceted Polyhedron; Generic Nanostructure; Particle/Cluster
paper_1404|output_1404|chem_pt_tet_ni_oh2,Pt_tet@Ni(OH)₂,Pt_tet@Ni(OH)₂,2D Sheet; Amorphous; Crystalline; Generic Nanostructure; Particle/Cluster; Porous Network
paper_1405|output_1405|chem_kb_ru,KB@Ru,RuO2/KB,2D Sheet; Particle/Cluster
paper_1405|output_1405|chem_kb_rup_300,KB@RuP-300,RuO2@RuP2/KB,Particle/Cluster
paper_1405|output_1405|chem_kb_rup_550,KB@RuP-550,RuO2@RuP2/KB,Particle/Cluster
paper_1405|output_1405|chem_kb_rup_800,KB@RuP-800,RuO2@RuP2/KB,Particle/Cluster
paper_1405|output_1405|chem_kb_rup_800_b,KB@RuP-800-B,RuO2@RuP2/KB,Particle/Cluster
paper_1406|output_1406|chem_CoFe_OH,"(Co,Fe)-OH",,Crystalline; Particle/Cluster; Porous Network
paper_1406|output_1406|chem_Ir1_CoFe_OH,"Ir1/(Co,Fe)-OH",,1D Wire/Rod/Tube; Amorphous; Film/Coating; Generic Nanostructure; Particle/Cluster; Porous Network
paper_1406|output_1406|chem_Ir1_CoFe_OH_MI,"Ir1/(Co,Fe)-OH/MI",,1D Wire/Rod/Tube; 2D Sheet; Crystalline; Generic Nanostructure; Particle/Cluster; Porous Network
paper_1408|output_1408|chem_NiCo_LDH,NiCo–LDH,NiCo-LDH,Amorphous; Array/Aligned; Faceted Polyhedron; Generic Nanostructure; Particle/Cluster; Porous Network
paper_140|output_140|chem_Ru@NMoC,Ru@NMoC,,Flower/Urchin/Dendrite; Hollow/Core-Shell; Particle/Cluster
paper_1410|output_1410|chem_PdCoO2,PdCoO2,PdCoO2,Faceted Polyhedron; Generic Nanostructure; Particle/Cluster; Porous Network; Rough/Wrinkled
paper_1410|output_1410|chem_PtCoO2,PtCoO2,PtCoO2,Generic Nanostructure; Particle/Cluster; Porous Network; Rough/Wrinkled
paper_1411|output_1411|chem_BSCF,BSCF,Ba0.5Sr0.5Co0.8Fe0.2O3-δ,Particle/Cluster
paper_1411|output_1411|chem_Co3O4,Co3O4,Co3O4,Particle/Cluster; Porous Network
paper_1411|output_1411|chem_CoO,CoO,CoO,2D Sheet; Porous Network
paper_1412|output_1412|chem_Pt3Ru_111,Pt3Ru(111),Pt3Ru(111),Film/Coating
paper_1412|output_1412|chem_PtRu_thin_film,Ru-modified Pt film electrode,Pt3Ru,Film/Coating
paper_1412|output_1412|chem_Pt_111,Pt(111),Pt(111),Film/Coating; Particle/Cluster; Rough/Wrinkled
paper_1412|output_1412|chem_Pt_thin_film,Pt thin film electrode,Pt,Film/Coating; Particle/Cluster; Rough/Wrinkled
paper_1413|output_1413|chem_PtNWs,Pt nanowires,Pt,1D Wire/Rod/Tube; Crystalline
paper_1413|output_1413|chem_polycrystalline_Pt_disc,polycrystalline Pt disc electrode,Pt,1D Wire/Rod/Tube; Crystalline
paper_1414|output_1414|chem_NiCo_LDH,NiCo LDH,,2D Sheet
paper_1414|output_1414|chem_NiFe_LDH,NiFe LDH,Ni6Fe2(OH)16·CO3·4H2O,2D Sheet
paper_1414|output_1414|chem_NiMn_LDH,NiMn LDH,,2D Sheet
paper_1417|output_1417|chem_Mo5N6,Mo5N6 nanosheets,Mo5N6,2D Sheet
paper_1418|output_1418|chem_EE_NiPS3,EE-NiPS₃,NiPS₃,2D Sheet; Particle/Cluster; Porous Network
paper_1418|output_1418|chem_Fe_NiPS3,Fe/NiPS₃,Fe/NiPS₃,Particle/Cluster; Porous Network
paper_1418|output_1418|chem_NiFe_LDH,NiFe layered double hydroxides,NiFe-LDH,2D Sheet
paper_1418|output_1418|chem_bulk_NiPS3,bulk NiPS₃,NiPS₃,2D Sheet; Particle/Cluster; Porous Network
paper_1419|output_1419|chem_NiFe_LDH,NiFe layered double hydroxide (NiFe-LDH),,2D Sheet
paper_1420|output_1420|chem_IrTiO2,IrTiO2,IrTiO2,1D Wire/Rod/Tube; 2D Sheet; Array/Aligned; Faceted Polyhedron; Porous Network
paper_1420|output_1420|chem_IrTiO2_x,IrTiO_{2-x},IrTiO_{2-x},1D Wire/Rod/Tube; Array/Aligned
paper_1420|output_1420|chem_TiO2,TiO2,TiO2,1D Wire/Rod/Tube; Array/Aligned
paper_1421|output_1421|chem_20pct_Ir_C,20% Ir/C,20% Ir/C,1D Wire/Rod/Tube; 2D Sheet; Faceted Polyhedron; Particle/Cluster
paper_1421|output_1421|chem_IrTiO2,IrTiO2,IrTiO2,1D Wire/Rod/Tube; Array/Aligned
paper_1421|output_1421|chem_IrTiO2_x,IrTiO2-x,IrTiO2-x,1D Wire/Rod/Tube; Faceted Polyhedron; Particle/Cluster
paper_1422|output_1422|chem_Ni,Ni,Ni,Film/Coating; Particle/Cluster
paper_1422|output_1422|chem_NiO,NiO,NiO,Film/Coating
paper_1422|output_1422|chem_Ni_NiO_VAN,Ni/NiO VAN,Ni/NiO,Array/Aligned; Particle/Cluster
paper_1423|output_1423|chem_Pt(110),Pt(110),Pt,Crystalline; Particle/Cluster; Rough/Wrinkled
paper_1423|output_1423|chem_Pt(111),Pt(111),Pt,Crystalline; Particle/Cluster; Rough/Wrinkled
paper_1423|output_1423|chem_Pt-islands_Pt(111),Pt-islands/Pt(111),Pt,Crystalline; Particle/Cluster; Rough/Wrinkled
paper_1425|output_1425|chem_CM_PANI_Fe_C,(CM+PANI)-Fe-C,Fe-N-C,Crystalline; Generic Nanostructure; Hierarchical; Particle/Cluster; Porous Network; Rough/Wrinkled
paper_1427|output_1427|chem_CWO_del_48,CWO-del-48,Co(WO4)1-x(H2O)2(OH)2,2D Sheet; Crystalline; Film/Coating; Generic Nanostructure; Particle/Cluster; Porous Network
paper_1427|output_1427|chem_CoWO4,CoWO4,CoWO4,2D Sheet; Generic Nanostructure; Particle/Cluster; Porous Network
paper_1427|output_1427|chem_cobaltic_oxide,cobaltic oxide,Co3O4,Particle/Cluster
paper_1428|output_1428|chem_CoFe_LDH,CoFe-LDHs,,2D Sheet
paper_1428|output_1428|chem_MOF_POM,MOF@POM,,2D Sheet; Crystalline; Faceted Polyhedron; Generic Nanostructure; Particle/Cluster; Porous Network
paper_1428|output_1428|chem_NiFe_LDH,NiFe-LDHs,,2D Sheet
paper_1428|output_1428|chem_pure_MOF,pure MOF,,Faceted Polyhedron
paper_1429|output_1429|chem_MOF,MOF,,Particle/Cluster; Porous Network
paper_1429|output_1429|chem_MOF_POM,MOF@POM,,2D Sheet; Generic Nanostructure; Porous Network
paper_142|output_142|chem_AgO_x_NP,AgO_x-NP,AgO_x,2D Sheet; Particle/Cluster; Porous Network; Rough/Wrinkled
paper_142|output_142|chem_IrCoO_x_C,IrCoO_x/C,IrCoO_x/C,Particle/Cluster
paper_142|output_142|chem_RuIrCaO_x,RuIrCaO_x,RuIrCaO_x,Particle/Cluster
paper_1432|output_1432|chem_Ni_NiOH2_TPE,tape-cast Ni/Ni(OH)₂ electrode (TPE),Ni/Ni(OH)₂,2D Sheet; Generic Nanostructure; Hierarchical; Particle/Cluster; Porous Network; Rough/Wrinkled
paper_1434|output_1434|chem_ni_alpha_ni_oh_2_nsa,Ni/α-Ni(OH)₂ NSAs,Ni/Ni(OH)₂,1D Wire/Rod/Tube; Amorphous; Porous Network
paper_1434|output_1434|chem_ni_beta_ni_oh_2_nsa,Ni/β-Ni(OH)₂ NSAs,Ni/Ni(OH)₂,1D Wire/Rod/Tube; Amorphous; Porous Network
paper_1437|output_1437|chem_IrOx_NPs_Sb_SnO2,IrO_x NPs/Sb-SnO_2,IrO_x/Sb-SnO_2,1D Wire/Rod/Tube; Particle/Cluster
paper_1437|output_1437|chem_IrOx_NRs_Sb_SnO2,IrOx NRs/Sb-SnO2,IrO_x/Sb-SnO_2,1D Wire/Rod/Tube; Particle/Cluster
paper_1438|output_1438|chem_Mn1OxOHy_Ru_C,Mn₁Oₓ(OH)ᵧ@Ru/C,,1D Wire/Rod/Tube; 2D Sheet; Film/Coating; Generic Nanostructure; Hollow/Core-Shell; Particle/Cluster; Porous Network
paper_1438|output_1438|chem_MnO_Ru_C,MnO@Ru/C,,1D Wire/Rod/Tube; 2D Sheet; Film/Coating; Generic Nanostructure; Hollow/Core-Shell; Particle/Cluster; Porous Network
paper_1438|output_1438|chem_Ru_C,Ru/C,,Crystalline
paper_1439|output_1439|chem_cr_niooh,CR-NiOOH,NiOOH,Particle/Cluster
paper_1439|output_1439|chem_moo2_ni,MoO2-Ni,MoO2-Ni,1D Wire/Rod/Tube; 2D Sheet; Array/Aligned; Crystalline; Generic Nanostructure; Porous Network
paper_1440|output_1440|chem_PBSC,PrBa_{0.5}Sr_{0.5}Co_2O_{5+δ},PrBa_{0.5}Sr_{0.5}Co_2O_{5+δ},Crystalline; Porous Network
paper_1441|output_1441|chem_cr_n_c,Cr-N-C,,Particle/Cluster; Porous Network
paper_1441|output_1441|chem_pt_ac_cr_n_c,Pt-AC/Cr-N-C,,1D Wire/Rod/Tube; Generic Nanostructure; Particle/Cluster
paper_1441|output_1441|chem_pt_np_cr_n_c,Pt-NP/Cr-N-C,,1D Wire/Rod/Tube; Particle/Cluster
paper_1441|output_1441|chem_pt_np_n_c,Pt-NP/N-C,,Particle/Cluster
paper_1441|output_1441|chem_pt_sa_cr_n_c,Pt-SA/Cr-N-C,,Hollow/Core-Shell; Particle/Cluster
paper_1442|output_1442|chem_ir_sac_nife_ldh,Ir_sac-NiFe LDH,,2D Sheet; Particle/Cluster; Porous Network
paper_1442|output_1442|chem_nife_ldh,NiFe LDH,,1D Wire/Rod/Tube; 2D Sheet; Generic Nanostructure; Particle/Cluster
paper_1443|output_1443|chem_FeNi_NF,FeNi@NF,FeNi,Film/Coating; Porous Network
paper_1443|output_1443|chem_FeNi_VO4_x_NF,FeNi(VO₄)ₓ@NF,FeNi(VO₄)_x,Film/Coating; Particle/Cluster; Porous Network
paper_1443|output_1443|chem_FeVO4_NF,FeVO₄@NF,FeVO₄,Porous Network
paper_1443|output_1443|chem_Ni3_VO4_2_NF,Ni₃(VO₄)₂@NF,Ni₃(VO₄)₂,Porous Network
paper_1444|output_1444|chem_Ni_Fe_K0.23MnO2_CNFs_300,Ni-Fe-K_{0.23}MnO_2 CNFs-300,"K_{0.23}MnO_2 (Ni,Fe doped)",1D Wire/Rod/Tube; 2D Sheet; Particle/Cluster
paper_1445|output_1445|chem_NiFe_LDH_Ti,NiFe LDH/Ti,NiFe LDH,2D Sheet; Amorphous; Film/Coating; Generic Nanostructure
paper_1445|output_1445|chem_NiO,NiO,NiO,1D Wire/Rod/Tube; 2D Sheet; Amorphous; Crystalline; Film/Coating; Particle/Cluster; Porous Network
paper_1445|output_1445|chem_ir_1e15,ir-1e15,NiO/NiFe2O4,2D Sheet; Amorphous; Film/Coating; Generic Nanostructure
paper_1445|output_1445|chem_ir_2e16,ir-2e16,NiO/NiFe2O4,2D Sheet; Amorphous; Film/Coating; Generic Nanostructure
paper_1445|output_1445|chem_ir_2e16_annealed,NiO/NiFe2O4 (ir-2e16) annealed,NiO/NiFe2O4,2D Sheet; Amorphous; Film/Coating; Generic Nanostructure
paper_1448|output_1448|chem_CoB_MOF_CC,CoB@MOF@CC,,2D Sheet; Porous Network
paper_1449|output_1449|chem_Co3O4_CoRuOx,Co₃O₄@CoRuOₓ,,1D Wire/Rod/Tube; Hollow/Core-Shell; Particle/Cluster; Porous Network
paper_144|output_144|chem_Pt,platinum,Pt,Particle/Cluster
paper_144|output_144|chem_Pt_0.31_Ni_0.69,Pt₀.₃₁Ni₀.₆₉,Pt₀.₃₁Ni₀.₆₉,Particle/Cluster
paper_144|output_144|chem_Pt_0.65_Ru_0.30_Ni_0.05,Pt₀.₆₅Ru₀.₃₀Ni₀.₀₅,Pt₀.₆₅Ru₀.₃₀Ni₀.₀₅,1D Wire/Rod/Tube; 2D Sheet; Particle/Cluster
paper_144|output_144|chem_Pt_0.7_Ru_0.3,Pt₀.₇Ru₀.₃,Pt₀.₇Ru₀.₃,Particle/Cluster
paper_1450|output_1450|chem_Ni(OH)2_NF,Ni(OH)2/NF,Ni(OH)2/NF,Porous Network
paper_1450|output_1450|chem_Ni3S2_NF,Ni3S2/NF,Ni3S2/NF,Porous Network
paper_1451|output_1451|chem_h_cosx_nf,H-CoS_x/NF,CoS_x/NF,2D Sheet; Array/Aligned; Hierarchical; Particle/Cluster; Porous Network
paper_1451|output_1451|chem_h_cosx_nifeldh_nf,H-CoS_x@NiFe LDH/NF,CoS_x@NiFe LDH/NF,2D Sheet; Amorphous; Array/Aligned; Generic Nanostructure; Hierarchical; Hollow/Core-Shell; Porous Network
paper_1451|output_1451|chem_nifeldh_nf,NiFe LDH/NF,NiFe LDH/NF,2D Sheet; Array/Aligned; Generic Nanostructure; Hierarchical; Hollow/Core-Shell; Particle/Cluster; Porous Network; Rough/Wrinkled
paper_1452|output_1452|chem_Fe2O3-Cu2O,Fe2O3-Cu2O heterojunction nanowires,Fe2O3/Cu2O,1D Wire/Rod/Tube; 2D Sheet; Array/Aligned; Film/Coating; Generic Nanostructure; Hollow/Core-Shell; Particle/Cluster; Porous Network; Rough/Wrinkled
paper_1452|output_1452|chem_Fe2O3_NR_NB,Fe2O3 NR@NB,Fe2O3,Film/Coating
paper_1453|output_1453|chem_NiFe_NPs,NiFe nanoparticles,NiFe,Faceted Polyhedron; Particle/Cluster
paper_1453|output_1453|chem_NiFe_NiFeOOH_core_shell,NiFe/NiFeOOH core/shell nanoparticles,NiFe/NiFeOOH,Hollow/Core-Shell; Particle/Cluster
paper_1454|output_1454|chem_2H_MoS2,2H MoS2,MoS2,2D Sheet; Particle/Cluster
paper_1454|output_1454|chem_gold_microelectrode,gold microelectrode,Au,Film/Coating
paper_1455|output_1455|chem_MoO2_NF,MoO2/NF,MoO2,2D Sheet; Porous Network
paper_1455|output_1455|chem_NiMoO4_NF,NiMoO4/NF,NiMoO4,Particle/Cluster
paper_1455|output_1455|chem_Ni_MoO2_NF,Ni-MoO2/NF,Ni-MoO2,1D Wire/Rod/Tube; Generic Nanostructure; Particle/Cluster; Porous Network
paper_1455|output_1455|chem_Ni_NF,Ni/NF,Ni,1D Wire/Rod/Tube; 2D Sheet; Flower/Urchin/Dendrite; Generic Nanostructure; Porous Network
paper_1456|output_1456|chem_FeCoMoPB_Mo0,FeCoMoPB (Mo0),FeCoPB,2D Sheet; Generic Nanostructure; Particle/Cluster
paper_1456|output_1456|chem_FeCoMoPB_Mo10,FeCoMoPB (Mo10),FeCoMo10PB,2D Sheet
paper_1456|output_1456|chem_FeCoMoPB_Mo3,FeCoMoPB (Mo3),FeCoMo3PB,2D Sheet
paper_1456|output_1456|chem_FeCoMoPB_Mo5,FeCoMoPB (Mo5),FeCoMo5PB,2D Sheet
paper_1456|output_1456|chem_FeCoMoPB_Mo7,FeCoMoPB (Mo7),FeCoMo7PB,2D Sheet
paper_1458|output_1458|chem_Gd_MoS2,Gd@MoS2,Gd@MoS2,Hollow/Core-Shell; Particle/Cluster
paper_1459|output_1459|chem_180_1T_MoS2,180-1T-MoS₂,MoS₂,2D Sheet; Generic Nanostructure; Particle/Cluster; Porous Network
paper_1459|output_1459|chem_200_1T_MoS2,200-1T-MoS₂,MoS₂,2D Sheet; Generic Nanostructure; Particle/Cluster; Porous Network
paper_1459|output_1459|chem_2H_MoS2,2H-MoS₂,MoS₂,2D Sheet; Generic Nanostructure; Particle/Cluster; Porous Network
paper_145|output_145|chem_Ag_nanoparticles,Silver nanoparticles,Ag,Particle/Cluster
paper_145|output_145|chem_Ni_N_C,Nickel nitrogen-doped carbon,Ni-N/C,Particle/Cluster
paper_1460|output_1460|chem_V0.8Mo0.2Se2-x,V_{0.8}Mo_{0.2}Se_{2-x},V₀.₈Mo₀.₂Se_{2-x},1D Wire/Rod/Tube; 2D Sheet; Flower/Urchin/Dendrite; Generic Nanostructure; Hierarchical; Particle/Cluster
paper_1461|output_1461|chem_Co3O4,Co₃O₄,Co₃O₄,1D Wire/Rod/Tube; 2D Sheet; Generic Nanostructure; Particle/Cluster; Porous Network
paper_1461|output_1461|chem_Co3O4_Fe2O3,Co₃O₄/Fe₂O₃,Co₃O₄/Fe₂O₃,1D Wire/Rod/Tube; Generic Nanostructure; Particle/Cluster; Porous Network; Rough/Wrinkled
paper_1461|output_1461|chem_Fe2O3,Fe₂O₃,Fe₂O₃,Porous Network
paper_1462|output_1462|chem_Br_NiOH2,Br-Ni(OH)₂,Br-Ni(OH)₂,1D Wire/Rod/Tube; Particle/Cluster; Porous Network
paper_1462|output_1462|chem_Cl_NiOH2,Cl-Ni(OH)₂,Cl-Ni(OH)₂,Porous Network
paper_1462|output_1462|chem_F_I_NiOH2,"F,I-Ni(OH)₂","F,I-Ni(OH)₂",Porous Network
paper_1462|output_1462|chem_F_NiOH2,F-Ni(OH)₂,F-Ni(OH)₂,Generic Nanostructure; Particle/Cluster; Porous Network; Rough/Wrinkled
paper_1462|output_1462|chem_I_NiOH2,I-Ni(OH)₂,I-Ni(OH)₂,Porous Network
paper_1462|output_1462|chem_pure_NiOH2,Ni(OH)₂,Ni(OH)₂,2D Sheet; Crystalline; Generic Nanostructure; Particle/Cluster; Porous Network; Rough/Wrinkled
paper_1463|output_1463|chem_Pd_LDH_4h,Pd@LDH-4h(Fe-soc-MOF),,Particle/Cluster
paper_1463|output_1463|chem_Pt_LDH_4h,Pt@LDH-4h,,2D Sheet; Flower/Urchin/Dendrite; Hierarchical; Particle/Cluster; Porous Network
paper_1464|output_1464|chem_MoO3_NiFe_NF,MoO3/NiFe-NF,MoO3/NiFe-LDH/NF,1D Wire/Rod/Tube; 2D Sheet; Flower/Urchin/Dendrite; Particle/Cluster; Porous Network
paper_1464|output_1464|chem_NiFe_NF,NiFe-NF,NiFe-LDH/NF,1D Wire/Rod/Tube; 2D Sheet; Flower/Urchin/Dendrite; Particle/Cluster; Porous Network
paper_1465|output_1465|chem_IrOx_Y2O3,IrOx/Y2O3,IrO_x/Y_2O_3,1D Wire/Rod/Tube; Crystalline; Generic Nanostructure; Particle/Cluster
paper_1465|output_1465|chem_IrOx_Y2O3_EC,IrOx/Y2O3-EC,IrO_x/Y_2O_3-EC,1D Wire/Rod/Tube; Crystalline; Generic Nanostructure; Particle/Cluster
paper_1466|output_1466|chem_FNF_0_1V,FNF-0.1 V,Ni₃S₄/FeS@FNF,1D Wire/Rod/Tube; 2D Sheet; Porous Network
paper_1466|output_1466|chem_FNF_0_3V,FNF-0.3 V,Ni₃S₄/FeS@FNF,1D Wire/Rod/Tube; 2D Sheet; Porous Network
paper_1466|output_1466|chem_FNF_0_7V,FNF-0.7 V,Ni₃S₄/FeS@FNF,1D Wire/Rod/Tube; 2D Sheet; Porous Network
paper_1466|output_1466|chem_FeNi_foam,FeNi Foam,FeNi foam,Porous Network
paper_1466|output_1466|chem_Ni3S4_FeS_FNF,Ni₃S₄/FeS@FNF,Ni₃S₄/FeS,1D Wire/Rod/Tube; 2D Sheet; Porous Network
paper_1467|output_1467|chem_NiS2,NiS₂,NiS₂,1D Wire/Rod/Tube; 2D Sheet; Flower/Urchin/Dendrite; Particle/Cluster
paper_1467|output_1467|chem_NiS2_WS2,NiS₂·WS₂,NiS₂·WS₂,1D Wire/Rod/Tube; 2D Sheet; Film/Coating; Flower/Urchin/Dendrite; Particle/Cluster
paper_1467|output_1467|chem_WS2,WS₂,WS₂,1D Wire/Rod/Tube; 2D Sheet; Flower/Urchin/Dendrite; Particle/Cluster
paper_1468|output_1468|chem_p-NiFeMo_NF,p-NiFeMo/NF,,2D Sheet; Crystalline; Faceted Polyhedron; Generic Nanostructure; Particle/Cluster; Porous Network; Rough/Wrinkled
paper_1469|output_1469|chem_h0.23wo3_rgo,H_{0.23}WO_3/rGO,H_{0.23}WO_3/rGO,1D Wire/Rod/Tube; Crystalline; Generic Nanostructure; Particle/Cluster
paper_1469|output_1469|chem_wo3_rgo,WO_3/rGO,WO_3/rGO,1D Wire/Rod/Tube; Generic Nanostructure; Particle/Cluster
paper_146|output_146|chem_d_NiOOH,disordered NiOOH,NiOOH,Crystalline
paper_146|output_146|chem_o_NiOOH,ordered NiOOH,NiOOH,Crystalline
paper_1470|output_1470|chem_r-WO3_NFs,raw WO₃ NFs,WO₃,2D Sheet; Film/Coating
paper_1471|output_1471|chem_aRu0.167Ni,aRu₀.₁₆₇Ni,,Amorphous; Particle/Cluster; Porous Network
paper_1471|output_1471|chem_aRu0.250Ni,aRu₀.₂₅₀Ni,Ru_{0.250}Ni,Amorphous; Particle/Cluster; Porous Network
paper_1471|output_1471|chem_aRu0.333Ni,aRu₀.₃₃₃Ni,,Amorphous; Particle/Cluster; Porous Network
paper_1471|output_1471|chem_aRu0Ni,aRu₀Ni,,Amorphous; Particle/Cluster; Porous Network
paper_1471|output_1471|chem_bRu0.083Ni,bRu₀.₀₈₃Ni,,Porous Network
paper_1471|output_1471|chem_bRu0.167Ni,bRu₀.₁₆₇Ni,,Porous Network
paper_1471|output_1471|chem_bRu0Ni,bRu₀Ni,,Porous Network
paper_1472|output_1472|chem_Co3O4,Co3O4,Co3O4,1D Wire/Rod/Tube; Hierarchical; Porous Network
paper_1472|output_1472|chem_Ir_Co3O4,Ir-Co3O4,Ir-Co3O4,1D Wire/Rod/Tube; Hierarchical; Porous Network
paper_1472|output_1472|chem_RuIr_Co3O4,RuIr-Co3O4,RuIr-Co3O4,1D Wire/Rod/Tube; Flower/Urchin/Dendrite; Hierarchical; Porous Network
paper_1473|output_1473|chem_Pt,Pt,Pt,2D Sheet; Film/Coating
paper_1473|output_1473|chem_Pt_WO3,Pt@WO3,Pt@WO₃,Particle/Cluster
paper_1473|output_1473|chem_WO3,WO₃,WO₃,1D Wire/Rod/Tube; 2D Sheet; Film/Coating; Particle/Cluster
paper_1474|output_1474|chem_CoNi_NS,CoNi NS,,2D Sheet; Flower/Urchin/Dendrite; Particle/Cluster; Porous Network
paper_1474|output_1474|chem_Co_NS,Co NS,,2D Sheet; Flower/Urchin/Dendrite; Generic Nanostructure; Particle/Cluster; Porous Network
paper_1474|output_1474|chem_Ni_NS,Ni NS,,2D Sheet; Porous Network
paper_1475|output_1475|chem_Pd,Pd nanoparticles,Pd,Particle/Cluster
paper_1475|output_1475|chem_Pd-Ni(OH)2,Pd-Ni(OH)₂ heterostructures,Pd-Ni(OH)₂,2D Sheet
paper_1475|output_1475|chem_alpha-Ni(OH)2,α-Ni(OH)₂ nanosheets,Ni(OH)₂,2D Sheet
paper_1476|output_1476|chem_Ni_Co(OH)2-Ru_NF,Ni/Co(OH)₂-Ru@NF,Ni/Co(OH)₂-Ru,Porous Network
paper_1476|output_1476|chem_Ni_Co(OH)2_NF,Ni/Co(OH)₂@NF,Ni/Co(OH)₂,Porous Network
paper_1476|output_1476|chem_Ru_NF,Ru@NF,Ru,Particle/Cluster; Porous Network
paper_1477|output_1477|chem_Mn0.75Ru0.25O2,Mn_{0.75}Ru_{0.25}O_2,Mn_{0.75}Ru_{0.25}O_2,Film/Coating; Particle/Cluster
paper_1478|output_1478|chem_CoFe_LDH_IF,CoFe-LDH/IF,,2D Sheet; Faceted Polyhedron; Generic Nanostructure; Hollow/Core-Shell; Particle/Cluster; Porous Network
paper_1478|output_1478|chem_Ir_CoFe_LDH_IF,Ir@CoFe-LDH/IF,,2D Sheet; Particle/Cluster; Porous Network
paper_1478|output_1478|chem_Ru_Ir_CoFe_LDH_IF,"Ru, Ir@CoFe-LDH/IF",,2D Sheet; Porous Network
paper_1479|output_1479|chem_cldh_cp_cf,CLDH/CP/CF,,2D Sheet
paper_1479|output_1479|chem_cp_cf,CP/CF,Cu₃P,2D Sheet
paper_147|output_147|chem_Ni,Nickel,Ni,Film/Coating
paper_147|output_147|chem_Ni_Pd_Pt_Ru_ML10,Ni-Pd-Pt-Ru ML10,,Film/Coating
paper_147|output_147|chem_Ni_Pd_Pt_Ru_ML11,Ni-Pd-Pt-Ru ML11,,Film/Coating
paper_147|output_147|chem_Ni_Pd_Pt_Ru_ML12,Ni-Pd-Pt-Ru ML12,,Film/Coating
paper_147|output_147|chem_Ni_Pd_Pt_Ru_ML7,Ni-Pd-Pt-Ru ML7,,Film/Coating
paper_147|output_147|chem_Ni_Pd_Pt_Ru_ML9,Ni-Pd-Pt-Ru ML9,,Film/Coating
paper_147|output_147|chem_Ni_Pd_Pt_Ru_equiatomic,Equiatomic Ni-Pd-Pt-Ru,,Film/Coating
paper_147|output_147|chem_Ni_Ru_binary,Binary Ni-Ru,,Array/Aligned; Film/Coating; Particle/Cluster
paper_147|output_147|chem_Pd,Palladium,Pd,Film/Coating
paper_147|output_147|chem_Pt,Platinum,Pt,Film/Coating
paper_147|output_147|chem_Ru,Ruthenium,Ru,Film/Coating
paper_147|output_147|chem_Ru_rich,Ru-rich Ni-Pd-Pt-Ru,,Film/Coating
paper_1480|output_1480|chem_Ni1_x_FeZn_x_LDH,Ni_{1-x}FeZn_x-LDH,Ni_{1-x}FeZn_x-LDH,2D Sheet
paper_1480|output_1480|chem_NiFeOOH_VZn,NiFeOOH-V_Zn,NiFeOOH-V_Zn,2D Sheet
paper_1480|output_1480|chem_NiFeZn_LDH,NiFeZn-LDH,NiFeZn-LDH,2D Sheet
paper_1480|output_1480|chem_NiFe_LDH,NiFe-LDH,NiFe-LDH,2D Sheet; Generic Nanostructure; Particle/Cluster
paper_1481|output_1481|chem_Fe_Ni(OH)2_3DP_Ni_G,Fe-Ni(OH)₂/3DP Ni-G,Fe-Ni(OH)₂,Film/Coating; Generic Nanostructure; Particle/Cluster; Porous Network
paper_1481|output_1481|chem_Fe_Ni(OH)2_3DP_Ni_L,Fe-Ni(OH)₂/3DP Ni-L,Fe-Ni(OH)₂,Film/Coating
paper_1481|output_1481|chem_Fe_Ni(OH)2_3DP_Ni_S,Fe-Ni(OH)₂/3DP Ni-S,Fe-Ni(OH)₂,Film/Coating
paper_1481|output_1481|chem_Ru_Ni(OH)2_3DP_Ni_G,Ru-Ni(OH)₂/3DP Ni-G,Ru-Ni(OH)₂,Film/Coating; Generic Nanostructure; Particle/Cluster; Porous Network
paper_1481|output_1481|chem_Ru_Ni(OH)2_3DP_Ni_L,Ru-Ni(OH)₂/3DP Ni-L,Ru-Ni(OH)₂,Film/Coating; Porous Network
paper_1481|output_1481|chem_Ru_Ni(OH)2_3DP_Ni_S,Ru-Ni(OH)₂/3DP Ni-S,Ru-Ni(OH)₂,Film/Coating; Porous Network
paper_1482|output_1482|chem_NiMoO4,NiMoO₄,NiMoO₄,Generic Nanostructure
paper_1482|output_1482|chem_P-NiMoO4,P-NiMoO₄,P-NiMoO₄,Generic Nanostructure
paper_1484|output_1484|chem_anf,ANF,Ni/NiO,1D Wire/Rod/Tube; 2D Sheet; Amorphous; Array/Aligned; Film/Coating; Flower/Urchin/Dendrite; Generic Nanostructure; Particle/Cluster; Porous Network; Rough/Wrinkled
paper_1484|output_1484|chem_anf_nw,ANF@NW,Ni/NiO,1D Wire/Rod/Tube; 2D Sheet; Amorphous; Array/Aligned; Film/Coating; Flower/Urchin/Dendrite; Generic Nanostructure; Particle/Cluster; Porous Network; Rough/Wrinkled
paper_1485|output_1485|chem_CoNi-LDH,CoNi-LDH,,2D Sheet
paper_1485|output_1485|chem_P-CoNi-LDH,P-CoNi-LDH,,2D Sheet; Particle/Cluster
paper_1485|output_1485|chem_P-Ru-CoNi-LDH,P-Ru-CoNi-LDH,,2D Sheet; Porous Network
paper_1485|output_1485|chem_Ru-CoNi-LDH,Ru-CoNi-LDH,,2D Sheet; Porous Network
paper_1487|output_1487|chem_NiFe_LDH_Ti,NiFe LDH/Ti,NiFe LDH,2D Sheet; Film/Coating
paper_1488|output_1488|chem_CoFe_PBA,CoFe PBA,,Faceted Polyhedron
paper_1488|output_1488|chem_CoP_FeP,CoP/FeP,,Faceted Polyhedron; Particle/Cluster
paper_1488|output_1488|chem_Sn_CoP_FeP,Sn-CoP/FeP,,2D Sheet; Generic Nanostructure; Particle/Cluster; Porous Network
paper_1489|output_1489|chem_NiFe_NiSx_Ni,NiFe/NiSx-Ni,NiFe/NiSx-Ni,Generic Nanostructure; Particle/Cluster; Porous Network
paper_148|output_148|chem_Co3O4_Ni_RuO2_rGO,cobalt oxide-nickel-doped ruthenium oxide on reduced graphene oxide,Co3O4/Ni-RuO2/rGO,Particle/Cluster
paper_1490|output_1490|chem_Mo_Ru_NSs,Mo-Ru NSs,,2D Sheet
paper_1490|output_1490|chem_Mo_V_Ru_NSs,Mo/V-Ru NSs,,2D Sheet; Amorphous; Faceted Polyhedron; Generic Nanostructure; Particle/Cluster; Porous Network; Rough/Wrinkled
paper_1490|output_1490|chem_Ru_NSs,Ru NSs,,2D Sheet; Faceted Polyhedron; Generic Nanostructure; Particle/Cluster; Porous Network
paper_1490|output_1490|chem_V_Ru_NSs,V-Ru NSs,,2D Sheet
paper_1492|output_1492|chem_ni_p_hcs,Ni-P HCs,Ni5P4,2D Sheet; Generic Nanostructure; Hierarchical; Hollow/Core-Shell; Particle/Cluster; Porous Network; Rough/Wrinkled
paper_1492|output_1492|chem_ni_p_nps,Ni-P NPs,Ni5P4,2D Sheet; Generic Nanostructure; Hierarchical; Hollow/Core-Shell; Particle/Cluster; Porous Network; Rough/Wrinkled
paper_1493|output_1493|chem_Co3O4_NF,Co₃O₄@NF,Co₃O₄,Porous Network
paper_1493|output_1493|chem_Vo_Co3O4_NF,V₀-Co₃O₄@NF,Co₃O₄ (oxygen vacancy),Porous Network
paper_1494|output_1494|chem_Ni0.8Fe0.2S2,Ni₀.₈Fe₀.₂S₂,Ni₀.₈Fe₀.₂S₂,Particle/Cluster
paper_1494|output_1494|chem_Ni1-xFexS2,Ni_{1-x}Fe_xS₂,Ni_{1-x}Fe_xS₂,Particle/Cluster
paper_1495|output_1495|chem_pd1fe_saapc,Pd₁Fe SAA@PC,Pd1Fe SAA@PC,Crystalline; Film/Coating; Generic Nanostructure; Particle/Cluster; Porous Network
paper_1495|output_1495|chem_pdfe_np_pc,PdFe NP@PC,PdFe NP@PC,Film/Coating; Hollow/Core-Shell; Particle/Cluster; Porous Network
paper_1496|output_1496|chem_NiRu_C,NiRu/C,NiRu/C,Particle/Cluster
paper_1496|output_1496|chem_Ni_C,Ni/C,Ni/C,Particle/Cluster
paper_1497|output_1497|chem_CoP,CoP,CoP,2D Sheet; Film/Coating; Hierarchical; Porous Network
paper_1497|output_1497|chem_CoP_F_20,CoP|F-20,CoP1-xF,2D Sheet; Film/Coating; Generic Nanostructure; Hierarchical; Porous Network
paper_1498|output_1498|chem_Vo_Co3O4,Vo-Co3O4,Co3O4,Particle/Cluster
paper_1499|output_1499|chem_NiMoO4,NiMoO4,NiMoO4,Porous Network
paper_1499|output_1499|chem_NiO_MoO3_minus_x,NiO@MoO3−x,NiO@MoO3−x,Array/Aligned; Generic Nanostructure; Hollow/Core-Shell; Particle/Cluster; Porous Network
paper_1499|output_1499|chem_Ni_MoO3_minus_x,Ni@MoO3−x,Ni@MoO3−x,Array/Aligned; Generic Nanostructure; Hollow/Core-Shell; Particle/Cluster; Porous Network
paper_1499|output_1499|chem_Ni_NiO,Ni/NiO,Ni/NiO,Porous Network
paper_1499|output_1499|chem_Ni_NiO_MoO3_minus_x,Ni/NiO@MoO3−x,Ni/NiO@MoO3−x,1D Wire/Rod/Tube; Generic Nanostructure; Hierarchical; Hollow/Core-Shell; Particle/Cluster
paper_149|output_149|chem_Ru_CC,commercial Ru nanoparticles on carbon cloth,Ru,Particle/Cluster
paper_1500|output_1500|chem_N_HCNSs,N-HCNSs,N-doped hollow carbon nanospheres,1D Wire/Rod/Tube; 2D Sheet; Generic Nanostructure; Hollow/Core-Shell; Particle/Cluster; Rough/Wrinkled
paper_1500|output_1500|chem_NiO_NPs,NiO-NPs,NiO,1D Wire/Rod/Tube; Generic Nanostructure; Particle/Cluster
paper_1500|output_1500|chem_NiO_NSs_N_HCNSs,NiO-NSs@N-HCNSs,NiO/N-HCNSs,1D Wire/Rod/Tube; 2D Sheet; Generic Nanostructure; Hollow/Core-Shell; Particle/Cluster; Porous Network
paper_1500|output_1500|chem_NiO_NWs_N_HCNSs,NiO-NWs@N-HCNSs,NiO/N-HCNSs,1D Wire/Rod/Tube; 2D Sheet; Generic Nanostructure; Hollow/Core-Shell; Particle/Cluster
paper_1501|output_1501|chem_NiFe_LDH,NiFe-LDH,,2D Sheet
paper_1501|output_1501|chem_PdRu_HEA,PdRu-HEA,PdRuCoNiCu,2D Sheet; Particle/Cluster
paper_1501|output_1501|chem_PtPdRu_HEA,PtPdRu-HEA,PtPdRuCoNiCu,Particle/Cluster
paper_1501|output_1501|chem_PtPd_HEA,PtPd-HEA,PtPdCoNiCu,1D Wire/Rod/Tube; 2D Sheet; Array/Aligned; Faceted Polyhedron; Particle/Cluster
paper_1501|output_1501|chem_PtRu_HEA,PtRu-HEA,PtRuCoNiCu,Generic Nanostructure; Particle/Cluster
paper_1502|output_1502|chem_Ni_single_crystal,Ni single crystal,Ni,Crystalline; Generic Nanostructure; Particle/Cluster
paper_1502|output_1502|chem_Oxi_1,Oxi-1,NiO/Ni,Crystalline; Generic Nanostructure; Particle/Cluster
paper_1502|output_1502|chem_Oxi_2,Oxi-2,NiO/Ni,Crystalline; Generic Nanostructure; Particle/Cluster
paper_1502|output_1502|chem_Oxi_3,Oxi-3,NiO/Ni,Crystalline; Generic Nanostructure; Particle/Cluster
paper_1502|output_1502|chem_Oxi_4,Oxi-4,NiO/Ni,Crystalline; Generic Nanostructure; Particle/Cluster
paper_1504|output_1504|chem_CNFCP,CNFCP,,Porous Network
paper_1504|output_1504|chem_NFC,NFC,,Porous Network
paper_1504|output_1504|chem_NFCP,NFCP,NiFeCoP,Porous Network
paper_1505|output_1505|chem_N-NiFe_LDH_film,N–NiFe LDH film,N_{0.76}NiFe_{0.51}(OH)_{2.02},1D Wire/Rod/Tube; 2D Sheet; Film/Coating; Porous Network
paper_1506|output_1506|chem_PtNi_Ru_CFN,PtNi/Ru@CFN,,Hollow/Core-Shell; Porous Network
paper_1507|output_1507|chem_Co(OH)F_CC,Co(OH)F / CC,Co(OH)F,1D Wire/Rod/Tube; Faceted Polyhedron; Particle/Cluster
paper_1507|output_1507|chem_Co1-xS_Co(OH)F_CC,Co_{1 - x}S / Co(OH)F / CC,Co_{1 - x}S / Co(OH)F,1D Wire/Rod/Tube; Crystalline; Faceted Polyhedron; Particle/Cluster; Porous Network
paper_1508|output_1508|chem_Co3O4,Co3O4,Co3O4,Crystalline; Porous Network
paper_1508|output_1508|chem_pristine_Co3O4,pristine Co3O4,Co3O4,Porous Network
paper_150|output_150|chem_Ta0p1Ru0p9O2_x,tantalum-ruthenium oxide nanoparticulate,Ta0.1Ru0.9O2-x,Particle/Cluster; Porous Network; Rough/Wrinkled
paper_150|output_150|chem_Ta0p2Ru0p8O2_x,tantalum-ruthenium oxide with higher Ta content,Ta0.2Ru0.8O2-x,Particle/Cluster
paper_150|output_150|chem_Ta_RuO2,tantalum-doped ruthenium oxide,TaδRu1-δO2-x,Film/Coating; Generic Nanostructure; Particle/Cluster; Porous Network; Rough/Wrinkled
paper_1510|output_1510|chem_Os,Os,Os,Generic Nanostructure; Particle/Cluster; Porous Network
paper_1510|output_1510|chem_OsP2,OsP₂,OsP₂,2D Sheet; Crystalline; Generic Nanostructure; Hollow/Core-Shell; Particle/Cluster; Porous Network
paper_1510|output_1510|chem_Os_OsP2,Os - OsP₂,Os-OsP₂,Generic Nanostructure; Particle/Cluster; Porous Network
paper_1511|output_1511|chem_Y0.3Ru0.7O2,Υ₀.₃ Ru₀.₇ O₂,Y₀.₃ Ru₀.₇ O₂,2D Sheet; Amorphous; Crystalline; Generic Nanostructure; Particle/Cluster
paper_1511|output_1511|chem_Y2Ru2O7,Y₂Ru₂O₇,Y₂Ru₂O₇,2D Sheet; Amorphous; Crystalline; Generic Nanostructure; Particle/Cluster
paper_1512|output_1512|chem_Ni2Fe1_Sq_zbr_MOF,Ni₂Fe₁ Sq-zbr-MOF,[Fe₁Ni₂(C₄O₄)₂(OH)₂]·2.71H₂O,Porous Network
paper_1512|output_1512|chem_Ni3Fe1_Sq_zbr_MOF,Ni₃Fe₁ Sq-zbr-MOF,,Porous Network
paper_1513|output_1513|chem_nis,NiS,Ni₃S₂,1D Wire/Rod/Tube; Porous Network
paper_1513|output_1513|chem_v_nis,V-NiS,V-Ni₃S₂,1D Wire/Rod/Tube; Porous Network
paper_1514|output_1514|chem_HG-Ni,HG-Ni,,1D Wire/Rod/Tube; Crystalline; Generic Nanostructure; Hierarchical; Porous Network
paper_1514|output_1514|chem_HG-NiFe,HG-NiFe,,Hierarchical
paper_1514|output_1514|chem_HG-NiFe_x,HG-NiFe_x,,Hierarchical
paper_1516|output_1516|chem_am_mo_nis0.5se0.5,Am-Mo-NiS0.5Se0.5,Mo-NiS0.5Se0.5,Amorphous; Crystalline; Porous Network
paper_1516|output_1516|chem_cr_mo_nis0.5se0.5,Cr-Mo-NiS0.5Se0.5,Mo-NiS0.5Se0.5,Amorphous; Crystalline; Porous Network
paper_1517|output_1517|chem_RuO2_NF,RuO2/NF,RuO2/NF,Porous Network
paper_1519|output_1519|chem_MnO2_ECNFs,MnO2/electrospun-carbon-nanofibers,MnO2/ECNFs,1D Wire/Rod/Tube
paper_151|output_151|chem_Co2P,cobalt phosphide,Co2P,1D Wire/Rod/Tube; Array/Aligned; Porous Network
paper_151|output_151|chem_CoFePBA,cobalt ferricyanide,K2CoFe(CN)6,Generic Nanostructure
paper_151|output_151|chem_CoFePBA_Co2P,cobalt ferricyanide/cobalt phosphide,K2CoFe(CN)6/Co2P,2D Sheet; Generic Nanostructure; Porous Network
paper_151|output_151|chem_Co_OH_2,cobalt hydroxide,Co(OH)2,1D Wire/Rod/Tube; Array/Aligned; Porous Network
paper_1520|output_1520|chem_MoS2-WS2_lateral,MoS₂-WS₂ lateral heterostructures,MoS₂·WS₂,Film/Coating
paper_1520|output_1520|chem_WS2,WS₂,WS₂,2D Sheet; Film/Coating; Generic Nanostructure; Particle/Cluster
paper_1521|output_1521|chem_cu_film,Cu film,Cu,Crystalline; Film/Coating; Flower/Urchin/Dendrite; Generic Nanostructure; Hierarchical; Particle/Cluster; Porous Network
paper_1521|output_1521|chem_cu_foam_mesh,Cu-foam@mesh,Cu,Crystalline; Film/Coating; Flower/Urchin/Dendrite; Generic Nanostructure; Hierarchical; Particle/Cluster; Porous Network
paper_1523|output_1523|chem_NiFe_oxyhydroxide_Ni_foam,"three-dimensional porous interwoven (Ni,Fe) oxyhydroxide nanorod arrays",,1D Wire/Rod/Tube; 2D Sheet; Amorphous; Array/Aligned; Porous Network
paper_1524|output_1524|chem_Cu(OH)2,Cu(OH)₂,Cu(OH)₂,1D Wire/Rod/Tube; 2D Sheet; Faceted Polyhedron; Flower/Urchin/Dendrite; Generic Nanostructure; Hierarchical; Porous Network
paper_1524|output_1524|chem_Ni(OH)2,Ni(OH)₂,Ni(OH)₂,1D Wire/Rod/Tube; 2D Sheet; Array/Aligned; Faceted Polyhedron; Flower/Urchin/Dendrite; Generic Nanostructure; Hierarchical; Porous Network
paper_1524|output_1524|chem_Ni(OH)2_Cu(OH)2,Ni(OH)₂/Cu(OH)₂,Ni(OH)₂/Cu(OH)₂,1D Wire/Rod/Tube; Flower/Urchin/Dendrite; Hierarchical; Porous Network
paper_1526|output_1526|chem_Fe-HPNC_Co3O4,Fe-HPNC/Co₃O₄,FeN₂+Co₃O₄,Particle/Cluster
paper_1527|output_1527|chem_Os_NP_NC,Os-NP@NC,,Particle/Cluster
paper_1527|output_1527|chem_Os_SA_SNC,Os-SA@SNC,,Particle/Cluster
paper_152|output_152|chem_NiFeSe,NiFeSe,NiFeSe,2D Sheet; Rough/Wrinkled
paper_152|output_152|chem_NiFe_LDH,NiFe-LDH,,2D Sheet; Rough/Wrinkled
paper_1531|output_1531|chem_CoP_Co,CoP@Co,CoP@Co,Hollow/Core-Shell
paper_1532|output_1532|chem_Ni2P_NF,Ni₂P/NF,Ni₂P,Array/Aligned
paper_1532|output_1532|chem_Ni_Fe_LDH,Ni-Fe LDH,Ni-Fe LDH,2D Sheet; Porous Network
paper_1533|output_1533|chem_NiFe_LDH,NiFe LDH,,Porous Network
paper_1533|output_1533|chem_NiMoN,NiMoN,Ni0.2Mo0.8N,Crystalline; Generic Nanostructure
paper_1533|output_1533|chem_NiMoO4,NiMoO4,NiMoO4·H2O,Porous Network
paper_1535|output_1535|chem_N_Ni5P4_CoP_CFP,N-Ni₅P₄@CoP/CFP,N-Ni₅P₄@CoP,Porous Network
paper_1537|output_1537|chem_Fe2O3,Fe2O3,Fe2O3,Generic Nanostructure; Particle/Cluster
paper_1537|output_1537|chem_FeCrO3,FeCrO3,FeCrO3,Particle/Cluster
paper_1538|output_1538|chem_Ni1_x_Fex_3P,(Ni1-xFex)3P,(Ni_{1-x}Fe_x)_3P,2D Sheet; Amorphous; Crystalline; Generic Nanostructure; Particle/Cluster
paper_1538|output_1538|chem_Ni1_x_Fex_3P_NiFe_OH_P,(Ni1-xFex)3P/NiFe-OH-P,(Ni_{1-x}Fe_x)_3P/NiFe-OH-P,2D Sheet; Amorphous; Crystalline; Film/Coating; Generic Nanostructure; Particle/Cluster
paper_1539|output_1539|chem_Co0.59Ni0.41C2O4_NF,Co_{0.59}Ni_{0.41}C_2O_4/NF,Co_{0.59}Ni_{0.41}C_2O_4/NF,2D Sheet; Faceted Polyhedron; Generic Nanostructure; Particle/Cluster; Porous Network
paper_1539|output_1539|chem_Co0.59Ni0.41C2O4_PANI_NF,Co_{0.59}Ni_{0.41}C_2O_4@PANI/NF,Co_{0.59}Ni_{0.41}C_2O_4@PANI/NF,1D Wire/Rod/Tube; 2D Sheet; Faceted Polyhedron; Generic Nanostructure; Porous Network
paper_1539|output_1539|chem_NF_PANI,NF@PANI,NF@PANI,1D Wire/Rod/Tube; 2D Sheet; Film/Coating; Hollow/Core-Shell; Particle/Cluster; Porous Network
paper_153|output_153|chem_RbSbWO6,RbSbWO6,RbSbWO6,Particle/Cluster
paper_1541|output_1541|chem_V-Ni3S2,V-Ni3S2,V-Ni3S2,1D Wire/Rod/Tube; 2D Sheet; Array/Aligned; Generic Nanostructure; Hollow/Core-Shell; Particle/Cluster; Porous Network
paper_1541|output_1541|chem_V-Ni3S2@NiFe_LDH,V-Ni3S2@NiFe LDH,V-Ni3S2@NiFe LDH,1D Wire/Rod/Tube; 2D Sheet; Array/Aligned; Film/Coating; Generic Nanostructure; Hollow/Core-Shell; Particle/Cluster
paper_1542|output_1542|chem_cop_mf,CoP/MF,CoP,Porous Network
paper_1542|output_1542|chem_mo_cop_moo_x_100,Mo-CoP/MoO_x-100,Mo-CoP/MoO_x,1D Wire/Rod/Tube; Array/Aligned; Generic Nanostructure
paper_1543|output_1543|chem_NiFe_PNTA,NiFe@PNTA,,1D Wire/Rod/Tube; Amorphous; Array/Aligned; Generic Nanostructure; Particle/Cluster; Porous Network; Rough/Wrinkled
paper_1543|output_1543|chem_NiFe_PZn_PNTA,NiFe-P_Zn@PNTA,,2D Sheet
paper_1543|output_1543|chem_PNTA,PNTA,,1D Wire/Rod/Tube; Array/Aligned; Particle/Cluster; Porous Network
paper_1544|output_1544|chem_CoP_MNA,CoP mesoporous nanorod arrays,CoP,1D Wire/Rod/Tube; Array/Aligned; Porous Network
paper_1545|output_1545|chem_Er-NiFe-LDH@NF,Er-NiFe-LDH@NF,,2D Sheet; Film/Coating; Generic Nanostructure; Porous Network
paper_1545|output_1545|chem_NiFe-LDH@NF,NiFe-LDH@NF,,2D Sheet; Faceted Polyhedron; Generic Nanostructure; Particle/Cluster; Porous Network
paper_1546|output_1546|chem_ht_nimon,HT-NiMoN,,2D Sheet; Array/Aligned; Faceted Polyhedron; Generic Nanostructure; Particle/Cluster; Porous Network
paper_1546|output_1546|chem_hw_nimon_2h,HW-NiMoN-2h,Ni/Ni0.2Mo0.8N,2D Sheet; Array/Aligned; Faceted Polyhedron; Generic Nanostructure; Particle/Cluster; Porous Network
paper_1546|output_1546|chem_wb_nimon,WB-NiMoN,,2D Sheet; Array/Aligned; Faceted Polyhedron; Generic Nanostructure; Particle/Cluster; Porous Network
paper_1547|output_1547|chem_CoFe_LDHs,CoFe LDHs,,2D Sheet
paper_1547|output_1547|chem_Cu196_CoFe_LDHs,Cu1.96/CoFe LDHs,,1D Wire/Rod/Tube; 2D Sheet; Crystalline; Film/Coating; Generic Nanostructure; Hollow/Core-Shell; Particle/Cluster; Porous Network; Rough/Wrinkled
paper_1547|output_1547|chem_Cu338_CoFe_LDHs,Cu3.38/CoFe LDHs,,2D Sheet; Generic Nanostructure; Particle/Cluster
paper_1547|output_1547|chem_Cu476_CoFe_LDHs,Cu4.76/CoFe LDHs,,Crystalline
paper_1548|output_1548|chem_Ni0.8Fe0.2_AHNA,Ni0.8Fe0.2–AHNA,Ni_{0.8}Fe_{0.2},1D Wire/Rod/Tube; 2D Sheet; Porous Network
paper_1548|output_1548|chem_Ni1Fe0_AHNA,Ni1Fe0–AHNA,Ni,1D Wire/Rod/Tube; Array/Aligned; Crystalline; Particle/Cluster; Porous Network; Rough/Wrinkled
paper_1549|output_1549|chem_alpha_Co(OH)2,α-Co(OH)₂,Co(OH)₂,Particle/Cluster
paper_1549|output_1549|chem_beta_Co(OH)2,β-Co(OH)₂,Co(OH)₂,Particle/Cluster
paper_1550|output_1550|chem_CoNi,CoNi (1:1),CoNi,Particle/Cluster; Rough/Wrinkled
paper_1550|output_1550|chem_CoNiCu,CoNiCu (1:1:1),CoNiCu,Hollow/Core-Shell; Particle/Cluster
paper_1550|output_1550|chem_CoNiFe,CoNiFe (1:1:1),CoNiFe,Particle/Cluster
paper_1550|output_1550|chem_CoNiFeCu_1_1_1_0.5,CoNiFeCu (1:1:1:0.5),CoNiFeCu,Generic Nanostructure; Particle/Cluster; Rough/Wrinkled
paper_1551|output_1551|chem_Cu2S,Cu₂S,Cu₂S,Generic Nanostructure; Particle/Cluster; Porous Network
paper_1552|output_1552|chem_polycrystalline_Pt,polycrystalline platinum,Pt,Crystalline; Rough/Wrinkled
paper_1553|output_1553|chem_Ru1_SACs_FeCo_LDH,Ru1 SACs@FeCo-LDH,,1D Wire/Rod/Tube; 2D Sheet; Array/Aligned; Flower/Urchin/Dendrite; Hollow/Core-Shell; Particle/Cluster; Porous Network
paper_1553|output_1553|chem_Ru2_SACs_FeCo_LDH,Ru2 SACs@FeCo-LDH,,Array/Aligned
paper_1554|output_1554|chem_Cu,Cu,Cu,1D Wire/Rod/Tube; Porous Network
paper_1554|output_1554|chem_Ni_OH_2,Ni(OH)₂,Ni(OH)₂,1D Wire/Rod/Tube; Porous Network
paper_1554|output_1554|chem_Ni_OH_x_Cu,Ni(OH)x/Cu,Ni(OH)_x/Cu,1D Wire/Rod/Tube; Amorphous; Array/Aligned; Particle/Cluster; Porous Network
paper_1555|output_1555|chem_CrNN,CrNN,Ni@NiO/Cr2O3,Crystalline; Generic Nanostructure; Particle/Cluster; Porous Network
paper_1555|output_1555|chem_NiFe_LDH,NiFe layered double hydroxide,NiFe LDH,2D Sheet
paper_1555|output_1555|chem_NiO_Ni,NiO/Ni heterostructure,Ni/NiO,Hollow/Core-Shell
paper_1556|output_1556|chem_corrugated_beta_ni_oh_2,corrugated β-Ni(OH)₂,Ni(OH)₂,Rough/Wrinkled
paper_1556|output_1556|chem_niv_ldh,NiV-LDH,,1D Wire/Rod/Tube; 2D Sheet; Generic Nanostructure; Porous Network; Rough/Wrinkled
paper_1556|output_1556|chem_regular_alpha_ni_oh_2,regular α-Ni(OH)₂,Ni(OH)₂,Rough/Wrinkled
paper_1556|output_1556|chem_regular_beta_ni_oh_2,regular β-Ni(OH)₂,Ni(OH)₂,Rough/Wrinkled
paper_1557|output_1557|chem_Cu_Fe3O4,Cu-Fe3O4,Cu-Fe3O4,2D Sheet
paper_1557|output_1557|chem_Cu_FeOOH_Fe3O4,Cu-FeOOH/Fe3O4,Cu-FeOOH/Fe3O4,2D Sheet
paper_1557|output_1557|chem_Fe3O4,Fe3O4,Fe3O4,2D Sheet
paper_1558|output_1558|chem_Co2P_NAs,Co₂P NAs,Co₂P,Generic Nanostructure
paper_1558|output_1558|chem_Co2P_SCNAs,Co₂P SCNAs,Co₂P,Generic Nanostructure
paper_1558|output_1558|chem_Sn4P3_Co2P_NAs,Sn₄P₃/Co₂P NAs,Sn₄P₃/Co₂P,1D Wire/Rod/Tube; 2D Sheet; Array/Aligned; Crystalline; Generic Nanostructure; Hierarchical; Particle/Cluster; Porous Network
paper_1558|output_1558|chem_Sn4P3_Co2P_SCNAs,Sn₄P₃/Co₂P SCNAs,Sn₄P₃/Co₂P,1D Wire/Rod/Tube; 2D Sheet; Array/Aligned; Crystalline; Generic Nanostructure; Hierarchical; Particle/Cluster; Porous Network
paper_1559|output_1559|chem_SFI_Li_Co,SFI@Li/Co,,1D Wire/Rod/Tube; Array/Aligned; Faceted Polyhedron; Film/Coating; Generic Nanostructure; Particle/Cluster
paper_155|output_155|chem_LDH_FeOOH_NF,LDH-FeOOH/NF,,2D Sheet
paper_155|output_155|chem_NiFe_LDH,NiFe-LDH,,2D Sheet
paper_1560|output_1560|chem_FeMoO4_HNSAs,FeMoO4 HNSAs,FeMoO4,1D Wire/Rod/Tube; 2D Sheet; Flower/Urchin/Dendrite; Generic Nanostructure; Particle/Cluster; Porous Network
paper_1563|output_1563|chem_Au_Ni3FeOx,Au@Ni₃FeOₓ,Au@Ni₃FeOₓ,Particle/Cluster
paper_1563|output_1563|chem_Fe3O4,Fe₃O₄,Fe₃O₄,Hollow/Core-Shell; Particle/Cluster
paper_1563|output_1563|chem_Ni3FeOx,Ni₃FeOₓ NPs,Ni₃FeOₓ,Array/Aligned; Generic Nanostructure; Hollow/Core-Shell; Particle/Cluster; Porous Network
paper_1563|output_1563|chem_NiO,NiO,NiO,Hollow/Core-Shell; Particle/Cluster
paper_1564|output_1564|chem_mo1fe1pd,Mo1Fe1Pd trimetallene,Mo1Fe1Pd,Particle/Cluster
paper_1566|output_1566|chem_Ni0.8Fe0.2S2,Ni₀.₈Fe₀.₂S₂,Ni₀.₈Fe₀.₂S₂,2D Sheet
paper_1567|output_1567|chem_FeOx,FeO_x,FeO_x,1D Wire/Rod/Tube; Generic Nanostructure; Hierarchical; Particle/Cluster; Porous Network
paper_1567|output_1567|chem_Ni-S-FeOx,Ni-S-FeO_x,Ni-S-FeO_x,Particle/Cluster
paper_1567|output_1567|chem_Ni9.5Co0.5-S-FeOx,Ni_{9.5}Co_{0.5}-S-FeO_x,Ni_{9.5}Co_{0.5}-S-FeO_x,1D Wire/Rod/Tube; Generic Nanostructure; Hierarchical; Particle/Cluster; Porous Network
paper_156|output_156|chem_NiFeW1_LDHs,NiFeW₁-LDHs,,2D Sheet; Amorphous; Crystalline; Particle/Cluster; Porous Network; Rough/Wrinkled
paper_156|output_156|chem_NiFeW3_LDHs,NiFeW₃-LDHs,,2D Sheet; Amorphous; Crystalline; Particle/Cluster; Porous Network; Rough/Wrinkled
paper_156|output_156|chem_NiFeW5_LDHs,NiFeW₅-LDHs,,2D Sheet; Amorphous; Crystalline; Particle/Cluster; Porous Network; Rough/Wrinkled
paper_156|output_156|chem_NiFe_LDHs,NiFe-LDHs,,2D Sheet; Amorphous; Crystalline; Particle/Cluster; Porous Network; Rough/Wrinkled
paper_157|output_157|chem_RuNPs_N_C,Ru_NPs-N-C,,Particle/Cluster
paper_157|output_157|chem_RuNPs_RuCrAPs_N_C,Ru_NPs-RuCr_APs-N-C,,Particle/Cluster
paper_157|output_157|chem_RuNPs_RuSAs_N_C,Ru_NPs-Ru_SAs-N-C,,Particle/Cluster
paper_158|output_158|chem_partially_spread_pt_island_ru,partially spread Pt-island on Ru,Pt-Ru,Particle/Cluster
paper_158|output_158|chem_pt_island_ru,Pt-island on Ru,Pt-Ru,Particle/Cluster
paper_158|output_158|chem_pt_string_ru,Pt-string on Ru,Pt-Ru,Particle/Cluster
paper_159|output_159|chem_CoP_NF,CoP/NF,CoP,1D Wire/Rod/Tube; Generic Nanostructure; Hierarchical; Porous Network
paper_159|output_159|chem_CoPi_CoP_NF,CoPi@CoP/NF,CoPi@CoP,1D Wire/Rod/Tube; Film/Coating; Generic Nanostructure; Hierarchical; Hollow/Core-Shell; Porous Network
paper_160|output_160|chem_Ru_NdOCl,Ru/NdOCl,Ru/NdOCl,Generic Nanostructure; Particle/Cluster; Porous Network; Rough/Wrinkled
paper_161|output_161|chem_2L_Pt_MoS2,2L-Pt/MoS2,Pt/MoS2,Generic Nanostructure; Particle/Cluster
paper_161|output_161|chem_Pt_MoS2_nanoparticles,chem_Pt_MoS2_nanoparticles,,Particle/Cluster
paper_162|output_162|chem_Pt_D_NiFe_LDH,Pt/D-NiFe-LDH,,Porous Network
paper_164|output_164|chem_MgOx_MoOy_Ru_metallene,MgO_x / MoO_y -Ru metallene,MgO_x / MoO_y -Ru,Generic Nanostructure; Particle/Cluster; Porous Network
paper_164|output_164|chem_MgOx_Ru_metallene,MgO_x -Ru metallene,,Generic Nanostructure; Hollow/Core-Shell; Particle/Cluster
paper_164|output_164|chem_MoOy_Ru_metallene,MoO_y -Ru metallene,,Generic Nanostructure; Particle/Cluster; Porous Network
paper_164|output_164|chem_Ru_metallene,Ru metallene,Ru,Particle/Cluster
paper_165|output_165|chem_heterc_lcs,HeterC-LCS,Ru-N4/lignin carbon,Porous Network
paper_165|output_165|chem_homoc_lcs,HomoC-LCS,Ru-N4/lignin carbon,Porous Network
paper_166|output_166|chem_Mo2C,Mo₂C,Mo₂C,1D Wire/Rod/Tube; Array/Aligned; Generic Nanostructure; Hollow/Core-Shell; Particle/Cluster; Porous Network
paper_166|output_166|chem_MoL-Mo2C,Mo_L-Mo₂C,Mo_L-Mo₂C,1D Wire/Rod/Tube; Array/Aligned; Generic Nanostructure; Particle/Cluster; Porous Network
paper_166|output_166|chem_Pt1-Mo2C,Pt₁-Mo₂C SACs,Pt₁-Mo₂C,1D Wire/Rod/Tube; Array/Aligned; Generic Nanostructure; Particle/Cluster; Porous Network
paper_166|output_166|chem_Pt1-MoL-Mo2C,Pt₁-Mo_L-Mo₂C SSAAs,Pt₁-Mo_L-Mo₂C,1D Wire/Rod/Tube; Array/Aligned; Generic Nanostructure; Particle/Cluster; Porous Network
paper_167|output_167|chem_Co_n_NPC,Co_n@NPC,Co_n@NPC,Faceted Polyhedron; Generic Nanostructure; Hollow/Core-Shell; Particle/Cluster; Porous Network
paper_167|output_167|chem_Co_n_Pt_1_NPC,Co_n-Pt_1@NPC,Co_n-Pt_1@NPC,Generic Nanostructure; Particle/Cluster; Porous Network
paper_167|output_167|chem_Co_n_c_Pt_1_NPC,Co_n+c-Pt_1@NPC,Co_n+c-Pt_1@NPC,Porous Network
paper_167|output_167|chem_Pt_1_NPC,Pt_1@NPC,Pt_1@NPC,Porous Network
paper_168|output_168|chem_C_clean-Ni,C_clean-Ni,Ni,Particle/Cluster
paper_168|output_168|chem_C_less-Ni,C_less-Ni,Ni,Particle/Cluster
paper_168|output_168|chem_C_rich-Ni,C_rich-Ni,Ni,Particle/Cluster
paper_169|output_169|chem_Pt/C,Pt(20 wt%)/C,Pt(20 wt%)/C,2D Sheet
paper_170|output_170|chem_Fe7C3_CNF,Fe₇C₃@CNF,Fe₇C₃@CNF,1D Wire/Rod/Tube
paper_170|output_170|chem_Ru_CNF,Ru@CNF,Ru@CNF,1D Wire/Rod/Tube; 2D Sheet; Hollow/Core-Shell; Porous Network
paper_170|output_170|chem_Ru_Fe7C3_CNF,Ru-Fe₇C₃@CNF,Ru-Fe₇C₃@CNF,1D Wire/Rod/Tube; 2D Sheet; Crystalline; Hollow/Core-Shell; Particle/Cluster; Porous Network
paper_171|output_171|chem_pt_niox_c,Pt-NiO_x/C,Pt-NiO_x/C,2D Sheet; Particle/Cluster
paper_171|output_171|chem_pt_niox_h2_c,Pt-NiO_x-H_2/C,Pt-NiO_x-H_2/C,2D Sheet; Generic Nanostructure; Particle/Cluster
paper_172|output_172|chem_Pt1Cl0.5_Ru-NPs_RuOx,Pt₁Cl₀.₅/Ru-NPs@RuOₓ,Pt₁Cl₀.₅/Ru-NPs@RuOₓ,Particle/Cluster
paper_172|output_172|chem_Pt1_Ru-NPs_RuOx,Pt₁/Ru-NPs@RuOₓ,Pt₁/Ru-NPs@RuOₓ,Particle/Cluster
paper_173|output_173|chem_Ru_Mn3O4,Ru@Mn₃O₄,Ru@Mn₃O₄,Amorphous; Crystalline; Film/Coating; Particle/Cluster
paper_173|output_173|chem_Ru_Mn3O4_mix,Ru/Mn₃O₄,Ru/Mn₃O₄,Amorphous; Crystalline; Film/Coating; Particle/Cluster
paper_173|output_173|chem_Ru_NPs,Ru NPs,Ru,Amorphous; Crystalline; Film/Coating; Particle/Cluster
paper_174|output_174|chem_CoP,CoP,CoP,2D Sheet; Film/Coating; Particle/Cluster
paper_174|output_174|chem_Se-CoP,Se-CoP,Se-CoP,2D Sheet
paper_175|output_175|chem_c15_ir_2_pr,C15-Ir₂Pr,C15-Ir₂Pr,2D Sheet; Particle/Cluster
paper_175|output_175|chem_c15_irrh_2_pr_nd_tb,C15-(IrRh)₂PrNdTb,C15-(IrRh)₂PrNdTb,Array/Aligned; Particle/Cluster
paper_176|output_176|chem_Cs2PtCl6_V4C3Tx,Cs₂PtCl₆@V₄C₃Tₓ,Cs₂PtCl₆@V₄C₃Tₓ,Particle/Cluster
paper_177|output_177|chem_PtCu2_CuO,PtCu₂/CuO,PtCu₂/CuO,Film/Coating; Generic Nanostructure; Hollow/Core-Shell; Particle/Cluster; Rough/Wrinkled
paper_178|output_178|chem_H_Pt,H-Pt,Pt,1D Wire/Rod/Tube; Amorphous; Generic Nanostructure; Particle/Cluster; Porous Network
paper_178|output_178|chem_Pt_NiOH2,Pt/Ni(OH)₂,Pt/Ni(OH)₂,2D Sheet; Generic Nanostructure; Particle/Cluster; Porous Network
paper_179|output_179|chem_RuC_B_O_rGO,Ru_C - B - O / rGO,Ru_C-B-O/rGO,Generic Nanostructure; Particle/Cluster; Porous Network
paper_179|output_179|chem_RuC_O_rGO,Ru_C - O / rGO,Ru_C-O/rGO,Generic Nanostructure; Particle/Cluster; Porous Network
paper_17|output_17|chem_C_CW,C-CW,,Amorphous; Particle/Cluster; Porous Network
paper_17|output_17|chem_Co_C_CW,Co/C-CW,,Particle/Cluster; Porous Network
paper_17|output_17|chem_Co_R_CW,Co/R-CW,,Particle/Cluster; Porous Network
paper_17|output_17|chem_Co_T_CW,Co/T-CW,,Particle/Cluster; Porous Network
paper_180|output_180|chem_Cl_Pt_LDH,Cl-Pt/LDH,,2D Sheet
paper_180|output_180|chem_HO_Pt_LDH,HO-Pt/LDH,,2D Sheet
paper_180|output_180|chem_NiFe_LDH,NiFe-LDH,,2D Sheet; Faceted Polyhedron; Particle/Cluster; Porous Network
paper_181|output_181|chem_CoOOH,CoOOH,CoOOH,Amorphous; Crystalline
paper_182|output_182|chem_Ru1_NC,Ru₁/NC,,Crystalline; Particle/Cluster
paper_182|output_182|chem_Run_NC,Ruₙ/NC,,Crystalline; Particle/Cluster
paper_183|output_183|chem_NiCr_C,NiCr/C,,Particle/Cluster
paper_183|output_183|chem_NiCuCr_C,NiCuCr/C,,Particle/Cluster
paper_183|output_183|chem_NiCu_C,NiCu/C,,Particle/Cluster
paper_183|output_183|chem_Ni_C,Ni/C,,Particle/Cluster
paper_185|output_185|chem_3pt_ru_c,3%Pt-Ru/C,Pt·Ru/C,Particle/Cluster; Porous Network
paper_185|output_185|chem_ru_c,Ru/C,Ru/C,Film/Coating; Hollow/Core-Shell; Particle/Cluster
paper_186|output_186|chem_ru_ti4o7,Ru/Ti₄O₇,Ru/Ti₄O₇,Particle/Cluster
paper_187|output_187|chem_Ir_NiPS3,Ir/NiPS₃,Ir/NiPS₃,Particle/Cluster
paper_188|output_188|chem_co_n4_c,Co–N4–C,Co-N4-C,Porous Network
paper_188|output_188|chem_co_p1n3_c,Co–P1N3–C,Co-P1N3-C,Particle/Cluster; Porous Network
paper_188|output_188|chem_co_p2n2_c,Co–P2N2–C,Co-P2N2-C,Particle/Cluster
paper_189|output_189|chem_Ni3S2_NiO,Ni₃S₂/NiO,Ni₃S₂/NiO,Generic Nanostructure; Particle/Cluster
paper_189|output_189|chem_NiS,NiS,NiS,Generic Nanostructure; Particle/Cluster
paper_190|output_190|chem_WS2_superstructure,WS2 superstructure,WS2,2D Sheet
paper_191|output_191|chem_PSCF,Pr0.1Sr0.9Co0.5Fe0.5O3,Pr0.1Sr0.9Co0.5Fe0.5O3,Crystalline; Film/Coating; Particle/Cluster; Porous Network
paper_191|output_191|chem_PSCFM,Pr0.1Sr0.9Co0.5Fe0.3Mn0.2O3,Pr0.1Sr0.9Co0.5Fe0.3Mn0.2O3,Particle/Cluster; Porous Network
paper_192|output_192|chem_Ru_NPs_TiN,Ru NPs/TiN,,1D Wire/Rod/Tube; Film/Coating; Generic Nanostructure; Particle/Cluster; Porous Network
paper_193|output_193|chem_B-MoSe2,B-MoSe2,MoSe2,1D Wire/Rod/Tube; 2D Sheet; Crystalline; Faceted Polyhedron; Film/Coating; Generic Nanostructure; Hollow/Core-Shell; Particle/Cluster; Porous Network
paper_193|output_193|chem_F-MoSe2,F-MoSe2,MoSe2,1D Wire/Rod/Tube; 2D Sheet; Crystalline; Faceted Polyhedron; Film/Coating; Generic Nanostructure; Hollow/Core-Shell; Particle/Cluster; Porous Network
paper_193|output_193|chem_U-MoSe2,U-MoSe2,MoSe2,1D Wire/Rod/Tube; 2D Sheet; Crystalline; Faceted Polyhedron; Film/Coating; Generic Nanostructure; Hollow/Core-Shell; Particle/Cluster; Porous Network
paper_195|output_195|chem_RuNi_NC,RuNi/NC,Ru1.68Ni0.32/NC,Particle/Cluster
paper_196|output_196|chem_PdRu_Pt_C,Pd-Ru@Pt/C,Pd-Ru@Pt/C,Particle/Cluster
paper_196|output_196|chem_Pd_Pt_C,Pd@Pt/C,Pd@Pt/C,Particle/Cluster
paper_196|output_196|chem_Ru_Pt_C,Ru@Pt/C,Ru@Pt/C,Particle/Cluster
paper_197|output_197|chem_FeNiHOF,FeNiHOF,,2D Sheet; Porous Network
paper_197|output_197|chem_FeNiLDH,FeNiLDH,,2D Sheet; Porous Network
paper_198|output_198|chem_Mo_MoOx_JH,Mo@MoOx-JH,Mo@MoOx,Particle/Cluster
paper_198|output_198|chem_RuMo_MoOx_JH,RuMo@MoOx-JH,RuMo@MoOx,Particle/Cluster
paper_1|output_1|chem_Fe_foam,iron foam,Fe,Porous Network
paper_1|output_1|chem_NiFe_LDH_IF_Cl,Ni-Fe LDH/IF (Cl-),Ni-Fe LDH/Fe foam,2D Sheet; Porous Network
paper_1|output_1|chem_NiFe_LDH_IF_NO3,Ni-Fe LDH/IF (NO3-),Ni-Fe LDH/Fe foam,1D Wire/Rod/Tube; 2D Sheet; Flower/Urchin/Dendrite; Generic Nanostructure; Hierarchical; Particle/Cluster; Porous Network
paper_1|output_1|chem_NiFe_LDH_IF_SO4,Ni-Fe LDH/IF (SO4 2-),Ni-Fe LDH/Fe foam,2D Sheet; Porous Network
paper_200|output_200|chem_NiFe_LDH,NiFe LDH,,1D Wire/Rod/Tube; 2D Sheet; Generic Nanostructure; Porous Network
paper_200|output_200|chem_R-NiFeOOH,R-NiFeOOH,NiFeOOH,1D Wire/Rod/Tube; Generic Nanostructure; Particle/Cluster; Porous Network
paper_200|output_200|chem_R-NiFeOOH@SO4,R-NiFeOOH@SO4,NiFeOOH·SO4,1D Wire/Rod/Tube; 2D Sheet; Amorphous; Generic Nanostructure; Hollow/Core-Shell; Porous Network
paper_200|output_200|chem_R-NiOOH,R-NiOOH,NiOOH,2D Sheet
paper_201|output_201|chem_ni_oh_2_c_120,Ni(OH)₂/C-120,Ni(OH)₂/C-120,2D Sheet; Crystalline
paper_202|output_202|chem_PdRhMoFeMn_HEMs,PdRhMoFeMn HEMs,PdRhMoFeMn,Generic Nanostructure; Particle/Cluster; Rough/Wrinkled
paper_203|output_203|chem_ap_nife_ldh,AP NiFe LDH,NiFe LDH,2D Sheet; Amorphous; Porous Network
paper_203|output_203|chem_nife_ldh_po4,NiFe LDH-[PO₄³⁻],NiFe LDH-PO₄,2D Sheet
paper_203|output_203|chem_raney_ni,Raney Ni,,2D Sheet
paper_204|output_204|chem_Pt_cage,Pt/cage,,Hollow/Core-Shell; Particle/Cluster; Porous Network
paper_205|output_205|chem_Co(OH)2@Co2Mo3O8,Co(OH)₂@Co₂Mo₃O₈,Co(OH)₂@Co₂Mo₃O₈,Hollow/Core-Shell; Particle/Cluster
paper_205|output_205|chem_Co2Mo3O8,Co₂Mo₃O₈,Co₂Mo₃O₈,Crystalline; Generic Nanostructure; Hollow/Core-Shell; Particle/Cluster
paper_206|output_206|chem_NF_R,NF-R,,Porous Network
paper_206|output_206|chem_NiFe_LDH_NF_R,NiFe-LDH/NF-R,,2D Sheet
paper_207|output_207|chem_int_ni_moo2,Int-Ni/MoO2,Ni/MoO₂,2D Sheet; Generic Nanostructure; Particle/Cluster; Porous Network
paper_207|output_207|chem_nimo_moo2,NiMo/MoO₂,NiMo/MoO₂,2D Sheet; Generic Nanostructure; Particle/Cluster; Porous Network
paper_208|output_208|chem_Ni0.75Fe0.25_Clx,Ni0.75Fe0.25 Cl_x,,2D Sheet; Particle/Cluster
paper_208|output_208|chem_Ni0.75Fe0.25_LDH,Ni0.75Fe0.25-LDH,,2D Sheet
paper_208|output_208|chem_[Ni0.75Fe0.25]0.6Zn0.4Clx,[Ni0.75Fe0.25]0.6Zn0.4Cl_x,,Particle/Cluster
paper_209|output_209|chem_NiFe_LDH,NiFe-LDH,,2D Sheet; Film/Coating; Porous Network
paper_209|output_209|chem_PMCM_2,PMCM-2,,Porous Network
paper_20|output_20|chem_CeNiFe_CuO,Ce-decorated NiFe LDH nanosheets array anchored on vertically aligned CuO nanowire,,1D Wire/Rod/Tube; 2D Sheet; Array/Aligned; Generic Nanostructure; Hollow/Core-Shell; Porous Network; Rough/Wrinkled
paper_20|output_20|chem_CeNiFe_NF,CeNiFe LDH nanosheets on nickel foam,,2D Sheet; Porous Network
paper_20|output_20|chem_CuO,Copper oxide nanowires,,1D Wire/Rod/Tube; 2D Sheet; Array/Aligned; Generic Nanostructure; Porous Network; Rough/Wrinkled
paper_20|output_20|chem_NiFe_CuO,NiFe LDH nanosheets anchored on CuO nanowire,,1D Wire/Rod/Tube; 2D Sheet; Hollow/Core-Shell
paper_20|output_20|chem_NiFe_NF,NiFe LDH on nickel foam,,Porous Network
paper_210|output_210|chem_ht_nife_ldh,HT-NiFe-LDH,NiFe-LDH,2D Sheet; Generic Nanostructure; Particle/Cluster
paper_210|output_210|chem_nife_ldh_benchmark,NiFe-LDH,NiFe-LDH,2D Sheet; Generic Nanostructure; Particle/Cluster
paper_210|output_210|chem_rt_nife_ldh,RT-NiFe-LDH,NiFe-LDH,2D Sheet; Generic Nanostructure; Particle/Cluster
paper_211|output_211|chem_he_ldh,HE LDH,"(Mn,Fe,Co,Ni,Cu)-LDH",2D Sheet
paper_211|output_211|chem_na_he_ldh,Na-HE LDH,"Na_{0.045}-(Mn,Fe,Co,Ni,Cu)-LDH",2D Sheet
paper_211|output_211|chem_nife_ldh,NiFe LDH,NiFe-LDH,2D Sheet
paper_212|output_212|chem_NiMoO4,NiMoO4,NiMoO4,2D Sheet; Porous Network
paper_212|output_212|chem_e_NiMoO4,e·NiMoO4,e·NiMoO4,Flower/Urchin/Dendrite
paper_213|output_213|chem_Fe_Ni2P_NiMoO4,Fe-Ni₂P/NiMoO₄,Fe-Ni₂P/NiMoO₄,1D Wire/Rod/Tube; Generic Nanostructure; Particle/Cluster; Porous Network
paper_214|output_214|chem_c_CoSe2,c-CoSe2,CoSe2,Faceted Polyhedron
paper_214|output_214|chem_c_S_CoSe2,c-S-CoSe2,CoSSe,Faceted Polyhedron
paper_214|output_214|chem_c_o_CoSe2,c/o-CoSe2,CoSe2,Faceted Polyhedron
paper_214|output_214|chem_o_CoSe2,o-CoSe2,CoSe2,Faceted Polyhedron
paper_215|output_215|chem_NiFe,NiFe catalyst,,Flower/Urchin/Dendrite; Generic Nanostructure; Particle/Cluster
paper_216|output_216|chem_ru_nps_wcx,Ru-NPs/WCx,Ru/WC_x,Particle/Cluster
paper_217|output_217|chem_Co2CrO4,Co2CrO4,Co₂CrO₄,Amorphous; Generic Nanostructure; Particle/Cluster
paper_217|output_217|chem_CoCr2O4,CoCr2O4,CoCr₂O₄,Amorphous; Generic Nanostructure; Particle/Cluster
paper_218|output_218|chem_NiCoOOH,NiCoOOH,NiCoOOH,Crystalline
paper_218|output_218|chem_NiOOH,NiOOH,NiOOH,2D Sheet
paper_220|output_220|chem_o_co_vn,O-Co/VN,Co/VN,2D Sheet; Crystalline; Faceted Polyhedron; Generic Nanostructure; Particle/Cluster; Porous Network
paper_222|output_222|chem_ir1_nifeooh,Ir₁–NiFeOOH,Ir₁-NiFeOOH,Porous Network
paper_222|output_222|chem_nifeooh,NiFeOOH,NiFeOOH,Porous Network
paper_222|output_222|chem_w1_nifeooh,W₁-NiFeOOH,W₁-NiFeOOH,2D Sheet; Generic Nanostructure; Particle/Cluster; Porous Network
paper_223|output_223|chem_316L_stainless_steel_felt,316 L stainless steel felt,,1D Wire/Rod/Tube; Porous Network
paper_223|output_223|chem_acid_washed_316L_stainless_steel_felt,acid-washed stainless steel felt,,1D Wire/Rod/Tube; Porous Network
paper_223|output_223|chem_alcohol_washed_316L_stainless_steel_felt,alcohol-washed stainless steel felt,,1D Wire/Rod/Tube; Porous Network
paper_224|output_224|chem_TiO2,TiO2,TiO2,Particle/Cluster
paper_224|output_224|chem_TiO2_modified_NiFe_oxide,TiO2-modified NiFe oxide,TiO2/NiFe oxide,Particle/Cluster
paper_224|output_224|chem_TiO2_modified_NiMo_alloy,TiO2-modified NiMo alloy,TiO2/NiMo alloy,Particle/Cluster
paper_225|output_225|chem_0.2pct_Sr_CoOOH_v,0.2% Sr-CoOOH_v,Sr-CoOOH_v,2D Sheet; Generic Nanostructure; Porous Network
paper_225|output_225|chem_0.6pct_Sr_CoOOH_v,0.6% Sr-CoOOH_v,Sr-CoOOH_v,2D Sheet; Generic Nanostructure; Porous Network
paper_225|output_225|chem_1.0pct_Sr_CoOOH_v,1.0% Sr-CoOOH_v,Sr-CoOOH_v,2D Sheet; Generic Nanostructure; Porous Network
paper_226|output_226|chem_polycrystalline_Pt_disk,polycrystalline Pt disk,Pt,Crystalline
paper_229|output_229|chem_CAPist_L1,CAPist-L1,Ni2Fe(SO4)0.5(OH)6(H2O)3.85,Film/Coating; Generic Nanostructure; Porous Network
paper_229|output_229|chem_NF,blank NF,,1D Wire/Rod/Tube; 2D Sheet; Generic Nanostructure; Porous Network
paper_229|output_229|chem_NiFe_LDH,NiFe-LDH,,2D Sheet; Porous Network
paper_22|output_22|chem_304_SS,304 stainless steel,,Crystalline; Film/Coating; Particle/Cluster; Rough/Wrinkled
paper_22|output_22|chem_CoCrFeNi_HEA,CoCrFeNi high-entropy alloy,CoCrFeNi,Faceted Polyhedron; Film/Coating; Particle/Cluster; Rough/Wrinkled
paper_230|output_230|chem_Ce_DHBDC,Ce–DHBDC,Ce-DHBDC,Particle/Cluster
paper_230|output_230|chem_CoCe_DHBDC,CoCe–DHBDC,CoCe-DHBDC,2D Sheet; Faceted Polyhedron; Particle/Cluster; Porous Network
paper_230|output_230|chem_Co_DHBDC,Co–DHBDC,Co-DHBDC,Faceted Polyhedron; Particle/Cluster; Porous Network
paper_231|output_231|chem_CoFeP,CoFeP,CoFeP,Generic Nanostructure; Porous Network
paper_232|output_232|chem_PtRuFeCoNi,PtRuFeCoNi atomic layers,PtRuFeCoNi,Faceted Polyhedron; Hollow/Core-Shell; Particle/Cluster
paper_233|output_233|chem_pt_ni3n_v2o3_nf,Pt-Ni₃N@V₂O₃/NF,Pt-Ni₃N@V₂O₃/NF,Crystalline; Generic Nanostructure; Hollow/Core-Shell; Particle/Cluster; Porous Network
paper_235|output_235|chem_42_7wtPt_cluster_nickel_foam,Pt cluster-decorated micellar brush,,Particle/Cluster
paper_235|output_235|chem_96_4wtPt_NP_nickel_foam,Pt nanoparticle-decorated micellar brush,,Particle/Cluster
paper_235|output_235|chem_Pt_SA_nickel_foam,Pt SA nanoforest,,2D Sheet; Array/Aligned; Particle/Cluster; Porous Network
paper_236|output_236|chem_feco_ni,FeCoNi,FeCoNi,Particle/Cluster; Porous Network
paper_236|output_236|chem_mofec_o_ni,MoFeCoNi,MoFeCoNi,Particle/Cluster
paper_236|output_236|chem_moznfeconi_hea,MoZnFeCoNi,MoZnFeCoNi,Flower/Urchin/Dendrite; Generic Nanostructure; Hierarchical; Particle/Cluster; Porous Network
paper_237|output_237|chem_sample_C,sample C,,Particle/Cluster
paper_238|output_238|chem_Fe2O3-NiOxHy_FeF,Fe₂O₃-NiOₓHᵧ/FeF,Fe₂O₃-NiOₓHᵧ/FeF,Particle/Cluster
paper_238|output_238|chem_Fe2O3-NiOxHy_NF,Fe₂O₃-NiOₓHᵧ/NF,Fe₂O₃-NiOₓHᵧ/NF,Particle/Cluster
paper_238|output_238|chem_Fe2O3-NiOxHy_PTF,Fe₂O₃-NiOₓHᵧ/PTF,Fe₂O₃-NiOₓHᵧ/PTF,Particle/Cluster
paper_239|output_239|chem_Fe_NiPS3,Fe/NiPS₃,Fe/NiPS₃,Film/Coating; Particle/Cluster; Porous Network; Rough/Wrinkled
paper_239|output_239|chem_NiFe_LDH,NiFe layered double hydroxides,NiFe-LDH,2D Sheet
paper_240|output_240|chem_Ni-Fe-P_nanocages,Ni-Fe-P nanocages,(Ni_x Fe_{1-x})_2P,Crystalline; Generic Nanostructure; Particle/Cluster
paper_241|output_241|chem_Mo-Ni(OH)2,Mo-Ni(OH)₂,,1D Wire/Rod/Tube; Array/Aligned; Generic Nanostructure; Porous Network
paper_241|output_241|chem_Ni(OH)2,Ni(OH)₂,,Porous Network
paper_242|output_242|chem_IrTiO2,IrTiO₂,IrTiO₂,1D Wire/Rod/Tube; Array/Aligned
paper_242|output_242|chem_IrTiO2_x,IrTiO_{2-x},IrTiO_{2-x},1D Wire/Rod/Tube; Array/Aligned
paper_242|output_242|chem_TiO2,TiO₂,TiO₂,1D Wire/Rod/Tube; Faceted Polyhedron
paper_243|output_243|chem_HE-O-MIEC,HE-O-MIEC,Li_{1/6-x}(LaPrNdSrBa)_{1/6}CoO_{3-δ},2D Sheet; Film/Coating; Generic Nanostructure; Hollow/Core-Shell; Particle/Cluster; Porous Network; Rough/Wrinkled
paper_244|output_244|chem_alloy_I,alloy I,,1D Wire/Rod/Tube; Amorphous; Crystalline; Rough/Wrinkled
paper_244|output_244|chem_alloy_II,alloy II,,1D Wire/Rod/Tube; Amorphous; Crystalline
paper_244|output_244|chem_alloy_III,alloy III,,1D Wire/Rod/Tube; Amorphous; Crystalline
paper_244|output_244|chem_alloy_IV,alloy IV,,1D Wire/Rod/Tube; Amorphous; Crystalline
paper_244|output_244|chem_alloy_V,alloy V,,1D Wire/Rod/Tube; Amorphous; Crystalline
paper_244|output_244|chem_alloy_VI,alloy VI,,1D Wire/Rod/Tube; Amorphous; Crystalline
paper_244|output_244|chem_multiphase_alloy,multiphase alloy,,1D Wire/Rod/Tube; Generic Nanostructure
paper_245|output_245|chem_CoFeOx_10nm_BVO,10nm@BVO,CoFeOx,Film/Coating; Particle/Cluster
paper_245|output_245|chem_CoFeOx_10nm_FTO,10nm@FTO,CoFeOx,Film/Coating; Particle/Cluster
paper_245|output_245|chem_CoFeOx_1nm_BVO,1nm@BVO,CoFeOx,Film/Coating; Particle/Cluster
paper_247|output_247|chem_a_moruo_x,A-MoRuO_x,MoRuO_x,Particle/Cluster
paper_247|output_247|chem_ac_moruo_x,AC-MoRuO_x,MoRuO_x,Particle/Cluster
paper_247|output_247|chem_c_moruo_x,C-MoRuO_x,MoRuO_x,Particle/Cluster
paper_248|output_248|chem_Cu,Cu,Cu,Particle/Cluster
paper_248|output_248|chem_Cu_SiO2,Cu/SiO2,Cu/SiO2,Generic Nanostructure
paper_24|output_24|chem_Cu_foil,Copper foil,Cu,Film/Coating
paper_24|output_24|chem_Cu_thin_film,Copper thin-film electrode,Cu,Film/Coating
paper_24|output_24|chem_Fe_doped_CuOOH,Fe-doped CuOOH,Fe-CuOOH,Faceted Polyhedron
paper_252|output_252|chem_Ta_RuO2,Ta-RuO₂,Ta₀.₁Ru₀.₉O₂₋ₓ,Film/Coating; Particle/Cluster; Rough/Wrinkled
paper_253|output_253|chem_C_Ir_CeO2,C-Ir/CeO2,Ir/CeO2,Particle/Cluster
paper_253|output_253|chem_RIE_Ir_CeOx,RIE-Ir/CeOx,IrO_x/CeO_x,Particle/Cluster
paper_254|output_254|chem_MOF_POM,MOF@POM,,1D Wire/Rod/Tube; 2D Sheet; Crystalline; Generic Nanostructure; Hierarchical; Porous Network; Rough/Wrinkled
paper_255|output_255|chem_e_Co(OH)2,e-Co(OH)2,Co(OH)2,2D Sheet; Particle/Cluster
paper_255|output_255|chem_h_Co(OH)2,h-Co(OH)2,Co(OH)2,2D Sheet; Particle/Cluster
paper_257|output_257|chem_CrP_Re2P_NF,CrP-Re₂P/NF,CrP-Re₂P/NF,2D Sheet; Particle/Cluster; Porous Network
paper_258|output_258|chem_MoS2_CTs,MoS2/CTs,MoS2,2D Sheet; Flower/Urchin/Dendrite; Porous Network
paper_258|output_258|chem_Ni3S2_CTs,Ni3S2/CTs,Ni3S2,1D Wire/Rod/Tube; 2D Sheet; Crystalline; Generic Nanostructure; Hollow/Core-Shell; Particle/Cluster; Porous Network
paper_258|output_258|chem_NiMo3S4_CTs,NiMo3S4/CTs,NiMo3S4,1D Wire/Rod/Tube; 2D Sheet; Flower/Urchin/Dendrite; Generic Nanostructure; Particle/Cluster; Porous Network; Rough/Wrinkled
paper_259|output_259|chem_ni_mon_450,Ni-MoN-450,Ni-MoN,2D Sheet; Generic Nanostructure; Rough/Wrinkled
paper_25|output_25|chem_STFNO_Ex600,Exsolved STFNO (600 °C),,Amorphous; Crystalline; Film/Coating; Generic Nanostructure; Hollow/Core-Shell; Particle/Cluster; Porous Network
paper_25|output_25|chem_STFNO_Ex800,Exsolved STFNO (800 °C),,Generic Nanostructure; Particle/Cluster; Porous Network
paper_260|output_260|chem_MoS2_CC,MoS2/CC,MoS₂/CC,Particle/Cluster
paper_260|output_260|chem_Ni3S2_CC,Ni3S2/CC,Ni₃S₂/CC,Particle/Cluster
paper_260|output_260|chem_Ni3S2_MoS2_CC,Ni3S2/MoS2/CC,Ni₃S₂/MoS₂/CC,1D Wire/Rod/Tube; Film/Coating; Generic Nanostructure; Particle/Cluster; Porous Network
paper_261|output_261|chem_0.4_Co2P_NixPy_NF,0.4-Co₂P/NiₓPᵧ@NF,Co₂P/NiₓPᵧ@NF,2D Sheet; Porous Network
paper_261|output_261|chem_Ni2P_Ni5P4_NF,Ni₂P/Ni₅P₄@NF,Ni₂P/Ni₅P₄@NF,Porous Network
paper_262|output_262|chem_NiS_alloy,NieS alloy,,Crystalline; Hierarchical; Particle/Cluster; Porous Network
paper_262|output_262|chem_NiSeFe_alloy,NieSeFe alloy,,Crystalline; Hierarchical; Particle/Cluster; Porous Network
paper_263|output_263|chem_Ni(OH)2_NiSe2_CC,Ni(OH)2/NiSe2/CC,Ni(OH)2/NiSe2,Hierarchical; Particle/Cluster; Porous Network
paper_263|output_263|chem_NiSe2_CC,NiSe2/CC,NiSe2,2D Sheet; Particle/Cluster
paper_264|output_264|chem_MoOx_NiS2,MoOx@NiS2,MoO_x@NiS_2,1D Wire/Rod/Tube; Generic Nanostructure; Hollow/Core-Shell; Porous Network; Rough/Wrinkled
paper_264|output_264|chem_NiS2,NiS2,NiS₂,Generic Nanostructure; Porous Network; Rough/Wrinkled
paper_265|output_265|chem_NiFe_IF,NiFe/IF,,1D Wire/Rod/Tube; 2D Sheet; Generic Nanostructure; Particle/Cluster; Porous Network; Rough/Wrinkled
paper_266|output_266|chem_CoW_NF,CoW/NF,,Porous Network
paper_266|output_266|chem_FeCoW_NF,FeCoW/NF,,1D Wire/Rod/Tube; 2D Sheet; Generic Nanostructure; Particle/Cluster; Porous Network; Rough/Wrinkled
paper_266|output_266|chem_FeCo_NF,FeCo/NF,,2D Sheet; Particle/Cluster; Porous Network; Rough/Wrinkled
paper_266|output_266|chem_FeW_NF,FeW/NF,,Porous Network
paper_267|output_267|chem_NiMoP_wood_aerogel_Mo8,NiMoP/wood aerogel (Mo-8),,2D Sheet; Array/Aligned; Generic Nanostructure; Porous Network
paper_267|output_267|chem_Pt_C_NiMoP_wood,Pt/C on NiMoP/wood aerogel,,Porous Network
paper_267|output_267|chem_SP_NiMoFe_OOH_NiMoP_wood_aerogel,"S,P-(Ni,Mo,Fe)OOH/NiMoP/wood aerogel",,2D Sheet; Array/Aligned; Generic Nanostructure; Particle/Cluster; Porous Network
paper_268|output_268|chem_Co4Fe_CC,Co₄Fe@CC,Co₄Fe-LDH,2D Sheet
paper_268|output_268|chem_Co4V_CC,Co₄V@CC,Co₄V-LDH,2D Sheet
paper_268|output_268|chem_Co8FeV_CC,Co₈FeV@CC,Co₈FeV-LDH,2D Sheet
paper_269|output_269|chem_MNF_0,MNF-0,,Film/Coating; Flower/Urchin/Dendrite; Porous Network
paper_269|output_269|chem_MNF_1,MNF-1,,Film/Coating; Flower/Urchin/Dendrite; Porous Network
paper_269|output_269|chem_MNF_2,MNF-2,,Film/Coating; Flower/Urchin/Dendrite; Generic Nanostructure; Particle/Cluster; Porous Network
paper_269|output_269|chem_MNF_3,MNF-3,,Film/Coating; Flower/Urchin/Dendrite; Porous Network
paper_26|output_26|chem_HEA_CNF,high-entropy alloy on carbon nanofibers,,1D Wire/Rod/Tube
paper_26|output_26|chem_HEA_PCNF,high-entropy alloy on porous carbon nanofibers,,1D Wire/Rod/Tube; Porous Network
paper_26|output_26|chem_HES_CNF,high-entropy sulfide on carbon nanofibers,,1D Wire/Rod/Tube; Particle/Cluster; Porous Network
paper_26|output_26|chem_HES_PCNF,high-entropy sulfide embedded in porous carbon nanofibers,,1D Wire/Rod/Tube; Amorphous; Hierarchical; Particle/Cluster; Porous Network
paper_270|output_270|chem_Co_NiFe_N_NF,Co-(NiFe)N@NF,Co-Ni-Fe-N-O,Particle/Cluster
paper_270|output_270|chem_Co_NiFe_N_NiSx_NF,Co-(NiFe)N@NiS_x@NF,Co-Ni-Fe-N-O-S,2D Sheet; Crystalline; Generic Nanostructure; Hollow/Core-Shell; Particle/Cluster; Porous Network
paper_270|output_270|chem_NiSx_NF,NiS_x@NF,NiS_x,Porous Network
paper_271|output_271|chem_Pt_NiFeCo_E,Pt@NiFeCo-E,,2D Sheet; Hollow/Core-Shell; Particle/Cluster; Porous Network
paper_272|output_272|chem_mo2c_n,Mo2C-N,Mo2C-N,Generic Nanostructure; Particle/Cluster; Rough/Wrinkled
paper_273|output_273|chem_INF_FeCu,INF-FeCu,,1D Wire/Rod/Tube; Flower/Urchin/Dendrite; Generic Nanostructure; Hierarchical; Porous Network
paper_273|output_273|chem_INF_FeCuS,INF-FeCuS,Cu7S4/Fe0.95S1.05 heterostructure,1D Wire/Rod/Tube; Flower/Urchin/Dendrite; Generic Nanostructure; Hierarchical; Porous Network
paper_274|output_274|chem_e_only,E-only,,Generic Nanostructure
paper_274|output_274|chem_w_only,W-only,,2D Sheet; Generic Nanostructure
paper_274|output_274|chem_we_55,WE 55,,2D Sheet; Generic Nanostructure; Particle/Cluster
paper_275|output_275|chem_Fe_NF,Fe/NF,Fe,Porous Network
paper_275|output_275|chem_Ni0.25Fe0.75_NF,Ni_{0.25}Fe_{0.75}/NF,Ni_{0.25}Fe_{0.75},Porous Network
paper_275|output_275|chem_Ni0.5Fe0.5_NF,Ni_{0.5}Fe_{0.5}/NF,Ni_{0.5}Fe_{0.5},Porous Network
paper_275|output_275|chem_Ni0.75Fe0.25_NF,Ni_{0.75}Fe_{0.25}/NF,Ni_{0.75}Fe_{0.25},1D Wire/Rod/Tube; Porous Network
paper_275|output_275|chem_Ni_NF,Ni/NF,Ni,2D Sheet; Porous Network
paper_276|output_276|chem_NiFe_O_NAs_Fe_foam,NiFe-O NAs/Fe foam,,1D Wire/Rod/Tube; 2D Sheet; Array/Aligned; Porous Network
paper_276|output_276|chem_NiFe_P_NAs_Fe_foam,NiFe-P NAs/Fe foam,,1D Wire/Rod/Tube; Porous Network
paper_277|output_277|chem_NiMOF_IF,NiMOF/IF,,2D Sheet; Flower/Urchin/Dendrite; Generic Nanostructure; Particle/Cluster; Porous Network
paper_277|output_277|chem_NiMOF_Ni2P_IF,NiMOF-Ni2P/IF,,Porous Network
paper_278|output_278|chem_NCFP_LDH,NCFP@LDH,NiCoFeP@NiCoFe-LDH,2D Sheet; Film/Coating; Hollow/Core-Shell
paper_279|output_279|chem_IF,IF,IF,Porous Network
paper_279|output_279|chem_NiFeOOH_IF,NiFeOOH/IF,NiFeOOH/IF,2D Sheet; Flower/Urchin/Dendrite; Particle/Cluster; Porous Network
paper_279|output_279|chem_Ni_IF,Ni/IF,Ni/IF,Porous Network
paper_279|output_279|chem_Ni_NiFeOOH_IF,Ni@NiFeOOH/IF,Ni@NiFeOOH/IF,Generic Nanostructure; Hollow/Core-Shell; Particle/Cluster; Porous Network; Rough/Wrinkled
paper_27|output_27|chem_NiMoO4,NiMoO4,NiMoO4,2D Sheet; Porous Network
paper_27|output_27|chem_e_NiMoO4,e·NiMoO4,NiMoO4/Ni(OH)2,2D Sheet; Flower/Urchin/Dendrite
paper_280|output_280|chem_Fe3O4_IF,Fe₃O₄/IF,Fe₃O₄,2D Sheet; Particle/Cluster; Porous Network
paper_280|output_280|chem_Ni_Fe3O4_IF,Ni/Fe₃O₄/IF,Ni/Fe₃O₄,1D Wire/Rod/Tube; 2D Sheet; Generic Nanostructure; Particle/Cluster; Porous Network
"paper_281|output_281|chem_(Ni,Fe)O(OH)@NiCoS_NAs_NF","(Ni,Fe)O(OH)@NiCoS NAs/NF",,1D Wire/Rod/Tube; 2D Sheet; Array/Aligned; Faceted Polyhedron; Flower/Urchin/Dendrite; Generic Nanostructure; Hierarchical; Particle/Cluster; Porous Network
paper_281|output_281|chem_NiFe_LDHs@NiCoS_NAs_NF,NiFe LDHs@NiCoS NAs/NF,,1D Wire/Rod/Tube; Array/Aligned
paper_282|output_282|chem_Fe_Ni2P_NF,Fe/Ni₂P/NF,Fe/Ni₂P,1D Wire/Rod/Tube; Porous Network
paper_288|output_288|chem_monife_27_oxyhydroxide,MoNiFe-27% (oxy)hydroxide,,1D Wire/Rod/Tube; 2D Sheet; Generic Nanostructure; Porous Network
paper_288|output_288|chem_nife_27_oxyhydroxide,NiFe-27% (oxy)hydroxide,,Film/Coating
paper_28|output_28|chem_Pt_mem,Pt-mem,Pt,Porous Network
paper_28|output_28|chem_RuO2_Pt,RuO2-Pt,,Film/Coating
paper_292|output_292|chem_CoP_SSF,CoP@SSF,CoP,1D Wire/Rod/Tube; Generic Nanostructure; Particle/Cluster; Porous Network; Rough/Wrinkled
paper_292|output_292|chem_Co_SSF,Co@SSF,,1D Wire/Rod/Tube; Generic Nanostructure; Hollow/Core-Shell; Particle/Cluster; Porous Network; Rough/Wrinkled
paper_292|output_292|chem_SSF,SSF,,Film/Coating
paper_295|output_295|chem_Ni3S2_NF,Ni₃S₂/NF,Ni₃S₂,Porous Network
paper_295|output_295|chem_NiFe3S2_NFF,"(Ni,Fe)₃S₂/NFF","(Ni,Fe)₃S₂",1D Wire/Rod/Tube; 2D Sheet; Faceted Polyhedron; Generic Nanostructure; Particle/Cluster; Porous Network
paper_296|output_296|chem_Ag_NiFeRu_LDH,Ag/NiFeRu LDH,,2D Sheet; Particle/Cluster
paper_296|output_296|chem_Ag_NiFe_LDH,Ag/NiFe LDH,,2D Sheet; Generic Nanostructure; Particle/Cluster; Porous Network
paper_296|output_296|chem_NiFeRu_LDH,NiFeRu LDH,,2D Sheet; Generic Nanostructure; Particle/Cluster
paper_296|output_296|chem_NiFe_LDH,NiFe LDH,,2D Sheet
paper_297|output_297|chem_FNCO,FNCO,Fe_{0.2}Ni_{0.8}Co_2O_4,Flower/Urchin/Dendrite; Porous Network
paper_297|output_297|chem_POM_Fe0.2Ni0.8Co2O4_NF,POM-Fe_{0.2}Ni_{0.8}Co_2O_4/NF,H_6PV_3Mo_9O_{40}-Fe_{0.2}Ni_{0.8}Co_2O_4/NF,Flower/Urchin/Dendrite; Porous Network
paper_298|output_298|chem_Co2P_N_C,Co₂P@N-C,,Hollow/Core-Shell
paper_298|output_298|chem_N_C,N-C,,Particle/Cluster
paper_298|output_298|chem_Ru_Co2P_Ru_N_C,Ru-Co₂P@Ru-N-C,,Hollow/Core-Shell; Particle/Cluster
paper_298|output_298|chem_Ru_Fe2P_Ru_N_C,Ru-Fe₂P@Ru-N-C,,Film/Coating; Particle/Cluster
paper_298|output_298|chem_Ru_Ni2P_Ru_N_C,Ru-Ni₂P@Ru-N-C,,Particle/Cluster
paper_29|output_29|chem_Ba8Ni6Ge40,Ba8Ni6Ge40 clathrate,Ba8Ni6Ge40,2D Sheet; Crystalline; Faceted Polyhedron; Generic Nanostructure; Particle/Cluster; Porous Network; Rough/Wrinkled
paper_29|output_29|chem_Ni_reference,Metallic Nickel,Ni,Particle/Cluster; Porous Network
paper_2|output_2|chem_Ni5Co3Mo_OH_NF,Ni5Co3Mo-OH nanosheets grown on nickel foam,Ni5Co3Mo-OH,2D Sheet; Porous Network
paper_2|output_2|chem_NiCo_OH_NF,NiCo-OH grown on nickel foam,,2D Sheet; Amorphous; Array/Aligned; Porous Network
paper_2|output_2|chem_NiMo_OH_NF,NiMo-OH grown on nickel foam,,2D Sheet; Array/Aligned; Porous Network
paper_2|output_2|chem_Ni_OH2_NF,Ni(OH)2 grown on nickel foam,,Porous Network
paper_300|output_300|chem_IrNi,IrNi,,Particle/Cluster
paper_300|output_300|chem_IrNi_NiFe_MOFs,IrNi@NiFe-MOFs,,Particle/Cluster
paper_300|output_300|chem_NiFe_MOFs,NiFe-MOFs,,Hollow/Core-Shell; Particle/Cluster; Porous Network
paper_301|output_301|chem_NiFe_LDH,NiFe LDH,,2D Sheet; Particle/Cluster; Porous Network
paper_301|output_301|chem_NiFe_LDH_NiS,NiFe LDH/NiS,,1D Wire/Rod/Tube; 2D Sheet; Array/Aligned; Flower/Urchin/Dendrite; Hierarchical; Hollow/Core-Shell; Particle/Cluster; Porous Network
paper_301|output_301|chem_NiS,NiS,NiS,1D Wire/Rod/Tube; 2D Sheet; Array/Aligned; Particle/Cluster; Porous Network
paper_302|output_302|chem_CoW_CF,CoW/CF,,Particle/Cluster; Porous Network
paper_302|output_302|chem_Co_CF,Co/CF,,Particle/Cluster; Porous Network
paper_303|output_303|chem_Ru_Ni3Se2_FeSe2,Ru-Ni₃Se₂/FeSe₂,Ru-O₃Se₄ doped Ni₃Se₂/FeSe₂,2D Sheet
paper_304|output_304|chem_Ni3FeN_NF,Ni₃FeN/NF,Ni₃FeN,Porous Network
paper_304|output_304|chem_Ni3FeN_PO4_NF,Ni₃FeN@PO₄³⁻/NF,Ni₃FeN@PO₄³⁻,Porous Network
paper_307|output_307|chem_NC-MOF,NC-MOF,,Crystalline; Faceted Polyhedron; Particle/Cluster; Porous Network; Rough/Wrinkled
paper_307|output_307|chem_NCF-MOF,NCF-MOF,,Faceted Polyhedron; Particle/Cluster; Porous Network
paper_307|output_307|chem_NF-MOF,NF-MOF,,Faceted Polyhedron; Particle/Cluster; Porous Network
paper_308|output_308|chem_NCF_MOF,NCF-MOF,,Porous Network
paper_308|output_308|chem_NC_MOF,NC-MOF,,Porous Network
paper_308|output_308|chem_NF_MOF,NF-MOF,,Porous Network
paper_309|output_309|chem_Cu_C,Cu/C,Cu/C,Particle/Cluster; Porous Network
paper_309|output_309|chem_Ni0.25Cu0.75_C,Ni_{0.25}Cu_{0.75}/C,Ni_{0.25}Cu_{0.75}/C,Particle/Cluster
paper_309|output_309|chem_Ni0.50Cu0.50_C,Ni_{0.50}Cu_{0.50}/C,Ni_{0.50}Cu_{0.50}/C,Particle/Cluster; Porous Network
paper_309|output_309|chem_Ni0.75Cu0.25_C,Ni_{0.75}Cu_{0.25}/C,Ni_{0.75}Cu_{0.25}/C,Particle/Cluster; Porous Network
paper_309|output_309|chem_Ni_C,Ni/C,Ni/C,Generic Nanostructure; Particle/Cluster; Porous Network
paper_311|output_311|chem_MoNi4,MoNi4,MoNi4,Porous Network
paper_314|output_314|chem_ru_hc_ni_oh_2,Ru-HC-Ni(OH)₂,Ru-HC-Ni(OH)₂,2D Sheet; Hierarchical; Hollow/Core-Shell
paper_314|output_314|chem_ru_lc_ni_oh_2,Ru-LC-Ni(OH)₂,Ru-LC-Ni(OH)₂,2D Sheet; Hollow/Core-Shell; Porous Network
paper_315|output_315|chem_N_doped_defect_rich_C_nanosheets,chem_N_doped_defect_rich_C_nanosheets,,2D Sheet
paper_315|output_315|chem_Ru_MWCNT,Ru@MWCNT,Ru/MWCNT,1D Wire/Rod/Tube; Particle/Cluster
paper_315|output_315|chem_Ru_NCs_P_O_NiFe_LDH_NF,"Ru NCs/P,O-NiFe LDH/NF","Ru NCs/P,O-NiFe LDH/NF",2D Sheet; Porous Network
paper_319|output_319|chem_ni_fe_3s2_nff,"(Ni, Fe)3S2/NFF","(Ni, Fe)3S2",2D Sheet; Array/Aligned; Flower/Urchin/Dendrite; Generic Nanostructure; Particle/Cluster; Porous Network
paper_321|output_321|chem_RuCr@C,RuCr@C,,Particle/Cluster
paper_322|output_322|chem_Cr0.1Sn0.1Ru0.8O2,Cr_{0.1}Sn_{0.1}Ru_{0.8}O_2,Cr_{0.1}Sn_{0.1}Ru_{0.8}O_2,2D Sheet; Particle/Cluster
paper_324|output_324|chem_superhydrophobic_HMP_Al_PFOTS,superhydrophobic HMP Al surface,Al-PFOTS,Crystalline; Film/Coating; Generic Nanostructure; Hierarchical; Particle/Cluster; Porous Network; Rough/Wrinkled
paper_326|output_326|chem_mkb,mKB,,Porous Network
paper_326|output_326|chem_nidmof,NiDMOF,[Ni2(BDC)2DABCO],Porous Network
paper_326|output_326|chem_nife_dmof,Ni(Fe)DMOF,[(Ni/Fe)2(BDC)2DABCO],Porous Network
paper_327|output_327|chem_WO3_annealed,annealed WO3 thin film,WO3,Film/Coating; Generic Nanostructure; Particle/Cluster; Porous Network; Rough/Wrinkled
paper_327|output_327|chem_WO3_as_deposited,as-deposited WO3 thin film,WO3-x,Film/Coating; Generic Nanostructure; Particle/Cluster; Porous Network; Rough/Wrinkled
paper_328|output_328|chem_NiFeB_LDH,NiFeB LDH,,2D Sheet
paper_328|output_328|chem_NiFeC_LDH,NiFeC LDH,,2D Sheet
paper_328|output_328|chem_NiFeP_LDH,NiFeP LDH,,2D Sheet
paper_329|output_329|chem_NiFe_BA_LDH,NiFe(BA) LDH,NiFe(BA) LDH,2D Sheet
paper_329|output_329|chem_NiFe_BDBA_LDH,NiFe(BDBA) LDH,NiFe(BDBA) LDH,2D Sheet
paper_329|output_329|chem_NiFe_BPBA_LDH,NiFe(BPBA) LDH,NiFe(BPBA) LDH,2D Sheet
paper_329|output_329|chem_NiFe_PBA_LDH,NiFe(PBA) LDH,NiFe(PBA) LDH,2D Sheet
paper_329|output_329|chem_NiFe_TB_LDH,NiFe(TB) LDH,NiFe(TB) LDH,2D Sheet
paper_32|output_32|chem_CdNNi3,CdNNi3,CdNNi3,Crystalline; Faceted Polyhedron; Particle/Cluster
paper_32|output_32|chem_CuNNi3,CuNNi3,CuNNi3,Faceted Polyhedron
paper_32|output_32|chem_InNNi3,InNNi3,InNNi3,Faceted Polyhedron
paper_32|output_32|chem_Raney_Ni,Raney Ni,Ni,Crystalline; Faceted Polyhedron; Particle/Cluster; Porous Network
paper_32|output_32|chem_ZnNNi3,ZnNNi3,ZnNNi3,Faceted Polyhedron
paper_332|output_332|chem_HEA_NCFCC_NF,HEA-NCFCC/NF,,1D Wire/Rod/Tube; Porous Network
paper_332|output_332|chem_HEA_NCFCC_NF_EA,HEA-NCFCC/NF@EA,,Film/Coating
paper_333|output_333|chem_HEA_100Ni,HEA-100Ni,NiFeMnCuCo,Particle/Cluster
paper_333|output_333|chem_HEA_25Ni,HEA-25Ni,NiFeMnCuCo,Particle/Cluster
paper_333|output_333|chem_HEA_50Ni,HEA-50Ni,NiFeMnCuCo,Particle/Cluster
paper_333|output_333|chem_HEA_75Ni,HEA-75Ni,NiFeMnCuCo,Particle/Cluster
paper_333|output_333|chem_HEA_FMCC,HEA-FMCC,FeMnCuCo,Particle/Cluster
paper_334|output_334|chem_NiFeCr_NF,NiFeCr/NF,,Crystalline; Hollow/Core-Shell; Porous Network
paper_334|output_334|chem_NiFe_NF,NiFe/NF,,Porous Network
paper_335|output_335|chem_Ni-Fe_nanoparticles,metallic Ni–Fe nanoparticles,,Particle/Cluster
paper_335|output_335|chem_Ni-Fe_oxyhydroxide,Ni–Fe (oxy)hydroxide,Ni(Fe)O_x H_y,Particle/Cluster
paper_337|output_337|chem_NiCu_10Acm2,NiCu thin film at 10 A/cm²,NiCu,Film/Coating
paper_337|output_337|chem_NiCu_15Acm2,NiCu thin film at 15 A/cm²,NiCu,Film/Coating
paper_337|output_337|chem_NiCu_15Acm2_50C,NiCu thin film at 15 A/cm² @ 50°C,NiCu,Film/Coating
paper_337|output_337|chem_NiCu_15Acm2_70C,NiCu thin film at 15 A/cm² @ 70°C,NiCu,Film/Coating
paper_337|output_337|chem_NiCu_5Acm2,NiCu thin film at 5 A/cm²,NiCu,Film/Coating
paper_339|output_339|chem_NiFe_LDH,NiFe LDH,Ni0.75Fe0.25(-CO3)0.125(OH)2·0.38H2O,2D Sheet; Porous Network
paper_339|output_339|chem_NiFe_LDH_CNA3,NiFe LDH—CNA3,,2D Sheet; Porous Network
paper_33|output_33|chem_Cu2S_CoFeCuOOH,Cu2S / CoFeCuOOH,,2D Sheet; Amorphous; Crystalline; Hollow/Core-Shell; Particle/Cluster; Rough/Wrinkled
paper_33|output_33|chem_Cu2S_control,Cu2S,,1D Wire/Rod/Tube; Porous Network
paper_33|output_33|chem_Cu_foam,Cu foam,,Porous Network
paper_341|output_341|chem_Ni2P_NPs,Ni2P nanoparticles,Ni2P,Particle/Cluster
paper_341|output_341|chem_Ni2P_film_Ni,chem_Ni2P_film_Ni,,Film/Coating
paper_342|output_342|chem_NCP_0,NCP-0,Ni-P,Film/Coating; Particle/Cluster
paper_342|output_342|chem_NCP_1,NCP-1,Ni-Cu-P,1D Wire/Rod/Tube; Particle/Cluster
paper_342|output_342|chem_NCP_2,NCP-2,Ni-Cu-P,1D Wire/Rod/Tube; Particle/Cluster
paper_342|output_342|chem_NCP_3,NCP-3,Ni-Cu-P,1D Wire/Rod/Tube; Particle/Cluster
paper_342|output_342|chem_NCP_4,NCP-4,Ni-Cu-P,1D Wire/Rod/Tube; Particle/Cluster
paper_342|output_342|chem_Ni_sheet,Ni sheet,Ni,Flower/Urchin/Dendrite
paper_343|output_343|chem_20wt_SSPE,20 wt% SSPE membrane,,2D Sheet; Generic Nanostructure; Particle/Cluster; Rough/Wrinkled
paper_347|output_347|chem_NiFe_LDHs,NiFe LDHs,M_{1-x}^{II}M_x^{III}(OH)_2(A^{n-})_{x/n}·yH_2O,2D Sheet
paper_347|output_347|chem_NiFe_LDHs_EDTA_AE,NiFe LDHs-EDTA-AE,,2D Sheet; Faceted Polyhedron; Generic Nanostructure; Rough/Wrinkled
paper_347|output_347|chem_NiFe_LDHs_TSC_AE,NiFe LDHs-TSC-AE,,2D Sheet
paper_34|output_34|chem_CAPist-L1,CAPist-L1,,Porous Network
paper_34|output_34|chem_Int-Ni_MoO2,Int-Ni/MoO2,Ni/MoO2,1D Wire/Rod/Tube; 2D Sheet; Flower/Urchin/Dendrite; Generic Nanostructure; Hierarchical; Particle/Cluster; Porous Network
paper_34|output_34|chem_NiMo_MoO2,NiMo/MoO2,NiMo/MoO2,1D Wire/Rod/Tube; 2D Sheet; Flower/Urchin/Dendrite; Generic Nanostructure; Hierarchical; Particle/Cluster; Porous Network
paper_350|output_350|chem_feooh_10nm_ldh,FeOOH_{10nm}/LDH,FeOOH/LDH,1D Wire/Rod/Tube; 2D Sheet; Generic Nanostructure; Particle/Cluster
paper_350|output_350|chem_feooh_18nm_ldh,FeOOH_{18nm}/LDH,FeOOH/LDH,1D Wire/Rod/Tube; 2D Sheet; Generic Nanostructure; Particle/Cluster
paper_350|output_350|chem_feooh_2nm_ldh,FeOOH_{2nm}/LDH,FeOOH/LDH,1D Wire/Rod/Tube; 2D Sheet; Generic Nanostructure; Particle/Cluster
paper_350|output_350|chem_ldh_6h,LDH-6h,Ni-Fe LDH,1D Wire/Rod/Tube; 2D Sheet; Flower/Urchin/Dendrite; Generic Nanostructure; Hierarchical; Particle/Cluster; Porous Network; Rough/Wrinkled
paper_350|output_350|chem_ldh_s,LDH-s,Ni-Fe LDH,1D Wire/Rod/Tube; 2D Sheet; Flower/Urchin/Dendrite; Generic Nanostructure; Hierarchical; Particle/Cluster; Porous Network; Rough/Wrinkled
paper_352|output_352|chem_FNO,FNO,FeNiO_x,Crystalline; Faceted Polyhedron; Particle/Cluster; Porous Network
paper_352|output_352|chem_Fe2O3,Fe2O3,Fe₂O₃,Crystalline
paper_352|output_352|chem_Fe3O4,Fe3O4,Fe₃O₄,Crystalline
paper_352|output_352|chem_FeNi2O4,FeNi2O4,FeNi₂O₄,Crystalline; Faceted Polyhedron; Particle/Cluster; Porous Network
paper_352|output_352|chem_FeO,FeO,FeO,Crystalline
paper_352|output_352|chem_NiO,NiO,NiO,Crystalline; Particle/Cluster
paper_352|output_352|chem_VFe_FNO,VFe-FNO,,Crystalline; Particle/Cluster
paper_353|output_353|chem_nc_ni3mo3n_nf,NC/Ni₃Mo₃N/NF,NC/Ni₃Mo₃N/NF,1D Wire/Rod/Tube; 2D Sheet; Film/Coating; Generic Nanostructure; Hierarchical; Particle/Cluster; Porous Network
paper_353|output_353|chem_ni3mo3n_nh3_nf,Ni₃Mo₃N–NH₃/NF,Ni₃Mo₃N/NF,1D Wire/Rod/Tube; Generic Nanostructure; Porous Network
paper_353|output_353|chem_nimoo4_xh2o_nf,NiMoO₄·xH₂O/NF,NiMoO₄·xH₂O/NF,2D Sheet; Film/Coating; Particle/Cluster; Porous Network
paper_356|output_356|chem_pt_c,commercial Pt/C (20 wt%),,1D Wire/Rod/Tube
paper_356|output_356|chem_pt_pttex_nrs,Pt/PtTe_x NRs,Pt/PtTe_x,1D Wire/Rod/Tube
paper_356|output_356|chem_ptte2_nrs,PtTe_2 NRs,PtTe_2,1D Wire/Rod/Tube
paper_357|output_357|chem_CoFe0.25Al1.75O4,CoFe0.25Al1.75O4,CoFe₀.₂₅Al₁.₇₅O₄,2D Sheet; Particle/Cluster
paper_358|output_358|chem_NiMoP_wood_aerogel,chem_NiMoP_wood_aerogel,,Porous Network
paper_358|output_358|chem_NiP_wood_aerogel,NiP/wood aerogel (Mo-0),NiP,Porous Network
paper_358|output_358|chem_SP_NiMoFe_OOH_NiMoP_wood_aerogel,chem_SP_NiMoFe_OOH_NiMoP_wood_aerogel,,Porous Network
paper_359|output_359|chem_w_ACs,W-ACs,,Generic Nanostructure; Particle/Cluster
paper_359|output_359|chem_wc_NPs,WC NPs,,Particle/Cluster
paper_35|output_35|chem_RuNPs_NC,RuNPs-N-C,,Particle/Cluster
paper_35|output_35|chem_RuNPs_RuCrAPs_NC,RuNPs-RuCrAPs-N-C,,Amorphous; Film/Coating; Particle/Cluster
paper_35|output_35|chem_RuNPs_RuSAs_NC,RuNPs-RuSAs-N-C,,Particle/Cluster
paper_35|output_35|chem_RuNPs_RuSAs_NC_plus_CrSAs_NC,Physically mixed RuNPs-RuSAs-N-C and CrSAs-N-C,,Particle/Cluster
paper_360|output_360|chem_Ni2Fe1_Ns,Ni2Fe1 Ns,Ni2Fe,Generic Nanostructure; Particle/Cluster; Porous Network
paper_360|output_360|chem_Ni2Fe1_PNs,Ni2Fe1 PNs,Ni2Fe,Generic Nanostructure; Particle/Cluster; Porous Network
paper_361|output_361|chem_NF10,NF10 electrode,NiFe LDHs–NiFe alloy gradient hybrid,1D Wire/Rod/Tube; Crystalline; Film/Coating; Flower/Urchin/Dendrite; Hierarchical
paper_362|output_362|chem_Fe0.4Co0.3Ni0.3-1.8,Fe_{0.4}Co_{0.3}Ni_{0.3}-1.8,Fe_{0.4}Co_{0.3}Ni_{0.3},Film/Coating; Particle/Cluster
paper_364|output_364|chem_NiFeP_0.15_LDH,NiFeP_{0.15} LDH,,1D Wire/Rod/Tube; 2D Sheet; Particle/Cluster
paper_364|output_364|chem_NiFeP_0.24_LDH,NiFeP_{0.24} LDH,,2D Sheet; Porous Network
paper_364|output_364|chem_NiFeP_0.32_LDH,NiFeP_{0.32} LDH,,2D Sheet; Faceted Polyhedron; Particle/Cluster
paper_365|output_365|chem_nife_ldh_nf,NiFe LDH/NF,,1D Wire/Rod/Tube; 2D Sheet; Generic Nanostructure; Particle/Cluster; Porous Network
paper_365|output_365|chem_s_nife_ldh_nf,S-NiFe LDH/NF,,2D Sheet; Porous Network
paper_367|output_367|chem_FeNi2O4,FeNi₂O₄,FeNi₂O₄,Hollow/Core-Shell; Particle/Cluster
paper_367|output_367|chem_VFe_FNO,V_{Fe}-FeNi₂O₄,V_{Fe}-FeNi₂O₄,Particle/Cluster
paper_369|output_369|chem_Fe-N-C,Fe-N-C,FeN4,1D Wire/Rod/Tube; Generic Nanostructure; Particle/Cluster; Porous Network
paper_36|output_36|chem_Pt_WS2,Pt@WS2,Pt@WS2,2D Sheet; Hollow/Core-Shell; Particle/Cluster
paper_36|output_36|chem_WS2,WS2,WS2,1D Wire/Rod/Tube; 2D Sheet; Crystalline; Generic Nanostructure; Particle/Cluster
paper_371|output_371|chem_D_NiFe_LDH,D-NiFe LDH,D-NiFe-LDH,2D Sheet; Crystalline; Generic Nanostructure; Particle/Cluster
paper_371|output_371|chem_NiFe_LDH,NiFe LDH,NiFe-LDH,2D Sheet; Crystalline; Particle/Cluster; Porous Network
paper_374|output_374|chem_RuNi_Fe2O3_IF,RuNi-Fe2O3/IF,"Ru,Ni-doped Fe₂O₃",2D Sheet; Hollow/Core-Shell; Porous Network
paper_376|output_376|chem_PtCoNiRuIr_C,PtCoNiRuIr/C,PtCoNiRuIr,Particle/Cluster
paper_377|output_377|chem_NiFe_LDH,NiFe LDH,,2D Sheet
paper_377|output_377|chem_NiFe_LDH_CA2,NiFe LDH-CA2,,1D Wire/Rod/Tube; 2D Sheet; Porous Network
paper_378|output_378|chem_NiFe_LDH_CO3,NiFe LDH-CO₃²⁻,,1D Wire/Rod/Tube; 2D Sheet; Generic Nanostructure
paper_378|output_378|chem_NiFe_LDH_Cl,NiFe LDH-Cl⁻,,1D Wire/Rod/Tube; 2D Sheet; Generic Nanostructure; Particle/Cluster; Porous Network
paper_378|output_378|chem_NiFe_LDH_F,NiFe LDH-F⁻,,1D Wire/Rod/Tube; 2D Sheet; Generic Nanostructure; Particle/Cluster; Porous Network
paper_380|output_380|chem_Ni-S-Mn,Ni-S-Mn electrode,,Amorphous; Crystalline; Flower/Urchin/Dendrite; Generic Nanostructure; Hierarchical; Hollow/Core-Shell; Particle/Cluster; Porous Network
paper_381|output_381|chem_LaNiO3,LaNiO3,LaNiO3,Particle/Cluster
paper_382|output_382|chem_NiFe2O4_ZnAl_EDTA_LDH,NiFe₂O₄/ZnAl-EDTA LDH,NiFe₂O₄/ZnAl-EDTA LDH,Particle/Cluster; Porous Network; Rough/Wrinkled
paper_383|output_383|chem_Ni3S2,Ni₃S₂,Ni₃S₂,1D Wire/Rod/Tube; 2D Sheet; Array/Aligned; Crystalline; Generic Nanostructure; Particle/Cluster; Porous Network
paper_383|output_383|chem_TiO2@Ni3S2,TiO₂@Ni₃S₂,TiO₂@Ni₃S₂,Array/Aligned
paper_385|output_385|chem_Ir_Se,Ir-Se,IrSe,Generic Nanostructure; Particle/Cluster
paper_385|output_385|chem_Pt_Se,Pt-Se,PtSe,Generic Nanostructure; Particle/Cluster
paper_385|output_385|chem_a_HE_Se,a-HE-Se,RuRhPdIrPt-Se,Flower/Urchin/Dendrite; Generic Nanostructure; Particle/Cluster
paper_385|output_385|chem_c_HE_Se,c-HE-Se,RuRhPdIrPt-Se,Particle/Cluster
paper_387|output_387|chem_RANEY_nickel_mesh,porous RANEY® nickel mesh,Ni_xAl_y,Porous Network
paper_388|output_388|chem_NiSe_Co0.85Se_NF,NiSe@Co0.85Se/NF,NiSe@Co0.85Se/NF,Film/Coating; Hollow/Core-Shell; Porous Network
paper_389|output_389|chem_CeO2_NF,CeO₂/NF,CeO₂/NF,1D Wire/Rod/Tube; 2D Sheet; Film/Coating; Porous Network
paper_389|output_389|chem_Ni3N_CeO2_NF,Ni₃N-CeO₂/NF,Ni₃N-CeO₂/NF,2D Sheet; Film/Coating; Generic Nanostructure; Particle/Cluster; Porous Network
paper_389|output_389|chem_Ni3N_NF,Ni₃N/NF,Ni₃N/NF,2D Sheet; Film/Coating; Hierarchical; Particle/Cluster; Porous Network
paper_38|output_38|chem_CoOx_nano,nano-size CoOx,CoOx,Hollow/Core-Shell; Particle/Cluster
paper_390|output_390|chem_NiFe_LDH,NiFe LDH,NiFe LDH,2D Sheet
paper_390|output_390|chem_NiFe_LDH_K3PO4_0.05M,NiFe LDH-K₃PO₄ = 0.05 M,NiFe LDH-PO₄³⁻,2D Sheet
paper_390|output_390|chem_NiFe_LDH_K3PO4_1.0M,NiFe LDH-K₃PO₄ = 1.0 M,NiFe LDH-PO₄³⁻,2D Sheet
paper_390|output_390|chem_NiFe_LDH_K3PO4_1.5M,NiFe LDH-K₃PO₄ = 1.5 M,NiFe LDH-PO₄³⁻,2D Sheet
paper_390|output_390|chem_NiFe_LDH_K3PO4_2.0M,NiFe LDH-K₃PO₄ = 2.0 M,NiFe LDH-PO₄³⁻,2D Sheet
paper_392|output_392|chem_NiFe_LDH,NiFe layered double hydroxide,"[Ni²⁺,…,Fe³⁺,(OH)₂]^(x+)(CO₃²⁻)_(x/2)·y(H₂O)",2D Sheet
paper_393|output_393|chem_CoFe_LDH,CoFe LDH,,2D Sheet
paper_394|output_394|chem_CCO_300,CCO-300,,Film/Coating
paper_394|output_394|chem_CCO_400,CCO-400,,Film/Coating
paper_394|output_394|chem_CCO_500,CCO-500,,Film/Coating
paper_394|output_394|chem_CC_10,CC-10,,1D Wire/Rod/Tube; Film/Coating; Hollow/Core-Shell; Rough/Wrinkled
paper_394|output_394|chem_CC_20,CC-20,,Film/Coating
paper_394|output_394|chem_CC_5,CC-5,,Film/Coating; Porous Network
paper_395|output_395|chem_NiFe_LDH_Adp,NiFe LDH Adp,,2D Sheet; Generic Nanostructure; Particle/Cluster; Porous Network
paper_395|output_395|chem_NiFe_LDH_CO,NiFe LDH CO,,2D Sheet; Particle/Cluster
paper_395|output_395|chem_NiFe_LDH_Seb,NiFe LDH Seb,,2D Sheet; Generic Nanostructure; Particle/Cluster; Porous Network
paper_395|output_395|chem_NiFe_LDH_Sub,NiFe LDH Sub,,Generic Nanostructure; Particle/Cluster; Porous Network
paper_395|output_395|chem_NiFe_LDH_Suc,NiFe LDH Suc,,2D Sheet; Generic Nanostructure; Particle/Cluster; Porous Network
paper_396|output_396|chem_Co9S8_V3S4_CC,Co9S8–V3S4/CC,Co₉S₈–V₃S₄,1D Wire/Rod/Tube; Generic Nanostructure; Porous Network
paper_397|output_397|chem_h2so4_c_nife,H₂SO₄-c-NiFe,,Amorphous; Porous Network
paper_397|output_397|chem_hcl_c_nife,HCl-c-NiFe,,1D Wire/Rod/Tube; 2D Sheet; Generic Nanostructure; Particle/Cluster; Porous Network
paper_397|output_397|chem_hno3_c_nife,HNO₃-c-NiFe,,1D Wire/Rod/Tube; Generic Nanostructure; Particle/Cluster; Porous Network
paper_397|output_397|chem_nife_foam,NiFe foam,,Porous Network
paper_399|output_399|chem_Fe2O3,Fe₂O₃,Fe₂O₃,1D Wire/Rod/Tube
paper_399|output_399|chem_NiO,NiO,NiO,Flower/Urchin/Dendrite; Porous Network; Rough/Wrinkled
paper_3|output_3|chem_Fe_foam,Fe foam,,Porous Network
paper_3|output_3|chem_IrO2_NiFe,IrO2-NiFe,,Porous Network
paper_3|output_3|chem_NiFe_LDH_NiFe,NiFe LDH@NiFe,,1D Wire/Rod/Tube; 2D Sheet; Crystalline; Film/Coating; Flower/Urchin/Dendrite; Generic Nanostructure; Hollow/Core-Shell; Particle/Cluster; Porous Network; Rough/Wrinkled
paper_3|output_3|chem_NiFe_foam,NiFe foam,,1D Wire/Rod/Tube; 2D Sheet; Crystalline; Film/Coating; Flower/Urchin/Dendrite; Generic Nanostructure; Hollow/Core-Shell; Particle/Cluster; Porous Network; Rough/Wrinkled
paper_402|output_402|chem_NiCu_MMO,NiCu mixed metal oxide (MMO),Ni-NiO-CuO,Generic Nanostructure; Particle/Cluster; Porous Network
paper_402|output_402|chem_NiCu_alloy,NiCu alloy,,Generic Nanostructure; Particle/Cluster; Porous Network
paper_402|output_402|chem_NiCu_oxide,NiCu oxide,,Generic Nanostructure; Particle/Cluster; Porous Network
paper_403|output_403|chem_RhPd-H,RhPd-H,RhPdH,2D Sheet; Generic Nanostructure; Hollow/Core-Shell; Particle/Cluster; Porous Network; Rough/Wrinkled
paper_404|output_404|chem_epoxy,epoxy coatings,,Film/Coating
paper_404|output_404|chem_zb_ep,ZB/EP coatings,,Film/Coating
paper_404|output_404|chem_zbt_ep,ZBT/EP coatings,,Film/Coating
paper_404|output_404|chem_zif8_ep,ZIF-8/EP coatings,,Film/Coating
paper_405|output_405|chem_RuO2_110,RuO₂ (110),RuO2(110),Crystalline
paper_407|output_407|chem_Raney-Ni,Raney-Ni,,Porous Network
paper_409|output_409|chem_MnCoP_NF,MnCoP/NF,MnCoP,2D Sheet; Generic Nanostructure; Particle/Cluster; Porous Network
paper_40|output_40|chem_Cu1Pd2_Ru_coreshell,Cu1Pd2@Ru core-shell nanocrystals,,Crystalline; Faceted Polyhedron; Generic Nanostructure; Hollow/Core-Shell; Particle/Cluster
paper_40|output_40|chem_NiFe_LDH,NiFe layered double hydroxide,NiFe LDH,2D Sheet
paper_40|output_40|chem_Pt5.3_Ru_fcc_nanocages,Pt5.3%-Rufcc single-atom alloy nanocages,,Crystalline; Faceted Polyhedron; Hollow/Core-Shell; Particle/Cluster
paper_40|output_40|chem_Ru_fcc_nanocages,Rufcc nanocages,,Faceted Polyhedron
paper_410|output_410|chem_bio_FeS,bio-FeS,Fe_{0.95}S_{1.05},Particle/Cluster
paper_410|output_410|chem_bio_NiFeS,bio-NiFeS,Ni_{0.70}Fe_{0.26}S,Generic Nanostructure; Particle/Cluster; Porous Network
paper_410|output_410|chem_bio_NiS,bio-NiS,Ni_{0.96}S,Generic Nanostructure; Particle/Cluster; Porous Network
paper_411|output_411|chem_FeCoNiLaPd,FeCoNiLaPd,FeCoNiLaPd,Generic Nanostructure; Particle/Cluster
paper_411|output_411|chem_FeCoNiPd,FeCoNiPd,FeCoNiPd,Particle/Cluster
paper_412|output_412|chem_FeOOH,FeOOH,FeOOH,1D Wire/Rod/Tube; Array/Aligned; Generic Nanostructure; Hollow/Core-Shell
paper_412|output_412|chem_NiTe,NiTe,NiTe,Array/Aligned; Hollow/Core-Shell; Porous Network
paper_412|output_412|chem_NiTe_FeOOH,NiTe@FeOOH,NiTe@FeOOH,1D Wire/Rod/Tube; Array/Aligned; Generic Nanostructure; Hollow/Core-Shell
paper_414|output_414|chem_FeNi-BPDA_C,FeNi-BPDA/C,,Generic Nanostructure; Particle/Cluster; Porous Network
paper_414|output_414|chem_FeNi-BPDA_C_O,FeNi-BPDA/C(O),,Porous Network
paper_415|output_415|chem_ni2p_nf,Ni2P/NF,Ni2P/NF,Porous Network
paper_415|output_415|chem_nife_ldh_nf,NiFe LDH/NF,NiFe LDH/NF,1D Wire/Rod/Tube; 2D Sheet; Film/Coating; Flower/Urchin/Dendrite; Hierarchical; Hollow/Core-Shell; Particle/Cluster; Porous Network
paper_415|output_415|chem_w_ni2p_nf,W-Ni2P/NF,W-Ni2P/NF,1D Wire/Rod/Tube; 2D Sheet; Flower/Urchin/Dendrite; Generic Nanostructure; Hierarchical; Hollow/Core-Shell; Particle/Cluster; Porous Network
paper_415|output_415|chem_w_ni2p_nife_ldh_nf,W-Ni2P@NiFe LDH/NF,W-Ni2P@NiFe LDH/NF,1D Wire/Rod/Tube; 2D Sheet; Hierarchical; Hollow/Core-Shell; Particle/Cluster; Porous Network
paper_419|output_419|chem_Ni(OH)2,Ni(OH)₂,Ni(OH)₂,2D Sheet
paper_419|output_419|chem_NiFe_LDH,NiFe-LDH,NiFe-LDH,2D Sheet; Particle/Cluster
paper_419|output_419|chem_NiFe_LDH_Ni(OH)2,NiFe-LDH/Ni(OH)₂,NiFe-LDH/Ni(OH)₂,2D Sheet; Particle/Cluster; Porous Network
paper_41|output_41|chem_NiFe_LDH,NiFe-LDH,,2D Sheet
paper_41|output_41|chem_a_NMO,a-NMO,NiMoOx,Amorphous; Crystalline; Particle/Cluster
paper_41|output_41|chem_a_RNMO,a-RNMO,RuNiMoOx,Amorphous; Crystalline; Particle/Cluster
paper_41|output_41|chem_c_NMO,c-NMO,NiMoO4,Amorphous; Crystalline; Particle/Cluster
paper_420|output_420|chem_MFN_0,MFN-0,Fe-Ni3S2/FeS2,1D Wire/Rod/Tube; Array/Aligned; Generic Nanostructure; Particle/Cluster; Porous Network
paper_420|output_420|chem_MFN_0.25,MFN-0.25,Fe-doped Ni3S2/MoOx,1D Wire/Rod/Tube; Array/Aligned; Generic Nanostructure; Particle/Cluster; Porous Network
paper_420|output_420|chem_MFN_0.5,MFN-0.5,Fe-doped Ni3S2/MoOx,1D Wire/Rod/Tube; Array/Aligned; Generic Nanostructure; Particle/Cluster; Porous Network
paper_420|output_420|chem_MFN_0.75,MFN-0.75,Fe-doped Ni3S2/MoOx,1D Wire/Rod/Tube; Array/Aligned; Generic Nanostructure; Particle/Cluster; Porous Network
paper_420|output_420|chem_MN_0.5,MN-0.5,Ni3S2/MoOx,Porous Network
paper_423|output_423|chem_P-NiMoO4_Fe2O3,P-NiMoO₄@Fe₂O₃,P-NiMoO₄@Fe₂O₃,1D Wire/Rod/Tube; Film/Coating
paper_424|output_424|chem_Ni65Fe35_OOH,Ni65Fe35(OOH),Ni65Fe35(OOH),2D Sheet; Film/Coating
paper_424|output_424|chem_Ni75Fe25_OOH,Ni75Fe25(OOH),Ni75Fe25(OOH),Film/Coating
paper_425|output_425|chem_NiFeMo,Ultrathin NiFe LDH nanosheets with MoO42-intercalation,NiFeMo-LDH,2D Sheet; Generic Nanostructure; Particle/Cluster
paper_427|output_427|chem_NiCo2S4_CFC,NiCo_2S_4 / CFC,NiCo_2S_4,1D Wire/Rod/Tube; Porous Network
paper_427|output_427|chem_NiCo_MoO4_LDH_CFC,NiCo-(MoO_4)^{2-} LDH/CFC,NiCo-(MoO_4)^{2-} LDH,2D Sheet
paper_428|output_428|chem_Ni(OH)2,Ni(OH)₂,Ni(OH)₂,2D Sheet
paper_428|output_428|chem_Ni5Co3Mo-OH,Ni5Co3Mo-OH,Ni₅Co₃Mo-OH,Particle/Cluster; Porous Network
paper_428|output_428|chem_NiCo-OH,NiCo-OH,NiCo-OH,2D Sheet; Generic Nanostructure; Particle/Cluster; Porous Network; Rough/Wrinkled
paper_428|output_428|chem_NiMo-OH,NiMo-OH,NiMo-OH,2D Sheet
paper_429|output_429|chem_Co,Co,,Generic Nanostructure; Particle/Cluster; Porous Network
paper_429|output_429|chem_CoNi,CoNi,,Particle/Cluster
paper_429|output_429|chem_FeCoNi,FeCoNi,,Particle/Cluster
paper_429|output_429|chem_FeCoNiCrMn,FeCoNiCrMn,FeCoNiCrMn,Generic Nanostructure; Particle/Cluster; Porous Network
paper_429|output_429|chem_FeCoNiMn,FeCoNiMn,,Particle/Cluster
paper_42|output_42|chem_NiW_alloy,porous NiW bimetallic alloy,NiW,Film/Coating; Particle/Cluster; Porous Network; Rough/Wrinkled
paper_431|output_431|chem_NiFe_urchin_10gL,NieFe,,2D Sheet; Crystalline; Film/Coating; Flower/Urchin/Dendrite; Generic Nanostructure; Hierarchical; Particle/Cluster
paper_431|output_431|chem_NiFe_urchin_20gL,NieFe,,1D Wire/Rod/Tube; 2D Sheet; Crystalline; Film/Coating; Flower/Urchin/Dendrite; Generic Nanostructure; Hierarchical; Particle/Cluster; Porous Network
paper_431|output_431|chem_NiFe_urchin_30gL,NieFe,,Flower/Urchin/Dendrite; Generic Nanostructure
paper_431|output_431|chem_NiFe_urchin_50gL,NieFe,,Crystalline; Film/Coating; Flower/Urchin/Dendrite; Generic Nanostructure
paper_432|output_432|chem_monife_27_oxyhydroxide,MoNiFe-27% (oxy)hydroxide,,2D Sheet; Array/Aligned; Generic Nanostructure
paper_433|output_433|chem_NiFeO_CeO2_NF,NiFeO-CeO2/nickel foam,,Porous Network
paper_433|output_433|chem_S_P_NiMoFeOOH_NiMoP_wood_aerogel,chem_S_P_NiMoFeOOH_NiMoP_wood_aerogel,,Porous Network
paper_436|output_436|chem_CoFe_LDH_NF,CoFe LDH/NF,,Porous Network
paper_436|output_436|chem_NiFe_LDH_NF,NiFe LDH/NF,,2D Sheet; Porous Network
paper_43|output_43|chem_Pt_111,Pt(111),Pt,Crystalline; Film/Coating
paper_43|output_43|chem_Pt_thin_film,Pt thin-film,Pt,Crystalline; Film/Coating
paper_440|output_440|chem_IrO2_NF,IrO₂ @ NF,,1D Wire/Rod/Tube
paper_440|output_440|chem_NiFeMo_IOS_NF,NiFeMo IOS@NF,,1D Wire/Rod/Tube; Crystalline; Particle/Cluster; Porous Network
paper_440|output_440|chem_PtC_NF,Pt/C @ NF,,1D Wire/Rod/Tube
paper_441|output_441|chem_a_NiOH2,a-Ni(OH)2,,Amorphous
paper_441|output_441|chem_c_Ni_a_NiO,c-Ni@a-NiO,,Amorphous; Crystalline; Hollow/Core-Shell; Particle/Cluster
paper_441|output_441|chem_c_Ni_c_NiOH2,c-Ni@c-Ni(OH)2,,Hollow/Core-Shell
paper_445|output_445|chem_NiFe_LDH_EG,NiFe-LDH_EG,NiFe-LDH,2D Sheet; Particle/Cluster
paper_445|output_445|chem_NiFe_LDH_H,NiFe-LDH_H,NiFe-LDH,2D Sheet; Particle/Cluster
paper_445|output_445|chem_NiFe_LDH_W,NiFe-LDH_W,NiFe-LDH,1D Wire/Rod/Tube; 2D Sheet; Generic Nanostructure; Particle/Cluster
paper_447|output_447|chem_IF_CoFe_TDPAT_NSA,IF@CoFe-TDPAT NSA,,2D Sheet; Array/Aligned; Film/Coating; Porous Network
paper_449|output_449|chem_MNN_1,MNN-1,Mo-NiO/Ni,2D Sheet; Crystalline; Generic Nanostructure; Particle/Cluster; Porous Network
paper_449|output_449|chem_MNN_2,MNN-2,Mo-NiO/Ni,2D Sheet; Crystalline; Generic Nanostructure; Particle/Cluster; Porous Network
paper_449|output_449|chem_MNN_3,MNN-3,Mo-NiO/Ni,2D Sheet; Crystalline; Generic Nanostructure; Particle/Cluster; Porous Network
paper_449|output_449|chem_MNN_4,MNN-4,Mo-NiO/Ni,2D Sheet; Crystalline; Generic Nanostructure; Particle/Cluster; Porous Network
paper_449|output_449|chem_Ni_NPs,Ni nanoparticles,Ni,2D Sheet; Generic Nanostructure; Particle/Cluster
paper_449|output_449|chem_c_Mo_NiO,c-Mo-NiO,Mo-NiO,2D Sheet; Crystalline; Generic Nanostructure; Particle/Cluster
paper_449|output_449|chem_c_Mo_NiO_Ni,c-Mo-NiO/Ni,Mo-NiO/Ni,2D Sheet; Crystalline; Generic Nanostructure; Particle/Cluster; Porous Network
paper_44|output_44|chem_DL_Ala_Co_COF,DL-Ala-Co-COF,,Porous Network
paper_44|output_44|chem_D_Ala_Co_COF,D-Ala-Co-COF,,Porous Network
paper_44|output_44|chem_L_Ala_Co_COF,L-Ala-Co-COF,,Porous Network
paper_44|output_44|chem_L_Ser_Co_COF,L-Ser-Co-COF,,Porous Network
paper_44|output_44|chem_S_py_Co_COF,S-py-Co-COF,,Porous Network
paper_451|output_451|chem_FeCoNiOxHy,FeCoNiOxHy,FeCoNiOxHy,1D Wire/Rod/Tube; 2D Sheet; Crystalline; Generic Nanostructure; Particle/Cluster; Porous Network; Rough/Wrinkled
paper_452|output_452|chem_polycrystalline_Pt_disk,polycrystalline Pt disk,Pt,Crystalline
paper_453|output_453|chem_UNS_N08367_electropolished,UNS N08367 electropolished,,2D Sheet; Array/Aligned; Film/Coating; Generic Nanostructure; Hierarchical; Particle/Cluster; Porous Network; Rough/Wrinkled
paper_453|output_453|chem_UNS_N08367_mechanical_polished,UNS N08367 mechanical polished,,2D Sheet; Array/Aligned; Film/Coating; Generic Nanostructure; Hierarchical; Particle/Cluster; Porous Network; Rough/Wrinkled
paper_453|output_453|chem_UNS_N08367_plasma_ion_nitrided,UNS N08367 plasma ion nitrided,,2D Sheet; Generic Nanostructure; Rough/Wrinkled
paper_455|output_455|chem_KB,Ketjen Black (KB),C,Particle/Cluster; Porous Network
paper_458|output_458|chem_FeP_FF,FeP-FF,FeP,Porous Network
paper_458|output_458|chem_Ni2P_FeP_FF,Ni₂P/FeP-FF,Ni₂P/FeP,Porous Network
paper_458|output_458|chem_Ni2P_NF,Ni₂P-NF,Ni₂P,Porous Network
paper_45|output_45|chem_Ru_NdOCl,Ru/NdOCl,,2D Sheet; Crystalline; Particle/Cluster
paper_461|output_461|chem_mo5n6,Mo₅N₆,Mo₅N₆,2D Sheet; Generic Nanostructure
paper_461|output_461|chem_mon,MoN,MoN,2D Sheet; Generic Nanostructure
paper_467|output_467|chem_WO3_floating,WO3 thin films deposited with floating regime,WO3,Array/Aligned; Film/Coating; Rough/Wrinkled
paper_467|output_467|chem_WO3_interruption,WO3 thin films deposited with interruption regime,WO3,Array/Aligned; Film/Coating; Rough/Wrinkled
paper_469|output_469|chem_Co9S8_MoS2,Co₉S₈–MoS₂ heterostructure,,Particle/Cluster
paper_469|output_469|chem_Co9S8_MoS2_NF,Co9S8-MoS2/NF,Co9S8-MoS2/NF,2D Sheet; Film/Coating; Porous Network
paper_46|output_46|chem_Co_TiO2_nanobipyramids,Co-doped TiO2 nanobipyramids,Co-TiO2,2D Sheet; Crystalline; Faceted Polyhedron; Generic Nanostructure; Particle/Cluster
paper_46|output_46|chem_Co_TiO2_nanoplates,Co-doped TiO2 nanoplates,Co-TiO2,2D Sheet; Crystalline; Faceted Polyhedron; Generic Nanostructure; Particle/Cluster
paper_46|output_46|chem_TiO2,pristine TiO2,TiO2,2D Sheet; Generic Nanostructure
paper_470|output_470|chem_Cr_Ni_NHs,Cr-Ni NHs,,Film/Coating; Generic Nanostructure; Particle/Cluster
paper_470|output_470|chem_Cr_Ni_film,Cr-Ni film,,Film/Coating
paper_470|output_470|chem_Fe_Ni_film,Fe-Ni film,,Film/Coating
paper_470|output_470|chem_Ni_NHs,Ni NHs,,Film/Coating
paper_470|output_470|chem_Ni_film,Ni film,,Film/Coating; Particle/Cluster
paper_470|output_470|chem_Pt_film,Pt film,Pt,Film/Coating
paper_470|output_470|chem_Ti_Ni_film,Ti-Ni film,,Film/Coating
paper_471|output_471|chem_NiFeOOH,NiFeOOH,NiFeOOH,Generic Nanostructure; Porous Network
paper_471|output_471|chem_S-NiFeOOH,S-NiFeOOH,S-NiFeOOH,1D Wire/Rod/Tube; 2D Sheet; Generic Nanostructure; Porous Network
paper_472|output_472|chem_CoRe_CP,CoRe/CP,Co-Re,Particle/Cluster
paper_472|output_472|chem_Pt_nanopillar_array,chem_Pt_nanopillar_array,,Array/Aligned
paper_473|output_473|chem_C_Ni1-x_O,C-Ni_{1-x}O,C-Ni_{1-x}O,Porous Network
paper_477|output_477|chem_Ce_NiFe_LDH_CNT,Ce-NiFe/LDH/CNT,Ce-NiFe-LDH/CNT,1D Wire/Rod/Tube
paper_477|output_477|chem_Co3O4_nanosheets,Co3O4 nanosheets with oxygen vacancies,Co3O4,1D Wire/Rod/Tube; 2D Sheet
paper_477|output_477|chem_CoFe_LDH_nanosheets,CoFe LDH nanosheets with multiple vacancies,CoFe-LDH,1D Wire/Rod/Tube; 2D Sheet
paper_477|output_477|chem_NiCoP_NS,NiCoP nanosheets on Ni foam,NiCoP,2D Sheet; Porous Network
paper_477|output_477|chem_NiFeV_LDH,NiFeV-LDH,NiFeV-LDH,1D Wire/Rod/Tube; 2D Sheet
paper_477|output_477|chem_NiFe_LDH_CNTs,NiFe-LDH/CNTs composite,NiFe-LDH/CNTs,1D Wire/Rod/Tube; 2D Sheet
paper_478|output_478|chem_Co_ns,Co-ns,,Particle/Cluster
paper_478|output_478|chem_beta_FeOOH_nanorod,β-FeOOH nanorod,FeOOH_{1.22}-Cl_{0.22}·0.19H_2O,1D Wire/Rod/Tube; 2D Sheet; Generic Nanostructure; Porous Network
paper_479|output_479|chem_Fe3O4_NF,Fe₃O₄/NF,Fe₃O₄/NF,Porous Network
paper_479|output_479|chem_Fe3O4_SrCO3_NF,Fe₃O₄@SrCO₃/NF,Fe₃O₄@SrCO₃/NF,1D Wire/Rod/Tube; Generic Nanostructure; Hierarchical; Hollow/Core-Shell; Particle/Cluster; Porous Network
paper_47|output_47|chem_C60_SWNT,C60-plugged SWNT,,1D Wire/Rod/Tube
paper_47|output_47|chem_Co3O4_SWNT,Co3O4@SWNT,,1D Wire/Rod/Tube; Particle/Cluster
paper_47|output_47|chem_IrO2_SWNT,IrO2@SWNT,,1D Wire/Rod/Tube; Particle/Cluster
paper_47|output_47|chem_RuO2_SWNT,RuO2@SWNT,,1D Wire/Rod/Tube; Particle/Cluster
paper_47|output_47|chem_SWNT,Single-walled carbon nanotubes,,1D Wire/Rod/Tube; Generic Nanostructure; Particle/Cluster; Porous Network
paper_480|output_480|chem_NiFePt_Cl_LDH,NiFePt_Cl LDH,,2D Sheet; Porous Network
paper_480|output_480|chem_NiFePt_LDH,NiFePt LDH,,2D Sheet; Porous Network
paper_480|output_480|chem_NiFe_Cl_LDH,NiFe_Cl LDH,,1D Wire/Rod/Tube; 2D Sheet; Porous Network
paper_480|output_480|chem_NiFe_LDH,NiFe LDH,,2D Sheet; Particle/Cluster; Porous Network
paper_483|output_483|chem_0.05H-PHNCMs,0.05H-PHNCMs,,2D Sheet; Hollow/Core-Shell; Particle/Cluster; Porous Network
paper_483|output_483|chem_0H-PHNCMs,0H-PHNCMs,,2D Sheet; Hollow/Core-Shell; Particle/Cluster; Porous Network
paper_483|output_483|chem_1H-PHNCMs,1H-PHNCMs,,2D Sheet; Hollow/Core-Shell; Particle/Cluster; Porous Network
paper_483|output_483|chem_2.5H-PHNCMs,2.5H-PHNCMs,,2D Sheet
paper_483|output_483|chem_3H-PHNCMs,3H-PHNCMs,,2D Sheet
paper_483|output_483|chem_5H-PHNCMs,5H-PHNCMs,,2D Sheet
paper_486|output_486|chem_Ni,Ni,Ni,Particle/Cluster; Porous Network
paper_486|output_486|chem_NiVOx,NiVOx,NiVOx,Particle/Cluster
paper_486|output_486|chem_Ni_Cu,Ni(Cu),Ni(Cu),Particle/Cluster
paper_486|output_486|chem_Ni_Cu_VOx,Ni(Cu)VOx,Ni(Cu)VOx,Particle/Cluster; Porous Network
paper_489|output_489|chem_gold_BNPs,gold branched nanoparticles,Au,Flower/Urchin/Dendrite; Generic Nanostructure; Hollow/Core-Shell; Particle/Cluster; Porous Network
paper_489|output_489|chem_gold_CCs,gold core cages,Au,Flower/Urchin/Dendrite; Generic Nanostructure; Hollow/Core-Shell; Particle/Cluster; Porous Network
paper_489|output_489|chem_palladium_BNPs,palladium branched nanoparticles,Pd,Flower/Urchin/Dendrite; Generic Nanostructure; Hollow/Core-Shell; Particle/Cluster
paper_489|output_489|chem_palladium_CCs,palladium core cages,Pd,Flower/Urchin/Dendrite; Generic Nanostructure; Hollow/Core-Shell; Particle/Cluster
paper_490|output_490|chem_mo2c_cnt,Mo2C/CNT,Mo2C/CNT,1D Wire/Rod/Tube; Film/Coating; Hierarchical; Particle/Cluster; Porous Network
paper_490|output_490|chem_mo2c_moc_cnt,Mo2C/MoC/CNT,Mo2C/MoC/CNT,1D Wire/Rod/Tube; Film/Coating; Hierarchical; Particle/Cluster; Porous Network
paper_490|output_490|chem_moc_cnt,MoC/CNT,MoC/CNT,1D Wire/Rod/Tube; Film/Coating; Hierarchical; Particle/Cluster; Porous Network
paper_491|output_491|chem_NiCo(OH)x_COR,NiCo(OH)x-COR,NiCo(OH)x,2D Sheet; Faceted Polyhedron; Hollow/Core-Shell; Particle/Cluster; Porous Network
paper_491|output_491|chem_NiCo(OH)x_ED,NiCo(OH)x-ED,NiCo(OH)x,Faceted Polyhedron; Hollow/Core-Shell; Particle/Cluster; Porous Network
paper_491|output_491|chem_NiCo(OH)x_HT,NiCo(OH)x-HT,NiCo(OH)x,Faceted Polyhedron; Hollow/Core-Shell; Particle/Cluster; Porous Network
paper_491|output_491|chem_NiCo(OH)x_RE,NiCo(OH)x-RE,NiCo(OH)x,Faceted Polyhedron; Hollow/Core-Shell; Particle/Cluster; Porous Network
paper_492|output_492|chem_conventional_NiFe-LDH,conventional NiFe-LDH,,2D Sheet
paper_492|output_492|chem_d-CoFe-LDH,d-CoFe-LDH,,2D Sheet
paper_492|output_492|chem_d-CoNi-LDH,d-CoNi-LDH,,2D Sheet
paper_492|output_492|chem_d-NiFe-LDH,d-NiFe-LDH,,2D Sheet
paper_492|output_492|chem_d-NiMn-LDH,d-NiMn-LDH,,2D Sheet; Crystalline; Generic Nanostructure; Hollow/Core-Shell; Particle/Cluster; Porous Network
paper_492|output_492|chem_d-ZnCo-LDH,d-ZnCo-LDH,,2D Sheet
paper_493|output_493|chem_La_NMO_NF,La-NMO@NF,La-NiMoO₄,1D Wire/Rod/Tube; 2D Sheet; Film/Coating; Particle/Cluster; Porous Network; Rough/Wrinkled
paper_493|output_493|chem_La_NMS_NF,La-NMS@NF,La-doped Ni₃S₂/MoS₂,2D Sheet; Array/Aligned; Film/Coating; Flower/Urchin/Dendrite; Generic Nanostructure; Porous Network
paper_493|output_493|chem_La_NS_NF,La-NS@NF,La-NiS₂,2D Sheet; Porous Network
paper_493|output_493|chem_NMS_NF,NMS@NF,Ni₃S₂/MoS₂,2D Sheet; Flower/Urchin/Dendrite; Porous Network
paper_495|output_495|chem_Fe_MoNi4_MoO2,Fe/MoNi4/MoO2,Fe/MoNi4/MoO2,1D Wire/Rod/Tube; Particle/Cluster
paper_496|output_496|chem_Ru_Ni(OH)2,Ru-Ni(OH)2,Ru-Ni(OH)2,Generic Nanostructure; Particle/Cluster; Porous Network
paper_497|output_497|chem_Ru_Ni2P_Fe2P,Ru-Ni2P/Fe2P,Ru-Ni₂P/Fe₂P,Particle/Cluster; Porous Network
paper_498|output_498|chem_GA,GA,GA,Porous Network
paper_499|output_499|chem_NF_Co(OH)2,NF/Co(OH)₂,Co(OH)₂ on Ni foam,1D Wire/Rod/Tube; 2D Sheet; Generic Nanostructure; Hollow/Core-Shell; Particle/Cluster; Porous Network
paper_499|output_499|chem_NF_Mo0.5_Co(OH)2,NF/Mo₀.₅-Co(OH)₂,MoO₄²⁻ intercalated Co(OH)₂ on Ni foam (Mo/Co = 0.5),1D Wire/Rod/Tube; 2D Sheet; Particle/Cluster; Porous Network
paper_499|output_499|chem_NF_Mo2_Co(OH)2,NF/Mo₂-Co(OH)₂,MoO₄²⁻ intercalated Co(OH)₂ on Ni foam (Mo/Co = 2),1D Wire/Rod/Tube; 2D Sheet; Particle/Cluster; Porous Network
paper_499|output_499|chem_NF_Mo_Co(OH)2,NF/Mo-Co(OH)₂,MoO₄²⁻ intercalated Co(OH)₂ on Ni foam,1D Wire/Rod/Tube; 2D Sheet; Particle/Cluster; Porous Network
paper_499|output_499|chem_NF_Mo_Ni(OH)2,NF/Mo-Ni(OH)₂,MoO₄²⁻ intercalated Ni(OH)₂ on Ni foam,Porous Network
paper_499|output_499|chem_NF_Ni(OH)2,NF/Ni(OH)₂,Ni(OH)₂ on Ni foam,Porous Network
paper_499|output_499|chem_NF_V_Co(OH)2,NF/V-Co(OH)₂,VO₃⁻ intercalated Co(OH)₂ on Ni foam,Porous Network
paper_499|output_499|chem_NF_V_Ni(OH)2,NF/V-Ni(OH)₂,VO₃⁻ intercalated Ni(OH)₂ on Ni foam,Porous Network
paper_499|output_499|chem_NF_W_Co(OH)2,NF/W-Co(OH)₂,WO₄²⁻ intercalated Co(OH)₂ on Ni foam,Porous Network
paper_499|output_499|chem_NF_W_Ni(OH)2,NF/W-Ni(OH)₂,WO₄²⁻ intercalated Ni(OH)₂ on Ni foam,Porous Network
paper_49|output_49|chem_Co_MHOF,monometallic cobalt metal hydroxide organic framework,,Porous Network
paper_49|output_49|chem_HE_MHOF,high-entropy metal hydroxide organic framework,Mn0.2Ni0.2Co0.2Cu0.2Zn0.2C4H3O3,Porous Network
paper_49|output_49|chem_Ni_MHOF,monometallic nickel metal hydroxide organic framework,,Porous Network
paper_4|output_4|chem_CoNiOH2_C,"(Co, Ni)(OH)2/C",,Faceted Polyhedron; Generic Nanostructure
paper_4|output_4|chem_Pt1_CoNiOH2_C,"Pt1/(Co, Ni)(OH)2/C",,Particle/Cluster
paper_500|output_500|chem_IF,IF,,1D Wire/Rod/Tube; Porous Network
paper_500|output_500|chem_NiFe_LDH_IF,NiFe-LDH/IF,,1D Wire/Rod/Tube; 2D Sheet; Porous Network
paper_500|output_500|chem_Ni_NiFe_LDH_IF,Ni/NiFe-LDH/IF,,1D Wire/Rod/Tube; Porous Network
paper_502|output_502|chem_Co9S8_CF,Co9S8/CF,,Crystalline; Porous Network
paper_502|output_502|chem_CoS_x_CF,CoS_x/CF,,Porous Network
paper_502|output_502|chem_Cu_CoS_x_CF,Cu@CoS_x/CF,,Film/Coating; Hollow/Core-Shell; Particle/Cluster; Porous Network
paper_502|output_502|chem_copper_foam,copper foam,,Film/Coating; Porous Network
paper_503|output_503|chem_Fe-Ni(OH)2_NF,Fe-Ni(OH)2/NF,Fe-Ni(OH)2,Crystalline; Particle/Cluster; Rough/Wrinkled
paper_503|output_503|chem_Ni(OH)2_NF,Ni(OH)2/NF,Ni(OH)2,Porous Network; Rough/Wrinkled
paper_504|output_504|chem_NiFe_S2_MoS2,"(Ni, Fe) S₂ @ Mo S₂","(Ni,Fe)S₂@MoS₂",Generic Nanostructure; Rough/Wrinkled
paper_506|output_506|chem_316L_SS_100,316 L SS-100,,1D Wire/Rod/Tube; Array/Aligned; Generic Nanostructure; Hierarchical
paper_506|output_506|chem_316L_SS_1000,316 L SS-1000,,1D Wire/Rod/Tube; Array/Aligned; Hierarchical
paper_506|output_506|chem_316L_SS_1600,316 L SS-1600,,1D Wire/Rod/Tube; Array/Aligned; Hierarchical
paper_506|output_506|chem_316L_SS_2000,316 L SS-2000,,1D Wire/Rod/Tube; Array/Aligned; Hierarchical
paper_506|output_506|chem_316L_SS_2800,316 L SS-2800,,1D Wire/Rod/Tube; Array/Aligned; Hierarchical
paper_506|output_506|chem_316L_SS_500,316 L SS-500,,1D Wire/Rod/Tube; Array/Aligned; Hierarchical
paper_507|output_507|chem_1T_0.81-MoS2@Ni2P,1T0.81-MoS2@Ni2P,1T0.81-MoS2@Ni2P,Film/Coating
paper_508|output_508|chem_Co_NPs_NC,Co NPs/NC,,Particle/Cluster
paper_508|output_508|chem_NC,NC,,1D Wire/Rod/Tube
paper_509|output_509|chem_In2O3,In₂O₃,In₂O₃,1D Wire/Rod/Tube; 2D Sheet; Generic Nanostructure; Hollow/Core-Shell; Porous Network
paper_509|output_509|chem_In2O3_MoS2,In₂O₃@MoS₂,In₂O₃@MoS₂,1D Wire/Rod/Tube; 2D Sheet; Film/Coating; Generic Nanostructure; Hollow/Core-Shell; Particle/Cluster; Porous Network
paper_509|output_509|chem_In2O3_MoS2_I,In₂O₃@MoS₂-I,In₂O₃@MoS₂,1D Wire/Rod/Tube; 2D Sheet; Film/Coating; Generic Nanostructure; Hollow/Core-Shell; Particle/Cluster; Porous Network
paper_510|output_510|chem_Au_NiOOH,Au@NiOOH,Au@NiOOH,2D Sheet; Particle/Cluster; Rough/Wrinkled
paper_510|output_510|chem_Au_Ni_Fe_OOH,Au@Ni(Fe)OOH,,2D Sheet; Crystalline; Generic Nanostructure; Hollow/Core-Shell; Particle/Cluster; Rough/Wrinkled
paper_510|output_510|chem_NiOOH,NiOOH,NiOOH,Generic Nanostructure; Particle/Cluster
paper_510|output_510|chem_Ni_Fe_OOH,Ni(Fe)OOH,Ni(Fe)OOH,2D Sheet; Crystalline; Generic Nanostructure; Hollow/Core-Shell; Particle/Cluster
paper_511|output_511|chem_FePt_C,Fe@Pt/C,Fe@Pt/C,Crystalline; Hollow/Core-Shell; Particle/Cluster
paper_514|output_514|chem_Co3O4-LPC,Co₃O₄-LPC,Co₃O₄-LPC,Particle/Cluster; Porous Network
paper_515|output_515|chem_SA_MoO2_Ni3_PO4_2_NF,SA-MoO₂/Ni₃(PO₄)₂/NF,MoO₂/Ni₃(PO₄)₂/NF,1D Wire/Rod/Tube; Amorphous; Generic Nanostructure
paper_516|output_516|chem_Pt-Ce,Pt-Ce,,Particle/Cluster
paper_518|output_518|chem_FeNiCuWRu,FeNiCuWRu,,Porous Network
paper_51|output_51|chem_CoMn_340,CoMn-340,Co1.5Mn1.5O4,2D Sheet; Faceted Polyhedron; Particle/Cluster; Rough/Wrinkled
paper_51|output_51|chem_CoMn_380,CoMn-380,Co1.5Mn1.5O4,2D Sheet; Faceted Polyhedron; Particle/Cluster; Rough/Wrinkled
paper_51|output_51|chem_CoMn_400,CoMn-400,Co1.5Mn1.5O4,2D Sheet; Faceted Polyhedron; Particle/Cluster; Rough/Wrinkled
paper_520|output_520|chem_mose2,MoSe₂,MoSe₂,Crystalline; Generic Nanostructure; Particle/Cluster; Porous Network
paper_520|output_520|chem_rh_o_mose2_x,"(Rh, O)-MoSe₂₋ₓ","Rh,O-MoSe₂₋ₓ",Crystalline; Generic Nanostructure; Particle/Cluster; Porous Network
paper_520|output_520|chem_ru_o_mose2_x,"(Ru, O)-MoSe₂₋ₓ","Ru,O-MoSe₂₋ₓ",Crystalline; Generic Nanostructure; Particle/Cluster; Porous Network
paper_521|output_521|chem_Co4Fe_CC,Co₄Fe@CC,Co₄Fe-LDH,2D Sheet
paper_521|output_521|chem_Co4V_CC,Co₄V@CC,Co₄V-LDH,2D Sheet
paper_521|output_521|chem_Co8FeV_CC,Co₈FeV@CC,Co₈FeV-LDH,2D Sheet
paper_522|output_522|chem_C_Co3O4,C-Co3O4,Co3O4,Particle/Cluster
paper_522|output_522|chem_C_CoO,C-CoO,CoO,2D Sheet; Film/Coating; Particle/Cluster
paper_522|output_522|chem_LQNMP_Co2O3,LQNMP-Co2O3,Co2O3,1D Wire/Rod/Tube; 2D Sheet; Generic Nanostructure; Porous Network
paper_523|output_523|chem_NiFe_NNG_10,NiFe NNG-10,,Porous Network
paper_523|output_523|chem_NiFe_NNG_20,NiFe NNG-20,,Porous Network
paper_523|output_523|chem_NiFe_NNG_30,NiFe NNG-30,,Porous Network
paper_525|output_525|chem_NF_CoMoS,NF/CoMoS,Ni3S2@CoMoS4,1D Wire/Rod/Tube; 2D Sheet; Generic Nanostructure; Particle/Cluster; Porous Network; Rough/Wrinkled
paper_525|output_525|chem_NF_CoS,NF/CoS,Co9S8/Ni3S2,1D Wire/Rod/Tube; 2D Sheet; Generic Nanostructure; Particle/Cluster; Porous Network
paper_525|output_525|chem_NF_MoS,NF/MoS,MoS2/Ni3S2,1D Wire/Rod/Tube; 2D Sheet; Generic Nanostructure; Particle/Cluster; Porous Network
paper_525|output_525|chem_Ni3S2_CoMoS4_NiFeOOH,Ni3S2@CoMoS4/NiFeOOH,Ni3S2@CoMoS4/NiFeOOH,1D Wire/Rod/Tube; 2D Sheet; Generic Nanostructure; Particle/Cluster; Porous Network; Rough/Wrinkled
paper_526|output_526|chem_w_nio_cr2s3_tube_nf,tube W-NiO/Cr2S3/NF,,Generic Nanostructure; Porous Network
paper_527|output_527|chem_FC,FC,,Particle/Cluster
paper_527|output_527|chem_Ni_C,Ni/C,,Faceted Polyhedron
paper_527|output_527|chem_Ni_FC,Ni/FC,,Particle/Cluster; Porous Network
paper_529|output_529|chem_NiP_NF,NiP/NF,Ni–P–O,1D Wire/Rod/Tube; Film/Coating; Particle/Cluster; Porous Network
paper_529|output_529|chem_NiSP_NF,NiSP/NF,Ni–S–P–O,Film/Coating; Particle/Cluster; Porous Network
paper_529|output_529|chem_NiS_NF,NiS/NF,Ni–S–O,Film/Coating; Particle/Cluster; Porous Network; Rough/Wrinkled
paper_52|output_52|chem_Ir_Ru_solid_solution,Ir-Ru solid solution catalyst,,Crystalline; Particle/Cluster
paper_52|output_52|chem_Ru_nanoparticles,Ru nanoparticles,,Particle/Cluster
paper_530|output_530|chem_NiFeP_nanocubes,chem_NiFeP_nanocubes,,Faceted Polyhedron
paper_531|output_531|chem_Ru0.20_IrFeCoNi0.80,"Ru_{0.20}(Ir,Fe,Co,Ni)_{0.80}","Ru_{0.20}(Ir,Fe,Co,Ni)_{0.80}",Particle/Cluster
paper_533|output_533|chem_Ni_Mo_alloy,Ni-Mo alloy,NiMo,1D Wire/Rod/Tube; 2D Sheet; Film/Coating; Hierarchical; Particle/Cluster; Porous Network
paper_533|output_533|chem_h-NiMoFe,h-NiMoFe,h-NiMoFe,Porous Network
paper_533|output_533|chem_nickel_sulfide,nickel sulfide,NiS,1D Wire/Rod/Tube; 2D Sheet; Faceted Polyhedron; Film/Coating; Flower/Urchin/Dendrite; Generic Nanostructure; Particle/Cluster; Porous Network
paper_535|output_535|chem_NiFe_LDH_NPA,NiFe LDH nano-plate array,,2D Sheet; Array/Aligned; Particle/Cluster; Porous Network
paper_535|output_535|chem_NiFe_LDH_NS,NiFe LDH nanosheet,,2D Sheet
paper_535|output_535|chem_NiFe_LDH_NSA_Fe_foam,chem_NiFe_LDH_NSA_Fe_foam,,Porous Network
paper_535|output_535|chem_NiFe_LDH_nanomesh,NiFe LDH nanomesh,,2D Sheet; Porous Network
paper_536|output_536|chem_NSPC_1000,NSPC-1000,,Generic Nanostructure; Particle/Cluster; Porous Network; Rough/Wrinkled
paper_536|output_536|chem_NSPC_800,NSPC-800,,Particle/Cluster; Porous Network
paper_536|output_536|chem_NSPC_900,NSPC-900,,Generic Nanostructure; Particle/Cluster; Porous Network; Rough/Wrinkled
paper_537|output_537|chem_SWNT,single wall carbon nanotube,SWNT,1D Wire/Rod/Tube
paper_538|output_538|chem_F-NiFe-LDH,F-NiFe-LDH,F-NiFe-LDH,2D Sheet; Particle/Cluster; Porous Network
paper_53|output_53|chem_MgOx_MoOy_Ru_metallene,MgOx/MoOy-Ru metallene,,Amorphous; Crystalline
paper_53|output_53|chem_Ru_metallene,Ru metallene,,Amorphous; Crystalline
paper_540|output_540|chem_m_HEAF_Mo,m-HEAF(Mo),PtPdRhRuMo,Film/Coating; Particle/Cluster; Porous Network
paper_540|output_540|chem_m_HEANP_Mo,m-HEANP(Mo),PtPdRhRuMo,Film/Coating; Particle/Cluster; Porous Network
paper_542|output_542|chem_graphene_GF,graphene-coated graphite felt,,Film/Coating
paper_543|output_543|chem_NF_NiFe_LDH,NF/NiFe LDH,,Generic Nanostructure
"paper_545|output_545|chem_RuO2_(Co,Mn)3O4_CC","RuO2/(Co,Mn)3O4/CC","RuO2/(Co,Mn)3O4",1D Wire/Rod/Tube; Array/Aligned; Generic Nanostructure; Particle/Cluster; Rough/Wrinkled
paper_545|output_545|chem_RuO2_Co3O4_CC,RuO2/Co3O4/CC,RuO2/Co3O4,1D Wire/Rod/Tube; Array/Aligned; Generic Nanostructure; Particle/Cluster; Rough/Wrinkled
paper_546|output_546|chem_IrTiO2,IrTiO2,IrTiO2,1D Wire/Rod/Tube; Array/Aligned
paper_546|output_546|chem_IrTiO2_x,IrTiO_{2-x},IrTiO_{2-x},1D Wire/Rod/Tube; Array/Aligned
paper_546|output_546|chem_TiO2,TiO2,TiO2,1D Wire/Rod/Tube; Array/Aligned; Faceted Polyhedron
paper_549|output_549|chem_LSC,LSC,La0.5Sr0.5CoO3-δ,2D Sheet; Crystalline
paper_549|output_549|chem_LSC_K_MoSe2,LSC/K-MoSe2,La0.5Sr0.5CoO3-δ/K-MoSe2,Particle/Cluster
paper_54|output_54|chem_NiFe,NiFe,,2D Sheet; Porous Network
paper_54|output_54|chem_NiFeSF_R,NiFeSF-R,,Crystalline
paper_550|output_550|chem_Fe,Fe coating,Fe,Film/Coating
paper_550|output_550|chem_Fe28Ni72,Fe28Ni72,,Film/Coating
paper_550|output_550|chem_Fe47Ni53,Fe47Ni53,,Film/Coating
paper_550|output_550|chem_Fe69Ni31,Fe69Ni31,,Film/Coating
paper_550|output_550|chem_Fe89Ni11,Fe89Ni11,,Film/Coating
paper_550|output_550|chem_Fe8Ni92,Fe8Ni92,,Film/Coating
paper_550|output_550|chem_Ni,Ni coating,Ni,Film/Coating
paper_551|output_551|chem_cp_ni3n,cp-Ni₃N,Ni₃N,Crystalline; Faceted Polyhedron; Generic Nanostructure; Hierarchical; Hollow/Core-Shell; Porous Network; Rough/Wrinkled
paper_551|output_551|chem_ni_plate,Ni plate,Ni,Crystalline
paper_551|output_551|chem_p_ni3n,p-Ni₃N,Ni₃N,Generic Nanostructure; Porous Network; Rough/Wrinkled
paper_551|output_551|chem_t_ni3n_500,T-Ni₃N-500,Ni₃N,Generic Nanostructure; Porous Network; Rough/Wrinkled
paper_554|output_554|chem_NNF-D,NNF-D,NiFe@NiFe LDH with Ni sulfate residue,2D Sheet; Generic Nanostructure; Particle/Cluster
paper_554|output_554|chem_NNF-W-60s,NNF-W-60 s,NiFe@NiFe LDH,2D Sheet; Particle/Cluster
paper_554|output_554|chem_NNF-W-7s,NNF-W-7 s,NiFe@NiFe LDH,2D Sheet; Particle/Cluster
paper_555|output_555|chem_AuNPs_NPWC_400,AuNPs@NPWC-400,,Generic Nanostructure; Particle/Cluster; Porous Network
paper_555|output_555|chem_AuNPs_NPWC_500,AuNPs@NPWC-500,,Generic Nanostructure; Particle/Cluster; Porous Network
paper_555|output_555|chem_AuNPs_NPWC_600,AuNPs@NPWC-600,,Generic Nanostructure; Particle/Cluster; Porous Network
paper_555|output_555|chem_AuNPs_NPWC_700,AuNPs@NPWC-700,,Generic Nanostructure; Particle/Cluster; Porous Network
paper_555|output_555|chem_AuNPs_NPWC_800,AuNPs@NPWC-800,,Generic Nanostructure; Particle/Cluster; Porous Network
paper_556|output_556|chem_cc_mof,CC/MOF,,1D Wire/Rod/Tube; 2D Sheet; Film/Coating; Generic Nanostructure; Particle/Cluster; Porous Network
paper_556|output_556|chem_cc_mof_cose2_mose2,CC/MOF-CoSe2@MoSe2,CoSe2@MoSe2,1D Wire/Rod/Tube; 2D Sheet; Film/Coating; Generic Nanostructure; Hollow/Core-Shell; Particle/Cluster; Porous Network; Rough/Wrinkled
paper_556|output_556|chem_cc_mose2,CC/MoSe2,MoSe2,1D Wire/Rod/Tube; Film/Coating; Generic Nanostructure; Particle/Cluster; Porous Network; Rough/Wrinkled
paper_558|output_558|chem_R-NCO,R-NCO,NiCo2O4 (reduced),Generic Nanostructure; Particle/Cluster
paper_559|output_559|chem_CES,calcined electroplating sludge,,Particle/Cluster
paper_55|output_55|chem_MoB2_at_MoS2,MoB2@MoS2 heterostructured catalyst,MoB2@MoS2,Particle/Cluster
paper_55|output_55|chem_TaB2_at_TaS2,TaB2@TaS2 heterostructured catalyst,TaB2@TaS2,Particle/Cluster
paper_55|output_55|chem_WB2,WB2,WB2,Crystalline
paper_55|output_55|chem_WB2_WS2_mixture,WB2-WS2 physical mixture,,Film/Coating; Hollow/Core-Shell; Particle/Cluster
paper_55|output_55|chem_WB2_at_WS2,WB2@WS2 heterostructured catalyst,WB2@WS2,Film/Coating; Hollow/Core-Shell; Particle/Cluster
paper_55|output_55|chem_WS2,WS2,WS2,2D Sheet; Crystalline
paper_560|output_560|chem_NiFe_NPs,NiFe NPs,NiFe,Particle/Cluster
paper_560|output_560|chem_NiFe_NiFeOOH_core_shell,NiFe/NiFeOOH core/shell NPs,NiFe/NiFeOOH,2D Sheet; Hollow/Core-Shell; Particle/Cluster
paper_562|output_562|chem_AlSnCoNiCuIrCeRh_HENP_HER,HENPs,AlSnCoNiCuIrCeRh,Hollow/Core-Shell; Particle/Cluster
paper_562|output_562|chem_AlSnCoNiCuIrCeRh_HENP_OER,HENPs,AlSnCoNiCuIrCeRh,Hollow/Core-Shell; Particle/Cluster
paper_563|output_563|chem_fcc,FeCoCr LDHs,,Faceted Polyhedron; Generic Nanostructure; Particle/Cluster; Porous Network
paper_563|output_563|chem_fccm,FeCoCrMn LDHs,,Generic Nanostructure; Particle/Cluster
paper_563|output_563|chem_fccmc,FeCoCrMnCu LDHs,,2D Sheet; Generic Nanostructure; Particle/Cluster
paper_565|output_565|chem_Ni_C_V2O3_NF,Ni@C-V₂O₃/NF,Ni@C-V₂O₃/NF,1D Wire/Rod/Tube; Hollow/Core-Shell; Porous Network
paper_566|output_566|chem_Ni_C_MoO2_NF,Ni@C-MoO₂/NF,Ni@C-MoO₂/NF,Porous Network
paper_567|output_567|chem_NiCo_C_NiCoMoO_NF,NiCo@C-NiCoMoO/NF,,2D Sheet; Generic Nanostructure; Hollow/Core-Shell; Particle/Cluster; Porous Network
paper_569|output_569|chem_alpha_MnO2,α-MnO2,MnO2,1D Wire/Rod/Tube; 2D Sheet; Generic Nanostructure; Hierarchical; Porous Network
paper_569|output_569|chem_beta_MnO2,β-MnO2,MnO2,1D Wire/Rod/Tube; 2D Sheet; Generic Nanostructure; Hierarchical; Porous Network
paper_569|output_569|chem_delta_MnO2,δ-MnO2,MnO2,1D Wire/Rod/Tube; 2D Sheet; Generic Nanostructure; Hierarchical; Porous Network
paper_56|output_56|chem_NiFeOOH_AC,AC-prepared NiFeOOH,,2D Sheet; Crystalline; Faceted Polyhedron
paper_56|output_56|chem_NiFeOOH_RPP,post-RPP NiFeOOH,,2D Sheet; Rough/Wrinkled
paper_56|output_56|chem_NiFe_oxide_nanocage,NiFe oxide nanocage,,Faceted Polyhedron
paper_571|output_571|chem_Pt_coated_TiPTL,Pt-coated TiPTL,,Film/Coating; Generic Nanostructure; Porous Network
paper_573|output_573|chem_Co-Se_NF,Co-Se/NF,CoSe,Porous Network
paper_573|output_573|chem_Co0.9Fe0.1-Se_NF,Co0.9Fe0.1-Se/NF,Co0.9Fe0.1-Se,2D Sheet; Amorphous; Crystalline; Generic Nanostructure; Particle/Cluster; Porous Network
paper_573|output_573|chem_Fe-Se_NF,Fe-Se/NF,FeSe,Porous Network
paper_578|output_578|chem_Ru_Ni_WC_NPC_4.13,Ru/Ni/WC@NPC (Ru wt.% = 4.13%),,Particle/Cluster
paper_580|output_580|chem_Pt_100,Pt(100),Pt,Crystalline
paper_580|output_580|chem_Pt_110,Pt(110)(1×2),Pt,Crystalline
paper_580|output_580|chem_Pt_111,Pt(111),Pt,Crystalline
paper_582|output_582|chem_NWN,Ni-W₅N₄,Ni-W₅N₄,1D Wire/Rod/Tube; Generic Nanostructure; Particle/Cluster; Porous Network
paper_582|output_582|chem_NWN_NFO,Ni-W₅N₄/NiFeOOH,Ni-W₅N₄|NiFeOOH,Crystalline; Generic Nanostructure; Particle/Cluster; Rough/Wrinkled
paper_582|output_582|chem_NWOH,NiWOH,NiWOH,1D Wire/Rod/Tube; Generic Nanostructure; Porous Network
paper_584|output_584|chem_Ni3S2-O_Ni,Ni₃S₂-O/Ni,Ni₃S₂-O/Ni,Generic Nanostructure; Particle/Cluster; Porous Network
paper_585|output_585|chem_Cu,Cu catalyst,Cu,Generic Nanostructure; Particle/Cluster; Porous Network; Rough/Wrinkled
paper_585|output_585|chem_IL_at_Cu,IL@Cu catalyst,Cu with BmimNO3,1D Wire/Rod/Tube; Crystalline; Faceted Polyhedron; Porous Network; Rough/Wrinkled
paper_586|output_586|chem_Pt_C,carbon-supported platinum,,Particle/Cluster; Rough/Wrinkled
paper_586|output_586|chem_Pt_pc,polycrystalline platinum,Pt,Crystalline; Rough/Wrinkled
paper_587|output_587|chem_hispec_9100_pt_c,HiSPEC 9100 Pt/C,,Crystalline; Flower/Urchin/Dendrite; Generic Nanostructure; Particle/Cluster; Porous Network
paper_587|output_587|chem_s_pt_1t_prime_mos2,s-Pt/1T′-MoS₂,Pt/MoS₂,2D Sheet; Crystalline; Flower/Urchin/Dendrite; Generic Nanostructure; Particle/Cluster
paper_588|output_588|chem_C_Ir_CeO2,C-Ir/CeO2,Ir/CeO2,Generic Nanostructure; Particle/Cluster
paper_588|output_588|chem_C_Ir_ZrO2,C-Ir/ZrO2,,Generic Nanostructure; Hollow/Core-Shell; Particle/Cluster; Porous Network
paper_588|output_588|chem_RIE_Ir_CeOx,RIE-Ir/CeOx,IrO_x/CeO_x,Crystalline; Generic Nanostructure; Hollow/Core-Shell; Particle/Cluster
paper_589|output_589|chem_nife_ldhs,NiFe-LDHs,,1D Wire/Rod/Tube; 2D Sheet; Generic Nanostructure; Porous Network
paper_589|output_589|chem_nifev_lths,NiFeV-LTHs,,1D Wire/Rod/Tube; Generic Nanostructure; Porous Network
paper_589|output_589|chem_ru_sas_nifev_lths,Ru SAs@NiFeV-LTHs,,1D Wire/Rod/Tube; Generic Nanostructure; Porous Network
paper_58|output_58|chem_Mo2C,Mo2C,,1D Wire/Rod/Tube; 2D Sheet; Particle/Cluster; Porous Network
paper_58|output_58|chem_MoL_Mo2C,MoL-Mo2C,,1D Wire/Rod/Tube; Particle/Cluster; Porous Network
paper_58|output_58|chem_Pt1_Mo2C,Pt1/Mo2C SACs,Pt-Mo2C,1D Wire/Rod/Tube; Porous Network
paper_58|output_58|chem_Pt1_MoL_Mo2C,Pt1-MoL-Mo2C SSAAs,Pt-Mo-Mo2C,1D Wire/Rod/Tube; Porous Network
paper_592|output_592|chem_Mo5N6-Ni3S2_HNPs_NF,Mo₅N₆-Ni₃S₂ HNPs/NF,Mo₅N₆/Ni₃S₂ heterojunction,2D Sheet; Generic Nanostructure; Particle/Cluster; Porous Network
paper_593|output_593|chem_Pt_TiONx,Pt/TiON_x,Pt/TiON_x,Particle/Cluster
paper_594|output_594|chem_Br-CDs_CoP_NF,Br-CDs/CoP/NF,,1D Wire/Rod/Tube; Particle/Cluster; Porous Network
paper_594|output_594|chem_Cl-CDs_CoP_NF,Cl-CDs/CoP/NF,,1D Wire/Rod/Tube; Particle/Cluster; Porous Network
paper_594|output_594|chem_F-CDs_CoP_NF,F-CDs/CoP/NF,,1D Wire/Rod/Tube; Particle/Cluster; Porous Network
paper_595|output_595|chem_Ni(OH)2-PA-Fe,Ni(OH)₂–PA–Fe,Ni(OH)₂–PA–Fe,1D Wire/Rod/Tube; Generic Nanostructure; Particle/Cluster; Porous Network
paper_59|output_59|chem_NiCo2O4,NiCo2O4,NiCo2O4,Crystalline
paper_59|output_59|chem_NiCo2O4_F1,NiCo2O4-F1,NiCo2O4-F1,Crystalline
paper_5|output_5|chem_Co3O4GT,Co3O4/rGO@Ti,Co3O4/rGO@Ti,2D Sheet; Porous Network
paper_5|output_5|chem_CoPGT,CoP/rGO@Ti,CoP/rGO@Ti,2D Sheet; Film/Coating; Particle/Cluster; Porous Network
paper_5|output_5|chem_CoPT,CoP@Ti,CoP@Ti,2D Sheet; Porous Network
paper_5|output_5|chem_CoP_ink,CoP catalyst ink,CoP,2D Sheet
paper_5|output_5|chem_CoP_powder,CoP powder,CoP,2D Sheet
paper_5|output_5|chem_Ti_fiber,Ti fiber felt,Ti,2D Sheet; Porous Network
paper_600|output_600|chem_Ir_poly,polycrystalline Ir,Ir,Crystalline
paper_600|output_600|chem_Pt_100,Pt(100),Pt,Crystalline
paper_600|output_600|chem_Pt_110,Pt(110),Pt,Crystalline
paper_600|output_600|chem_Pt_111,Pt(111),Pt,Crystalline
paper_601|output_601|chem_Ni(OH)2_Pt-islands_Pt(110),Ni(OH)₂/Pt-islands/Pt(110),Ni(OH)₂/Pt,Particle/Cluster; Rough/Wrinkled
paper_601|output_601|chem_Ni(OH)2_Pt-islands_Pt(111),Ni(OH)₂/Pt-islands/Pt(111),Ni(OH)₂/Pt,Particle/Cluster; Rough/Wrinkled
paper_601|output_601|chem_Pt(110),Pt(110),Pt,Crystalline; Film/Coating
paper_601|output_601|chem_Pt(111),Pt(111),Pt,Crystalline; Film/Coating
paper_601|output_601|chem_Pt-islands_Pt(111),Pt-islands/Pt(111),Pt,Crystalline; Film/Coating
paper_602|output_602|chem_Fe2O3_CN,Fe2O3@CN,Fe2O3@CN,Particle/Cluster
paper_602|output_602|chem_FeCo_CNT,FeCo alloy NPs in N-doped carbon nanotubes,FeCo@NCNT,1D Wire/Rod/Tube
paper_602|output_602|chem_FeSe2_GO,FeSe2 nanorods on graphene oxide,FeSe2/GO,1D Wire/Rod/Tube
paper_603|output_603|chem_S2_2-_doped_TiO2_nanotubes,S₂²⁻-doped TiO₂ nanotubes,S₂²⁻:TiO₂,1D Wire/Rod/Tube; Crystalline; Generic Nanostructure; Particle/Cluster
paper_603|output_603|chem_TiO2_nanotubes,TiO₂ nanotubes,TiO₂,1D Wire/Rod/Tube
paper_604|output_604|chem_NiO_TNTAs_15C,NiO@TNTAs,NiO@TiO2,1D Wire/Rod/Tube; 2D Sheet; Array/Aligned; Film/Coating; Generic Nanostructure; Particle/Cluster
paper_604|output_604|chem_TiO2_TNTAs,TiO2 nanotube arrays (TNTAs),TiO2,1D Wire/Rod/Tube; 2D Sheet; Array/Aligned; Generic Nanostructure; Particle/Cluster
paper_605|output_605|chem_NiFeRh_LDH,NiFeRh-LDH,,2D Sheet; Porous Network
paper_605|output_605|chem_NiFe_LDH,NiFe-LDH,,2D Sheet; Generic Nanostructure; Particle/Cluster; Porous Network
paper_606|output_606|chem_7075_3_passes_DG,3-passes-DG sample,7075 Al alloy (3 USRP passes),Particle/Cluster; Rough/Wrinkled
paper_606|output_606|chem_7075_7_passes_NG,7-passes-NG sample,7075 Al alloy (7 USRP passes),Particle/Cluster; Rough/Wrinkled
paper_606|output_606|chem_7075_T6_Al_alloy,7075-T6 Al alloy,Al-Zn-Mg-Cu,Particle/Cluster
paper_609|output_609|chem_ti50al48mo2_152K,Ti50Al48Mo2 alloy,Ti50Al48Mo2,2D Sheet; Flower/Urchin/Dendrite; Generic Nanostructure; Particle/Cluster; Rough/Wrinkled
paper_609|output_609|chem_ti50al48mo2_253K,Ti50Al48Mo2 alloy,Ti50Al48Mo2,2D Sheet; Flower/Urchin/Dendrite; Generic Nanostructure; Particle/Cluster; Rough/Wrinkled
paper_609|output_609|chem_ti50al48mo2_50K,Ti50Al48Mo2 alloy,Ti50Al48Mo2,2D Sheet; Flower/Urchin/Dendrite; Generic Nanostructure; Particle/Cluster; Rough/Wrinkled
paper_60|output_60|chem_Al2O3_HEO,Al2O3@HEO,,Particle/Cluster
paper_60|output_60|chem_CP_Ga2O3_HEO,CP/Ga2O3@HEO,Mn0.65Fe0.59Co0.83Ni0.48Zn0.45O4,Amorphous; Crystalline; Film/Coating; Hollow/Core-Shell; Particle/Cluster; Rough/Wrinkled
paper_60|output_60|chem_CuO_HEO,CuO@HEO,,Particle/Cluster
paper_60|output_60|chem_TiO2_HEO,TiO2@HEO,,Particle/Cluster
paper_610|output_610|chem_CuNi_CF,CuNi@CF,CuNi@CF,2D Sheet; Flower/Urchin/Dendrite; Generic Nanostructure; Hierarchical; Particle/Cluster; Porous Network; Rough/Wrinkled
paper_610|output_610|chem_Cu_CF,Cu@CF,Cu@CF,Porous Network
paper_610|output_610|chem_Ni_CF,Ni@CF,Ni@CF,Porous Network
paper_610|output_610|chem_Pt_C_CF,Pt/C@CF,Pt/C@CF,Film/Coating; Porous Network
paper_613|output_613|chem_10_st_bm,10-ST/BM,SrTiO3/Bi2MoO6,Crystalline; Particle/Cluster; Porous Network
paper_613|output_613|chem_30_st_bm,30-ST/BM,SrTiO3/Bi2MoO6,Crystalline; Particle/Cluster; Porous Network
paper_613|output_613|chem_50_st_bm,50-ST/BM,SrTiO3/Bi2MoO6,Crystalline; Particle/Cluster; Porous Network
paper_613|output_613|chem_70_st_bm,70-ST/BM,SrTiO3/Bi2MoO6,Crystalline; Particle/Cluster; Porous Network
paper_613|output_613|chem_90_st_bm,90-ST/BM,SrTiO3/Bi2MoO6,Crystalline; Particle/Cluster; Porous Network
paper_613|output_613|chem_bi2moo6,Bi2MoO6,Bi2MoO6,Crystalline; Generic Nanostructure; Particle/Cluster; Porous Network; Rough/Wrinkled
paper_613|output_613|chem_srtiO3,SrTiO3,SrTiO3,Crystalline; Faceted Polyhedron; Generic Nanostructure; Particle/Cluster; Porous Network; Rough/Wrinkled
paper_614|output_614|chem_NiFe_LDH_Pre,NiFe LDH-Pre,NaNi_{0.75}Fe_{0.25}O_2,2D Sheet; Particle/Cluster
paper_614|output_614|chem_NiFe_LDH_Top,NiFe LDH-Top,[Ni_{0.75}Fe_{0.25}(OH)_2]·(CO_3)_{0.125}·0.25H_2O,2D Sheet; Particle/Cluster
paper_614|output_614|chem_NiFe_LDH_Top_Cl,NiFe LDH-Top@Cl,[Ni_{0.75}Fe_{0.25}(OH)_2]·(CO_3)_{0.125}·0.25H_2O with Cl^- intercalation,2D Sheet; Film/Coating; Particle/Cluster
paper_616|output_616|chem_pt_vg_ar_0,Pt/VG Ar-0,,Array/Aligned; Particle/Cluster
paper_616|output_616|chem_pt_vg_ar_5,Pt/VG Ar-5,,2D Sheet; Array/Aligned; Faceted Polyhedron
paper_61|output_61|chem_Fe1ppm_Ni_SAs_GNM,Fe1ppm-Ni-SAs@GNM,,2D Sheet; Particle/Cluster; Porous Network
paper_620|output_620|chem_NiFeOx_NF,NiFeOx/NF,NiFeO_x on nickel foam,Porous Network
paper_621|output_621|chem_Pd_C,Pd/C,Pd/C,2D Sheet; Faceted Polyhedron; Particle/Cluster
paper_621|output_621|chem_Pd_NS_3ML,Pd nanosheets,Pd,2D Sheet; Particle/Cluster
paper_621|output_621|chem_Pd_NS_5ML,Pd nanosheets,Pd,2D Sheet; Particle/Cluster
paper_621|output_621|chem_Pd_NS_8ML,Pd nanosheets,Pd,2D Sheet; Particle/Cluster
paper_622|output_622|chem_Fe_NiOH_Ni,Fe-doped Ni(OH)₂ electrode (FeeNieOH/Ni),Fe:Ni(OH)₂/Ni,2D Sheet; Porous Network
paper_622|output_622|chem_NiOH_Ni,Ni(OH)₂/Ni,Ni(OH)₂/Ni,2D Sheet; Porous Network
paper_622|output_622|chem_bare_Ni_foam,bare Ni foam,Ni,1D Wire/Rod/Tube; Generic Nanostructure; Particle/Cluster; Porous Network; Rough/Wrinkled
paper_624|output_624|chem_Ho-GO,Ho-GO,,Film/Coating; Generic Nanostructure; Hierarchical; Porous Network
paper_624|output_624|chem_Ho-GO-BD,Ho-GO-BD,,Film/Coating; Generic Nanostructure; Hierarchical; Porous Network
paper_624|output_624|chem_Hu-GO,Hu-GO,,Film/Coating; Generic Nanostructure; Hierarchical; Porous Network
paper_624|output_624|chem_Hu-GO-BD,Hu-GO-BD,,Film/Coating; Generic Nanostructure; Hierarchical; Porous Network
paper_626|output_626|chem_IrNi_FeNi3_NF,IrNi-FeNi₃/NF,,Crystalline; Generic Nanostructure; Particle/Cluster; Porous Network
paper_629|output_629|chem_LiCoO1.9Cl0.1,LiCoO1.9Cl0.1,LiCoO1.9Cl0.1,2D Sheet; Faceted Polyhedron
paper_629|output_629|chem_LiCoO2,LiCoO2,LiCoO2,2D Sheet; Crystalline
paper_62|output_62|chem_Pt_C_cage_mixture,Pt/C + pure cage,,Hollow/Core-Shell
paper_62|output_62|chem_Pt_cage,Pt/cage,,Hollow/Core-Shell; Particle/Cluster
"paper_631|output_631|chem_Co-N,P-HCS","Co-N,P-HCS",,Faceted Polyhedron; Generic Nanostructure; Hierarchical; Hollow/Core-Shell; Particle/Cluster; Porous Network
paper_632|output_632|chem_NiFe(OH)x_Ni,NiFe(OH)_x/Ni,NiFe(OH)_x/Ni,2D Sheet
paper_632|output_632|chem_NiFe(OH)x_Ni3S2_Ni,NiFe(OH)_x / Ni_3S_2 / Ni,NiFe(OH)_x/Ni_3S_2/Ni,Porous Network
paper_632|output_632|chem_Ni_mesh,Ni mesh,Ni,Porous Network
paper_633|output_633|chem_NiPS_NF,NiPS/NF,Ni₂P/NiS₂,2D Sheet; Generic Nanostructure; Particle/Cluster; Porous Network; Rough/Wrinkled
paper_633|output_633|chem_NiP_NF,NiP/NF,Ni₂P,2D Sheet; Generic Nanostructure; Particle/Cluster; Porous Network; Rough/Wrinkled
paper_633|output_633|chem_NiS_NF,NiS/NF,NiS₂,Porous Network
paper_634|output_634|chem_Co-ALMO@NF,Co-ALMO@NF,Co-doped NH4La(MoO4)2,Generic Nanostructure; Hierarchical; Particle/Cluster; Porous Network
paper_636|output_636|chem_PtIrCuNiCr,PtIrCuNiCr,PtIrCuNiCr,2D Sheet; Crystalline; Faceted Polyhedron; Generic Nanostructure; Hollow/Core-Shell; Particle/Cluster
paper_637|output_637|chem_NiCe_H_NM,NiCe_H/NM,,Film/Coating; Particle/Cluster
paper_637|output_637|chem_NiCe_L_NM,NiCe_L/NM,,Film/Coating
paper_637|output_637|chem_NiCe_M_NM,NiCe_M/NM,,Film/Coating
paper_637|output_637|chem_Ni_NM,Ni/NM,,Film/Coating
paper_639|output_639|chem_NiFe_C2O4_LDH_NF,NiFe-C₂O₄²⁻ LDH/NF,NiFe-C₂O₄-LDH/NF,1D Wire/Rod/Tube; 2D Sheet; Generic Nanostructure; Porous Network
paper_639|output_639|chem_NiFe_LDH_NF,NiFe LDH/NF,NiFe-LDH/NF,1D Wire/Rod/Tube; 2D Sheet; Flower/Urchin/Dendrite; Generic Nanostructure; Porous Network
paper_639|output_639|chem_RuO2_NF,RuO₂/NF,RuO₂/NF,2D Sheet; Porous Network
paper_63|output_63|chem_2D_MOFNDs,2D MOFNDs,,2D Sheet; Particle/Cluster; Porous Network
paper_63|output_63|chem_CoN4_SAC_Mm,CoN4-SAC_Mm,CoN4,Porous Network
paper_63|output_63|chem_CoP4_SSC,CoP4-SSC,CoP4,2D Sheet; Particle/Cluster; Porous Network
paper_640|output_640|chem_IrO2_NF,IrO₂/NF,IrO₂/NF,Film/Coating; Porous Network
paper_640|output_640|chem_Ni0_NiFe_LDH_NF,Ni₀@NiFe-LDH/NF,Ni₀@NiFe-LDH/NF,2D Sheet; Generic Nanostructure; Particle/Cluster; Porous Network; Rough/Wrinkled
paper_640|output_640|chem_Ni3_NiFe_LDH_NF,Ni₃@NiFe-LDH/NF,Ni₃@NiFe-LDH/NF,2D Sheet; Generic Nanostructure; Particle/Cluster; Porous Network; Rough/Wrinkled
paper_640|output_640|chem_Ni9_NiFe_LDH_NF,Ni₉@NiFe-LDH/NF,Ni₉@NiFe-LDH/NF,2D Sheet; Generic Nanostructure; Particle/Cluster; Porous Network; Rough/Wrinkled
paper_641|output_641|chem_Co3O4,Co₃O₄,Co₃O₄,Faceted Polyhedron
paper_641|output_641|chem_W_Co3O4,W-Co₃O₄,W-Co₃O₄,Faceted Polyhedron
paper_642|output_642|chem_GS0,GS0,,Film/Coating; Particle/Cluster
paper_642|output_642|chem_GS100,GS100,,Film/Coating; Particle/Cluster
paper_642|output_642|chem_GS50,GS50,,Film/Coating; Particle/Cluster
paper_643|output_643|chem_NiCo2S4,NiCo2S4,NiCo₂S₄,1D Wire/Rod/Tube; Faceted Polyhedron; Particle/Cluster
paper_643|output_643|chem_a_NiCo2_S0.84_Se0.16_4,a-NiCo₂(S₀.₈₄Se₀.₁₆)₄,NiCo₂(S₀.₈₄Se₀.₁₆)₄,1D Wire/Rod/Tube; Faceted Polyhedron; Particle/Cluster
paper_644|output_644|chem_NiFeCu_0,NiFeCu-0,,Porous Network
paper_644|output_644|chem_NiFeCu_0.25,NiFeCu-0.25,,Porous Network
paper_644|output_644|chem_NiFeCu_0.5,NiFeCu-0.5,,Crystalline; Porous Network
paper_647|output_647|chem_NiFe_CO3_LDH,NiFe-CO₃-LDH,,2D Sheet
paper_647|output_647|chem_NiFe_NO3_LDH,NiFe-NO₃-LDH,,2D Sheet
paper_648|output_648|chem_NiFe2O4_NF,NiFe₂O₄/NF,NiFe₂O₄/NF,2D Sheet
paper_648|output_648|chem_NiFe2O4_NiFe_LDH_NF,NiFe₂O₄ nanoparticles/NiFe LDH nanosheet heterostructure array on Ni foam,NiFe₂O₄/NiFe LDH/NF,2D Sheet; Array/Aligned; Particle/Cluster; Porous Network
paper_648|output_648|chem_NiFe_LDH_NF,NiFe LDH/NF,NiFe LDH/NF,2D Sheet; Porous Network
paper_649|output_649|chem_Fe78Si9B13_UV5000J,UV-5000J,Fe78Si9B13,Amorphous; Generic Nanostructure; Particle/Cluster; Porous Network
paper_649|output_649|chem_Fe78Si9B13_UV500J,UV-500J,Fe78Si9B13,Amorphous; Generic Nanostructure; Particle/Cluster; Porous Network
paper_649|output_649|chem_Fe78Si9B13_UV50J,UV-50J,Fe78Si9B13,Amorphous; Generic Nanostructure; Particle/Cluster; Porous Network
paper_649|output_649|chem_Fe78Si9B13_ribbon,Fe78Si9B13 amorphous alloy,Fe78Si9B13,Amorphous; Generic Nanostructure; Particle/Cluster; Porous Network
paper_64|output_64|chem_CeNiFe_CuO,Ce-decorated NiFe LDH nanosheets array anchored on vertically aligned CuO nanowire,,1D Wire/Rod/Tube; 2D Sheet; Array/Aligned; Film/Coating; Generic Nanostructure; Hollow/Core-Shell; Porous Network; Rough/Wrinkled
paper_64|output_64|chem_CeNiFe_CuO_F,CeNiFe LDH on flat copper foil,,Porous Network
paper_64|output_64|chem_CeNiFe_NF,CeNiFe LDH on nickel foam,,Porous Network
paper_64|output_64|chem_NiFe_CuO,NiFe LDH nanosheets on CuO nanowire,,1D Wire/Rod/Tube; 2D Sheet; Array/Aligned; Hollow/Core-Shell; Porous Network
paper_650|output_650|chem_Cu_NAs,Cu NAs,Cu,1D Wire/Rod/Tube; 2D Sheet; Array/Aligned; Porous Network
paper_650|output_650|chem_Cu_S_NSs,Cu-S NSs,Cu-S,1D Wire/Rod/Tube; 2D Sheet; Array/Aligned; Particle/Cluster; Porous Network
paper_650|output_650|chem_Cu_S_add_NAs,Cu-S_add NAs,,1D Wire/Rod/Tube; Array/Aligned; Porous Network
paper_651|output_651|chem_NiFe_CO3_LDH,NiFe-(CO32-)-LDHs,NiFe-(CO3)2--LDH,2D Sheet; Generic Nanostructure
paper_651|output_651|chem_NiFe_CrC2O4_LDH,NiFe-[Cr(C2O4)3]3--LDHs,NiFe-[Cr(C2O4)3]3--LDH,2D Sheet
paper_654|output_654|chem_Ni-Fe-P_nanocages,Ni-Fe-P nanocages,(Ni_x Fe_{1-x})_2P,Crystalline; Generic Nanostructure; Particle/Cluster
paper_657|output_657|chem_Ni2P,Ni₂P,Ni₂P,Particle/Cluster
paper_657|output_657|chem_Ni2P_FeOOH_200,Ni₂P/Fe(O)OH-200,Ni₂P/Fe(O)OH,Generic Nanostructure; Particle/Cluster; Rough/Wrinkled
paper_657|output_657|chem_Ni2P_FeOOH_40,Ni₂P/Fe(O)OH-40,Ni₂P/Fe(O)OH,Generic Nanostructure; Particle/Cluster; Rough/Wrinkled
paper_657|output_657|chem_Ni2P_FeOOH_5,Ni₂P/Fe(O)OH-5,Ni₂P/Fe(O)OH,Generic Nanostructure; Particle/Cluster; Rough/Wrinkled
paper_658|output_658|chem_ni_mo_o2_nf_ih,Ni-MoO2/NF-IH,Ni-MoO2/NF,Porous Network
paper_658|output_658|chem_nife_ldh_nf_ih,NiFe LDH/NF-IH,,2D Sheet; Porous Network
paper_658|output_658|chem_nimo_o4_nf_ih,NiMoO4/NF-IH,,1D Wire/Rod/Tube; 2D Sheet; Generic Nanostructure; Hierarchical; Particle/Cluster; Porous Network; Rough/Wrinkled
paper_658|output_658|chem_ruo2_nf,RuO2/NF,,Porous Network
paper_659|output_659|chem_fe3o4_if,Fe3O4/IF,Fe₃O₄/IF,Generic Nanostructure; Particle/Cluster; Porous Network
paper_659|output_659|chem_ni_fe3o4_if,Ni/Fe3O4/IF,Ni/Fe₃O₄/IF,Particle/Cluster; Porous Network
paper_65|output_65|chem_Ce_NiFe_NF,Ce-NiFe on Ni foam,,Porous Network
paper_65|output_65|chem_Eu_NiFe,Eu-doped NiFe,,Amorphous; Particle/Cluster; Porous Network; Rough/Wrinkled
paper_65|output_65|chem_NiFe_hydroxide,NiFe hydroxide,,Amorphous; Particle/Cluster; Porous Network; Rough/Wrinkled
paper_65|output_65|chem_amorphous_Ce_NiFe,amorphous Ce-doped NiFe hydroxide,,Amorphous; Particle/Cluster; Porous Network; Rough/Wrinkled
paper_65|output_65|chem_crystallized_Ce_NiFe,crystallized Ce-NiFe,,Crystalline; Porous Network
paper_65|output_65|chem_nanocrystalline_Ce_NiFe,nanocrystalline Ce-NiFe,,Amorphous; Particle/Cluster; Porous Network; Rough/Wrinkled
paper_662|output_662|chem_FCC_CNOs,FCC@CNOs,Co-doped Fe3C@CNOs,Faceted Polyhedron; Generic Nanostructure; Particle/Cluster; Porous Network
paper_662|output_662|chem_FMC_CNOs,FMC@CNOs,Mn-doped Fe3C@CNOs,Faceted Polyhedron
paper_662|output_662|chem_FNC_CNOs,FNC@CNOs,Ni-doped Fe3C@CNOs,Faceted Polyhedron
paper_662|output_662|chem_Fe3C_CNOs,Fe3C@CNOs,Fe3C@CNOs,Faceted Polyhedron; Porous Network
paper_664|output_664|chem_Fe-NiO_Ni2P,Fe-NiO/Ni2P,Fe-NiO/Ni2P,1D Wire/Rod/Tube; Generic Nanostructure; Particle/Cluster; Porous Network
paper_664|output_664|chem_Ni2P,Ni2P,Ni2P,1D Wire/Rod/Tube; Generic Nanostructure; Particle/Cluster; Porous Network
paper_664|output_664|chem_NiO,NiO,NiO,1D Wire/Rod/Tube; Generic Nanostructure; Particle/Cluster; Porous Network
paper_664|output_664|chem_NiO_Ni2P,NiO/Ni2P,NiO/Ni2P,1D Wire/Rod/Tube; Generic Nanostructure; Particle/Cluster; Porous Network
paper_665|output_665|chem_Co_NPs_CNT,Co NPs@CNT,,1D Wire/Rod/Tube
paper_666|output_666|chem_MoS2_Ni3S2_NW_NF,MoS₂/Ni₃S₂ NW-NF,MoS₂/Ni₃S₂,1D Wire/Rod/Tube; 2D Sheet; Porous Network
paper_666|output_666|chem_Pt_C_NF,Pt/C-NF,,2D Sheet
paper_667|output_667|chem_NieMoeN,NieMoeN,,Particle/Cluster
paper_667|output_667|chem_NieMoeN_NG,NieMoeN/NG,,Generic Nanostructure; Particle/Cluster
paper_667|output_667|chem_NieMoeO_G,NieMoeO/G,,Particle/Cluster
paper_668|output_668|chem_NiFe_LDH_NO3,NiFe-LDH (NO3-),NiFe-LDH(NO3-),2D Sheet
paper_668|output_668|chem_NiFe_LDH_POM,NiFe-LDH (POM),NiFe-LDH(PW12O403-),2D Sheet
paper_669|output_669|chem_CNTs,CNTs,CNTs,1D Wire/Rod/Tube
paper_669|output_669|chem_NiSe,NiSe,NiSe,Particle/Cluster
paper_669|output_669|chem_NiSe_CNTs,NiSe@CNTs,NiSe@CNTs,1D Wire/Rod/Tube; Film/Coating; Hollow/Core-Shell; Particle/Cluster; Porous Network
paper_66|output_66|chem_Eu2O3_NiCo,Eu2O3-NiCo,Eu2O3-NiCo,1D Wire/Rod/Tube; Crystalline; Hollow/Core-Shell
paper_671|output_671|chem_NiFe_LDH_IF_Cl,Ni-Fe LDH/IF (Cl⁻),Ni-Fe LDH,1D Wire/Rod/Tube; 2D Sheet; Generic Nanostructure; Porous Network
paper_671|output_671|chem_NiFe_LDH_IF_NO3,Ni-Fe LDH/IF (NO₃⁻),Ni-Fe LDH,1D Wire/Rod/Tube; 2D Sheet; Generic Nanostructure; Porous Network
paper_671|output_671|chem_NiFe_LDH_IF_SO4,Ni-Fe LDH/IF (SO₄²⁻),Ni-Fe LDH,1D Wire/Rod/Tube; 2D Sheet; Generic Nanostructure; Porous Network
paper_671|output_671|chem_iron_foam,iron foam,Fe,Porous Network
paper_672|output_672|chem_Co_CNFs_1000,Co/CNFs (1000),,1D Wire/Rod/Tube; Porous Network
paper_674|output_674|chem_Pt1_CF,Pt1/CF,Pt1/CoFe2O4,Generic Nanostructure
paper_676|output_676|chem_Cu_WC,Cu@WC,Cu@WC,1D Wire/Rod/Tube; Particle/Cluster; Porous Network
paper_678|output_678|chem_Ni-P_NF,Ni-P/NF,,2D Sheet; Generic Nanostructure; Particle/Cluster; Porous Network; Rough/Wrinkled
paper_678|output_678|chem_NiFe-P_NF,NiFe-P/NF,,1D Wire/Rod/Tube; Generic Nanostructure; Particle/Cluster; Porous Network; Rough/Wrinkled
paper_678|output_678|chem_NiFe_NF,NiFe/NF,,2D Sheet; Generic Nanostructure; Particle/Cluster; Porous Network; Rough/Wrinkled
paper_679|output_679|chem_PGM_free_catalyst,PGM-free catalyst,,Porous Network
paper_67|output_67|chem_CeOx_film,CeOx film,CeOx,Amorphous; Film/Coating; Generic Nanostructure; Particle/Cluster; Porous Network; Rough/Wrinkled
paper_67|output_67|chem_Ni_CeOx_0.1A,Ni/CeOx (0.1 A),Ni/CeOx,Film/Coating; Generic Nanostructure; Particle/Cluster; Porous Network; Rough/Wrinkled
paper_67|output_67|chem_Ni_CeOx_0.5A,Ni/CeOx (0.5 A),Ni/CeOx,Film/Coating; Generic Nanostructure; Particle/Cluster; Porous Network; Rough/Wrinkled
paper_67|output_67|chem_Ni_CeOx_1A,Ni/CeOx (1 A),Ni/CeOx,Film/Coating; Generic Nanostructure; Particle/Cluster; Porous Network; Rough/Wrinkled
paper_67|output_67|chem_Ni_CeOx_2A,Ni/CeOx (2 A),Ni/CeOx,Film/Coating; Generic Nanostructure; Particle/Cluster; Porous Network; Rough/Wrinkled
paper_67|output_67|chem_Ni_CeOx_3A,Ni/CeOx (3 A),Ni/CeOx,Film/Coating; Generic Nanostructure; Particle/Cluster; Porous Network; Rough/Wrinkled
paper_67|output_67|chem_Ni_Fe_Zn,Ni-Fe-Zn,Ni-Fe-Zn,Film/Coating
paper_67|output_67|chem_Ni_foil,Ni film,Ni,Faceted Polyhedron; Film/Coating; Generic Nanostructure; Particle/Cluster; Porous Network; Rough/Wrinkled
paper_680|output_680|chem_pt2cocu,Pt₂CoCu,Pt₂CoCu,Particle/Cluster
paper_680|output_680|chem_pt2coni,Pt₂CoNi,Pt₂CoNi,Particle/Cluster
paper_683|output_683|chem_Ni_Nb2O5,Ni/Nb₂O₅ composite,Ni/Nb₂O₅,Rough/Wrinkled
paper_684|output_684|chem_Gr_Zn,Gr@Zn,,Film/Coating; Particle/Cluster
paper_684|output_684|chem_SP_Zn,SP@Zn,,Film/Coating
paper_684|output_684|chem_Zn_101,Zn(101),,2D Sheet; Film/Coating; Flower/Urchin/Dendrite; Generic Nanostructure; Particle/Cluster; Porous Network
paper_684|output_684|chem_nano_SiO2_Zn,nano-SiO2@Zn,,Film/Coating; Particle/Cluster; Porous Network
paper_684|output_684|chem_sand_Zn,sand@Zn,,Film/Coating; Particle/Cluster
paper_686|output_686|chem_Ru_Co_NPs_N_C,Ru@Co-NPs/N-C,,Particle/Cluster
paper_686|output_686|chem_Ru_Co_NPs_N_C_one_step,Ru-Co NPs@N-C,,Particle/Cluster
paper_686|output_686|chem_Ru_Co_SAs_N_C,Ru@Co-SAs/N-C,,Generic Nanostructure; Particle/Cluster
paper_686|output_686|chem_Ru_N_C,Ru@N-C,,Particle/Cluster
paper_687|output_687|chem_coch,CoCH,Co(CO3)0.5(OH)·0.11H2O,1D Wire/Rod/Tube; Generic Nanostructure; Porous Network
paper_687|output_687|chem_tio2_coch,TiO2@CoCH,TiO2@CoCH,1D Wire/Rod/Tube; Film/Coating; Generic Nanostructure; Hollow/Core-Shell; Porous Network
paper_687|output_687|chem_tio2_coch_a,TiO2@CoCH(A),TiO2@CoCH(A),1D Wire/Rod/Tube; Generic Nanostructure; Particle/Cluster; Porous Network
paper_688|output_688|chem_CoP,CoP,CoP,2D Sheet; Faceted Polyhedron; Flower/Urchin/Dendrite; Generic Nanostructure; Hollow/Core-Shell; Particle/Cluster; Porous Network; Rough/Wrinkled
paper_688|output_688|chem_Fe-CoP_nanoFC,Fe–CoP nanoFC,Fe2P/CoP,Flower/Urchin/Dendrite; Generic Nanostructure; Hollow/Core-Shell; Particle/Cluster; Porous Network
paper_688|output_688|chem_Fe2P,Fe₂P,Fe₂P,2D Sheet; Faceted Polyhedron; Generic Nanostructure; Particle/Cluster; Porous Network
paper_68|output_68|chem_Ni4Mo,Ni4Mo alloy,,2D Sheet; Amorphous; Particle/Cluster; Porous Network
paper_68|output_68|chem_NiFe_LDH,NiFe layered double hydroxide,,2D Sheet; Amorphous; Particle/Cluster; Porous Network
paper_68|output_68|chem_NiFe_LDH_Ni4Mo,NiFe layered double hydroxide/Ni4Mo alloy heterojunction,,2D Sheet; Amorphous; Hierarchical; Particle/Cluster; Porous Network
paper_692|output_692|chem_IrO2_TNO_H600,IrO2/TNO-Hx (x=600),IrO2/TNO-Hx,Particle/Cluster
paper_692|output_692|chem_IrO2_TNO_H750,IrO2/TNO-Hx (x=750),IrO2/TNO-Hx,Particle/Cluster
paper_692|output_692|chem_IrO2_TNO_H900,IrO2/TNO-Hx (x=900),IrO2/TNO-Hx,Particle/Cluster
paper_692|output_692|chem_IrO2_TaB2,IrO2@TaB2,IrO2@TaB2,1D Wire/Rod/Tube; 2D Sheet; Hollow/Core-Shell; Particle/Cluster; Porous Network
paper_693|output_693|chem_MoOx_MoS2,MoOx/MoS2,MoO_x/MoS_2,Porous Network
paper_693|output_693|chem_NiMoOx_NiMoS,NiMoOx/NiMoS,NiMoO_x/NiMoS,1D Wire/Rod/Tube; 2D Sheet; Array/Aligned; Generic Nanostructure; Hierarchical; Porous Network
paper_693|output_693|chem_NiMoS,NiMoS,NiMoS,1D Wire/Rod/Tube; 2D Sheet; Array/Aligned; Porous Network
paper_693|output_693|chem_NiOx_Ni3S2,NiOx/Ni3S2,NiO_x/Ni_3S_2,1D Wire/Rod/Tube; 2D Sheet; Array/Aligned; Porous Network
paper_694|output_694|chem_NiFe_LDH,NiFe LDH,,1D Wire/Rod/Tube; 2D Sheet; Hierarchical; Hollow/Core-Shell; Porous Network
paper_694|output_694|chem_NiMoN,NiMoN,Ni0.2Mo0.8N,2D Sheet; Hierarchical; Hollow/Core-Shell; Porous Network
paper_694|output_694|chem_NiMoN_NiFe_LDH,as-activated NiMoN/NiFe LDH,Ni0.2Mo0.8N/NiFe LDH,1D Wire/Rod/Tube; 2D Sheet; Generic Nanostructure; Rough/Wrinkled
paper_694|output_694|chem_NiMoO4,NiMoO4,NiMoO4·H2O,Porous Network
paper_695|output_695|chem_Ni0.5Fe0.5_LDH_NF,Ni0.5Fe0.5-LDH@NF,,1D Wire/Rod/Tube; 2D Sheet; Particle/Cluster; Porous Network
paper_695|output_695|chem_Ni0.7Fe0.3_LDH_NF,Ni0.7Fe0.3-LDH@NF,,2D Sheet; Amorphous; Particle/Cluster; Porous Network
paper_696|output_696|chem_Pt_PCM,Pt@PCM,Pt@PCM,Film/Coating; Generic Nanostructure; Hollow/Core-Shell; Particle/Cluster; Porous Network
paper_697|output_697|chem_NiCo2O4,NiCo₂O₄,NiCo₂O₄,Particle/Cluster; Porous Network
paper_698|output_698|chem_FeCr15Ni15,FeCr15Ni15 single crystal,FeCr15Ni15,Crystalline; Film/Coating
paper_69|output_69|chem_CoMoP_NF,CoMo-P/NF,,2D Sheet; Amorphous; Crystalline; Generic Nanostructure; Porous Network
paper_69|output_69|chem_NiFe_LDH_CoMoP_NF,NiFe-LDH@CoMo-P/NF,NiFe-LDH@CoMo-P,2D Sheet; Generic Nanostructure; Hollow/Core-Shell; Porous Network
paper_69|output_69|chem_NiFe_LDH_NF,NiFe-LDH/NF,,2D Sheet; Amorphous; Crystalline; Generic Nanostructure; Porous Network
paper_69|output_69|chem_RuO2_NF,RuO2/NF,,Film/Coating; Porous Network
paper_6|output_6|chem_NiMoO4,NiMoO4,NiMoO4,1D Wire/Rod/Tube; Amorphous; Array/Aligned; Crystalline; Faceted Polyhedron; Particle/Cluster; Porous Network
paper_6|output_6|chem_NiMoO4_NiSe2,NiMoO4@NiSe2,NiMoO4@NiSe2,Hollow/Core-Shell; Porous Network
paper_6|output_6|chem_NiMoO4_NiSe2_PA,NiMoO4@NiSe2-PA,NiMoO4@NiSe2-PA,1D Wire/Rod/Tube; 2D Sheet; Amorphous; Array/Aligned; Hierarchical; Hollow/Core-Shell; Particle/Cluster; Porous Network
paper_6|output_6|chem_NiSe2,NiSe2,NiSe2,1D Wire/Rod/Tube; Amorphous; Array/Aligned; Crystalline; Particle/Cluster; Porous Network
paper_700|output_700|chem_Ni3Fe_FeV2O4_C_NF,(Ni₃Fe-FeV₂O₄)@C/NF,Ni₃Fe-FeV₂O₄@C/NF,Porous Network
paper_701|output_701|chem_2APSC_NF,2-APSC/NF,,1D Wire/Rod/Tube; 2D Sheet; Faceted Polyhedron; Generic Nanostructure; Porous Network
paper_701|output_701|chem_ALPSC_NF,ALPSC/NF,,1D Wire/Rod/Tube; Generic Nanostructure; Particle/Cluster; Porous Network
paper_701|output_701|chem_ASPSC_NF,ASPSC/NF,,1D Wire/Rod/Tube; Generic Nanostructure; Porous Network
paper_701|output_701|chem_NIPSC_NF,NIPSC/NF,,1D Wire/Rod/Tube; Porous Network
paper_701|output_701|chem_TEPSC_NF,TEPSC/NF,,1D Wire/Rod/Tube; Porous Network
paper_702|output_702|chem_cofe_ldh,Co/Fe LDH,,Flower/Urchin/Dendrite; Particle/Cluster
paper_702|output_702|chem_pt_cofe_ldh,Pt-Co/Fe LDH,,1D Wire/Rod/Tube; 2D Sheet; Flower/Urchin/Dendrite; Generic Nanostructure; Hierarchical; Particle/Cluster; Porous Network
paper_703|output_703|chem_Fe_NiO_NiS2,Fe-NiO/NiS₂,Fe-NiO/NiS₂,1D Wire/Rod/Tube; Generic Nanostructure; Particle/Cluster; Porous Network
paper_703|output_703|chem_NiO_NiS2,NiO/NiS₂,NiO/NiS₂,1D Wire/Rod/Tube; Porous Network
paper_703|output_703|chem_NiS2,NiS₂,NiS₂,Generic Nanostructure; Particle/Cluster
paper_705|output_705|chem_Ni,Ni,Ni,2D Sheet
paper_705|output_705|chem_NiFe_LDH,NiFe-LDH,NiFe-LDH,2D Sheet
paper_705|output_705|chem_NiFe_alloy,NiFe alloy,NiFe,2D Sheet; Generic Nanostructure; Particle/Cluster
paper_705|output_705|chem_NiOH2,Ni(OH)₂,Ni(OH)₂,2D Sheet
paper_709|output_709|chem_FeCoNiMnCu_HEA,FeCoNiMnCu HEA,FeCoNiMnCu,Particle/Cluster
paper_709|output_709|chem_FeCoNiMnOOH_NF,FeCoNiMnOOH/NF,FeCoNiMnOOH,Porous Network
paper_709|output_709|chem_NiMoPSO_NCAs_NF,NiMoPSO NCAs/NF,NiMoPSO,Porous Network
paper_70|output_70|chem_NiFe_LDH,NiFe LDH,,2D Sheet
paper_70|output_70|chem_NiMo_SSM,NiMo on stainless-steel mesh,,2D Sheet
paper_711|output_711|chem_NFA1000_ac,NFA1000-ac,Ni7Fe3 alloy,1D Wire/Rod/Tube; Crystalline; Generic Nanostructure; Particle/Cluster; Porous Network
paper_711|output_711|chem_NFA800_ac,NFA800-ac,Ni7Fe3 alloy,1D Wire/Rod/Tube; Crystalline; Generic Nanostructure; Particle/Cluster; Porous Network
paper_711|output_711|chem_NFA900_ac,NFA900-ac,Ni7Fe3 alloy,1D Wire/Rod/Tube; Crystalline; Generic Nanostructure; Particle/Cluster; Porous Network
paper_715|output_715|chem_ni_foam_cmo_350,Ni foam/CMO-350,β-CoMoO4,Porous Network
paper_715|output_715|chem_ni_foam_cmp_300,Ni foam/CMP-300,CoMoO4·xH2O (P-doped),Porous Network
paper_715|output_715|chem_ni_foam_cmp_350,Ni foam/CMP-350,β-CoMoO4 (P-doped),Porous Network
paper_715|output_715|chem_ni_foam_cmp_400,Ni foam/CMP-400,CoMoO4 (P-doped) + CoP + MoO2,Porous Network
paper_715|output_715|chem_ni_foam_cmp_450,Ni foam/CMP-450,,Film/Coating; Porous Network
paper_715|output_715|chem_ni_foam_cmp_500,Ni foam/CMP-500,CoMoO4 (P-doped) + CoP,Film/Coating; Porous Network
paper_715|output_715|chem_ni_foam_p,Ni foam-P,,Porous Network
paper_717|output_717|chem_GDY_RhO_x_GDY,GDY/RhO_x/GDY,GDY/RhO_x/GDY,Particle/Cluster
paper_717|output_717|chem_NiCo2O4,porous NiCo2O4 nanowires,NiCo2O4,1D Wire/Rod/Tube; Porous Network
paper_719|output_719|chem_Ru_C,Ru/C,Ru/C,Particle/Cluster
paper_719|output_719|chem_Ru_C3N4_C,Ru/C3N4/C,Ru/C3N4/C,Amorphous; Crystalline; Faceted Polyhedron; Particle/Cluster
paper_71|output_71|chem_ni_mesh,Ni mesh,Ni,Particle/Cluster; Porous Network
paper_71|output_71|chem_porous_NiW_bimetallic_alloy,porous NiW bimetallic alloy,NiW,Particle/Cluster; Porous Network
paper_71|output_71|chem_porous_ni,monometallic PN,Ni,Particle/Cluster
paper_720|output_720|chem_SP50,EORC-activated stainless steel plate (SP50),Fe/(Ni)OOH,Particle/Cluster
paper_720|output_720|chem_SPN,corroded stainless steel plate (SPN),Fe/(Ni) oxide/hydroxide,Particle/Cluster
paper_720|output_720|chem_SPN50,EORC-activated rusty stainless steel plate (SPN50),Fe/(Ni)OOH,Particle/Cluster
paper_721|output_721|chem_de_alloyed_nanoporous_Cu_Al,de-alloyed nanoporous Cu-Al,,Particle/Cluster; Porous Network
paper_721|output_721|chem_nanoporous_Cu,nanoporous Cu,,Particle/Cluster; Porous Network
paper_723|output_723|chem_nio_ni,NiO/Ni,NiO/Ni,1D Wire/Rod/Tube; Hollow/Core-Shell
paper_723|output_723|chem_ptsa_nio_ni,PtSA-NiO/Ni,PtSA-NiO/Ni,1D Wire/Rod/Tube; 2D Sheet; Crystalline; Hollow/Core-Shell; Particle/Cluster; Porous Network
paper_724|output_724|chem_Co_foam,Co foam,,2D Sheet; Flower/Urchin/Dendrite; Generic Nanostructure; Hierarchical; Particle/Cluster; Porous Network
paper_724|output_724|chem_Fe_foam,Fe foam,,Porous Network
paper_724|output_724|chem_NiCo_foam,NiCo foam,,Generic Nanostructure; Hollow/Core-Shell; Porous Network
paper_724|output_724|chem_NiFe_foam,NiFe foam,,Porous Network
paper_725|output_725|chem_LDH1_SiCnw,LDH1@SiCnw,,1D Wire/Rod/Tube; Film/Coating
paper_725|output_725|chem_LDH2_SiCnw,LDH2@SiCnw,,1D Wire/Rod/Tube; 2D Sheet; Film/Coating; Hollow/Core-Shell
paper_725|output_725|chem_LDH3_SiCnw,LDH3@SiCnw,,1D Wire/Rod/Tube; 2D Sheet
paper_725|output_725|chem_SiCnw,SiCnw,SiC,1D Wire/Rod/Tube; 2D Sheet; Film/Coating; Generic Nanostructure; Hollow/Core-Shell; Particle/Cluster
paper_726|output_726|chem_ni2fe1_o,Ni2Fe1-O,Ni₂FeO,1D Wire/Rod/Tube; 2D Sheet; Array/Aligned; Particle/Cluster; Porous Network
paper_726|output_726|chem_nife_oxyhydroxide,NiFe oxyhydroxide,NiFeOₓHᵧ,Porous Network
paper_726|output_726|chem_nifeox_ni_dendrite,NiFeOOH on dendrite-modified NF,NiFeOOH,Flower/Urchin/Dendrite
paper_727|output_727|chem_bp,BP,P,2D Sheet
paper_727|output_727|chem_bp_cn,BP/CN,BP/g-C3N4,1D Wire/Rod/Tube; 2D Sheet; Particle/Cluster
paper_727|output_727|chem_cn,CN,g-C3N4,1D Wire/Rod/Tube; 2D Sheet; Generic Nanostructure; Particle/Cluster; Porous Network
paper_728|output_728|chem_Co-Ni3N,Co-Ni₃N,Co-Ni₃N,1D Wire/Rod/Tube; 2D Sheet; Crystalline; Generic Nanostructure
paper_729|output_729|chem_SSF_NiFe_120,SSF@NiFe-120,NiFe(OH)_x,Array/Aligned; Generic Nanostructure
paper_729|output_729|chem_SSF_NiFe_30,SSF@NiFe-30,,Array/Aligned; Generic Nanostructure
paper_729|output_729|chem_SSF_NiFe_360,SSF@NiFe-360,,Array/Aligned; Generic Nanostructure
paper_72|output_72|chem_Ni_Y2O3_1,Ni/Y2O3-1,,Film/Coating
paper_72|output_72|chem_Ni_Y2O3_9_1,Ni/Y2O3 heterostructural electrocatalyst (9:1),Ni/Y2O3,Crystalline; Generic Nanostructure; Particle/Cluster
paper_72|output_72|chem_Ni_pristine,metallic Ni,Ni,Crystalline; Particle/Cluster
paper_731|output_731|chem_NC,NC,NaCoO2,Particle/Cluster; Porous Network
paper_731|output_731|chem_Ru_C,Ru/C,,Particle/Cluster
paper_731|output_731|chem_Ru_NC,Ru/NC,Ru/NaCoO2,2D Sheet; Crystalline; Faceted Polyhedron; Particle/Cluster; Porous Network
paper_734|output_734|chem_ru_s_nife_ldh,Ru-S-NiFe LDH,,2D Sheet; Crystalline; Particle/Cluster; Porous Network
paper_735|output_735|chem_Ni10Ru4_TiO2,Ni₁₀Ru₄/TiO₂,Ni₁₀Ru₄/TiO₂,Hollow/Core-Shell; Particle/Cluster
paper_735|output_735|chem_Ni15Ru6_TiO2,Ni₁₅Ru₆/TiO₂,Ni₁₅Ru₆/TiO₂,Hollow/Core-Shell; Particle/Cluster
paper_737|output_737|chem_OA_WO3_200,OA–WO₃-200,OA-WO₃ (after 200 cycles),Faceted Polyhedron
paper_737|output_737|chem_WO3_H2O,WO₃·H₂O,WO₃·H₂O,Faceted Polyhedron
paper_738|output_738|chem_tio2_ak1,AK1,TiO2,Particle/Cluster
paper_738|output_738|chem_tio2_mti5,MTi5,TiO2,Particle/Cluster
paper_738|output_738|chem_tio2_prolabo,Prolabo,TiO2,Particle/Cluster
paper_73|output_73|chem_CoOH2,Co(OH)2,Co(OH)2,Porous Network
paper_73|output_73|chem_Os_CoOH2,Os-Co(OH)2,Os-Co(OH)2,2D Sheet; Porous Network
paper_73|output_73|chem_Os_NF,Os-NF,,Porous Network
paper_740|output_740|chem_RuHex,Ru hexamine,[Ru(NH3)6]3+,Particle/Cluster
paper_741|output_741|chem_BPN,BPN,BP,2D Sheet; Crystalline; Particle/Cluster
paper_741|output_741|chem_Fe_Mg_MOF,Fe-Mg-MOF,,2D Sheet; Crystalline; Particle/Cluster; Porous Network
paper_741|output_741|chem_Fe_Mg_MOF_BPN,Fe-Mg-MOF-BPN,,2D Sheet; Crystalline; Particle/Cluster
paper_742|output_742|chem_sno2,SnO2,SnO2,Particle/Cluster
paper_743|output_743|chem_WS2,WS₂,WS₂,Hollow/Core-Shell
paper_743|output_743|chem_WS2_WO3-x-1,WS₂/WO₃₋ₓ-1,WS₂/WO₃₋ₓ-1,2D Sheet; Generic Nanostructure
paper_743|output_743|chem_WS2_WO3-x-2,WS₂/WO₃₋ₓ-2,WS₂/WO₃₋ₓ-2,2D Sheet; Generic Nanostructure
paper_743|output_743|chem_WS2_WO3-x-3,WS₂/WO₃₋ₓ-3,WS₂/WO₃₋ₓ-3,2D Sheet; Generic Nanostructure
paper_744|output_744|chem_Ru_NiCo2O4_Se_NNS,Ru-NiCo₂O₄-Se NNS,Ru-NiCo₂O₄-Se,1D Wire/Rod/Tube; 2D Sheet; Array/Aligned; Porous Network
paper_747|output_747|chem_Co2(OH)3Cl,Co₂(OH)₃Cl,Co₂(OH)₃Cl,1D Wire/Rod/Tube; 2D Sheet; Array/Aligned; Porous Network
paper_747|output_747|chem_Co3O4_NC,Co₃O₄/NC,Co₃O₄/NC,1D Wire/Rod/Tube; 2D Sheet; Generic Nanostructure; Particle/Cluster; Porous Network; Rough/Wrinkled
paper_747|output_747|chem_CoMOF_NH2,CoMOF-NH₂,CoMOF-NH₂,1D Wire/Rod/Tube; 2D Sheet; Crystalline; Generic Nanostructure; Particle/Cluster; Porous Network
paper_748|output_748|chem_NiFeMo,NiFeMo hybrid film,NiFeMo,Film/Coating
paper_749|output_749|chem_ir_ato_at_40_160,Ir/ATO.AT-40-160,,Particle/Cluster
paper_74|output_74|chem_PtRu_CNT_CeO2x,PtRu/CNT@CeO2-x,,1D Wire/Rod/Tube; Particle/Cluster
paper_74|output_74|chem_PtRu_CNT_SnO2x,PtRu/CNT@SnO2-x,,1D Wire/Rod/Tube; Faceted Polyhedron; Film/Coating; Particle/Cluster
paper_74|output_74|chem_Pt_CNT_CeO2x_K2PtCl4,Pt/CNT@CeO2-x-K2PtCl4,,1D Wire/Rod/Tube; Particle/Cluster
paper_74|output_74|chem_Pt_CNT_CeO2x_PtCl4,Pt/CNT@CeO2-x-PtCl4,,1D Wire/Rod/Tube; Particle/Cluster
paper_74|output_74|chem_Pt_CNT_SnO2x_K2PtCl4,Pt/CNT@SnO2-x-K2PtCl4,,1D Wire/Rod/Tube; Particle/Cluster
paper_74|output_74|chem_Pt_CNT_SnO2x_PtCl4,Pt/CNT@SnO2-x-PtCl4,,1D Wire/Rod/Tube; Film/Coating
paper_750|output_750|chem_ni_underlayer_ni_zn_toplayer_brass_leached,nickel (under layer)/nickel–zinc alloy coated (top layer) brass (leached Zn),,Film/Coating
paper_750|output_750|chem_ni_zn_alloy_coated_brass_leached,nickel–zinc alloy coated brass (leached Zn),,Film/Coating
paper_750|output_750|chem_nickel_coated_brass,nickel coated brass,,Film/Coating
paper_751|output_751|chem_CC1,Ni-Co/Ni-Co coating (CC1),,Film/Coating; Rough/Wrinkled
paper_751|output_751|chem_CN1,Ni-Co/Ni coating (CN1),,Film/Coating; Generic Nanostructure; Particle/Cluster; Rough/Wrinkled
paper_751|output_751|chem_NC3,Ni/Ni-Co coating (NC3),,Film/Coating; Rough/Wrinkled
paper_751|output_751|chem_NN3,Ni/Ni coating (NN3),,Film/Coating; Generic Nanostructure; Particle/Cluster; Rough/Wrinkled
paper_752|output_752|chem_NiCu_coating,NiCu coating,,Film/Coating
paper_753|output_753|chem_NiCuMo_0.1_LDH_NF,NiCuMo0.1 LDH/NF,NiCuMo_{0.1} LDH,Particle/Cluster; Porous Network
paper_753|output_753|chem_NiCuMo_0.2_LDH_NF,NiCuMo0.2 LDH/NF,NiCuMo_{0.2} LDH,Crystalline; Particle/Cluster; Porous Network
paper_753|output_753|chem_NiCuMo_0.3_LDH_NF,NiCuMo0.3 LDH/NF,NiCuMo_{0.3} LDH,2D Sheet; Particle/Cluster; Porous Network; Rough/Wrinkled
paper_753|output_753|chem_NiCu_LDH_NF,NiCu LDH/NF,NiCu LDH,2D Sheet; Flower/Urchin/Dendrite; Porous Network
paper_754|output_754|chem_Fe_NF,Fe@NF,,1D Wire/Rod/Tube; 2D Sheet; Array/Aligned; Generic Nanostructure; Hollow/Core-Shell; Particle/Cluster; Porous Network
paper_754|output_754|chem_NiFe_NF,NiFe@NF,Ni/NiO+FeS/NiS on NF,1D Wire/Rod/Tube; Film/Coating; Flower/Urchin/Dendrite; Hollow/Core-Shell; Particle/Cluster; Porous Network
paper_754|output_754|chem_Ni_NF,Ni@NF,,1D Wire/Rod/Tube; 2D Sheet; Flower/Urchin/Dendrite; Hollow/Core-Shell; Particle/Cluster; Porous Network
paper_754|output_754|chem_PtC_NF,Pt/C@NF,,Particle/Cluster; Porous Network
paper_756|output_756|chem_WO3_303K,WO3 thin film deposited at 303 K,WO3,Film/Coating; Generic Nanostructure; Particle/Cluster; Rough/Wrinkled
paper_756|output_756|chem_WO3_473K,WO3 thin film deposited at 473 K,WO3,Film/Coating; Generic Nanostructure; Particle/Cluster; Rough/Wrinkled
paper_756|output_756|chem_WO3_573K,WO3 thin film deposited at 573 K,WO3,Film/Coating; Generic Nanostructure; Particle/Cluster; Rough/Wrinkled
paper_757|output_757|chem_hwon_0.15,HWON-0.15,WO3·0.33H2O (N-modified),Generic Nanostructure; Particle/Cluster; Porous Network; Rough/Wrinkled
paper_758|output_758|chem_Cu_CF,grass-like Cu nanosheet array/CF,Cu,2D Sheet; Array/Aligned; Porous Network
paper_758|output_758|chem_Ni_CF,Ni/CF,Ni,Porous Network
paper_758|output_758|chem_Ni_Cu_CF,grass-like Ni/Cu nanosheet array/CF,Ni/Cu,2D Sheet; Array/Aligned; Porous Network
paper_759|output_759|chem_Co_foam,Co foam,,Porous Network
paper_759|output_759|chem_Fe_foam,Fe foam,,1D Wire/Rod/Tube; Flower/Urchin/Dendrite; Generic Nanostructure; Particle/Cluster; Porous Network
paper_759|output_759|chem_NiCo_foam,NiCo foam,,Particle/Cluster; Porous Network
paper_759|output_759|chem_NiFe_foam,NiFe foam,,Porous Network
paper_75|output_75|chem_NCL,NiCo LDH,,2D Sheet; Flower/Urchin/Dendrite; Hierarchical
paper_75|output_75|chem_NCP,NiCoP,,2D Sheet; Flower/Urchin/Dendrite; Hierarchical
paper_75|output_75|chem_RMNCL,"Ru,Mn-NiCo LDH",,2D Sheet; Flower/Urchin/Dendrite; Hierarchical
paper_75|output_75|chem_RMNCP,"Ru,Mn-NiCoP",,2D Sheet; Flower/Urchin/Dendrite; Hierarchical
paper_75|output_75|chem_RNCL,Ru-NiCo LDH,,2D Sheet; Flower/Urchin/Dendrite; Hierarchical
paper_75|output_75|chem_RNCP,Ru-NiCoP,,2D Sheet; Flower/Urchin/Dendrite; Hierarchical
paper_760|output_760|chem_h_WO3_W_mesh,h-WO3/W mesh,WO3/W,2D Sheet; Particle/Cluster; Porous Network; Rough/Wrinkled
paper_760|output_760|chem_hm_WO3,hm-WO3,WO3,2D Sheet; Particle/Cluster; Porous Network; Rough/Wrinkled
paper_760|output_760|chem_hm_m_WO3_W_mesh,hm-m-WO3/W mesh,WO3/W,2D Sheet; Particle/Cluster; Porous Network; Rough/Wrinkled
paper_760|output_760|chem_m_WO3_W_mesh,m-WO3/W mesh,WO3/W,2D Sheet; Particle/Cluster; Porous Network; Rough/Wrinkled
paper_761|output_761|chem_2CeO2_SrIrO3,2CeO2@SrIrO3,2CeO2@SrIrO3,2D Sheet; Generic Nanostructure; Porous Network
paper_761|output_761|chem_4CeO2_SrIrO3,4CeO2@SrIrO3,4CeO2@SrIrO3,2D Sheet; Amorphous; Crystalline; Generic Nanostructure; Hollow/Core-Shell; Particle/Cluster; Porous Network
paper_761|output_761|chem_8CeO2_SrIrO3,8CeO2@SrIrO3,8CeO2@SrIrO3,2D Sheet; Generic Nanostructure; Porous Network
paper_761|output_761|chem_SrIrO3,SrIrO3,SrIrO3,2D Sheet; Amorphous; Crystalline; Generic Nanostructure; Hollow/Core-Shell; Particle/Cluster; Porous Network; Rough/Wrinkled
paper_762|output_762|chem_MS_SS,MS/SS,NiFeCr sulfides,Porous Network
paper_763|output_763|chem_Ru0.3_NiFe,Ru_{0.3}/NiFe,,2D Sheet
paper_764|output_764|chem_B4.7-Ni4Mo_NF,B_{4.7}-Ni_4Mo / NF,B_{4.7}Ni_4Mo,1D Wire/Rod/Tube; Array/Aligned
paper_765|output_765|chem_Ru_WCx,Ru/WC_x,Ru/WC_x,Crystalline; Generic Nanostructure; Particle/Cluster
paper_765|output_765|chem_WCx,WC_x,WC_x,Particle/Cluster; Rough/Wrinkled
paper_766|output_766|chem_Ni2P-NiSe2_MoOx_NF,Ni₂P-NiSe₂/MoOₓ/NF,Ni₂P-NiSe₂/MoOₓ/NF,1D Wire/Rod/Tube; Porous Network
paper_768|output_768|chem_RuIr,RuIr alloy,Ru_{0.6}Ir_{0.4},Generic Nanostructure; Particle/Cluster
paper_769|output_769|chem_RuSACs-CF,RuSACs-CF,,Generic Nanostructure; Porous Network; Rough/Wrinkled
paper_76|output_76|chem_MoS2,Molybdenum disulfide,MoS2,2D Sheet
paper_76|output_76|chem_Tm_SAs_MoS2,Tm single atoms decorated MoS2,Tm-MoS2,2D Sheet
paper_770|output_770|chem_a_c_FeOOH_IF,a/c-FeOOH/IF,,Porous Network
paper_770|output_770|chem_a_c_FeP_IF,a/c-FeP/IF,FeP,Amorphous; Crystalline; Porous Network
paper_770|output_770|chem_a_c_Ru_FeP_IF,a/c-Ru-FeP/IF,Ru-FeP,1D Wire/Rod/Tube; Amorphous; Crystalline; Faceted Polyhedron; Generic Nanostructure; Particle/Cluster; Porous Network
paper_771|output_771|chem_FeNi_OOH_MOF_NF,"(Fe,Ni)OOH-MOF/NF",,2D Sheet; Generic Nanostructure; Particle/Cluster; Porous Network; Rough/Wrinkled
paper_771|output_771|chem_FeOOH_MOF_NF,FeOOH-MOF/NF,,2D Sheet; Porous Network
paper_771|output_771|chem_NF,bare NF,,Generic Nanostructure; Particle/Cluster; Porous Network; Rough/Wrinkled
paper_773|output_773|chem_Ru_Ni_300,Ru-Ni-300,,1D Wire/Rod/Tube; Generic Nanostructure; Particle/Cluster; Porous Network; Rough/Wrinkled
paper_773|output_773|chem_Ru_Ni_400,Ru-Ni-400,,1D Wire/Rod/Tube; Generic Nanostructure; Porous Network
paper_774|output_774|chem_heo,HEO,(FeCoNiCuMn)₂O₃,Amorphous; Crystalline; Particle/Cluster; Porous Network
paper_774|output_774|chem_mheo,MHEO,(FeCoNiCuMn)₂O₃/Ti₃C₂Tₓ,Amorphous; Crystalline; Particle/Cluster
paper_775|output_775|chem_Fe2O3,Fe₂O₃,Fe₂O₃,Amorphous
paper_776|output_776|chem_CoP_NF,CoP,CoP,1D Wire/Rod/Tube; Particle/Cluster; Porous Network
paper_776|output_776|chem_WO3_CoP_NF,WO₃/CoP,WO3/CoP,Amorphous
paper_777|output_777|chem_ru_v_nio,Ru/V-NiO,,2D Sheet; Crystalline; Porous Network
paper_778|output_778|chem_CeO2,CeO2,CeO2,1D Wire/Rod/Tube; Porous Network
paper_779|output_779|chem_niws,NiS/WS₂/Ni₃S₄,,1D Wire/Rod/Tube; Generic Nanostructure
paper_779|output_779|chem_super_niws_p,Super-NiS/WS₂/Ni₃S₄,NiS/WS₂/Ni₃S₄,1D Wire/Rod/Tube; 2D Sheet; Generic Nanostructure; Particle/Cluster
paper_77|output_77|chem_CoOH2,Co(OH)2 nanosheets,Co(OH)2,1D Wire/Rod/Tube; 2D Sheet; Amorphous; Generic Nanostructure; Particle/Cluster; Porous Network
paper_77|output_77|chem_CoOH2_NiPx_10,Co(OH)2/NiPx-10,,2D Sheet
paper_77|output_77|chem_CoOH2_NiPx_15,Co(OH)2/NiPx-15,,2D Sheet
paper_77|output_77|chem_CoOH2_NiPx_3,Co(OH)2/NiPx-3,,2D Sheet
paper_77|output_77|chem_CoOH2_NiPx_5,Co(OH)2/NiPx nanosheets,Co(OH)2/NiPx,1D Wire/Rod/Tube; 2D Sheet; Amorphous; Array/Aligned; Generic Nanostructure; Particle/Cluster; Porous Network
paper_77|output_77|chem_NiPx,NiPx nanoparticles,NiPx,1D Wire/Rod/Tube; 2D Sheet; Amorphous; Array/Aligned; Generic Nanostructure; Particle/Cluster; Porous Network
paper_780|output_780|chem_CF,Co foam,Co foam,Porous Network
paper_780|output_780|chem_Co2(OH)3Cl_CF_R,Co₂(OH)₃Cl/CF-R,Co₂(OH)₃Cl/Co foam,Porous Network
paper_780|output_780|chem_MQDs_Co2(OH)3Cl_CF_R,MQDs/Co₂(OH)₃Cl/CF-R,MQDs/β-Co(OH)₂/Co foam,Porous Network
paper_781|output_781|chem_Co_Co2P_NPCNTs,Co/Co2P@NPCNTs,Co/Co2P@NPCNTs,1D Wire/Rod/Tube; Generic Nanostructure; Particle/Cluster; Porous Network
paper_781|output_781|chem_Co_NCNTs,Co@NCNTs,Co@NCNTs,1D Wire/Rod/Tube; Particle/Cluster; Porous Network
paper_782|output_782|chem_Co(OH)2@Ag_NWs,Co(OH)2@Ag NWs,Co(OH)2@Ag,1D Wire/Rod/Tube; 2D Sheet; Array/Aligned; Film/Coating; Flower/Urchin/Dendrite; Generic Nanostructure; Hollow/Core-Shell
paper_782|output_782|chem_MoO3@Ag_NWs,MoO3@Ag NWs,MoO3@Ag,1D Wire/Rod/Tube; Film/Coating; Generic Nanostructure; Hollow/Core-Shell; Particle/Cluster
paper_782|output_782|chem_MoO3_Co(OH)2@Ag_NWs,MoO3-Co(OH)2@Ag NWs,MoO3-Co(OH)2@Ag,1D Wire/Rod/Tube; Flower/Urchin/Dendrite; Generic Nanostructure; Hollow/Core-Shell; Particle/Cluster; Porous Network
paper_783|output_783|chem_Pt_NPC,Pt/NPC,Pt/NPC,Particle/Cluster; Porous Network
paper_783|output_783|chem_Pt_SnO2_NPC_200,Pt/SnO2@NPC-200,Pt/SnO2@NPC,Particle/Cluster; Porous Network
paper_783|output_783|chem_Pt_SnO2_NPC_300,Pt/SnO2@NPC-300,Pt/SnO2@NPC,Particle/Cluster; Porous Network
paper_783|output_783|chem_Pt_SnO2_NPC_400,Pt/SnO2@NPC-400,Pt/SnO2@NPC,Particle/Cluster; Porous Network
paper_784|output_784|chem_Ni3S2_NF,Ni₃S₂/NF,Ni₃S₂,1D Wire/Rod/Tube; Amorphous; Particle/Cluster; Porous Network; Rough/Wrinkled
paper_784|output_784|chem_Ni3S2_NiII_TC,Ni₃S₂@Ni(II)-TC,Ni₃S₂@Ni(II)-TC,1D Wire/Rod/Tube; Amorphous; Crystalline; Film/Coating; Generic Nanostructure; Hierarchical; Hollow/Core-Shell; Particle/Cluster; Porous Network; Rough/Wrinkled
paper_785|output_785|chem_Co3O4_Co_h,Co₃O₄/Co-h,Co₃O₄/Co,1D Wire/Rod/Tube; 2D Sheet; Crystalline; Generic Nanostructure; Hierarchical; Particle/Cluster; Porous Network; Rough/Wrinkled
paper_785|output_785|chem_Co3O4_Co_l,Co₃O₄/Co-l,Co₃O₄/Co,1D Wire/Rod/Tube; 2D Sheet; Crystalline; Generic Nanostructure; Hierarchical; Particle/Cluster; Porous Network; Rough/Wrinkled
paper_785|output_785|chem_Co_foam,Co foam,Co,Porous Network
paper_786|output_786|chem_c-IrOx-MoO3_Ti,c-IrOx-MoO3/Ti,IrO_x-MoO_3/Ti,Crystalline; Film/Coating; Generic Nanostructure; Particle/Cluster; Porous Network; Rough/Wrinkled
paper_786|output_786|chem_c-IrOx_Ti,c-IrOx/Ti,,Amorphous; Crystalline; Generic Nanostructure; Particle/Cluster; Porous Network
paper_787|output_787|chem_RMNCL,"Ru,Mn-NiCo LDH",,Particle/Cluster
paper_787|output_787|chem_RMNCP,"Ru,Mn-NiCoP",,Particle/Cluster
paper_788|output_788|chem_FeCo2S4_CoFe_MOF_NF,FeCo₂S₄@CoFe-MOF/NF,FeCo₂S₄@CoFe-MOF/NF,1D Wire/Rod/Tube; Film/Coating; Generic Nanostructure; Hollow/Core-Shell; Particle/Cluster; Porous Network
paper_788|output_788|chem_FeCo2S4_NF,FeCo₂S₄/NF,FeCo₂S₄/NF,2D Sheet; Hollow/Core-Shell; Porous Network
paper_788|output_788|chem_FeCo2S4_Ov_CoFe_MOF_NF,FeCo₂S₄@Oᵥ-CoFe-MOF/NF,FeCo₂S₄@Oᵥ-CoFe-MOF/NF,Porous Network
paper_788|output_788|chem_Ov_CoFe_MOF_NF,Oᵥ-CoFe-MOF/NF,Oᵥ-CoFe-MOF/NF,Porous Network
paper_78|output_78|chem_NiFeCeSe_CC,Ce-doped Ni–Fe–Se nanosheets grown on carbon cloth,,2D Sheet; Crystalline; Generic Nanostructure
paper_78|output_78|chem_NiFeSe_CC,Ni–Fe–Se nanosheets grown on carbon cloth,,2D Sheet; Crystalline
paper_791|output_791|chem_AgAu,AgAu,AgAu,Faceted Polyhedron; Flower/Urchin/Dendrite; Particle/Cluster
paper_791|output_791|chem_AgAuPt,AgAuPt,AgAuPt,Faceted Polyhedron; Particle/Cluster
paper_791|output_791|chem_Ag_precursor,Ag precursor,,Faceted Polyhedron; Flower/Urchin/Dendrite; Particle/Cluster
paper_791|output_791|chem_D-CAgAu,D-CAgAu,AgAu,Faceted Polyhedron; Flower/Urchin/Dendrite; Particle/Cluster
paper_791|output_791|chem_D-CAgAuPt,D-CAgAuPt,AgAuPt,Faceted Polyhedron; Flower/Urchin/Dendrite; Generic Nanostructure; Particle/Cluster
paper_791|output_791|chem_L-CAgAu,L-CAgAu,AgAu,Faceted Polyhedron; Flower/Urchin/Dendrite; Particle/Cluster
paper_791|output_791|chem_L-CAgAuPt,L-CAgAuPt,AgAuPt,Faceted Polyhedron; Particle/Cluster
paper_792|output_792|chem_EA_Ni0.82Fe0.18-OH,EA-Ni0.82Fe0.18-OH,Ni_{0.82}Fe_{0.18}(OH)_2,1D Wire/Rod/Tube; 2D Sheet; Porous Network
paper_792|output_792|chem_Ni0.82Fe0.18-OH,Ni0.82Fe0.18-OH,Ni_{0.82}Fe_{0.18}(OH)_2,1D Wire/Rod/Tube; Porous Network
paper_793|output_793|chem_pt_nc,Pt/NC,,2D Sheet; Generic Nanostructure; Particle/Cluster
paper_793|output_793|chem_ptcu_nc,PtCu/NC,,2D Sheet; Particle/Cluster
paper_794|output_794|chem_NiO_NRs_m_Ov,NiO NRs-m-Ov,NiO,1D Wire/Rod/Tube; Array/Aligned; Crystalline; Generic Nanostructure
paper_794|output_794|chem_NiO_NRs_p_Ov,NiO NRs-p-Ov,NiO,1D Wire/Rod/Tube; Array/Aligned; Crystalline; Generic Nanostructure
paper_794|output_794|chem_NiO_NRs_r_Ov,NiO NRs-r-Ov,NiO,1D Wire/Rod/Tube; Array/Aligned; Crystalline; Generic Nanostructure
paper_795|output_795|chem_gradient_LDH,gradient NiFe-LDH,NiFe-LDH,2D Sheet; Porous Network
paper_795|output_795|chem_gradient_free_LDH,gradient-free NiFe-LDH,NiFe-LDH,2D Sheet
paper_798|output_798|chem_NaxWO3_500,Na_xWO_3-500,Na_xWO_3,2D Sheet; Faceted Polyhedron; Flower/Urchin/Dendrite; Particle/Cluster; Porous Network
paper_798|output_798|chem_WO3,WO_3,WO_3,Faceted Polyhedron; Generic Nanostructure; Particle/Cluster; Porous Network
paper_799|output_799|chem_CdS,CdS,CdS,1D Wire/Rod/Tube; Generic Nanostructure; Particle/Cluster; Porous Network
paper_799|output_799|chem_M-MO_CdS,M-MO/CdS,MoO3-x/CdS,1D Wire/Rod/Tube
paper_799|output_799|chem_P-MO_CdS,P-MO/CdS,MoO3-x/CdS,1D Wire/Rod/Tube
paper_799|output_799|chem_R-MO_CdS,R-MO/CdS,MoO3-x/CdS,1D Wire/Rod/Tube
paper_79|output_79|chem_Co_OH_2_NF,cobalt hydroxide nanosheet on nickel foam,Co(OH)2,2D Sheet; Porous Network
paper_79|output_79|chem_CuCo_OH_2_NF,copper cobalt hydroxide nanosheet on nickel foam,CuCo(OH)2,2D Sheet; Porous Network
paper_7|output_7|chem_Fe_foam,iron foam,Fe,Porous Network
paper_7|output_7|chem_NiFe_LDH_IF_Cl,Ni-Fe LDH/IF (Cl-),Ni-Fe LDH/Fe foam,2D Sheet; Porous Network
paper_7|output_7|chem_NiFe_LDH_IF_NO3,Ni-Fe LDH/IF (NO3-),Ni-Fe LDH/Fe foam,1D Wire/Rod/Tube; 2D Sheet; Flower/Urchin/Dendrite; Generic Nanostructure; Hierarchical; Particle/Cluster; Porous Network
paper_7|output_7|chem_NiFe_LDH_IF_SO4,Ni-Fe LDH/IF (SO4 2-),Ni-Fe LDH/Fe foam,2D Sheet; Porous Network
paper_801|output_801|chem_CoFe_LDH,CoFe-LDH,[Co²⁺_{1-x}Fe³⁺_x(OH)₂]^{x+}(CO₃²⁻)_{x/2}·mH₂O,2D Sheet; Array/Aligned; Particle/Cluster; Porous Network
paper_802|output_802|chem_Pt_TiO2,Pt/TiO2,,Particle/Cluster
paper_802|output_802|chem_Pt_TiO2_OVs,Pt/TiO2-OVs,Pt/TiO2-OVs,Particle/Cluster
paper_803|output_803|chem_Ni3S2_NF,Ni3S2/NF,Ni3S2/NF,Generic Nanostructure; Particle/Cluster; Porous Network
paper_803|output_803|chem_Ni3S2_NF-R,Ni3S2/NF-R,NiOOH/Ni3S2/NF,Generic Nanostructure; Particle/Cluster; Porous Network
paper_803|output_803|chem_NiOOH_NF,NiOOH/NF,NiOOH/NF,Particle/Cluster; Porous Network
paper_805|output_805|chem_cr_niooh,CR-NiOOH,NiOOH,1D Wire/Rod/Tube; Amorphous; Array/Aligned; Crystalline; Faceted Polyhedron; Generic Nanostructure; Hollow/Core-Shell; Particle/Cluster; Porous Network
paper_805|output_805|chem_fe_niooh,Fe-NiOOH,Fe-NiOOH,Porous Network
paper_805|output_805|chem_moo2_ni,MoO2-Ni,MoO2-Ni,1D Wire/Rod/Tube; Porous Network
paper_805|output_805|chem_nimoO4,NiMoO4,NiMoO4,1D Wire/Rod/Tube; Array/Aligned; Porous Network
paper_806|output_806|chem_Co_(OH)3Cl,Co (OH)3Cl,Co2(OH)3Cl,1D Wire/Rod/Tube; Crystalline; Film/Coating; Generic Nanostructure; Particle/Cluster; Porous Network; Rough/Wrinkled
paper_806|output_806|chem_IrO2_V2O5,IrO2/V2O5,IrO2/V2O5,1D Wire/Rod/Tube; Generic Nanostructure; Porous Network
paper_807|output_807|chem_Co(OH)2-CoP,Co(OH)₂–CoP,Co(OH)₂-CoP,Particle/Cluster
paper_807|output_807|chem_Ru_Co(OH)2,Ru/Co(OH)₂,Ru/Co(OH)₂,Particle/Cluster
paper_807|output_807|chem_Ru_Co(OH)2-CoP,Ru/Co(OH)₂–CoP,Ru/Co(OH)₂-CoP,2D Sheet; Particle/Cluster
paper_808|output_808|chem_Ce0.33_NFOOH,Ce0.33-NFOOH,Ce0.33-NiFeOOH,2D Sheet; Generic Nanostructure; Porous Network
paper_808|output_808|chem_NFOOH,NFOOH,NiFeOOH,2D Sheet; Generic Nanostructure; Porous Network
paper_809|output_809|chem_1T_MoS2_Pt,1T-MoS₂@Pt,1T-MoS₂@Pt,Particle/Cluster
paper_809|output_809|chem_1T_MoS2_Rh,1T-MoS₂@Rh,1T-MoS₂@Rh,Particle/Cluster
paper_809|output_809|chem_1T_MoS2_Ru,1T-MoS₂@Ru,1T-MoS₂@Ru,Particle/Cluster
paper_809|output_809|chem_2H_MoS2_Pt,2H-MoS₂@Pt,2H-MoS₂@Pt,Particle/Cluster
paper_80|output_80|chem_A_Ir1_Co0.8Fe0.2Se2_NiFoam,A-Ir1/Co0.8Fe0.2Se2@Ni foam,,2D Sheet; Porous Network
paper_80|output_80|chem_C_Ir1_Co0.8Fe0.2Se2_NiFoam,C-Ir1/Co0.8Fe0.2Se2@Ni foam,,2D Sheet; Porous Network
paper_810|output_810|chem_CNTs,CNTs/CC,C,1D Wire/Rod/Tube; Particle/Cluster
paper_810|output_810|chem_NiSe,NiSe,NiSe,1D Wire/Rod/Tube; Particle/Cluster; Porous Network
paper_810|output_810|chem_NiSe_m_CNTs,NiSe-m-CNTs/CC,NiSe,1D Wire/Rod/Tube; Particle/Cluster; Porous Network
paper_810|output_810|chem_h_NiSe_CNTs,h-NiSe/CNTs,NiSe,1D Wire/Rod/Tube; Particle/Cluster; Porous Network
paper_813|output_813|chem_v_fe_pba,V/Fe PBA,Na_{0.4}(VO)_3[Fe(CN)_6]_2 \cdot 1.2 H_2O,Particle/Cluster
paper_814|output_814|chem_Ni(OH)2,Ni(OH)₂ porous nanoplates,Ni(OH)₂,2D Sheet; Porous Network
paper_814|output_814|chem_Ni-P,Ni–P porous nanoplates,Ni5P4/Ni2P,2D Sheet; Particle/Cluster; Porous Network
paper_814|output_814|chem_NiO,NiO porous nanoplates,NiO,2D Sheet; Porous Network
paper_815|output_815|chem_ect_s_coo,ECT-S-CoO,CoO,Faceted Polyhedron; Porous Network
paper_815|output_815|chem_ect_se_coo,ECT-Se-CoO,CoO,Faceted Polyhedron; Porous Network
paper_815|output_815|chem_ect_te_coo,ECT-Te-CoO,CoO,Faceted Polyhedron; Porous Network
paper_816|output_816|chem_Fe_Ni3C_2,Fe-Ni₃C-2%,Fe-Ni₃C,2D Sheet; Particle/Cluster
paper_816|output_816|chem_Fe_Ni3C_5,Fe-Ni₃C-5%,Fe-Ni₃C,2D Sheet; Particle/Cluster
paper_816|output_816|chem_Ni3C,Ni₃C nanosheets,Ni₃C,2D Sheet
paper_817|output_817|chem_Ni(OH)2@Ni/CC,Ni(OH)₂@Ni/CC,Ni(OH)₂@Ni,1D Wire/Rod/Tube; 2D Sheet; Generic Nanostructure; Hollow/Core-Shell; Particle/Cluster; Porous Network; Rough/Wrinkled
paper_818|output_818|chem_Co(OH)2_NF,Co(OH)2/NF,Co(OH)2,2D Sheet; Crystalline; Faceted Polyhedron; Generic Nanostructure; Hierarchical; Particle/Cluster; Porous Network
paper_818|output_818|chem_aPBA_Co(OH)2_NF,aPBA@Co(OH)2/NF,Co3O4/Fe3O4,Porous Network
paper_818|output_818|chem_nPBA_Co(OH)2_NF,nPBA@Co(OH)2/NF,CoFeN,2D Sheet; Film/Coating; Particle/Cluster; Porous Network
paper_81|output_81|chem_Ni_201,Ni-201 perforated plates,Ni,1D Wire/Rod/Tube; Porous Network
paper_820|output_820|chem_NF_PBA,NF-PBA,Na_xNiFe(CN)_6,2D Sheet; Crystalline; Flower/Urchin/Dendrite; Generic Nanostructure; Particle/Cluster; Porous Network
paper_821|output_821|chem_nife_ldh,NiFe-LDH,NiFe-LDH,2D Sheet
paper_821|output_821|chem_pba_60,PBA-60,K₂NiFe(CN)₆,Particle/Cluster; Porous Network
paper_822|output_822|chem_fe_cop_htpas,mesoporous Fe-CoP HTPAs,Fe-CoP,1D Wire/Rod/Tube; Generic Nanostructure; Hierarchical; Particle/Cluster; Porous Network
paper_823|output_823|chem_CoP_NCs,CoP NCs,CoP,2D Sheet; Crystalline; Faceted Polyhedron; Flower/Urchin/Dendrite; Generic Nanostructure; Particle/Cluster
paper_823|output_823|chem_CoP_NFs,CoP NFs,CoP,2D Sheet; Crystalline; Faceted Polyhedron; Flower/Urchin/Dendrite; Generic Nanostructure; Particle/Cluster
paper_825|output_825|chem_F_Co2P_Fe2P_IF,F-Co₂P/Fe₂P/IF,F-Co₂P/Fe₂P/IF,Particle/Cluster; Porous Network
paper_825|output_825|chem_F_CoFe_PBA_IF,F-CoFe-PBA/IF,F-CoFe-PBA/IF,Particle/Cluster
paper_825|output_825|chem_IF,IF,Fe,Particle/Cluster; Porous Network
paper_826|output_826|chem_cit_nmf,Cit-NMF,Na1.8Mn[Fe(CN)6]0.88[□Fe(CN)6]0.12•2.65H2O,2D Sheet; Faceted Polyhedron; Particle/Cluster; Porous Network
paper_827|output_827|chem_CoNiOx-P-NFs,CoNiOx-P-NFs,CoNiO_x-P,Porous Network
paper_827|output_827|chem_D-CoNiOx-P-NFs,D-CoNiOx-P-NFs,CoNiO_x-P,Particle/Cluster; Porous Network
paper_828|output_828|chem_Ni1Cu1_C,Ni₁Cu₁/C,NiCu,Particle/Cluster
paper_828|output_828|chem_Ni1Cu2_C,Ni₁Cu₂/C,NiCu,Particle/Cluster
paper_828|output_828|chem_Ni1Cu3_C,Ni₁Cu₃/C,NiCu,Particle/Cluster
paper_828|output_828|chem_Ni2Cu1_C,Ni₂Cu₁/C,NiCu,Particle/Cluster
paper_828|output_828|chem_Ni3Cu1_C,Ni₃Cu₁/C,NiCu,Particle/Cluster
paper_829|output_829|chem_CoFe_PBA_NS_CF,CoFe-PBA NS@CF,Co[Fe(CN)₅(NO)]·4H₂O,2D Sheet; Porous Network
paper_829|output_829|chem_CoFe_PBA_NS_NF_12,CoFe-PBA NS@NF-12,Co[Fe(CN)₅(NO)]·4H₂O,2D Sheet; Porous Network
paper_829|output_829|chem_CoFe_PBA_NS_NF_2,CoFe-PBA NS@NF-2,Co[Fe(CN)₅(NO)]·4H₂O,2D Sheet; Porous Network
paper_829|output_829|chem_CoFe_PBA_NS_NF_24,CoFe-PBA NS@NF-24,Co[Fe(CN)₅(NO)]·4H₂O,2D Sheet; Porous Network
paper_829|output_829|chem_CoFe_PBA_NS_NF_48,CoFe-PBA NS@NF-48,Co[Fe(CN)₅(NO)]·4H₂O,2D Sheet; Porous Network
paper_829|output_829|chem_CoFe_PBA_NS_TF,CoFe-PBA NS@TF,Co[Fe(CN)₅(NO)]·4H₂O,2D Sheet; Porous Network
paper_82|output_82|chem_Fe0_5_at_NF_60_5,Fe0.5@NF/60-5,,Porous Network
paper_82|output_82|chem_Fe1_5_at_NF_60_5,Fe1.5@NF/60-5,,Porous Network
paper_82|output_82|chem_Fe1_at_NF_25_5,Fe1@NF/25-5,,1D Wire/Rod/Tube; Porous Network
paper_82|output_82|chem_Fe1_at_NF_60_5,Fe1@NF/60-5,,Porous Network
paper_82|output_82|chem_Ni1_at_IF_60_3,Ni1@IF/60-3,,Porous Network
paper_82|output_82|chem_Ni2_at_IF_60_5,Ni2@IF/60-5,,Porous Network
paper_82|output_82|chem_NiCu_and_IF,NiCu&IF,,Porous Network
paper_82|output_82|chem_Ni_and_IF,Ni&IF,,Porous Network
paper_831|output_831|chem_nimoO4_niooh,NiMoO4@NiOOH,,1D Wire/Rod/Tube; 2D Sheet; Amorphous; Array/Aligned; Crystalline; Faceted Polyhedron; Generic Nanostructure; Hollow/Core-Shell; Particle/Cluster; Porous Network; Rough/Wrinkled
paper_832|output_832|chem_NiCo_A_NiCo_PBA_AA,NiCo@A-NiCo-PBA-AA,Ni(OH)2,Film/Coating
paper_833|output_833|chem_Co-Pt_dual-single-atom_TiO2,Co-Pt dual-single-atom catalyst,Co0.16wt%Pt0.18wt%/TiO2,2D Sheet
paper_833|output_833|chem_Co_0.17pct_TiO2,Co0.17% single-atom catalyst,Co0.17%/TiO2,Particle/Cluster
paper_833|output_833|chem_Pt_0.1pct_TiO2,Pt0.1% single-atom catalyst,Pt0.1%/TiO2,2D Sheet; Crystalline; Particle/Cluster
paper_833|output_833|chem_Pt_1pct_TiO2,Pt1% clustered catalyst,Pt1%/TiO2,Particle/Cluster
paper_834|output_834|chem_IrO2_Ni_CC,IrO2/Ni/CC,,Generic Nanostructure; Particle/Cluster; Porous Network; Rough/Wrinkled
paper_834|output_834|chem_NiFeP_CC,NiFeP/CC,NiFeP,Film/Coating; Particle/Cluster; Porous Network
paper_834|output_834|chem_Ni_CC,Ni/CC,,Porous Network
paper_834|output_834|chem_PBA_Ni_CC,PBA/Ni/CC,,Film/Coating; Particle/Cluster; Porous Network
paper_834|output_834|chem_PtC_Ni_CC,Pt/C/Ni/CC,,Particle/Cluster; Rough/Wrinkled
paper_835|output_835|chem_a_Co_PO3_2_MoO4_rGO,a-Co(PO₃)₂/MoO₄/rGO,a-Co(PO₃)₂/MoO₄/rGO,Amorphous; Generic Nanostructure; Hollow/Core-Shell; Particle/Cluster; Porous Network
paper_836|output_836|chem_PBAs_NC,PBAs-NC,K2NiFe(CN)6,Faceted Polyhedron
paper_836|output_836|chem_PBAs_NG,PBAs-NG,K2NiFe(CN)6,Faceted Polyhedron
paper_838|output_838|chem_Pt61La39_KB,Pt₆₁La₃₉@KB,Pt₆₁La₃₉,Film/Coating; Particle/Cluster
paper_838|output_838|chem_PtLa_CC,PtLa@CC,PtLa,Film/Coating; Particle/Cluster
paper_83|output_83|chem_HEA_8D_1,Octonary catalyst HEA-1,Pd0.487Pt0.185Cu0.018Ir0.037Ce0.106Nb0.168,Faceted Polyhedron
paper_83|output_83|chem_HEA_8D_2,Octonary catalyst HEA-2,Pd0.381Pt0.080Cu0.009Au0.004Ir0.02Ce0.086Nb0.338Cr0.082,1D Wire/Rod/Tube; Faceted Polyhedron; Particle/Cluster
paper_83|output_83|chem_PdPtCu,Ternary Pd-Pt-Cu catalyst,Pd0.635Pt0.258Cu0.107,Faceted Polyhedron
paper_83|output_83|chem_Pd_benchmark,Pure Pd catalyst benchmark,Pd,Crystalline; Faceted Polyhedron; Particle/Cluster
paper_840|output_840|chem_A-PBA,A-PBA,(NH₄)₁.₈₅Fe₀.₃₃Mn₀.₆₇[Fe(CN)₆]₀.₉₈·0.77H₂O,Faceted Polyhedron; Particle/Cluster
paper_841|output_841|chem_NiCu,NiCu,NiCu,Particle/Cluster; Porous Network
paper_841|output_841|chem_O_NiCu,O-NiCu,O-NiCu,Particle/Cluster; Porous Network
paper_842|output_842|chem_NiCo_IF,NiCo/IF,NiCo,Porous Network
paper_842|output_842|chem_NiCu_IF,NiCu/IF,NiCu,Particle/Cluster; Porous Network
paper_842|output_842|chem_NiFe_IF,NiFe/IF,,Porous Network
paper_842|output_842|chem_NiMo_IF,NiMo/IF,NiMo,Porous Network
paper_842|output_842|chem_NiZn_IF,NiZn/IF,NiZn,Porous Network
paper_842|output_842|chem_Ni_IF,Ni/IF,Ni,2D Sheet; Crystalline; Flower/Urchin/Dendrite; Generic Nanostructure; Hierarchical; Particle/Cluster; Porous Network; Rough/Wrinkled
paper_843|output_843|chem_AC-1,AC-1,Fe-Co(OH)2-Co(O)OH,2D Sheet
paper_843|output_843|chem_AC-2,AC-2,Fe-Co(OH)2-Co(O)OH,2D Sheet
paper_846|output_846|chem_FeMn_CoNi_H,FeMn@CoNi-H,K_{0.3}Mn[Fe(CN)_6]_{0.75}·xH_2O@K_{0.29}Ni[Co(CN)_6]_{0.83}·yH_2O,Hollow/Core-Shell; Particle/Cluster
paper_846|output_846|chem_FeMn_CoNi_S,FeMn@CoNi-S,K_{1.1}Mn[Fe(CN)_6]_{0.94}·xH_2O@K_{0.1}Ni[Co(CN)_6]_{0.72}·yH_2O,Hollow/Core-Shell; Particle/Cluster
paper_847|output_847|chem_Fe-Co_PBA,Fe-Co PBA,Fe3[CoIII(CN)6]2,Array/Aligned; Generic Nanostructure; Particle/Cluster
paper_847|output_847|chem_Ni-Co@Fe-Co_PBA,Ni-Co@Fe-Co PBA,Ni3[CoIII(CN)6]2 core with Fe3[CoIII(CN)6]2 shell,2D Sheet; Faceted Polyhedron; Hollow/Core-Shell; Particle/Cluster; Porous Network
paper_847|output_847|chem_NiFe-Co_PBA,NiFe-Co PBA,NixFe3-x[CoIII(CN)6]2,Faceted Polyhedron; Generic Nanostructure; Hollow/Core-Shell; Particle/Cluster; Porous Network
paper_848|output_848|chem_CoPBA-V_CN,CoPBA-V_CN,CoPBA-V_CN,Particle/Cluster
paper_848|output_848|chem_FeCoPBA-V_CN,FeCoPBA-V_CN,FeCoPBA-V_CN,Generic Nanostructure; Particle/Cluster; Porous Network
paper_848|output_848|chem_FePBA,FePBA,FePBA,Particle/Cluster; Porous Network
paper_848|output_848|chem_FePBA-V_CN,FePBA-V_CN,FePBA-V_CN,Particle/Cluster; Porous Network
paper_849|output_849|chem_PBA-P,PBA-P,,Hollow/Core-Shell; Rough/Wrinkled
paper_849|output_849|chem_PBA-Se_350,PBA-Se 350,,Faceted Polyhedron; Hollow/Core-Shell; Particle/Cluster; Rough/Wrinkled
paper_84|output_84|chem_z_NiFe,zwitterion-modified NiFe catalyst,,2D Sheet; Flower/Urchin/Dendrite; Generic Nanostructure; Hierarchical; Porous Network
paper_850|output_850|chem_Ni-NiOx,Ni-NiOₓ,Ni-NiOₓ,2D Sheet; Crystalline
paper_850|output_850|chem_Ni3Sn2-NiSnOx-1,Ni₃Sn₂-NiSnOₓ-1,Ni₃Sn₂-NiSnOₓ,2D Sheet; Crystalline; Particle/Cluster
paper_850|output_850|chem_Ni3Sn2-NiSnOx-2,Ni₃Sn₂-NiSnOₓ-2,Ni₃Sn₂-NiSnOₓ,2D Sheet; Crystalline; Particle/Cluster
paper_850|output_850|chem_Ni3Sn2-NiSnOx-4,Ni₃Sn₂-NiSnOₓ-4,Ni₃Sn₂-NiSnOₓ,2D Sheet; Crystalline; Particle/Cluster
paper_850|output_850|chem_Ni3Sn2-NiSnOx-6,Ni₃Sn₂-NiSnOₓ-6,Ni₃Sn₂-NiSnOₓ,2D Sheet; Crystalline; Particle/Cluster
paper_851|output_851|chem_Ce-PBA,Ce-PBA,CeFe(CN)6·5H2O,Generic Nanostructure; Particle/Cluster
paper_851|output_851|chem_Ce-PBA-250,Ce-PBA-250,,Generic Nanostructure; Particle/Cluster
paper_851|output_851|chem_CePO4_Ce-PBA-1,CePO4/Ce-PBA-1,,Faceted Polyhedron; Generic Nanostructure; Particle/Cluster
paper_851|output_851|chem_CePO4_Ce-PBA-2,CePO4/Ce-PBA-2,,Faceted Polyhedron; Generic Nanostructure; Particle/Cluster
paper_852|output_852|chem_NiFe_Ni,NiFe/Ni,Ni2[Fe(CN)6] on Ni foam,Faceted Polyhedron; Generic Nanostructure; Particle/Cluster; Porous Network; Rough/Wrinkled
paper_852|output_852|chem_Ni_TCPP_TiO2,Ni-TCPP/TiO2,Ni-TCPP/TiO2,Crystalline; Faceted Polyhedron; Porous Network
paper_854|output_854|chem_NFZ_PBA_H,NFZ-PBA-H,,Faceted Polyhedron
paper_856|output_856|chem_NF_CoFeP,NF@CoFeP,Co₂P-Fe₂P,2D Sheet; Generic Nanostructure; Porous Network
paper_857|output_857|chem_agns,AGNs,,2D Sheet
paper_857|output_857|chem_ps_cun4,PS-CuN4,CuN₄C₄,Porous Network
paper_857|output_857|chem_psb_cun3,PSB-CuN3,CuN₃C₃,2D Sheet; Generic Nanostructure; Particle/Cluster; Porous Network; Rough/Wrinkled
paper_858|output_858|chem_pt_np_wo3-x,Pt NP-WO_{3-x},,Particle/Cluster
paper_858|output_858|chem_pt_sa_wo3,Pt SA-WO_3,Pt/WO_3,Generic Nanostructure; Particle/Cluster
paper_859|output_859|chem_Cs_FAU,Cs+-FAU,Cs+-FAU,Particle/Cluster
paper_859|output_859|chem_K_FAU,K+-FAU,K+-FAU,Faceted Polyhedron; Particle/Cluster
paper_859|output_859|chem_Na_FAU,Na+-FAU,Na+-FAU,Particle/Cluster
paper_859|output_859|chem_Rb_FAU,Rb+-FAU,Rb+-FAU,Faceted Polyhedron; Particle/Cluster
paper_85|output_85|chem_z_NiFe,zwitterion-modified NiFe catalyst,,2D Sheet; Flower/Urchin/Dendrite; Generic Nanostructure; Hierarchical; Porous Network; Rough/Wrinkled
paper_860|output_860|chem_Pt_WO3_400,Pt/WO3-400,Pt/WO₃,Generic Nanostructure; Particle/Cluster
paper_860|output_860|chem_Pt_WO3_500,Pt/WO3-500,Pt/WO₃,Generic Nanostructure; Particle/Cluster
paper_860|output_860|chem_Pt_WO3_600,Pt/WO3-600,Pt/WO₃,Generic Nanostructure; Particle/Cluster
paper_862|output_862|chem_WO3_NF,WO₃/NF,WO₃/NF,Porous Network
paper_863|output_863|chem_CoF2,CoF_2,CoF_2,Crystalline
paper_863|output_863|chem_Ni0.42Co0.58F2-G,Ni_{0.42}Co_{0.58}F_2 -G,Ni_{0.42}Co_{0.58}F_2,1D Wire/Rod/Tube; Particle/Cluster
paper_863|output_863|chem_a-Ni-MeIM,a-Ni-MeIM,,1D Wire/Rod/Tube; Amorphous; Generic Nanostructure; Hierarchical; Porous Network
paper_864|output_864|chem_0.01F_NiFe_PBA,0.01F-NiFe PBA,,Faceted Polyhedron; Particle/Cluster; Porous Network
paper_864|output_864|chem_F_NiFe_PBA,F-NiFe PBA,,Faceted Polyhedron; Particle/Cluster; Porous Network
paper_864|output_864|chem_GQD_1_0.01F_NiFe_PBA,GQD/F-NiFe PBA,,Faceted Polyhedron; Particle/Cluster; Porous Network
paper_864|output_864|chem_GQD_NiFe_PBA,GQD/NiFe PBA,,Faceted Polyhedron; Generic Nanostructure; Particle/Cluster
paper_864|output_864|chem_NiFe_PBA,NiFe PBA,Ni3[Fe(CN)6]2,Faceted Polyhedron; Particle/Cluster; Porous Network
paper_865|output_865|chem_hesa,HESA,,Particle/Cluster
paper_866|output_866|chem_NiFeOOH_VZn,NiFeOOH-V_Zn,NiFeOOH-V_Zn,2D Sheet; Crystalline; Generic Nanostructure; Particle/Cluster; Porous Network; Rough/Wrinkled
paper_866|output_866|chem_NiFeZn_LDH,NiFeZn-LDH,NiFeZn-LDH,2D Sheet; Generic Nanostructure; Particle/Cluster
paper_866|output_866|chem_NiFe_LDH,NiFe-LDH,NiFe-LDH,1D Wire/Rod/Tube; 2D Sheet; Generic Nanostructure; Particle/Cluster; Porous Network
paper_867|output_867|chem_NF_Co4N_CeO2,NF/Co₄N@CeO₂,Co₄N@CeO₂/NF,Hollow/Core-Shell
paper_868|output_868|chem_NiCo_PBA,NiCo PBA,Ni₃[Co(CN)₆]₂·12H₂O,2D Sheet; Generic Nanostructure; Particle/Cluster
paper_869|output_869|chem_pt_n_cowo3,Pt/N-CoWO₃,Pt/N-CoWO₃,Particle/Cluster
paper_86|output_86|chem_FeNiCoSnPt,FeNiCoSnPt,FeNiCoSnPt,Faceted Polyhedron; Particle/Cluster
paper_86|output_86|chem_FeNiCoSnPt_CNF,FeNiCoSnPt@CNFs,FeNiCoSnPt,1D Wire/Rod/Tube; Faceted Polyhedron; Particle/Cluster
paper_86|output_86|chem_FeNiCuCoPt,FeNiCuCoPt,FeNiCuCoPt,Faceted Polyhedron; Particle/Cluster
paper_86|output_86|chem_FeNiCuCoPt_CNF,FeNiCuCoPt@CNFs,FeNiCuCoPt,1D Wire/Rod/Tube; Array/Aligned; Faceted Polyhedron; Particle/Cluster
paper_86|output_86|chem_FeNiCuSnPt,FeNiCuSnPt,FeNiCuSnPt,Faceted Polyhedron; Particle/Cluster
paper_86|output_86|chem_FeNiCuSnPt_CNF,FeNiCuSnPt@CNFs,FeNiCuSnPt,1D Wire/Rod/Tube; Faceted Polyhedron; Particle/Cluster
paper_870|output_870|chem_d_nife_ldh,d-NiFe LDH,,1D Wire/Rod/Tube; 2D Sheet; Porous Network
paper_870|output_870|chem_nife_ldh,NiFe LDH,,2D Sheet; Array/Aligned; Porous Network
paper_870|output_870|chem_ru_d_nife_ldh,Ru/d-NiFe LDH,,1D Wire/Rod/Tube; 2D Sheet; Particle/Cluster; Porous Network
paper_870|output_870|chem_ru_nife_ldh,Ru/NiFe LDH,,2D Sheet
paper_871|output_871|chem_PtRu_WO3_OV,PtRu/WO₃-Oᵥ,PtRu/WO₃-O_V,Particle/Cluster
paper_872|output_872|chem_fe_ni2p_1.0mM,Fe-doped Ni₂P (1.0 mM) nanosheets,Fe_xNi_{2(1-x)}P,2D Sheet
paper_873|output_873|chem_Ni1_N_C_15,Ni₁-N-C-15,Ni₁-N-C,Faceted Polyhedron; Generic Nanostructure; Particle/Cluster; Rough/Wrinkled
paper_873|output_873|chem_Ni1_N_C_50,Ni₁-N-C-50,Ni₁-N-C,Faceted Polyhedron; Generic Nanostructure; Particle/Cluster; Rough/Wrinkled
paper_873|output_873|chem_Ni_N_C_ZnCl2,Ni-N-C-ZnCl₂,,Particle/Cluster
paper_874|output_874|chem_V-PBA,V-PBA,K_{0.50}(VO)_{1.2}Fe(CN)_6·5.38H_2O,Faceted Polyhedron
paper_876|output_876|chem_Ni(OH)2_FeOOH,Ni(OH)₂/FeOOH,Ni(OH)₂/FeOOH,Amorphous; Crystalline; Porous Network
paper_876|output_876|chem_Ni-FeNH,Ni-FeNH,Ni-FeNH,2D Sheet; Crystalline; Generic Nanostructure; Particle/Cluster; Porous Network
paper_876|output_876|chem_Ni-FeOOH,Ni-FeOOH,Ni-FeOOH,2D Sheet; Amorphous; Porous Network
paper_876|output_876|chem_NiFe-LDH,NiFe-LDH,NiFe-LDH,2D Sheet; Crystalline; Porous Network
paper_877|output_877|chem_Fe_Ni_CoOOH_TPA,Fe-Ni-CoOOH-TPA,,1D Wire/Rod/Tube; Amorphous; Generic Nanostructure; Hollow/Core-Shell; Particle/Cluster; Porous Network; Rough/Wrinkled
paper_879|output_879|chem_CoN_VN_NF,CoN/VN@NF,,Faceted Polyhedron; Porous Network
paper_879|output_879|chem_CoVO_NF,CoVO@NF,Co3V2O8,Porous Network
paper_879|output_879|chem_P_CoVO_NF,P-CoVO@NF,,Faceted Polyhedron; Porous Network
paper_87|output_87|chem_CoFeLaNiPt_HEMG_NP,Co-Fe-La-Ni-Pt-based high-entropy metallic glass nanoparticles,,Particle/Cluster; Porous Network
paper_87|output_87|chem_FeCoNiMnCuOOH_20,high-entropy (oxy)hydroxide nanosheets,,2D Sheet
paper_87|output_87|chem_FeCoNiMnOOH_NF,high-entropy FeCoNiMnOOH nanosheet on nickel foam,,2D Sheet; Porous Network
paper_87|output_87|chem_H_FeCoNiCuMo,Fe-Co-Ni-Cu-Mo-based high-entropy alloy,,Hollow/Core-Shell; Porous Network
paper_87|output_87|chem_NFCCW_HEA,nanoporous Ni-Fe-Cu-Co-W high-entropy alloy,,Porous Network
paper_87|output_87|chem_NiFeCoMnAl_oxide,nanoporous NiFeCoMnAl oxide,,Generic Nanostructure; Particle/Cluster; Porous Network
paper_87|output_87|chem_NiMoPSO_NCAs_NF,high-chaos nickel molybdenum phosphorus sulfide oxides on nickel foam,,Array/Aligned; Porous Network
paper_880|output_880|chem_S_CoOH2_CeO2,S–Co(OH)₂/CeO₂,S-Co(OH)₂/CeO₂,2D Sheet; Porous Network
paper_881|output_881|chem_Pt_D_NiFe_LDH,Pt/D-NiFe-LDH,,2D Sheet; Generic Nanostructure; Hierarchical; Porous Network
paper_882|output_882|chem_Ru0.5Mn0.5O2,Ru0.5Mn0.5O2,Ru0.5Mn0.5O2,Particle/Cluster
paper_883|output_883|chem_RZ,Ru₃Zn₁Oₓ,Ru₃Zn₁Oₓ,Particle/Cluster
paper_883|output_883|chem_RZW,Ru₃Zn₀.₈₅W₀.₁₅Oₓ,Ru₃Zn₀.₈₅W₀.₁₅Oₓ,Particle/Cluster
paper_884|output_884|chem_feconicu,FeCoNiCu,FeCoNiCu,2D Sheet; Faceted Polyhedron; Particle/Cluster
paper_884|output_884|chem_pd,Pd NPs,Pd,Particle/Cluster
paper_884|output_884|chem_pd_feconiccu,Pd-FeCoNiCu,Pd-FeCoNiCu,2D Sheet; Faceted Polyhedron; Particle/Cluster
paper_885|output_885|chem_A-RSCOH,A-RSCOH,RuSnCo(OH)₆,Amorphous
paper_885|output_885|chem_A-SCOH,A-SCOH,SnCo(OH)₆,Amorphous
paper_885|output_885|chem_SCOH,SCOH,SnCo(OH)₆,Amorphous
paper_886|output_886|chem_Ir_Mn_Ni_PA,Ir@Mn-Ni-PA,,1D Wire/Rod/Tube; 2D Sheet; Amorphous; Film/Coating; Generic Nanostructure; Hollow/Core-Shell; Particle/Cluster; Porous Network
paper_886|output_886|chem_Mn_Ni_LDH,Mn-Ni LDH,,2D Sheet; Porous Network
paper_886|output_886|chem_Mn_Ni_PA,Mn-Ni-PA,,Amorphous
paper_887|output_887|chem_a_RhOH3_NiMn_LDH_4,a-Rh(OH)₃/NiMn-LDH-4,a-Rh(OH)₃/NiMn-LDH,2D Sheet
paper_888|output_888|chem_N-NiMo3P,N-NiMo₃P,N-NiMo₃P,Generic Nanostructure; Particle/Cluster; Porous Network
paper_888|output_888|chem_N-NiMoO3,N-NiMoO₃,N-NiMoO₃,1D Wire/Rod/Tube; Generic Nanostructure; Particle/Cluster; Porous Network; Rough/Wrinkled
paper_889|output_889|chem_Ni0.17Fe0.83_2P,(Ni₀.₁₇Fe₀.₈₃)₂P,(Ni₀.₁₇Fe₀.₈₃)₂P,1D Wire/Rod/Tube; 2D Sheet; Array/Aligned; Generic Nanostructure; Porous Network; Rough/Wrinkled
paper_889|output_889|chem_Ni0.33Fe0.67_2P,3D self-supported Fe-doped Ni₂P nanosheet arrays,(Ni₀.₃₃Fe₀.₆₇)₂P,1D Wire/Rod/Tube; 2D Sheet; Array/Aligned; Generic Nanostructure; Porous Network; Rough/Wrinkled
paper_889|output_889|chem_Ni0.5Fe0.5_2P,(Ni₀.₅Fe₀.₅)₂P,(Ni₀.₅Fe₀.₅)₂P,1D Wire/Rod/Tube; 2D Sheet; Array/Aligned; Generic Nanostructure; Porous Network; Rough/Wrinkled
paper_889|output_889|chem_Ni0.75Fe0.25_2P,(Ni₀.₇₅Fe₀.₂₅)₂P,(Ni₀.₇₅Fe₀.₂₅)₂P,1D Wire/Rod/Tube; 2D Sheet; Array/Aligned; Generic Nanostructure; Porous Network; Rough/Wrinkled
paper_889|output_889|chem_Ni2P,Ni₂P,Ni₂P,Porous Network
paper_891|output_891|chem_Cu,Cu,Cu,2D Sheet; Porous Network
paper_891|output_891|chem_Ov_Co(OH)2_Cu,O_v - Co(OH)_2 / Cu,O_v-Co(OH)_2/Cu,2D Sheet; Porous Network
paper_892|output_892|chem_NiS2,NiS₂,NiS₂,2D Sheet
paper_892|output_892|chem_NiSe2,NiSe₂,NiSe₂,Faceted Polyhedron; Particle/Cluster; Porous Network
paper_893|output_893|chem_Co_x_P,Co_xP,Co_xP,Generic Nanostructure; Hollow/Core-Shell; Particle/Cluster; Porous Network
paper_893|output_893|chem_Ni2P,Ni₂P,Ni₂P,Hierarchical; Hollow/Core-Shell; Porous Network
paper_893|output_893|chem_NiCoP,NiCoP,NiCoP,2D Sheet; Crystalline; Flower/Urchin/Dendrite; Generic Nanostructure; Hollow/Core-Shell; Particle/Cluster; Porous Network
paper_894|output_894|chem_Ni(OH)2-NiMoOx_NF,Ni(OH)2–NiMoOx/NF,Ni(OH)2-NiMoOx/NF,1D Wire/Rod/Tube; 2D Sheet; Flower/Urchin/Dendrite; Generic Nanostructure; Particle/Cluster; Porous Network; Rough/Wrinkled
paper_894|output_894|chem_NiMo_pre_ZnO_NF,NiMo pre@ZnO/NF,,1D Wire/Rod/Tube; Crystalline; Generic Nanostructure; Particle/Cluster; Porous Network; Rough/Wrinkled
paper_895|output_895|chem_FeNi3,FeNi3,FeNi₃,Hollow/Core-Shell; Particle/Cluster
paper_895|output_895|chem_FeNi3N-h,FeNi3N-h,FeNi₃N,Particle/Cluster
paper_895|output_895|chem_FeNi3N-s,FeNi3N-s,FeNi₃N,Particle/Cluster
paper_896|output_896|chem_eg_coh2_zif67,EG/Co(OH)₂/ZIF-67,,2D Sheet; Generic Nanostructure; Hollow/Core-Shell; Rough/Wrinkled
paper_897|output_897|chem_ZIF_67,ZIF-67,Co(C9H10N4),Faceted Polyhedron; Film/Coating; Generic Nanostructure; Particle/Cluster; Porous Network
paper_898|output_898|chem_CoOOH,CoOOH,CoOOH,Generic Nanostructure
paper_898|output_898|chem_Ni3Fe1Sx,Ni3Fe1Sx,Ni3Fe1Sx,2D Sheet; Generic Nanostructure; Porous Network; Rough/Wrinkled
paper_898|output_898|chem_Ni3Fe1_LDH,Ni3Fe1-LDH,Ni3Fe1-LDH,2D Sheet
paper_89|output_89|chem_Au_needles,gold nanoneedles,Au,1D Wire/Rod/Tube; 2D Sheet; Array/Aligned; Crystalline; Faceted Polyhedron; Film/Coating; Flower/Urchin/Dendrite; Generic Nanostructure; Hierarchical; Particle/Cluster; Rough/Wrinkled
paper_89|output_89|chem_Au_particles,gold nanoparticles,Au,1D Wire/Rod/Tube; 2D Sheet; Array/Aligned; Crystalline; Faceted Polyhedron; Film/Coating; Flower/Urchin/Dendrite; Generic Nanostructure; Hierarchical; Particle/Cluster; Rough/Wrinkled
paper_89|output_89|chem_Au_rods,gold nanorods,Au,1D Wire/Rod/Tube; 2D Sheet; Array/Aligned; Crystalline; Faceted Polyhedron; Film/Coating; Flower/Urchin/Dendrite; Generic Nanostructure; Hierarchical; Particle/Cluster; Rough/Wrinkled
paper_89|output_89|chem_Pd_needles,palladium nanoneedles,Pd,1D Wire/Rod/Tube; Generic Nanostructure; Particle/Cluster; Rough/Wrinkled
paper_8|output_8|chem_NiFe_LDH,NiFe LDH,NiFe LDH,2D Sheet
paper_901|output_901|chem_Ni1Co3_P_CSs,Ni₁Co₃-P@CSs,NiCoP,1D Wire/Rod/Tube; Array/Aligned; Generic Nanostructure; Hollow/Core-Shell; Particle/Cluster
paper_902|output_902|chem_CoFe-LDH_NF,CoFe-LDH/NF,,1D Wire/Rod/Tube; 2D Sheet; Generic Nanostructure; Hierarchical; Hollow/Core-Shell; Porous Network
paper_902|output_902|chem_CoFe_NiFe_100_NF,CoFe@NiFe-100/NF,,Porous Network
paper_902|output_902|chem_CoFe_NiFe_200_NF,CoFe@NiFe-200/NF,,1D Wire/Rod/Tube; 2D Sheet; Generic Nanostructure; Hierarchical; Hollow/Core-Shell; Particle/Cluster; Porous Network
paper_902|output_902|chem_CoFe_NiFe_300_NF,CoFe@NiFe-300/NF,,Porous Network
paper_902|output_902|chem_NiFe-LDH_NF,NiFe-LDH/NF,,2D Sheet; Porous Network
paper_903|output_903|chem_PBCO_100,PBCO(100),PrBaCo2O6,Rough/Wrinkled
paper_903|output_903|chem_PBCO_110,PBCO(110),PrBaCo2O6,Rough/Wrinkled
paper_903|output_903|chem_PBCO_111,PBCO(111),PrBaCo2O6,Rough/Wrinkled
paper_907|output_907|chem_IrPt_Ti,IrO2-Pt/Ti,IrO2-Pt/Ti,Rough/Wrinkled
paper_907|output_907|chem_IrTa_Ti,IrO2-Ta2O5/Ti,IrO2-Ta2O5/Ti,2D Sheet; Rough/Wrinkled
paper_907|output_907|chem_SiOx_IrOx_GC,SiOx|IrOx|GC,,Amorphous; Porous Network; Rough/Wrinkled
paper_907|output_907|chem_SiOx_Pt_thin_film,SiOx|Pt thin films,SiOx|Pt,Film/Coating
paper_908|output_908|chem_Co_MoS2,Co@MoS2,Co@MoS2,2D Sheet; Hollow/Core-Shell; Particle/Cluster
paper_909|output_909|chem_n_feooh_co3_nf,N-FeO(OH)-CO₃-NF,"N,CO₃²⁻ codoped FeOOH on Ni foam",Porous Network
paper_909|output_909|chem_nf_feooh_co3_nf,"N,F-FeO(OH)-CO₃-NF","N,F,CO₃²⁻ codoped FeOOH on Ni foam",2D Sheet; Generic Nanostructure; Porous Network
paper_909|output_909|chem_nf_feooh_nf,"N,F-FeO(OH)-NF","N,F codoped FeOOH on Ni foam",Porous Network
paper_909|output_909|chem_pto2_nf,IrO₂-NF,IrO₂ on Ni foam,Porous Network
paper_90|output_90|chem_NiOxHy_FTO,NiOxHy/FTO,NiOxHy,Film/Coating
paper_90|output_90|chem_NiOxHy_Ni_foil,NiOxHy/Ni foil,,Film/Coating
paper_90|output_90|chem_Ni_foil_CV,Ni-CV (Ni foil),NiOxHy/Ni,Porous Network
paper_90|output_90|chem_nanoporous_NiOxHy_Ni_foam,Nanoporous NiOxHy/Ni foam,,Porous Network
paper_910|output_910|chem_Co(OH)2,Co(OH)₂,Co(OH)₂,2D Sheet; Generic Nanostructure; Porous Network
paper_910|output_910|chem_Co3O4,Co₃O₄,Co₃O₄,1D Wire/Rod/Tube; 2D Sheet; Flower/Urchin/Dendrite; Generic Nanostructure; Hierarchical; Particle/Cluster; Porous Network
paper_910|output_910|chem_Co3O4-VOx,Co3O4-VOx,Co₃O₄-VOₓ,Generic Nanostructure
paper_911|output_911|chem_CeO2_modified_Pt,CeO2-modified Pt,Pt/CeO2,Film/Coating; Particle/Cluster
paper_911|output_911|chem_ionomer_coated_Pt,ionomer-coated Pt,Pt,Film/Coating; Particle/Cluster
paper_912|output_912|chem_ni_at_tio2_x_400,Ni@TiO2-x (400),,Particle/Cluster
paper_912|output_912|chem_ni_at_tio2_x_450,Ni@TiO2-x (450),,Hollow/Core-Shell; Particle/Cluster
paper_912|output_912|chem_ni_at_tio2_x_500,Ni@TiO2-x (500),,Particle/Cluster
paper_912|output_912|chem_ni_at_tio2_x_600,Ni@TiO2-x (600),,Particle/Cluster
paper_912|output_912|chem_ni_tio2_450,15% Ni/TiO2(450),15% Ni/TiO2,Hollow/Core-Shell; Particle/Cluster
paper_913|output_913|chem_Pt_110,Pt(110),Pt,Crystalline
paper_914|output_914|chem_Pt_111,Pt(111),Pt(111),Particle/Cluster
paper_915|output_915|chem_BBT-COF,BBT-COF,,Porous Network
paper_915|output_915|chem_BHT-COF,BHT-COF,,Porous Network
paper_915|output_915|chem_BOT-COF,BOT-COF,,Porous Network
paper_915|output_915|chem_DETH-COF,DETH-COF,,Porous Network
paper_916|output_916|chem_Pt_C_F_400,Pt/C-F-400,Pt on C-F-400,Particle/Cluster
paper_916|output_916|chem_Pt_C_F_800,Pt/C-F-800,Pt on C-F-800,1D Wire/Rod/Tube; Particle/Cluster
paper_916|output_916|chem_Pt_C_O_12,Pt/C-O-12,Pt on C-O-12,1D Wire/Rod/Tube; Particle/Cluster
paper_917|output_917|chem_MNN_1,MNN-1,Mo-NiO/Ni,Amorphous; Crystalline; Particle/Cluster
paper_917|output_917|chem_MNN_2,MNN-2,Mo-NiO/Ni,Amorphous; Crystalline; Particle/Cluster
paper_917|output_917|chem_MNN_3,MNN-3,Mo-NiO/Ni,Amorphous; Crystalline; Particle/Cluster
paper_917|output_917|chem_MNN_4,MNN-4,Mo-NiO/Ni,Amorphous; Crystalline; Particle/Cluster
paper_917|output_917|chem_Ni_NPs,Ni nanoparticles,Ni,Amorphous; Crystalline; Particle/Cluster
paper_917|output_917|chem_c_Mo_NiO,c-Mo-NiO,Mo-NiO,Crystalline
paper_917|output_917|chem_c_Mo_NiO_Ni,c-Mo-NiO/Ni,Mo-NiO/Ni,Amorphous; Crystalline; Particle/Cluster
paper_918|output_918|chem_CoO,CoO,CoO,2D Sheet; Film/Coating; Porous Network
paper_918|output_918|chem_CoO_CeO2,CoO/CeO2,CoO/CeO2,2D Sheet; Film/Coating; Generic Nanostructure; Hollow/Core-Shell; Particle/Cluster; Porous Network
paper_918|output_918|chem_CoO_CeO2_L,CoO/CeO2-L,CoO/CeO2-L,Film/Coating; Particle/Cluster
paper_919|output_919|chem_NiRuIr_NGTs,NiRuIr@NGTs,,1D Wire/Rod/Tube; Particle/Cluster; Porous Network
paper_91|output_91|chem_CrMnCoNiCu,CrMnCoNiCu,Cr0.2Mn0.2Co0.2Ni0.2Cu0.2Al2O4,Crystalline; Particle/Cluster
paper_922|output_922|chem_NiV_NF,NiV/NF,,Porous Network
paper_923|output_923|chem_Pt_Sb_SnO2,Pt/Sb-SnO2,Pt/Sb-SnO2,Particle/Cluster
paper_924|output_924|chem_Pt_WO2,Pt/WO₂,Pt/WO₂,Particle/Cluster
paper_924|output_924|chem_WO2,WO₂,WO₂,Particle/Cluster
paper_925|output_925|chem_NiP2_FeP2_CuNW_Cuf,NiP₂-FeP₂/CuNW/Cuf,NiP₂-FeP₂/Cu,1D Wire/Rod/Tube
paper_926|output_926|chem_pt_ni2fe1_24,Pt-Ni₂Fe₁-24,,2D Sheet
paper_927|output_927|chem_Cu25Ni75NP,Cu25Ni75NP,Cu0.25Ni0.75,Particle/Cluster
paper_927|output_927|chem_Cu50Ni50NP,Cu50Ni50NP,Cu0.5Ni0.5,Particle/Cluster
paper_927|output_927|chem_Cu75Ni25NP,Cu75Ni25NP,Cu0.75Ni0.25,Particle/Cluster
paper_927|output_927|chem_CuNP,CuNP,Cu,Particle/Cluster
paper_927|output_927|chem_NiNP,NiNP,Ni,Particle/Cluster
paper_929|output_929|chem_a_NiOH2,a-Ni(OH)2,Ni(OH)2,Amorphous; Porous Network
paper_929|output_929|chem_c_Ni_a_NiO,c-Ni@a-NiO,Ni-NiO,Amorphous; Crystalline; Faceted Polyhedron; Hollow/Core-Shell; Porous Network
paper_929|output_929|chem_c_Ni_a_NiOH2,c-Ni@a-Ni(OH)2,Ni-Ni(OH)2,1D Wire/Rod/Tube; Amorphous; Crystalline; Faceted Polyhedron; Generic Nanostructure; Hollow/Core-Shell
paper_929|output_929|chem_c_Ni_c_NiOH2,c-Ni@c-Ni(OH)2,Ni-Ni(OH)2,Amorphous; Crystalline; Faceted Polyhedron; Hollow/Core-Shell
paper_92|output_92|chem_IrCuNiPdPt_C,IrCuNiPdPt/C,IrCuNiPdPt/C,Crystalline; Particle/Cluster
paper_92|output_92|chem_TF-PtNiIrPdCu_C,TF-PtNiIrPdCu/C,PtNiIrPdCu/C,Crystalline; Particle/Cluster
paper_930|output_930|chem_Ir_Ni(OH)_x,Ir-Ni(OH),,Particle/Cluster; Porous Network
paper_930|output_930|chem_Ru_Ni(OH)_x,Ru-Ni(OH),,1D Wire/Rod/Tube; Particle/Cluster; Porous Network
paper_932|output_932|chem_Ni-BDC,Ni-BDC,Ni2(OH)2(C8H4O4),1D Wire/Rod/Tube; Generic Nanostructure; Hierarchical; Particle/Cluster; Porous Network
paper_932|output_932|chem_NiRu0.13-BDC,NiRu0.13-BDC,,1D Wire/Rod/Tube; Generic Nanostructure; Hierarchical; Porous Network
paper_933|output_933|chem_Pt1_CoNi_OH2_C,"Pt₁/(Co,Ni)(OH)₂/C","Pt₁/(Co,Ni)(OH)₂/C",2D Sheet
paper_934|output_934|chem_Ru_HC_Ni(OH)2,Ru-HC-Ni(OH)₂,Ru-HC-Ni(OH)₂,2D Sheet; Crystalline; Hollow/Core-Shell
paper_934|output_934|chem_Ru_LC_Ni(OH)2,Ru-LC-Ni(OH)₂,Ru-LC-Ni(OH)₂,2D Sheet; Crystalline; Hollow/Core-Shell; Porous Network
paper_935|output_935|chem_Ni_NiO_Ti3C2Tx_MXene,Ni-NiO/Ti₃C₂Tₓ MXene,Ni-NiO/Ti₃C₂Tₓ,Flower/Urchin/Dendrite
paper_936|output_936|chem_NiOx_BCNTs,NiO_x@BCNTs,NiO_x@BCNTs,1D Wire/Rod/Tube; Generic Nanostructure; Particle/Cluster
paper_936|output_936|chem_NiOx_BCNTs_Ni_foam,NiO_x@BCNTs-Ni foam,NiO_x@BCNTs-Ni foam,Porous Network
paper_936|output_936|chem_commercial_Ni,commercial Ni,Ni,1D Wire/Rod/Tube; Generic Nanostructure; Particle/Cluster
paper_937|output_937|chem_CoS2_nanocages_300,CoS2 nanocages-300,CoS2,2D Sheet; Array/Aligned; Faceted Polyhedron; Generic Nanostructure; Hierarchical; Porous Network; Rough/Wrinkled
paper_937|output_937|chem_hierarchical_CoS2_nanocages,hierarchical CoS2 nanocages,CoS2,2D Sheet; Array/Aligned; Faceted Polyhedron; Generic Nanostructure; Hierarchical; Porous Network; Rough/Wrinkled
paper_937|output_937|chem_hierarchical_CoS2_nanocages_300,hierarchical CoS2 nanocages-300,CoS2,2D Sheet; Array/Aligned; Faceted Polyhedron; Generic Nanostructure; Hierarchical; Porous Network; Rough/Wrinkled
paper_939|output_939|chem_Ni3S2_NF,Ni₃S₂/NF,Ni₃S₂,1D Wire/Rod/Tube; Array/Aligned; Flower/Urchin/Dendrite; Porous Network
paper_939|output_939|chem_NiCo2O4_NF,NiCo₂O₄/NF,NiCo₂O₄,1D Wire/Rod/Tube; Array/Aligned; Flower/Urchin/Dendrite; Porous Network
paper_939|output_939|chem_NiCo2S4,NiCo₂S₄,NiCo₂S₄,1D Wire/Rod/Tube; 2D Sheet; Array/Aligned; Flower/Urchin/Dendrite; Generic Nanostructure; Particle/Cluster; Porous Network; Rough/Wrinkled
paper_939|output_939|chem_NiCo2S4_NW_NF,NiCo₂S₄ NW/NF,NiCo₂S₄,1D Wire/Rod/Tube; 2D Sheet; Array/Aligned; Flower/Urchin/Dendrite; Generic Nanostructure; Particle/Cluster; Porous Network; Rough/Wrinkled
paper_939|output_939|chem_Ni_foam,bare Ni foam,Ni,1D Wire/Rod/Tube; Array/Aligned; Porous Network
paper_93|output_93|chem_PtAu_low,PtAu-low,,Film/Coating
paper_93|output_93|chem_PtMo_low,PtMo-low,,Film/Coating
paper_93|output_93|chem_PtRh_low,PtRh-low,,Film/Coating
paper_93|output_93|chem_PtRu_low,PtRu-low,,Crystalline; Film/Coating
paper_93|output_93|chem_Pt_thin_film,Pt thin-film electrode,Pt,Crystalline; Film/Coating; Particle/Cluster
paper_940|output_940|chem_Ni2P_Fe2P_NF,Ni₂P-Fe₂P/NF,Ni₂P-Fe₂P,2D Sheet; Porous Network
paper_941|output_941|chem_ni0.8fe0.2,mesoporous Ni₀.₈Fe₀.₂ film,Ni₀.₈Fe₀.₂,1D Wire/Rod/Tube; 2D Sheet; Film/Coating; Flower/Urchin/Dendrite; Porous Network
paper_941|output_941|chem_ni3s2_ns_nf,mesoporous Ni₃S₂ nanosheets/Ni foam,,2D Sheet; Porous Network
paper_941|output_941|chem_ni_mo_p_nf,Ni-Mo-P/NF,,Film/Coating; Porous Network
paper_941|output_941|chem_nicofe_ps_nf,NiCoFe-PS nanorod/NF,,1D Wire/Rod/Tube
paper_941|output_941|chem_pt_nanoparticles_cb_cnts,Pt nanoparticles,Pt,Particle/Cluster
paper_942|output_942|chem_ml_wo3,ML-WO₃,WO₃,1D Wire/Rod/Tube; 2D Sheet; Crystalline; Generic Nanostructure; Particle/Cluster; Porous Network
paper_942|output_942|chem_ml_wo3_h2o,ML-WO₃·H₂O,WO₃·H₂O,Crystalline; Generic Nanostructure; Particle/Cluster; Porous Network
paper_942|output_942|chem_pt_sa_ml_wo3,Pt-SA/ML-WO₃,Pt/WO₃,Crystalline; Generic Nanostructure; Particle/Cluster; Porous Network
paper_944|output_944|chem_PtP_NDs,PtP NDs,PtP,Generic Nanostructure; Hollow/Core-Shell; Particle/Cluster
paper_946|output_946|chem_K0.2SBNC03,K_{0.2}Sr_{0.45}Ba_{0.45}Nb_{1.7}Co_{0.3}O_{6 - \delta},K_{0.2}Sr_{0.45}Ba_{0.45}Nb_{1.7}Co_{0.3}O_{6 - \delta},Particle/Cluster
paper_946|output_946|chem_K0.4SBNC03,K_{0.4}Sr_{0.4}Ba_{0.4}Nb_{1.7}Co_{0.3}O_{6 - \delta},K_{0.4}Sr_{0.4}Ba_{0.4}Nb_{1.7}Co_{0.3}O_{6 - \delta},Particle/Cluster
paper_946|output_946|chem_SBNC03,Sr_{0.5}Ba_{0.5}Nb_{1.7}Co_{0.3}O_{6 - \delta},Sr_{0.5}Ba_{0.5}Nb_{1.7}Co_{0.3}O_{6 - \delta},Particle/Cluster
paper_947|output_947|chem_NiCo_DASs_N-C,NiCo DASs/N-C,,Faceted Polyhedron; Generic Nanostructure; Particle/Cluster; Porous Network; Rough/Wrinkled
paper_947|output_947|chem_Ni_SAs_N-C,Ni SAs/N-C,,Faceted Polyhedron; Generic Nanostructure; Particle/Cluster; Porous Network; Rough/Wrinkled
paper_948|output_948|chem_HTHATN-Ni-NS,HTHATN-Ni-NS,,Generic Nanostructure
paper_948|output_948|chem_HTHATN-Ni-Pt-NS,HTHATN-Ni-Pt-NS,,Generic Nanostructure; Porous Network
paper_949|output_949|chem_Ni0.90Co0.10P,Ni₀.₉₀Co₀.₁₀P,Ni_{0.90}Co_{0.10}P,1D Wire/Rod/Tube; 2D Sheet; Array/Aligned; Crystalline; Film/Coating; Generic Nanostructure; Particle/Cluster; Porous Network; Rough/Wrinkled
paper_949|output_949|chem_Ni0.96Co0.04P,Ni₀.₉₆Co₀.₀₄P,Ni_{0.96}Co_{0.04}P,1D Wire/Rod/Tube; 2D Sheet; Array/Aligned; Crystalline; Film/Coating; Generic Nanostructure; Particle/Cluster; Porous Network; Rough/Wrinkled
paper_949|output_949|chem_Ni0.99Co0.01P,Ni₀.₉₉Co₀.₀₁P,Ni_{0.99}Co_{0.01}P,1D Wire/Rod/Tube; 2D Sheet; Array/Aligned; Crystalline; Film/Coating; Generic Nanostructure; Particle/Cluster; Porous Network; Rough/Wrinkled
paper_949|output_949|chem_NiP,NiP,NiP,1D Wire/Rod/Tube; 2D Sheet; Array/Aligned; Crystalline; Film/Coating; Generic Nanostructure; Particle/Cluster; Porous Network; Rough/Wrinkled
paper_950|output_950|chem_1T_Re_x_Mo_1-x_S2,1T' Re_x Mo_{1-x} S_2,Re_x Mo_{1-x} S_2,Crystalline
paper_950|output_950|chem_1T_Re_x_Mo_1-x_S2_2H_MoS2_heterojunction,1T' Re_x Mo_{1-x} S_2 - 2H MoS_2 lateral heterojunction,Re_x Mo_{1-x} S_2 - MoS_2,1D Wire/Rod/Tube; Film/Coating; Generic Nanostructure; Particle/Cluster
paper_950|output_950|chem_Pt,Pt,Pt,Particle/Cluster
paper_951|output_951|chem_NiCo2S4,NiCo₂S₄,NiCo₂S₄,2D Sheet
paper_951|output_951|chem_NiCo2S4_ReS2,NiCo₂S₄/ReS₂,NiCo₂S₄/ReS₂,2D Sheet; Generic Nanostructure; Porous Network
paper_951|output_951|chem_ReS2,ReS₂,ReS₂,2D Sheet
paper_952|output_952|chem_Pd12Ru3_NiOH2_C,Pd₁₂Ru₃/Ni(OH)₂/C,,1D Wire/Rod/Tube; Generic Nanostructure; Particle/Cluster; Porous Network
paper_953|output_953|chem_Ni2P_CoP,Ni₂P/CoP,Ni₂P/CoP,2D Sheet; Generic Nanostructure; Particle/Cluster; Porous Network; Rough/Wrinkled
paper_953|output_953|chem_Ni2P_CoP_Pt_100s,Ni₂P/CoP-Pt 100s,Ni₂P/CoP/Pt,2D Sheet; Generic Nanostructure; Particle/Cluster; Porous Network; Rough/Wrinkled
paper_953|output_953|chem_Ni2P_CoP_Pt_10s,Ni₂P/CoP-Pt 10s,Ni₂P/CoP/Pt,2D Sheet; Generic Nanostructure; Particle/Cluster; Porous Network; Rough/Wrinkled
paper_953|output_953|chem_Ni2P_CoP_Pt_50s,Ni₂P/CoP-Pt 50s,Ni₂P/CoP/Pt,2D Sheet; Generic Nanostructure; Particle/Cluster; Porous Network; Rough/Wrinkled
paper_953|output_953|chem_Ni_foam_Pt_10s,Ni foam-Pt 10s,,Porous Network
paper_954|output_954|chem_Au_NiSx,Au@NiS_x,Au@NiS_x,Film/Coating; Generic Nanostructure; Hollow/Core-Shell; Particle/Cluster
paper_954|output_954|chem_Au_h_NiSx,Au + h-NiS_x,Au + hollow NiS_x,Hollow/Core-Shell; Particle/Cluster
paper_954|output_954|chem_Au_s_NiSx,Au + s-NiS_x,Au + solid NiS_x,Generic Nanostructure; Particle/Cluster
paper_954|output_954|chem_bare_hollow_NiSx,bare hollow NiS_x,NiS_x,Generic Nanostructure; Hollow/Core-Shell; Particle/Cluster
paper_955|output_955|chem_super_Co3S4_P-WS2_Co9S8,Super-Co₃S₄/P-WS₂/Co₉S₈,Co₃S₄/P-WS₂/Co₉S₈,1D Wire/Rod/Tube; 2D Sheet; Generic Nanostructure; Hierarchical; Particle/Cluster; Rough/Wrinkled
paper_957|output_957|chem_feconialti_hei,L12-type FeCoNiAlTi high-entropy intermetallic,FeCoNiAlTi,1D Wire/Rod/Tube; 2D Sheet; Faceted Polyhedron; Film/Coating; Generic Nanostructure; Particle/Cluster; Porous Network
paper_958|output_958|chem_Y1.75Co0.25Ru2O7-delta,Y_{1.75}Co_{0.25}Ru_2O_{7 - \delta},Y_{1.75}Co_{0.25}Ru_2O_{7 - \delta},Faceted Polyhedron; Generic Nanostructure; Particle/Cluster; Porous Network
paper_958|output_958|chem_Y2Ru2O7-delta,Y_2Ru_2O_{7 - \delta},Y_2Ru_2O_{7 - \delta},Generic Nanostructure; Particle/Cluster; Porous Network
paper_959|output_959|chem_Pt-SnS2_SnO2_90,Pt-SnS2/SnO2-90,Pt/SnS2/SnO2,Particle/Cluster
paper_959|output_959|chem_Pt_SnS2,Pt-SnS2,Pt/SnS2,Particle/Cluster
paper_95|output_95|chem_CeO2,Cerium dioxide,CeO2,Crystalline
paper_95|output_95|chem_DS_CeO2_NiCo_LDH,double-shelled CeO2 / NiCo layered double hydroxide,CeO2/NiCo(OH)2,2D Sheet; Crystalline; Faceted Polyhedron
paper_95|output_95|chem_SS_NiCo_LDH,single-shelled NiCo layered double hydroxide,NiCo(OH)2,2D Sheet; Crystalline
paper_961|output_961|chem_Mo2C-Ru/C,Mo₂C-Ru/C,Mo₂C-Ru/C,Generic Nanostructure; Particle/Cluster; Rough/Wrinkled
paper_962|output_962|chem_CuCo_LDH,CuCo-LDH,,2D Sheet; Particle/Cluster; Porous Network
paper_962|output_962|chem_CuCo_LDH_S,CuCo-LDH-S,,2D Sheet; Particle/Cluster
paper_962|output_962|chem_CuCo_LDH_S_ZnS_QDs,CuCo-LDH-S/ZnS-QDs,,Particle/Cluster
paper_963|output_963|chem_Pt_OMC_NH2,Pt/OMC_NH2,Pt/OMC_NH2,Particle/Cluster; Porous Network
paper_963|output_963|chem_Pt_OMC_OH,Pt/OMC_OH,Pt/OMC_OH,Particle/Cluster
paper_963|output_963|chem_Pt_OMC_SH,Pt/OMC_SH,Pt/OMC_SH,Film/Coating; Particle/Cluster
paper_965|output_965|chem_pt_sa_wox,Pt-SA/WO_x,Pt-SA/WO_x,Amorphous; Film/Coating
paper_965|output_965|chem_wo3,WO_3,WO3,Generic Nanostructure
paper_966|output_966|chem_RuNi-MoO2,RuNi-MoO2,RuNi-MoO2,2D Sheet
paper_967|output_967|chem_Ni,Ni,Ni,Particle/Cluster; Porous Network
paper_967|output_967|chem_Pb_Ni,Pb/Ni,Pb/Ni,Crystalline; Particle/Cluster
paper_968|output_968|chem_CoSA_CNT,CoSA/CNT,,1D Wire/Rod/Tube; Crystalline; Film/Coating; Particle/Cluster
paper_968|output_968|chem_NiFe_LDH,NiFe-layered double hydroxide,NiFe-LDH,2D Sheet
paper_968|output_968|chem_Ru_CNT,Ru/CNT,Ru ACs on CNT,1D Wire/Rod/Tube; Generic Nanostructure; Particle/Cluster; Porous Network; Rough/Wrinkled
paper_968|output_968|chem_Ru_CoSA_CNT,Ru/CoSA/CNT,Ru ACs on CoN4/CNT,1D Wire/Rod/Tube; Generic Nanostructure; Particle/Cluster; Porous Network; Rough/Wrinkled
paper_969|output_969|chem_FeMo-S_Ru,FeMo-S/Ru,FeMo2S4/Ru,2D Sheet; Generic Nanostructure; Particle/Cluster; Porous Network
paper_96|output_96|chem_Ag7O8NO3_torpedo,Ag7O8NO3 microscale torpedoes,Ag7O8NO3,1D Wire/Rod/Tube; Film/Coating
paper_96|output_96|chem_nanoporous_silver_torpedo,nanoporous silver microscale torpedoes,Ag,Crystalline; Particle/Cluster; Porous Network
paper_96|output_96|chem_silver_nanoparticle_aggregate,silver nanoparticle aggregate,Ag,Crystalline; Particle/Cluster; Porous Network
paper_970|output_970|chem_Mo_Co_Px,"(Mo, Co)Px",,Faceted Polyhedron; Porous Network
paper_971|output_971|chem_Ru_NC_O_Ce_SA_C,Ru_NC -O- Ce_SA / C,,Generic Nanostructure; Particle/Cluster
paper_971|output_971|chem_Ru_NC_O_Er_SA_C,Ru_NC -O- Er_SA / C,,Generic Nanostructure; Particle/Cluster; Porous Network
paper_971|output_971|chem_Ru_NC_O_La_SA_C,Ru_NC -O- La_SA / C,,Particle/Cluster
paper_972|output_972|chem_30pct_Ir_WO3_TiN,30% Ir/WO₃@TiN,Ir/WO₃@TiN,Particle/Cluster
paper_973|output_973|chem_NiCoP_v_NF,NiCoPv@NF,NiCoP_v,Porous Network
paper_973|output_973|chem_S_RuO2,S-RuO2,S-RuO2,2D Sheet; Generic Nanostructure; Hollow/Core-Shell; Particle/Cluster; Porous Network
paper_974|output_974|chem_compressed_Mo2C,compressed Mo₂C,Mo₂C,Particle/Cluster
paper_974|output_974|chem_dislocation_free_Mo2C,dislocation-free Mo₂C,Mo₂C,Particle/Cluster
paper_974|output_974|chem_dislocation_poor_Mo2C,dislocation-poor Mo₂C,Mo₂C,Particle/Cluster
paper_974|output_974|chem_dislocation_rich_Mo2C,dislocation-rich Mo₂C,Mo₂C,Particle/Cluster
paper_975|output_975|chem_act_cuCo_ldh,Act-CuCo LDH,,2D Sheet
paper_975|output_975|chem_cuco_ldh,CuCo LDH,,2D Sheet; Generic Nanostructure
paper_976|output_976|chem_Ptn_Pt1_Mo2C_NPC,Pt_n - Pt_{1@Mo2C}/NPC,Pt_n-Pt_1@Mo_2C/NPC,Particle/Cluster
paper_976|output_976|chem_Ptn_Pt1_NPC,Pt_n - Pt_1 / NPC,Pt_n-Pt_1/NPC,Particle/Cluster; Porous Network
paper_977|output_977|chem_MoO2_NF,MoO_2@NF,MoO_2,Generic Nanostructure
paper_977|output_977|chem_Ni0.2Mo0.8N_MoO2_NF,Ni_{0.2}Mo_{0.8}N / MoO_2@NF,Ni_{0.2}Mo_{0.8}N / MoO_2,1D Wire/Rod/Tube; Faceted Polyhedron; Particle/Cluster; Porous Network
paper_977|output_977|chem_NiMoO4_xH2O_NF,NiMoO_4·xH_2O@NF,NiMoO_4·xH_2O,1D Wire/Rod/Tube; Particle/Cluster; Porous Network
paper_978|output_978|chem_mo_co3o4_noc_cc,Mo-Co₃O₄@NOC/CC,Mo-Co₃O₄@NOC,Particle/Cluster
paper_979|output_979|chem_CuO_NiCoS_NAs_NF,CuO@NiCoS NAs/NF,CuO@NiCoS,1D Wire/Rod/Tube; 2D Sheet; Array/Aligned; Faceted Polyhedron; Film/Coating; Generic Nanostructure; Hollow/Core-Shell; Particle/Cluster
paper_979|output_979|chem_NiCoS_NAs_NF,NiCoS NAs/NF,NiCoS,1D Wire/Rod/Tube; 2D Sheet; Array/Aligned; Faceted Polyhedron; Generic Nanostructure; Hollow/Core-Shell; Particle/Cluster
paper_97|output_97|chem_Ru_Mn_Ca_Pr_oxide,Ru-Mn-Ca-Pr oxide catalyst,,Particle/Cluster
paper_980|output_980|chem_NF,Ni-Fe oxide/hydroxide (NF),Ni-Fe oxide/hydroxide,Porous Network
paper_981|output_981|chem_CC,CC,C,Faceted Polyhedron; Particle/Cluster; Porous Network
paper_981|output_981|chem_Ce2W2O9,Ce₂W₂O₉,Ce₂W₂O₉,Particle/Cluster
paper_981|output_981|chem_R_Ce2W2O9,R-Ce₂W₂O₉,Ce₂W₂O₉,Particle/Cluster
paper_982|output_982|chem_Co3O4_HS,Co3O4 HS,Co3O4,1D Wire/Rod/Tube; Generic Nanostructure; Hierarchical; Hollow/Core-Shell; Particle/Cluster; Porous Network
paper_982|output_982|chem_Yb_Co3O4_HS,Yb-Co3O4 HS,Yb-Co3O4,1D Wire/Rod/Tube; Generic Nanostructure; Hierarchical; Hollow/Core-Shell; Particle/Cluster; Porous Network
paper_983|output_983|chem_con,CoN,,1D Wire/Rod/Tube; Faceted Polyhedron; Particle/Cluster; Porous Network
paper_983|output_983|chem_mo_con,Mo-CoN,,1D Wire/Rod/Tube; Generic Nanostructure; Particle/Cluster; Porous Network
paper_984|output_984|chem_HE-LDHs_CC,HE-LDHs/CC,MnFeCoNiCu-LDHs/CC,2D Sheet; Generic Nanostructure
paper_985|output_985|chem_Ni2FeP_NF,Ni₂FeP/NF,Ni₂FeP/NF,Porous Network
paper_985|output_985|chem_NiTe_NF,NiTe/NF,NiTe/NF,Porous Network
paper_985|output_985|chem_NiTe_Ni2FeP_NF,NiTe/Ni₂FeP/NF,NiTe/Ni₂FeP/NF,Generic Nanostructure; Hollow/Core-Shell; Particle/Cluster; Porous Network
paper_987|output_987|chem_PtRu_NCNTs,PtRu/NCNTs,PtRu alloy clusters on NCNTs,1D Wire/Rod/Tube; Particle/Cluster; Porous Network
paper_988|output_988|chem_Ir_WO2.72_TF,Ir/WO_{2.72}/TF,Ir/WO_{2.72},Particle/Cluster
paper_988|output_988|chem_Ir_WO2.9_TF,Ir/WO_{2.9}/TF,Ir/WO_{2.9},Particle/Cluster
paper_988|output_988|chem_Ir_WO3_TF,Ir/WO_3/TF,Ir/WO_3,Particle/Cluster
paper_989|output_989|chem_CeO2_Lipo,CeO2@Lipo,,Film/Coating; Particle/Cluster
paper_989|output_989|chem_Ir_CeO2_Lipo,Ir/CeO2@Lipo,,Film/Coating; Hollow/Core-Shell; Particle/Cluster
paper_98|output_98|chem_Ni_N5_C,Ni-N5-C,,Particle/Cluster
paper_990|output_990|chem_CF,CF,cobalt foam,Porous Network
paper_990|output_990|chem_Ru_Co2P_CoP_CCF,Ru-Co₂P/CoP/CCF,Ru-Co₂P/CoP,2D Sheet; Generic Nanostructure; Particle/Cluster; Porous Network
paper_990|output_990|chem_Ru_Co2P_CoP_CF,Ru-Co₂P/CoP/CF,Ru-Co₂P/CoP,2D Sheet; Generic Nanostructure; Particle/Cluster; Porous Network
paper_991|output_991|chem_NiO_Pt3Ni_200,NiO/Pt₃Ni-200,NiO/Pt₃Ni,2D Sheet; Crystalline; Faceted Polyhedron; Particle/Cluster; Porous Network
paper_991|output_991|chem_NiO_Pt3Ni_300,NiO/Pt₃Ni-300,NiO/Pt₃Ni,2D Sheet; Crystalline; Faceted Polyhedron; Particle/Cluster; Porous Network
paper_991|output_991|chem_NiO_Pt3Ni_400,NiO/Pt₃Ni-400,NiO/Pt₃Ni,2D Sheet; Crystalline; Faceted Polyhedron; Particle/Cluster; Porous Network
paper_991|output_991|chem_Pt3Ni,Pt₃Ni,Pt₃Ni,2D Sheet; Crystalline; Particle/Cluster
paper_992|output_992|chem_A_ZnFeNiSe2,A-ZnFeNiSe2,,Amorphous; Porous Network
paper_993|output_993|chem_Ni-OH,Ni-OH,Ni-OH,Particle/Cluster; Porous Network; Rough/Wrinkled
paper_993|output_993|chem_S-NiOH2,S-Ni(OH)₂,Ni(OH)₂,Particle/Cluster; Porous Network; Rough/Wrinkled
paper_994|output_994|chem_Ce0.1_Fe2P_NiCoP_NF,Ce_{0.1}-Fe_2P/NiCoP@NF,Ce_{0.1}Fe_2P/NiCoP@NF,Particle/Cluster; Porous Network
paper_994|output_994|chem_NiCoP_NF,NiCoP@NF,NiCoP@NF,1D Wire/Rod/Tube; Porous Network
paper_995|output_995|chem_ni_cofe2o4_nf,Ni-CoFe₂O₄/NF,Ni-CoFe₂O₄,Porous Network
paper_995|output_995|chem_ni_cofe2o4_nf_800,Ni-CoFe₂O₄/NF-800,Ni-CoFe₂O₄,Porous Network
paper_995|output_995|chem_ni_nf,Ni/NF,Ni,1D Wire/Rod/Tube; Generic Nanostructure; Particle/Cluster; Porous Network; Rough/Wrinkled
paper_995|output_995|chem_nico2o4_nf,NiCo₂O₄/NF,NiCo₂O₄,Porous Network
paper_995|output_995|chem_nife2o4_nf,NiFe₂O₄/NF,NiFe₂O₄,Porous Network
paper_996|output_996|chem_rwo,RWO,Ru/WO2,1D Wire/Rod/Tube; Generic Nanostructure; Hierarchical; Particle/Cluster; Porous Network
paper_996|output_996|chem_rwo_a,RWO-A,RuOx/WO2,Particle/Cluster
paper_997|output_997|chem_NiFe_LDH,NiFe-LDH,Ni0.75Fe0.25(OH)2(CO3)0.125·0.38H2O,2D Sheet; Porous Network
paper_998|output_998|chem_Ni-WNO,Ni-WNO,Ni-WNO,Faceted Polyhedron
paper_998|output_998|chem_WNO,WNO,WNO,Particle/Cluster
paper_999|output_999|chem_Co3O4,Co₃O₄,Co₃O₄,Hollow/Core-Shell; Particle/Cluster
paper_9|output_9|chem_IrSA_MnOx,IrSA-MnOx,IrSA-MnOx,Amorphous; Crystalline; Hollow/Core-Shell; Particle/Cluster; Porous Network
paper_9|output_9|chem_MnOx,MnOx,MnOx,Amorphous; Crystalline; Hollow/Core-Shell; Particle/Cluster; Porous Network
