label_col,label_display,algorithm,algorithm_label,feature,pretty_feature,feature_group,mean_abs_shap,mean_feature_value,feature_value_shap_spearman,n_shap_samples,positive_rows_sampled,group_mode,explanation_scope
morph_hc_is_1d_wire_rod_tube,1D Wire Rod Tube,random_forest,Random forest,num__has_el_s,S present,Composition,0.03161656627992688,0.10857142857142857,0.5225517291459771,1050,232,catalyst_key,out_of_fold_heldout_rows
morph_hc_is_1d_wire_rod_tube,1D Wire Rod Tube,random_forest,Random forest,num__active_element_count,Active element count,Composition,0.028423270805116245,0.27099567099567096,-0.20757875834268197,1050,232,catalyst_key,out_of_fold_heldout_rows
morph_hc_is_1d_wire_rod_tube,1D Wire Rod Tube,random_forest,Random forest,num__has_el_pt,Pt present,Composition,0.021259648488396694,0.10380952380952381,-0.5247964060218308,1050,232,catalyst_key,out_of_fold_heldout_rows
morph_hc_is_1d_wire_rod_tube,1D Wire Rod Tube,random_forest,Random forest,num__synth_time_h,Synthesis time,Synthesis,0.014890257183740634,0.007974258629377676,-0.5318013329264641,1050,232,catalyst_key,out_of_fold_heldout_rows
morph_hc_is_1d_wire_rod_tube,1D Wire Rod Tube,random_forest,Random forest,num__metal_mass_loading_mg_cm2,Metal mass loading,Other,0.014670214202683923,0.010519418171131991,0.015077918872320534,1050,232,catalyst_key,out_of_fold_heldout_rows
morph_hc_is_1d_wire_rod_tube,1D Wire Rod Tube,random_forest,Random forest,num__synth_temperature_c,Synthesis temperature,Synthesis,0.01352432270728854,0.11215070341862234,-0.05327872376984099,1050,232,catalyst_key,out_of_fold_heldout_rows
morph_hc_is_1d_wire_rod_tube,1D Wire Rod Tube,random_forest,Random forest,num__synth_step_count,Synthesis step count,Synthesis,0.013291559593384706,0.13081632653061223,-0.5832895372812064,1050,232,catalyst_key,out_of_fold_heldout_rows
morph_hc_is_1d_wire_rod_tube,1D Wire Rod Tube,random_forest,Random forest,num__xps_text_energy_mean_ev,XPS BE mean,Structure / characterization,0.013021839220256123,0.43154629982857573,-0.2268064344770974,1050,232,catalyst_key,out_of_fold_heldout_rows
morph_hc_is_1d_wire_rod_tube,1D Wire Rod Tube,random_forest,Random forest,num__has_el_o,O present,Composition,0.012419181550554293,0.3780952380952381,0.7960832903056319,1050,232,catalyst_key,out_of_fold_heldout_rows
morph_hc_is_1d_wire_rod_tube,1D Wire Rod Tube,random_forest,Random forest,num__synth_has_hydrothermal,Hydrothermal route,Synthesis,0.01191880941682243,0.10095238095238095,0.4864726912169983,1050,232,catalyst_key,out_of_fold_heldout_rows
morph_hc_is_1d_wire_rod_tube,1D Wire Rod Tube,random_forest,Random forest,num__xps_text_energy_std_ev,XPS BE dispersion,Structure / characterization,0.01171972378894913,0.502682752676493,-0.09346424506464027,1050,232,catalyst_key,out_of_fold_heldout_rows
morph_hc_is_1d_wire_rod_tube,1D Wire Rod Tube,random_forest,Random forest,num__xps_text_energy_min_ev,XPS BE min,Structure / characterization,0.011062436393919798,0.09516154482221899,0.1250028009179259,1050,232,catalyst_key,out_of_fold_heldout_rows
morph_hc_is_1d_wire_rod_tube,1D Wire Rod Tube,random_forest,Random forest,num__xps_text_peak_count,XPS peak count,Structure / characterization,0.010149883924544027,0.08133848133848133,0.10404730439223886,1050,232,catalyst_key,out_of_fold_heldout_rows
morph_hc_is_1d_wire_rod_tube,1D Wire Rod Tube,random_forest,Random forest,num__xps_text_energy_max_ev,XPS BE max,Structure / characterization,0.010027867298544034,0.6430630952380952,0.11339765305780408,1050,232,catalyst_key,out_of_fold_heldout_rows
morph_hc_is_1d_wire_rod_tube,1D Wire Rod Tube,random_forest,Random forest,num__has_el_ni,NI present,Composition,0.009632806597386098,0.4942857142857143,-0.18305174789818626,1050,232,catalyst_key,out_of_fold_heldout_rows
morph_hc_is_1d_wire_rod_tube,1D Wire Rod Tube,random_forest,Random forest,num__bet_surface_area_m2_g,BET surface area,Structure / characterization,0.009424183156206578,0.041110450627339444,-0.23779522597959515,1050,232,catalyst_key,out_of_fold_heldout_rows
morph_hc_is_1d_wire_rod_tube,1D Wire Rod Tube,random_forest,Random forest,num__comp_ni,Ni content,Composition,0.008457001779667852,0.11332531917817633,0.0064966230866367325,1050,232,catalyst_key,out_of_fold_heldout_rows
morph_hc_is_1d_wire_rod_tube,1D Wire Rod Tube,random_forest,Random forest,num__structure_interplanar_spacing,Interplanar spacing,Structure / characterization,0.00839735070072713,0.0047388696657046665,0.04059829337037355,1050,232,catalyst_key,out_of_fold_heldout_rows
morph_hc_is_1d_wire_rod_tube,1D Wire Rod Tube,random_forest,Random forest,num__has_el_ru,RU present,Composition,0.00813959122768586,0.10571428571428572,-0.5283261005543515,1050,232,catalyst_key,out_of_fold_heldout_rows
morph_hc_is_1d_wire_rod_tube,1D Wire Rod Tube,random_forest,Random forest,num__has_el_h,H present,Composition,0.007904530425230876,0.15047619047619049,-0.3950123484398435,1050,232,catalyst_key,out_of_fold_heldout_rows
morph_hc_is_1d_wire_rod_tube,1D Wire Rod Tube,random_forest,Random forest,num__has_el_mo,MO present,Composition,0.007685986376582641,0.10952380952380952,0.40008597788990913,1050,232,catalyst_key,out_of_fold_heldout_rows
morph_hc_is_1d_wire_rod_tube,1D Wire Rod Tube,random_forest,Random forest,num__comp_mo,mo composition,Composition,0.007059525674470478,0.015714884737392913,-0.2549193803890483,1050,232,catalyst_key,out_of_fold_heldout_rows
morph_hc_is_1d_wire_rod_tube,1D Wire Rod Tube,random_forest,Random forest,num__structure_lattice_spacing,Lattice spacing,Structure / characterization,0.006911091453746116,0.001783194660396785,0.1389102965697772,1050,232,catalyst_key,out_of_fold_heldout_rows
morph_hc_is_1d_wire_rod_tube,1D Wire Rod Tube,random_forest,Random forest,num__support_is_nickel_foam,support is nickel foam,Support,0.006435326474744287,0.07714285714285714,-0.3896967539447816,1050,232,catalyst_key,out_of_fold_heldout_rows
morph_hc_is_1d_wire_rod_tube,1D Wire Rod Tube,random_forest,Random forest,num__synth_has_calcination,synth has calcination,Synthesis,0.006407331815404548,0.06476190476190476,0.30261797789382333,1050,232,catalyst_key,out_of_fold_heldout_rows
morph_hc_is_1d_wire_rod_tube,1D Wire Rod Tube,random_forest,Random forest,cat__support_class_text_nickel_foam,support class text nickel foam,Support,0.006295838286994118,0.9533333333333334,0.346904072143877,1050,232,catalyst_key,out_of_fold_heldout_rows
morph_hc_is_1d_wire_rod_tube,1D Wire Rod Tube,random_forest,Random forest,num__has_el_n,N present,Composition,0.005500757871290777,0.1219047619047619,-0.5028699493488629,1050,232,catalyst_key,out_of_fold_heldout_rows
morph_hc_is_1d_wire_rod_tube,1D Wire Rod Tube,random_forest,Random forest,num__has_el_cu,CU present,Composition,0.005335433020617344,0.06476190476190476,-0.3417362955863802,1050,232,catalyst_key,out_of_fold_heldout_rows
morph_hc_is_1d_wire_rod_tube,1D Wire Rod Tube,random_forest,Random forest,num__comp_fe,Fe content,Composition,0.005323471610203531,0.007465437150513423,-0.1335592824775157,1050,232,catalyst_key,out_of_fold_heldout_rows
morph_hc_is_1d_wire_rod_tube,1D Wire Rod Tube,random_forest,Random forest,num__has_el_se,SE present,Composition,0.005291249486308741,0.02,0.24248727204713866,1050,232,catalyst_key,out_of_fold_heldout_rows
morph_hc_is_1d_wire_rod_tube,1D Wire Rod Tube,random_forest,Random forest,num__has_el_fe,FE present,Composition,0.005232533936951161,0.30095238095238097,-0.35979867652947706,1050,232,catalyst_key,out_of_fold_heldout_rows
morph_hc_is_1d_wire_rod_tube,1D Wire Rod Tube,random_forest,Random forest,num__xps_text_has_satellite_peak,xps text has satellite peak,Structure / characterization,0.005098801529430699,0.07142857142857142,-0.35125124836561217,1050,232,catalyst_key,out_of_fold_heldout_rows
morph_hc_is_1d_wire_rod_tube,1D Wire Rod Tube,random_forest,Random forest,num__has_el_ts,TS present,Composition,0.00500793327454686,0.004761904761904762,0.11923802127922654,1050,232,catalyst_key,out_of_fold_heldout_rows
morph_hc_is_1d_wire_rod_tube,1D Wire Rod Tube,random_forest,Random forest,num__comp_ru,ru composition,Composition,0.004865935923333768,0.02775251184694194,-0.13716871910921055,1050,232,catalyst_key,out_of_fold_heldout_rows
morph_hc_is_1d_wire_rod_tube,1D Wire Rod Tube,random_forest,Random forest,num__has_el_ir,Ir present,Composition,0.00478609562428717,0.04666666666666667,0.22093860422981904,1050,232,catalyst_key,out_of_fold_heldout_rows
morph_hc_is_1d_wire_rod_tube,1D Wire Rod Tube,random_forest,Random forest,num__synth_has_ultrasonication,synth has ultrasonication,Synthesis,0.004709072917778234,0.04,-0.18109000505239753,1050,232,catalyst_key,out_of_fold_heldout_rows
morph_hc_is_1d_wire_rod_tube,1D Wire Rod Tube,random_forest,Random forest,num__has_el_ti,TI present,Composition,0.004512225030741972,0.03619047619047619,-0.09964632509624012,1050,232,catalyst_key,out_of_fold_heldout_rows
morph_hc_is_1d_wire_rod_tube,1D Wire Rod Tube,random_forest,Random forest,num__comp_co,co composition,Composition,0.004098230738380855,0.004748914953556226,-0.3338595778744728,1050,232,catalyst_key,out_of_fold_heldout_rows
morph_hc_is_1d_wire_rod_tube,1D Wire Rod Tube,random_forest,Random forest,num__has_el_zn,ZN present,Composition,0.003875514460104573,0.01904761904761905,-0.2350343373609815,1050,232,catalyst_key,out_of_fold_heldout_rows
morph_hc_is_1d_wire_rod_tube,1D Wire Rod Tube,random_forest,Random forest,num__struct_coordination_number,struct coordination number,Other,0.003843853328681624,0.45838950498438374,0.23646546434601445,1050,232,catalyst_key,out_of_fold_heldout_rows
morph_hc_is_1d_wire_rod_tube,1D Wire Rod Tube,random_forest,Random forest,num__synth_has_electrodeposition,synth has electrodeposition,Synthesis,0.0038210048967539903,0.11333333333333333,-0.4386127824667094,1050,232,catalyst_key,out_of_fold_heldout_rows
morph_hc_is_1d_wire_rod_tube,1D Wire Rod Tube,random_forest,Random forest,num__has_el_pd,PD present,Composition,0.0037107605472222437,0.02095238095238095,-0.2238317022817006,1050,232,catalyst_key,out_of_fold_heldout_rows
morph_hc_is_1d_wire_rod_tube,1D Wire Rod Tube,random_forest,Random forest,num__electronic_d_band_center_ev,electronic d band center eV,Other,0.003682685118866671,-0.3757433743079308,0.09232006158555009,1050,232,catalyst_key,out_of_fold_heldout_rows
morph_hc_is_1d_wire_rod_tube,1D Wire Rod Tube,random_forest,Random forest,num__synth_pH,synth pH,Synthesis,0.0036730477674773664,0.48570612244897965,-0.12692091982907044,1050,232,catalyst_key,out_of_fold_heldout_rows
morph_hc_is_1d_wire_rod_tube,1D Wire Rod Tube,random_forest,Random forest,num__has_el_co,CO present,Composition,0.003579589134455151,0.2438095238095238,-0.17044991991610248,1050,232,catalyst_key,out_of_fold_heldout_rows
morph_hc_is_1d_wire_rod_tube,1D Wire Rod Tube,random_forest,Random forest,num__synth_has_annealing,synth has annealing,Synthesis,0.0035687070397941757,0.08095238095238096,0.35484823805976584,1050,232,catalyst_key,out_of_fold_heldout_rows
morph_hc_is_1d_wire_rod_tube,1D Wire Rod Tube,random_forest,Random forest,num__has_el_cr,CR present,Composition,0.003556434082057365,0.023809523809523808,-0.2603920564229502,1050,232,catalyst_key,out_of_fold_heldout_rows
morph_hc_is_1d_wire_rod_tube,1D Wire Rod Tube,random_forest,Random forest,num__synth_has_solvothermal,synth has solvothermal,Synthesis,0.0032674624716928138,0.021904761904761906,0.14763287183027168,1050,232,catalyst_key,out_of_fold_heldout_rows
morph_hc_is_1d_wire_rod_tube,1D Wire Rod Tube,random_forest,Random forest,num__synth_current_density,synth current density,Synthesis,0.003179368908654836,-0.0008536904761904757,0.2792875436537601,1050,232,catalyst_key,out_of_fold_heldout_rows
morph_hc_is_1d_wire_rod_tube,1D Wire Rod Tube,random_forest,Random forest,num__has_el_cl,CL present,Composition,0.0031684769536064225,0.02,0.24062448861616892,1050,232,catalyst_key,out_of_fold_heldout_rows
morph_hc_is_1d_wire_rod_tube,1D Wire Rod Tube,random_forest,Random forest,num__has_el_w,W present,Composition,0.003130817347884405,0.05333333333333334,-0.024275273064329864,1050,232,catalyst_key,out_of_fold_heldout_rows
morph_hc_is_1d_wire_rod_tube,1D Wire Rod Tube,random_forest,Random forest,num__has_el_p,P present,Composition,0.0030298529931503788,0.11047619047619048,-0.32997830438030296,1050,232,catalyst_key,out_of_fold_heldout_rows
morph_hc_is_1d_wire_rod_tube,1D Wire Rod Tube,random_forest,Random forest,num__struct_bond_length_angstrom,struct bond length angstrom,Other,0.0028688450268215203,0.5732312987997131,-0.08127442505717374,1050,232,catalyst_key,out_of_fold_heldout_rows
morph_hc_is_1d_wire_rod_tube,1D Wire Rod Tube,random_forest,Random forest,num__has_el_v,V present,Composition,0.0028311492286271175,0.024761904761904763,0.15900415061784615,1050,232,catalyst_key,out_of_fold_heldout_rows
morph_hc_is_1d_wire_rod_tube,1D Wire Rod Tube,random_forest,Random forest,num__comp_pt,Pt content,Composition,0.002775076102509737,0.04161020211640211,-0.019065050756719226,1050,232,catalyst_key,out_of_fold_heldout_rows
morph_hc_is_1d_wire_rod_tube,1D Wire Rod Tube,random_forest,Random forest,num__has_el_ce,CE present,Composition,0.002769473156514298,0.02095238095238095,-0.21994870597631383,1050,232,catalyst_key,out_of_fold_heldout_rows
morph_hc_is_1d_wire_rod_tube,1D Wire Rod Tube,random_forest,Random forest,num__has_el_c,C present,Composition,0.0027532662291623435,0.14857142857142858,0.04363244764932071,1050,232,catalyst_key,out_of_fold_heldout_rows
morph_hc_is_1d_wire_rod_tube,1D Wire Rod Tube,random_forest,Random forest,num__electronic_work_function_ev,electronic work function eV,Other,0.0027443394828769478,0.5844202018960194,-0.05741192846456667,1050,232,catalyst_key,out_of_fold_heldout_rows
morph_hc_is_1d_wire_rod_tube,1D Wire Rod Tube,random_forest,Random forest,num__pore_size_nm,pore size nm,Structure / characterization,0.0026853480137116635,0.03857027482377064,-0.12550082162089826,1050,232,catalyst_key,out_of_fold_heldout_rows
morph_hc_is_1d_wire_rod_tube,1D Wire Rod Tube,random_forest,Random forest,num__has_el_b,B present,Composition,0.002669530290000801,0.02857142857142857,-0.28406880134225626,1050,232,catalyst_key,out_of_fold_heldout_rows
morph_hc_is_1d_wire_rod_tube,1D Wire Rod Tube,random_forest,Random forest,num__synth_potential,synth potential,Synthesis,0.002646133138631336,-0.004622698412698413,-0.13229024892363572,1050,232,catalyst_key,out_of_fold_heldout_rows
morph_hc_is_1d_wire_rod_tube,1D Wire Rod Tube,random_forest,Random forest,num__synth_cycles,synth cycles,Synthesis,0.002586710001451935,0.057458479201957464,0.4158844177256327,1050,232,catalyst_key,out_of_fold_heldout_rows
morph_hc_is_1d_wire_rod_tube,1D Wire Rod Tube,random_forest,Random forest,num__has_el_as,As present,Composition,0.002550091232530653,0.01619047619047619,0.21040729013208326,1050,232,catalyst_key,out_of_fold_heldout_rows
morph_hc_is_1d_wire_rod_tube,1D Wire Rod Tube,random_forest,Random forest,num__struct_roughness_factor,struct roughness factor,Other,0.002468001555450229,0.001965332484129477,-0.02691922218808314,1050,232,catalyst_key,out_of_fold_heldout_rows
morph_hc_is_1d_wire_rod_tube,1D Wire Rod Tube,random_forest,Random forest,num__xps_text_o_1s_generic_be_ev,xps text o 1s generic be eV,Structure / characterization,0.0024411274484070662,0.9964167783436074,0.0008248846306929805,1050,232,catalyst_key,out_of_fold_heldout_rows
morph_hc_is_1d_wire_rod_tube,1D Wire Rod Tube,random_forest,Random forest,num__has_el_cd,CD present,Composition,0.002436485262404475,0.0038095238095238095,0.1067007448094082,1050,232,catalyst_key,out_of_fold_heldout_rows
morph_hc_is_1d_wire_rod_tube,1D Wire Rod Tube,random_forest,Random forest,num__comp_ni:fe,ni:fe composition,Composition,0.0024319281658954925,0.3724275132275132,0.04738908622792031,1050,232,catalyst_key,out_of_fold_heldout_rows
morph_hc_is_1d_wire_rod_tube,1D Wire Rod Tube,random_forest,Random forest,num__xrd_text_peak_max_2theta_deg,xrd text peak max 2theta deg,Structure / characterization,0.0023336824802154717,0.6133576719576718,0.15845179413556829,1050,232,catalyst_key,out_of_fold_heldout_rows
morph_hc_is_1d_wire_rod_tube,1D Wire Rod Tube,random_forest,Random forest,num__xrd_text_peak_mean_2theta_deg,xrd text peak mean 2theta deg,Structure / characterization,0.0023227899057274466,0.3505035471876742,-0.4064989386767087,1050,232,catalyst_key,out_of_fold_heldout_rows
morph_hc_is_1d_wire_rod_tube,1D Wire Rod Tube,random_forest,Random forest,num__has_el_au,AU present,Composition,0.0022765600701297245,0.014285714285714285,-0.20516507893883498,1050,232,catalyst_key,out_of_fold_heldout_rows
morph_hc_is_1d_wire_rod_tube,1D Wire Rod Tube,random_forest,Random forest,num__comp_ir,ir composition,Composition,0.002272715005363055,0.14379157275132276,0.09696154868107668,1050,232,catalyst_key,out_of_fold_heldout_rows
morph_hc_is_1d_wire_rod_tube,1D Wire Rod Tube,random_forest,Random forest,num__has_el_li,LI present,Composition,0.0022244572369657547,0.0009523809523809524,0.05342682389709578,1050,232,catalyst_key,out_of_fold_heldout_rows
morph_hc_is_1d_wire_rod_tube,1D Wire Rod Tube,random_forest,Random forest,num__has_el_sr,SR present,Composition,0.0022067159263198864,0.011428571428571429,-0.1813243296509715,1050,232,catalyst_key,out_of_fold_heldout_rows
morph_hc_is_1d_wire_rod_tube,1D Wire Rod Tube,random_forest,Random forest,num__synth_has_ion_exchange,synth has ion exchange,Synthesis,0.002175395106106777,0.04380952380952381,0.2594126452379298,1050,232,catalyst_key,out_of_fold_heldout_rows
morph_hc_is_1d_wire_rod_tube,1D Wire Rod Tube,random_forest,Random forest,num__electronic_bader_charge_e,electronic bader charge e,Other,0.002106950868341896,0.12463168919203402,0.14086663828831478,1050,232,catalyst_key,out_of_fold_heldout_rows
morph_hc_is_1d_wire_rod_tube,1D Wire Rod Tube,random_forest,Random forest,num__metal_loading_wt_pct,metal loading wt pct,Other,0.002101425873037389,0.11238675151393888,-0.04793805149096065,1050,232,catalyst_key,out_of_fold_heldout_rows
morph_hc_is_1d_wire_rod_tube,1D Wire Rod Tube,random_forest,Random forest,num__synth_voltage,synth voltage,Synthesis,0.0020506404023799534,0.005708870748299321,-0.3540430074944507,1050,232,catalyst_key,out_of_fold_heldout_rows
morph_hc_is_1d_wire_rod_tube,1D Wire Rod Tube,random_forest,Random forest,num__has_el_sn,SN present,Composition,0.001977572694827584,0.014285714285714285,0.09496348397936782,1050,232,catalyst_key,out_of_fold_heldout_rows
morph_hc_is_1d_wire_rod_tube,1D Wire Rod Tube,random_forest,Random forest,num__synth_has_pyrolysis,synth has pyrolysis,Synthesis,0.0018670450467443056,0.039047619047619046,-0.29853009596751934,1050,232,catalyst_key,out_of_fold_heldout_rows
morph_hc_is_1d_wire_rod_tube,1D Wire Rod Tube,random_forest,Random forest,num__synth_scan_rate,synth scan rate,Synthesis,0.0018586897625748509,0.49833333333333335,-0.1646456541187987,1050,232,catalyst_key,out_of_fold_heldout_rows
morph_hc_is_1d_wire_rod_tube,1D Wire Rod Tube,random_forest,Random forest,cat__synth_temperature_text_room,synth temperature text room,Synthesis,0.0018453569322193755,0.9761904761904762,0.08450968596796923,1050,232,catalyst_key,out_of_fold_heldout_rows
morph_hc_is_1d_wire_rod_tube,1D Wire Rod Tube,random_forest,Random forest,num__has_el_k,K present,Composition,0.0018125920845488788,0.009523809523809525,-0.0329331079000951,1050,232,catalyst_key,out_of_fold_heldout_rows
morph_hc_is_1d_wire_rod_tube,1D Wire Rod Tube,random_forest,Random forest,num__has_el_mn,MN present,Composition,0.0017571729069260256,0.037142857142857144,-0.10589408876538291,1050,232,catalyst_key,out_of_fold_heldout_rows
morph_hc_is_1d_wire_rod_tube,1D Wire Rod Tube,random_forest,Random forest,num__xps_text_has_binding_energy_shift,XPS BE shift,Structure / characterization,0.0016277397059251736,0.013333333333333334,-0.169049254377469,1050,232,catalyst_key,out_of_fold_heldout_rows
morph_hc_is_1d_wire_rod_tube,1D Wire Rod Tube,random_forest,Random forest,num__xrd_text_peak_4_2theta_deg,xrd text peak 4 2theta deg,Structure / characterization,0.0015749272629378291,0.5358037037037036,-0.36419581352395475,1050,232,catalyst_key,out_of_fold_heldout_rows
morph_hc_is_1d_wire_rod_tube,1D Wire Rod Tube,random_forest,Random forest,num__electronic_band_gap_ev,electronic band gap eV,Other,0.0015207413510648163,0.7044270228416571,-0.17184992627118928,1050,232,catalyst_key,out_of_fold_heldout_rows
morph_hc_is_1d_wire_rod_tube,1D Wire Rod Tube,random_forest,Random forest,num__xrd_text_peak_std_2theta_deg,xrd text peak std 2theta deg,Structure / characterization,0.0014165034773435396,0.5185226872540372,-0.10432858015630975,1050,232,catalyst_key,out_of_fold_heldout_rows
morph_hc_is_1d_wire_rod_tube,1D Wire Rod Tube,random_forest,Random forest,num__xps_text_ni_2p_be_ev,xps text ni 2p be eV,Structure / characterization,0.001414511991212246,0.9829295995670994,0.1032784006952427,1050,232,catalyst_key,out_of_fold_heldout_rows
morph_hc_is_1d_wire_rod_tube,1D Wire Rod Tube,random_forest,Random forest,num__xrd_filled_first_peak_2theta_deg,xrd filled first peak 2theta deg,Structure / characterization,0.0013882661500377517,0.10900814814814816,-0.14270779245546059,1050,232,catalyst_key,out_of_fold_heldout_rows
morph_hc_is_1d_wire_rod_tube,1D Wire Rod Tube,random_forest,Random forest,num__xrd_text_peak_2_2theta_deg,xrd text peak 2 2theta deg,Structure / characterization,0.0013322756869525978,0.1484837398373984,-0.305785343454578,1050,232,catalyst_key,out_of_fold_heldout_rows
morph_hc_is_1d_wire_rod_tube,1D Wire Rod Tube,random_forest,Random forest,num__support_is_iron_foam,support is iron foam,Support,0.0013305823804209138,0.010476190476190476,-0.16878938042164945,1050,232,catalyst_key,out_of_fold_heldout_rows
morph_hc_is_1d_wire_rod_tube,1D Wire Rod Tube,random_forest,Random forest,num__synth_pressure,synth pressure,Synthesis,0.0013135065342587996,0.005320365111269842,-0.19863992537071834,1050,232,catalyst_key,out_of_fold_heldout_rows
morph_hc_is_1d_wire_rod_tube,1D Wire Rod Tube,random_forest,Random forest,num__comp_o,o composition,Composition,0.0012876294228104435,0.10953704392457507,-0.3822071144697886,1050,232,catalyst_key,out_of_fold_heldout_rows
morph_hc_is_1d_wire_rod_tube,1D Wire Rod Tube,random_forest,Random forest,num__comp_mn,mn composition,Composition,0.0012403427550154015,0.0044462044828873885,0.1594829633335511,1050,232,catalyst_key,out_of_fold_heldout_rows
morph_hc_is_1d_wire_rod_tube,1D Wire Rod Tube,random_forest,Random forest,num__xrd_text_peak_3_2theta_deg,xrd text peak 3 2theta deg,Structure / characterization,0.0011524755222702852,0.31623051018160075,0.005778480843295883,1050,232,catalyst_key,out_of_fold_heldout_rows
morph_hc_is_1d_wire_rod_tube,1D Wire Rod Tube,random_forest,Random forest,num__comp_p,p composition,Composition,0.001117538820262973,0.06579658856040542,0.2786416958694649,1050,232,catalyst_key,out_of_fold_heldout_rows
morph_hc_is_1d_wire_rod_tube,1D Wire Rod Tube,random_forest,Random forest,num__xrd_text_has_peak_7_0_2theta,xrd text has peak 7 0 2theta,Structure / characterization,0.001104189797548288,0.012380952380952381,0.011095875945187773,1050,232,catalyst_key,out_of_fold_heldout_rows
morph_hc_is_1d_wire_rod_tube,1D Wire Rod Tube,random_forest,Random forest,num__xrd_text_low_angle_peak_2theta_deg,xrd text low angle peak 2theta deg,Structure / characterization,0.0010509681814563515,0.40267936507936514,-0.03912023877388023,1050,232,catalyst_key,out_of_fold_heldout_rows
morph_hc_is_1d_wire_rod_tube,1D Wire Rod Tube,random_forest,Random forest,num__has_el_os,OS present,Composition,0.0010344163090027488,0.004761904761904762,-0.11389798357983152,1050,232,catalyst_key,out_of_fold_heldout_rows
morph_hc_is_1d_wire_rod_tube,1D Wire Rod Tube,random_forest,Random forest,num__has_el_al,AL present,Composition,0.000991109824594165,0.005714285714285714,-0.04293514746659246,1050,232,catalyst_key,out_of_fold_heldout_rows
morph_hc_is_1d_wire_rod_tube,1D Wire Rod Tube,random_forest,Random forest,num__xrd_text_peak_5_2theta_deg,xrd text peak 5 2theta deg,Structure / characterization,0.0009885375075845363,0.5691841319599941,0.004485728390581859,1050,232,catalyst_key,out_of_fold_heldout_rows
morph_hc_is_1d_wire_rod_tube,1D Wire Rod Tube,random_forest,Random forest,num__has_el_la,LA present,Composition,0.0009738400114641342,0.004761904761904762,0.02334554942940646,1050,232,catalyst_key,out_of_fold_heldout_rows
morph_hc_is_1d_wire_rod_tube,1D Wire Rod Tube,random_forest,Random forest,num__has_el_ag,AG present,Composition,0.0009673949922363223,0.005714285714285714,-0.12613762741156193,1050,232,catalyst_key,out_of_fold_heldout_rows
morph_hc_is_1d_wire_rod_tube,1D Wire Rod Tube,random_forest,Random forest,num__support_is_carbon_paper,support is carbon paper,Support,0.0009661278719206864,0.010476190476190476,-0.13987345584808963,1050,232,catalyst_key,out_of_fold_heldout_rows
morph_hc_is_1d_wire_rod_tube,1D Wire Rod Tube,random_forest,Random forest,num__xps_text_co_2p_be_ev,xps text co 2p be eV,Structure / characterization,0.0009643891958552817,0.9875113300492612,-0.06044557791717187,1050,232,catalyst_key,out_of_fold_heldout_rows
morph_hc_is_1d_wire_rod_tube,1D Wire Rod Tube,random_forest,Random forest,num__xrd_text_peak_count,xrd text peak count,Structure / characterization,0.0008341101605897805,0.24689584924879043,0.09795105416546916,1050,232,catalyst_key,out_of_fold_heldout_rows
morph_hc_is_1d_wire_rod_tube,1D Wire Rod Tube,random_forest,Random forest,num__synth_has_sputtering,synth has sputtering,Synthesis,0.0008042340226247989,0.006666666666666667,-0.09986721002453315,1050,232,catalyst_key,out_of_fold_heldout_rows
morph_hc_is_1d_wire_rod_tube,1D Wire Rod Tube,random_forest,Random forest,num__xrd_text_peak_min_2theta_deg,xrd text peak min 2theta deg,Structure / characterization,0.0007933067663925735,0.0858328042328042,0.09984846863559667,1050,232,catalyst_key,out_of_fold_heldout_rows
morph_hc_is_1d_wire_rod_tube,1D Wire Rod Tube,random_forest,Random forest,num__xps_text_ni_2p3_2_be_ev,xps text ni 2p3 2 be eV,Structure / characterization,0.0007907362608036398,0.9945124746541077,0.19460102230585075,1050,232,catalyst_key,out_of_fold_heldout_rows
morph_hc_is_1d_wire_rod_tube,1D Wire Rod Tube,random_forest,Random forest,num__xrd_text_peak_span_2theta_deg,xrd text peak span 2theta deg,Structure / characterization,0.0007604489228831005,0.6133747643635767,0.34597847474202525,1050,232,catalyst_key,out_of_fold_heldout_rows
morph_hc_is_1d_wire_rod_tube,1D Wire Rod Tube,random_forest,Random forest,num__xrd_text_peak_1_2theta_deg,xrd text peak 1 2theta deg,Structure / characterization,0.0007504557443270853,0.0858328042328042,0.0290488314366462,1050,232,catalyst_key,out_of_fold_heldout_rows
morph_hc_is_1d_wire_rod_tube,1D Wire Rod Tube,random_forest,Random forest,num__synth_has_drop_casting,synth has drop casting,Synthesis,0.0007400458498175144,0.007619047619047619,0.07024558274597952,1050,232,catalyst_key,out_of_fold_heldout_rows
morph_hc_is_1d_wire_rod_tube,1D Wire Rod Tube,random_forest,Random forest,num__synth_has_galvanic_replacement,synth has galvanic replacement,Synthesis,0.0007233379826214276,0.008571428571428572,0.12418632149110938,1050,232,catalyst_key,out_of_fold_heldout_rows
morph_hc_is_1d_wire_rod_tube,1D Wire Rod Tube,random_forest,Random forest,num__xrd_text_has_peak_6_0_2theta,xrd text has peak 6 0 2theta,Structure / characterization,0.00070924353737061,0.02095238095238095,-0.16275677734273614,1050,232,catalyst_key,out_of_fold_heldout_rows
morph_hc_is_1d_wire_rod_tube,1D Wire Rod Tube,random_forest,Random forest,cat__synth_time_text_overnight,synth time text overnight,Synthesis,0.0006971724708485111,0.9952380952380953,-0.06588328563313436,1050,232,catalyst_key,out_of_fold_heldout_rows
morph_hc_is_1d_wire_rod_tube,1D Wire Rod Tube,random_forest,Random forest,num__xrd_first_peak_2theta_deg,xrd first peak 2theta deg,Structure / characterization,0.0006660727072229094,0.37170247439635196,0.12731038487116866,1050,232,catalyst_key,out_of_fold_heldout_rows
morph_hc_is_1d_wire_rod_tube,1D Wire Rod Tube,random_forest,Random forest,cat__synth_temperature_text_RT,synth temperature text RT,Synthesis,0.0006524762318325758,0.0009523809523809524,0.05342682389709578,1050,232,catalyst_key,out_of_fold_heldout_rows
morph_hc_is_1d_wire_rod_tube,1D Wire Rod Tube,random_forest,Random forest,num__xps_o_1s_be_ev_filled,xps o 1s be eV filled,Structure / characterization,0.0006287047646387706,0.9963321718931474,-0.2287912167742397,1050,232,catalyst_key,out_of_fold_heldout_rows
morph_hc_is_1d_wire_rod_tube,1D Wire Rod Tube,random_forest,Random forest,num__comp_cr,cr composition,Composition,0.0006140599842331955,0.1269456566488267,0.2288050621317715,1050,232,catalyst_key,out_of_fold_heldout_rows
morph_hc_is_1d_wire_rod_tube,1D Wire Rod Tube,random_forest,Random forest,num__xps_fe_2p3_2_be_ev_filled,xps fe 2p3 2 be eV filled,Structure / characterization,0.000607927781792876,0.9954037962037959,-0.3805824013700954,1050,232,catalyst_key,out_of_fold_heldout_rows
morph_hc_is_1d_wire_rod_tube,1D Wire Rod Tube,random_forest,Random forest,num__xps_co_2p3_2_be_ev_filled,xps co 2p3 2 be eV filled,Structure / characterization,0.0005241601778551614,0.9987561198392403,-0.8018177993468927,1050,232,catalyst_key,out_of_fold_heldout_rows
morph_hc_is_1d_wire_rod_tube,1D Wire Rod Tube,random_forest,Random forest,num__has_el_te,TE present,Composition,0.0005198472104703462,0.0019047619047619048,0.0021618582987372827,1050,232,catalyst_key,out_of_fold_heldout_rows
morph_hc_is_1d_wire_rod_tube,1D Wire Rod Tube,random_forest,Random forest,num__xps_text_o_1s_be_ev,xps text o 1s be eV,Structure / characterization,0.0005173549672545234,0.9964167783436074,-0.001439721852150664,1050,232,catalyst_key,out_of_fold_heldout_rows
morph_hc_is_1d_wire_rod_tube,1D Wire Rod Tube,random_forest,Random forest,num__pore_diameter_nm,pore diameter nm,Structure / characterization,0.0004455437463035007,0.18171778376759506,0.34386670177925394,1050,232,catalyst_key,out_of_fold_heldout_rows
morph_hc_is_1d_wire_rod_tube,1D Wire Rod Tube,random_forest,Random forest,num__has_el_mg,MG present,Composition,0.0004077525310614348,0.0019047619047619048,-0.07090895219858288,1050,232,catalyst_key,out_of_fold_heldout_rows
morph_hc_is_1d_wire_rod_tube,1D Wire Rod Tube,random_forest,Random forest,num__xrd_filled_low_angle_peak_2theta_deg,xrd filled low angle peak 2theta deg,Structure / characterization,0.00038809974549051105,0.40381345427059717,-0.19039065678009626,1050,232,catalyst_key,out_of_fold_heldout_rows
morph_hc_is_1d_wire_rod_tube,1D Wire Rod Tube,random_forest,Random forest,num__has_el_rh,RH present,Composition,0.0003780643000781049,0.005714285714285714,-0.1296808191927856,1050,232,catalyst_key,out_of_fold_heldout_rows
morph_hc_is_1d_wire_rod_tube,1D Wire Rod Tube,random_forest,Random forest,num__comp_rh,rh composition,Composition,0.0003547445398304257,0.11911709819009718,0.26288862220659115,1050,232,catalyst_key,out_of_fold_heldout_rows
morph_hc_is_1d_wire_rod_tube,1D Wire Rod Tube,random_forest,Random forest,num__xps_text_fe_2p_be_ev,xps text fe 2p be eV,Structure / characterization,0.00034052158235605594,0.9794187214611874,0.17711317342417326,1050,232,catalyst_key,out_of_fold_heldout_rows
morph_hc_is_1d_wire_rod_tube,1D Wire Rod Tube,random_forest,Random forest,num__support_is_carbon_cloth,support is carbon cloth,Support,0.00033031810338445406,0.013333333333333334,0.013176582621222264,1050,232,catalyst_key,out_of_fold_heldout_rows
morph_hc_is_1d_wire_rod_tube,1D Wire Rod Tube,random_forest,Random forest,num__has_el_i,I present,Composition,0.0003268845229594408,0.009523809523809525,-0.08763829990310178,1050,232,catalyst_key,out_of_fold_heldout_rows
morph_hc_is_1d_wire_rod_tube,1D Wire Rod Tube,random_forest,Random forest,num__pore_volume_cm3_g,pore volume cm3 g,Structure / characterization,0.00032214467135490717,0.11293685531505532,-0.1869692019672648,1050,232,catalyst_key,out_of_fold_heldout_rows
morph_hc_is_1d_wire_rod_tube,1D Wire Rod Tube,random_forest,Random forest,num__comp_pd,pd composition,Composition,0.0003190232665950278,0.04750890370370371,-0.32263535270552934,1050,232,catalyst_key,out_of_fold_heldout_rows
morph_hc_is_1d_wire_rod_tube,1D Wire Rod Tube,random_forest,Random forest,num__xps_ni_2p3_2_be_ev_filled,xps ni 2p3 2 be eV filled,Structure / characterization,0.00030396768672165115,0.9939072073553636,-0.24205247120751117,1050,232,catalyst_key,out_of_fold_heldout_rows
morph_hc_is_1d_wire_rod_tube,1D Wire Rod Tube,random_forest,Random forest,num__comp_c,c composition,Composition,0.00029980203694033095,0.10707717395127647,0.5279460117963574,1050,232,catalyst_key,out_of_fold_heldout_rows
morph_hc_is_1d_wire_rod_tube,1D Wire Rod Tube,random_forest,Random forest,num__comp_cu,cu composition,Composition,0.00027747251688473826,0.10754363778298205,-0.040866897559548504,1050,232,catalyst_key,out_of_fold_heldout_rows
morph_hc_is_1d_wire_rod_tube,1D Wire Rod Tube,random_forest,Random forest,cat__support_class_text_carbon_cloth,support class text carbon cloth,Support,0.0002673669543536758,0.012380952380952381,-0.01507391085511425,1050,232,catalyst_key,out_of_fold_heldout_rows
morph_hc_is_1d_wire_rod_tube,1D Wire Rod Tube,random_forest,Random forest,num__support_is_copper_foam,support is copper foam,Support,0.0002559401682872521,0.006666666666666667,-0.14094925582623552,1050,232,catalyst_key,out_of_fold_heldout_rows
morph_hc_is_1d_wire_rod_tube,1D Wire Rod Tube,random_forest,Random forest,num__has_el_bi,BI present,Composition,0.00023244093038662765,0.004761904761904762,-0.11923802127922654,1050,232,catalyst_key,out_of_fold_heldout_rows
morph_hc_is_1d_wire_rod_tube,1D Wire Rod Tube,random_forest,Random forest,num__has_el_ds,DS present,Composition,0.00023211133989033182,0.0,,216,46,catalyst_key,out_of_fold_heldout_rows
morph_hc_is_1d_wire_rod_tube,1D Wire Rod Tube,random_forest,Random forest,num__xps_co_2p1_2_be_ev_filled,xps co 2p1 2 be eV filled,Structure / characterization,0.00022557161422609936,0.9961509283597288,-0.16702460577991343,1050,232,catalyst_key,out_of_fold_heldout_rows
morph_hc_is_1d_wire_rod_tube,1D Wire Rod Tube,random_forest,Random forest,num__xps_ni_2p1_2_be_ev_filled,xps ni 2p1 2 be eV filled,Structure / characterization,0.0002213590172060558,0.9919455086580088,-0.0514958318076053,1050,232,catalyst_key,out_of_fold_heldout_rows
morph_hc_is_1d_wire_rod_tube,1D Wire Rod Tube,random_forest,Random forest,num__xrd_text_has_peak_5_0_2theta,xrd text has peak 5 0 2theta,Structure / characterization,0.0002082714913959243,0.017142857142857144,0.14952131532686946,1050,232,catalyst_key,out_of_fold_heldout_rows
morph_hc_is_1d_wire_rod_tube,1D Wire Rod Tube,random_forest,Random forest,cat__support_class_text_iron_foam,support class text iron foam,Support,0.00020379704422559427,0.008571428571428572,-0.15966812763142632,1050,232,catalyst_key,out_of_fold_heldout_rows
morph_hc_is_1d_wire_rod_tube,1D Wire Rod Tube,random_forest,Random forest,num__has_el_cs,CS present,Composition,0.00019308068291711366,0.005714285714285714,-0.13055619598579374,1050,232,catalyst_key,out_of_fold_heldout_rows
morph_hc_is_1d_wire_rod_tube,1D Wire Rod Tube,random_forest,Random forest,num__synth_has_sol_gel,synth has sol gel,Synthesis,0.00019150734867422672,0.007619047619047619,-0.15060884084824197,1050,232,catalyst_key,out_of_fold_heldout_rows
morph_hc_is_1d_wire_rod_tube,1D Wire Rod Tube,random_forest,Random forest,cat__support_class_text_carbon_paper,support class text carbon paper,Support,0.00018276537888003695,0.009523809523809525,-0.0002588063489201972,1050,232,catalyst_key,out_of_fold_heldout_rows
morph_hc_is_1d_wire_rod_tube,1D Wire Rod Tube,random_forest,Random forest,num__xps_text_mo_3d_be_ev,xps text mo 3d be eV,Structure / characterization,0.0001678143181122183,0.9927197802197805,-0.7838004517336042,1050,232,catalyst_key,out_of_fold_heldout_rows
morph_hc_is_1d_wire_rod_tube,1D Wire Rod Tube,random_forest,Random forest,num__xrd_text_has_peak_9_0_2theta,xrd text has peak 9 0 2theta,Structure / characterization,0.00016532019719472382,0.022857142857142857,-0.10079067115941254,1050,232,catalyst_key,out_of_fold_heldout_rows
morph_hc_is_1d_wire_rod_tube,1D Wire Rod Tube,random_forest,Random forest,num__comp_w,w composition,Composition,0.00016313607673927938,0.413790291334586,0.20470235436154519,1050,232,catalyst_key,out_of_fold_heldout_rows
morph_hc_is_1d_wire_rod_tube,1D Wire Rod Tube,random_forest,Random forest,cat__synth_temperature_text_different,synth temperature text different,Synthesis,0.00015719605523394423,0.0009523809523809524,0.05342682389709578,1050,232,catalyst_key,out_of_fold_heldout_rows
morph_hc_is_1d_wire_rod_tube,1D Wire Rod Tube,random_forest,Random forest,num__xrd_text_has_peak_50_0_2theta,xrd text has peak 50 0 2theta,Structure / characterization,0.00015616795033021185,0.013333333333333334,-0.08557930168128555,1050,232,catalyst_key,out_of_fold_heldout_rows
morph_hc_is_1d_wire_rod_tube,1D Wire Rod Tube,random_forest,Random forest,cat__synth_temperature_text_ambient,synth temperature text ambient,Synthesis,0.00015592210149047113,0.004761904761904762,0.11923802127922654,1050,232,catalyst_key,out_of_fold_heldout_rows
morph_hc_is_1d_wire_rod_tube,1D Wire Rod Tube,random_forest,Random forest,num__xps_pt_4f5_2_be_ev_filled,xps pt 4f5 2 be eV filled,Structure / characterization,0.00015294052520655453,0.9963333333333332,,399,88,catalyst_key,out_of_fold_heldout_rows
morph_hc_is_1d_wire_rod_tube,1D Wire Rod Tube,random_forest,Random forest,num__xps_text_ni_2p1_2_be_ev,xps text ni 2p1 2 be eV,Structure / characterization,0.00014715828251704195,0.9916981060606062,-0.6736686184637938,1050,232,catalyst_key,out_of_fold_heldout_rows
morph_hc_is_1d_wire_rod_tube,1D Wire Rod Tube,random_forest,Random forest,num__comp_zn,zn composition,Composition,0.00014680214342880217,0.04895922014061282,0.49972788782229627,1050,232,catalyst_key,out_of_fold_heldout_rows
morph_hc_is_1d_wire_rod_tube,1D Wire Rod Tube,random_forest,Random forest,num__comp_s,s composition,Composition,0.00014663576232487084,0.08427513227513227,-0.42913558905699095,1050,232,catalyst_key,out_of_fold_heldout_rows
morph_hc_is_1d_wire_rod_tube,1D Wire Rod Tube,random_forest,Random forest,num__has_el_si,SI present,Composition,0.000146006483741536,0.007619047619047619,-0.07526828586537622,1050,232,catalyst_key,out_of_fold_heldout_rows
morph_hc_is_1d_wire_rod_tube,1D Wire Rod Tube,random_forest,Random forest,cat__synth_time_text_several,synth time text several,Synthesis,0.0001458018634365896,0.0,,1050,232,catalyst_key,out_of_fold_heldout_rows
morph_hc_is_1d_wire_rod_tube,1D Wire Rod Tube,random_forest,Random forest,cat__support_class_text_iron_foam | nickel_foam,support class text iron foam | nick...,Support,0.00014333079512934623,0.0019047619047619048,0.0727825627241552,1050,232,catalyst_key,out_of_fold_heldout_rows
morph_hc_is_1d_wire_rod_tube,1D Wire Rod Tube,random_forest,Random forest,num__xps_text_pt_4f5_2_be_ev,xps text pt 4f5 2 be eV,Structure / characterization,0.00013789910245698216,0.9963333333333332,,399,88,catalyst_key,out_of_fold_heldout_rows
morph_hc_is_1d_wire_rod_tube,1D Wire Rod Tube,random_forest,Random forest,cat__synth_temperature_text_room temperature,synth temperature text room tempera...,Synthesis,0.00012787130604851219,0.007619047619047619,-0.11295663063618147,1050,232,catalyst_key,out_of_fold_heldout_rows
morph_hc_is_1d_wire_rod_tube,1D Wire Rod Tube,random_forest,Random forest,cat__support_class_text_copper_foam,support class text copper foam,Support,0.00012663690059237567,0.004761904761904762,-0.11923802127922654,1050,232,catalyst_key,out_of_fold_heldout_rows
morph_hc_is_1d_wire_rod_tube,1D Wire Rod Tube,random_forest,Random forest,num__comp_v,v composition,Composition,0.0001257729584129401,0.3733172862263186,-0.5635525536469814,1050,232,catalyst_key,out_of_fold_heldout_rows
morph_hc_is_1d_wire_rod_tube,1D Wire Rod Tube,random_forest,Random forest,num__xps_text_pt_4f_be_ev,xps text pt 4f be eV,Structure / characterization,0.00012343319511032974,0.9363712752129181,0.175285778526707,1050,232,catalyst_key,out_of_fold_heldout_rows
morph_hc_is_1d_wire_rod_tube,1D Wire Rod Tube,random_forest,Random forest,num__comp_al,al composition,Composition,0.00011921196688752375,0.12705125473989173,-0.6735916294318048,1050,232,catalyst_key,out_of_fold_heldout_rows
morph_hc_is_1d_wire_rod_tube,1D Wire Rod Tube,random_forest,Random forest,num__synth_has_spray_coating,synth has spray coating,Synthesis,0.00011746673921908437,0.006666666666666667,-0.020135607975176505,1050,232,catalyst_key,out_of_fold_heldout_rows
morph_hc_is_1d_wire_rod_tube,1D Wire Rod Tube,random_forest,Random forest,num__has_el_pr,PR present,Composition,0.00011329873728153607,0.0038095238095238095,-0.1067007448094082,1050,232,catalyst_key,out_of_fold_heldout_rows
morph_hc_is_1d_wire_rod_tube,1D Wire Rod Tube,random_forest,Random forest,num__xps_text_co_2p1_2_be_ev,xps text co 2p1 2 be eV,Structure / characterization,0.00011326745584785579,0.9957523334749638,-0.24633153108593625,1050,232,catalyst_key,out_of_fold_heldout_rows
morph_hc_is_1d_wire_rod_tube,1D Wire Rod Tube,random_forest,Random forest,cat__synth_temperature_text_infrequent_sklearn,synth temperature text infrequent s...,Synthesis,0.00011301503260337954,0.002857142857142857,0.09244971621087665,1050,232,catalyst_key,out_of_fold_heldout_rows
morph_hc_is_1d_wire_rod_tube,1D Wire Rod Tube,random_forest,Random forest,num__has_el_u,U present,Composition,0.00010870642308919616,0.0016260162601626016,0.06978634998186485,615,133,catalyst_key,out_of_fold_heldout_rows
morph_hc_is_1d_wire_rod_tube,1D Wire Rod Tube,random_forest,Random forest,num__has_el_ba,BA present,Composition,8.912928954109011e-05,0.004761904761904762,-0.11923802127922654,1050,232,catalyst_key,out_of_fold_heldout_rows
morph_hc_is_1d_wire_rod_tube,1D Wire Rod Tube,random_forest,Random forest,num__xrd_text_has_peak_8_0_2theta,xrd text has peak 8 0 2theta,Structure / characterization,8.360002532327531e-05,0.012380952380952381,-0.04473868581696048,1050,232,catalyst_key,out_of_fold_heldout_rows
morph_hc_is_1d_wire_rod_tube,1D Wire Rod Tube,random_forest,Random forest,num__xps_text_co_2p3_2_be_ev,xps text co 2p3 2 be eV,Structure / characterization,8.359382580039388e-05,0.9987195225916453,-0.08863728519661963,1050,232,catalyst_key,out_of_fold_heldout_rows
morph_hc_is_1d_wire_rod_tube,1D Wire Rod Tube,random_forest,Random forest,num__xrd_peak_003_2theta_deg,xrd peak 003 2theta deg,Structure / characterization,7.632663546390428e-05,0.1108777055287886,-0.044206711843741524,1050,232,catalyst_key,out_of_fold_heldout_rows
morph_hc_is_1d_wire_rod_tube,1D Wire Rod Tube,random_forest,Random forest,num__xrd_text_has_peak_45_0_2theta,xrd text has peak 45 0 2theta,Structure / characterization,7.505829446843386e-05,0.006666666666666667,0.14079481751810694,1050,232,catalyst_key,out_of_fold_heldout_rows
morph_hc_is_1d_wire_rod_tube,1D Wire Rod Tube,random_forest,Random forest,num__has_el_ta,TA present,Composition,7.376838541997213e-05,0.0019047619047619048,0.07552091656922241,1050,232,catalyst_key,out_of_fold_heldout_rows
morph_hc_is_1d_wire_rod_tube,1D Wire Rod Tube,random_forest,Random forest,num__has_el_nb,NB present,Composition,7.374127989208676e-05,0.005714285714285714,-0.13055619632413223,1050,232,catalyst_key,out_of_fold_heldout_rows
morph_hc_is_1d_wire_rod_tube,1D Wire Rod Tube,random_forest,Random forest,num__xps_text_cu_2p_be_ev,xps text cu 2p be eV,Structure / characterization,7.305602360348566e-05,0.9995141329258979,-0.1873439491226389,1050,232,catalyst_key,out_of_fold_heldout_rows
morph_hc_is_1d_wire_rod_tube,1D Wire Rod Tube,random_forest,Random forest,num__comp_y,y composition,Composition,6.582893434579963e-05,0.02867867867867869,,211,50,catalyst_key,out_of_fold_heldout_rows
morph_hc_is_1d_wire_rod_tube,1D Wire Rod Tube,random_forest,Random forest,num__xrd_text_has_peak_26_0_2theta,xrd text has peak 26 0 2theta,Structure / characterization,6.303625808545107e-05,0.002857142857142857,0.09227311861788919,1050,232,catalyst_key,out_of_fold_heldout_rows
morph_hc_is_1d_wire_rod_tube,1D Wire Rod Tube,random_forest,Random forest,num__comp_fe/ni,fe/ni composition,Composition,5.929196180231731e-05,0.05773672055427251,,427,95,catalyst_key,out_of_fold_heldout_rows
morph_hc_is_1d_wire_rod_tube,1D Wire Rod Tube,random_forest,Random forest,num__comp_ce,ce composition,Composition,5.748077185028992e-05,0.004004767274737422,0.5264855936577545,1050,232,catalyst_key,out_of_fold_heldout_rows
morph_hc_is_1d_wire_rod_tube,1D Wire Rod Tube,random_forest,Random forest,num__synth_has_molten_salt,synth has molten salt,Synthesis,5.40634800285907e-05,0.002857142857142857,-0.09244972100257577,1050,232,catalyst_key,out_of_fold_heldout_rows
morph_hc_is_1d_wire_rod_tube,1D Wire Rod Tube,random_forest,Random forest,num__xrd_text_peak_6_2theta_deg,xrd text peak 6 2theta deg,Structure / characterization,5.22785031024128e-05,0.759304871373837,-0.14220209373962833,1050,232,catalyst_key,out_of_fold_heldout_rows
morph_hc_is_1d_wire_rod_tube,1D Wire Rod Tube,random_forest,Random forest,num__support_is_glassy_carbon,support is glassy carbon,Support,4.9108268530275827e-05,0.0019047619047619048,0.07552091813493189,1050,232,catalyst_key,out_of_fold_heldout_rows
morph_hc_is_1d_wire_rod_tube,1D Wire Rod Tube,random_forest,Random forest,cat__synth_time_text_infrequent_sklearn,synth time text infrequent sklearn,Synthesis,4.834049751148228e-05,0.0019047619047619048,0.07530473093450213,1050,232,catalyst_key,out_of_fold_heldout_rows
morph_hc_is_1d_wire_rod_tube,1D Wire Rod Tube,random_forest,Random forest,cat__synth_temperature_text_high,synth temperature text high,Synthesis,4.829103406300366e-05,0.0019047619047619048,-0.07552091656922241,1050,232,catalyst_key,out_of_fold_heldout_rows
morph_hc_is_1d_wire_rod_tube,1D Wire Rod Tube,random_forest,Random forest,num__has_el_re,RE present,Composition,4.784346393421633e-05,0.002320185614849188,-0.0008720915854302639,862,194,catalyst_key,out_of_fold_heldout_rows
morph_hc_is_1d_wire_rod_tube,1D Wire Rod Tube,random_forest,Random forest,num__comp_n,n composition,Composition,4.654285306608551e-05,0.1241485726087213,0.389065570249867,1050,232,catalyst_key,out_of_fold_heldout_rows
morph_hc_is_1d_wire_rod_tube,1D Wire Rod Tube,random_forest,Random forest,num__has_el_sb,SB present,Composition,4.35611550112549e-05,0.0,,651,144,catalyst_key,out_of_fold_heldout_rows
morph_hc_is_1d_wire_rod_tube,1D Wire Rod Tube,random_forest,Random forest,cat__support_class_text_metal_mesh,support class text metal mesh,Support,4.3060771483582555e-05,0.0019047619047619048,-0.07552091774350451,1050,232,catalyst_key,out_of_fold_heldout_rows
morph_hc_is_1d_wire_rod_tube,1D Wire Rod Tube,random_forest,Random forest,cat__synth_time_text_25 or 60,synth time text 25 or 60,Synthesis,4.1806540217083936e-05,0.0,,1050,232,catalyst_key,out_of_fold_heldout_rows
morph_hc_is_1d_wire_rod_tube,1D Wire Rod Tube,random_forest,Random forest,num__comp_ni/fe,ni/fe composition,Composition,3.6226959968366614e-05,0.32410806515693286,-0.40138871574635104,839,183,catalyst_key,out_of_fold_heldout_rows
morph_hc_is_1d_wire_rod_tube,1D Wire Rod Tube,random_forest,Random forest,num__xps_text_fe_2p3_2_be_ev,xps text fe 2p3 2 be eV,Structure / characterization,3.600703568508793e-05,0.9951022311022307,-0.07875534338370643,1050,232,catalyst_key,out_of_fold_heldout_rows
morph_hc_is_1d_wire_rod_tube,1D Wire Rod Tube,random_forest,Random forest,cat__support_class_text_glassy_carbon,support class text glassy carbon,Support,3.3700002855727786e-05,0.0019047619047619048,0.07552092028778257,1050,232,catalyst_key,out_of_fold_heldout_rows
morph_hc_is_1d_wire_rod_tube,1D Wire Rod Tube,random_forest,Random forest,num__comp_si,si composition,Composition,3.33039252335798e-05,0.05132101708382995,0.3453200804381954,839,183,catalyst_key,out_of_fold_heldout_rows
morph_hc_is_1d_wire_rod_tube,1D Wire Rod Tube,random_forest,Random forest,num__has_el_y,Y present,Composition,3.191553195779407e-05,0.004761904761904762,0.060999663783544385,1050,232,catalyst_key,out_of_fold_heldout_rows
morph_hc_is_1d_wire_rod_tube,1D Wire Rod Tube,random_forest,Random forest,num__xps_ni_2p3_2_be_ev,xps ni 2p3 2 be eV,Structure / characterization,2.9464095218367172e-05,0.9982459315873867,0.2984933525748705,1050,232,catalyst_key,out_of_fold_heldout_rows
morph_hc_is_1d_wire_rod_tube,1D Wire Rod Tube,random_forest,Random forest,num__xps_fe_2p1_2_be_ev_filled,xps fe 2p1 2 be eV filled,Structure / characterization,2.8863958311715665e-05,0.9963309644355635,0.10962116122987402,1050,232,catalyst_key,out_of_fold_heldout_rows
morph_hc_is_1d_wire_rod_tube,1D Wire Rod Tube,random_forest,Random forest,num__has_el_br,BR present,Composition,2.7511388620520802e-05,0.0,,216,46,catalyst_key,out_of_fold_heldout_rows
morph_hc_is_1d_wire_rod_tube,1D Wire Rod Tube,random_forest,Random forest,num__xrd_text_has_peak_52_0_2theta,xrd text has peak 52 0 2theta,Structure / characterization,2.6309407068218585e-05,0.0019047619047619048,0.0,1050,232,catalyst_key,out_of_fold_heldout_rows
morph_hc_is_1d_wire_rod_tube,1D Wire Rod Tube,random_forest,Random forest,num__support_is_metal_mesh,support is metal mesh,Support,2.5834923638757458e-05,0.002857142857142857,-0.0924497159712917,1050,232,catalyst_key,out_of_fold_heldout_rows
morph_hc_is_1d_wire_rod_tube,1D Wire Rod Tube,random_forest,Random forest,cat__support_class_text_copper_foam | nickel_foam,support class text copper foam | ni...,Support,2.530425157532654e-05,0.0019047619047619048,-0.07552092439777076,1050,232,catalyst_key,out_of_fold_heldout_rows
morph_hc_is_1d_wire_rod_tube,1D Wire Rod Tube,random_forest,Random forest,num__xps_co_2p3_2_be_ev,xps co 2p3 2 be eV,Structure / characterization,2.1702130150212717e-05,0.9996928058640082,0.09746309705383921,1050,232,catalyst_key,out_of_fold_heldout_rows
morph_hc_is_1d_wire_rod_tube,1D Wire Rod Tube,random_forest,Random forest,num__xps_co_2p1_2_be_ev,xps co 2p1 2 be eV,Structure / characterization,2.1375713127107433e-05,0.9995453757967871,-0.06992300936397897,1050,232,catalyst_key,out_of_fold_heldout_rows
morph_hc_is_1d_wire_rod_tube,1D Wire Rod Tube,random_forest,Random forest,num__comp_cl,cl composition,Composition,2.0978139880571605e-05,0.054295356615542224,-0.17963685905513876,862,194,catalyst_key,out_of_fold_heldout_rows
morph_hc_is_1d_wire_rod_tube,1D Wire Rod Tube,random_forest,Random forest,num__xps_text_fe_2p1_2_be_ev,xps text fe 2p1 2 be eV,Structure / characterization,2.0170940641937465e-05,0.9966524166395985,-0.5714725245872241,1050,232,catalyst_key,out_of_fold_heldout_rows
morph_hc_is_1d_wire_rod_tube,1D Wire Rod Tube,random_forest,Random forest,num__has_el_eu,EU present,Composition,1.6793529713623805e-05,0.0,,412,87,catalyst_key,out_of_fold_heldout_rows
morph_hc_is_1d_wire_rod_tube,1D Wire Rod Tube,random_forest,Random forest,cat__support_class_text_infrequent_sklearn,support class text infrequent sklearn,Support,1.674589334130473e-05,0.0,,1050,232,catalyst_key,out_of_fold_heldout_rows
morph_hc_is_1d_wire_rod_tube,1D Wire Rod Tube,random_forest,Random forest,num__has_el_na,NA present,Composition,1.4867596492351166e-05,0.002857142857142857,-0.09244974256523109,1050,232,catalyst_key,out_of_fold_heldout_rows
morph_hc_is_1d_wire_rod_tube,1D Wire Rod Tube,random_forest,Random forest,cat__support_class_text_carbon_paper | nickel_foam,support class text carbon paper | n...,Support,1.4626415277373687e-05,0.0009523809523809524,-0.05342683220448647,1050,232,catalyst_key,out_of_fold_heldout_rows
morph_hc_is_1d_wire_rod_tube,1D Wire Rod Tube,random_forest,Random forest,num__comp_sr,sr composition,Composition,1.4548273593599704e-05,0.7499999999999999,0.8414795621645764,422,99,catalyst_key,out_of_fold_heldout_rows
morph_hc_is_1d_wire_rod_tube,1D Wire Rod Tube,random_forest,Random forest,num__comp_se,se composition,Composition,1.4200789186282153e-05,4.890774600274049e-05,0.5403012707724905,427,95,catalyst_key,out_of_fold_heldout_rows
morph_hc_is_1d_wire_rod_tube,1D Wire Rod Tube,random_forest,Random forest,num__struct_surface_roughness_nm,struct surface roughness nm,Other,1.3819715364327477e-05,0.0039085073295138896,0.1937452755821976,1050,232,catalyst_key,out_of_fold_heldout_rows
morph_hc_is_1d_wire_rod_tube,1D Wire Rod Tube,random_forest,Random forest,num__xrd_text_has_peak_49_0_2theta,xrd text has peak 49 0 2theta,Structure / characterization,1.2108644285648612e-05,0.0019047619047619048,-0.07227864254313825,1050,232,catalyst_key,out_of_fold_heldout_rows
morph_hc_is_1d_wire_rod_tube,1D Wire Rod Tube,random_forest,Random forest,cat__synth_time_text_3-48 | overnight,synth time text 3-48 | overnight,Synthesis,1.0862166770780157e-05,0.0,,615,134,catalyst_key,out_of_fold_heldout_rows
morph_hc_is_1d_wire_rod_tube,1D Wire Rod Tube,random_forest,Random forest,cat__synth_time_text_several hours,synth time text several hours,Synthesis,1.074151074475776e-05,0.0009523809523809524,-0.053426837881205676,1050,232,catalyst_key,out_of_fold_heldout_rows
morph_hc_is_1d_wire_rod_tube,1D Wire Rod Tube,random_forest,Random forest,cat__synth_temperature_text_low,synth temperature text low,Synthesis,9.901983543527274e-06,0.002857142857142857,-0.09244972675261572,1050,232,catalyst_key,out_of_fold_heldout_rows
morph_hc_is_1d_wire_rod_tube,1D Wire Rod Tube,random_forest,Random forest,cat__support_class_text_ito,support class text ito,Support,9.874248733528183e-06,0.0,,623,136,catalyst_key,out_of_fold_heldout_rows
morph_hc_is_1d_wire_rod_tube,1D Wire Rod Tube,random_forest,Random forest,cat__support_class_text_fto,support class text fto,Support,9.253656575046865e-06,0.0019047619047619048,-0.06781601517377536,1050,232,catalyst_key,out_of_fold_heldout_rows
morph_hc_is_1d_wire_rod_tube,1D Wire Rod Tube,random_forest,Random forest,cat__synth_temperature_text_varied by particle size | varied,synth temperature text varied by pa...,Synthesis,5.959754532899058e-06,0.0,,651,145,catalyst_key,out_of_fold_heldout_rows
morph_hc_is_1d_wire_rod_tube,1D Wire Rod Tube,random_forest,Random forest,num__electronic_fermi_level_ev,electronic fermi level eV,Other,2.633359709925543e-06,0.0008223341284565775,0.026312704388905237,1050,232,catalyst_key,out_of_fold_heldout_rows
morph_hc_is_1d_wire_rod_tube,1D Wire Rod Tube,random_forest,Random forest,num__xps_pt_4f7_2_be_ev_filled,xps pt 4f7 2 be eV filled,Structure / characterization,1.5410068126167659e-06,0.99092812281926,,399,88,catalyst_key,out_of_fold_heldout_rows
morph_hc_is_1d_wire_rod_tube,1D Wire Rod Tube,random_forest,Random forest,cat__synth_temperature_text_<273,synth temperature text <273,Synthesis,1.5370680425639888e-06,0.0,,623,136,catalyst_key,out_of_fold_heldout_rows
morph_hc_is_1d_wire_rod_tube,1D Wire Rod Tube,random_forest,Random forest,cat__synth_time_text_6-24,synth time text 6-24,Synthesis,1.4100813238754735e-06,0.0,,646,148,catalyst_key,out_of_fold_heldout_rows
morph_hc_is_1d_wire_rod_tube,1D Wire Rod Tube,random_forest,Random forest,cat__synth_temperature_text_thousands,synth temperature text thousands,Synthesis,1.1992354245709318e-06,0.0,,646,148,catalyst_key,out_of_fold_heldout_rows
morph_hc_is_1d_wire_rod_tube,1D Wire Rod Tube,random_forest,Random forest,num__xps_text_pt_4f7_2_be_ev,xps text pt 4f7 2 be eV,Structure / characterization,1.108737320228478e-06,0.99092812281926,,399,88,catalyst_key,out_of_fold_heldout_rows
morph_hc_is_1d_wire_rod_tube,1D Wire Rod Tube,random_forest,Random forest,num__has_el_nd,ND present,Composition,8.343971487669843e-07,0.0,,211,49,catalyst_key,out_of_fold_heldout_rows
morph_hc_is_2d_sheet,2D Sheet,random_forest,Random forest,num__has_el_fe,FE present,Composition,0.03351427770576301,0.2819047619047619,0.7700510972840361,1050,348,catalyst_key,out_of_fold_heldout_rows
morph_hc_is_2d_sheet,2D Sheet,random_forest,Random forest,num__has_el_ni,NI present,Composition,0.029222368058335828,0.5047619047619047,0.8630769630309574,1050,348,catalyst_key,out_of_fold_heldout_rows
morph_hc_is_2d_sheet,2D Sheet,random_forest,Random forest,num__has_el_h,H present,Composition,0.02443922259644532,0.15333333333333332,0.6240730060004904,1050,348,catalyst_key,out_of_fold_heldout_rows
morph_hc_is_2d_sheet,2D Sheet,random_forest,Random forest,num__synth_has_hydrothermal,Hydrothermal route,Synthesis,0.02218367488139032,0.12,0.5628502164541844,1050,348,catalyst_key,out_of_fold_heldout_rows
morph_hc_is_2d_sheet,2D Sheet,random_forest,Random forest,num__synth_temperature_c,Synthesis temperature,Synthesis,0.01836885179834601,0.10785827272085304,-0.7867044264275298,1050,348,catalyst_key,out_of_fold_heldout_rows
morph_hc_is_2d_sheet,2D Sheet,random_forest,Random forest,num__xps_text_energy_min_ev,XPS BE min,Structure / characterization,0.017750515110941823,0.09666481832773968,0.3349014835791103,1050,348,catalyst_key,out_of_fold_heldout_rows
morph_hc_is_2d_sheet,2D Sheet,random_forest,Random forest,num__has_el_pt,Pt present,Composition,0.016750068153089,0.10476190476190476,-0.5304346042809781,1050,348,catalyst_key,out_of_fold_heldout_rows
morph_hc_is_2d_sheet,2D Sheet,random_forest,Random forest,num__active_element_count,Active element count,Composition,0.014945079682966773,0.27116883116883106,-0.04989804416650105,1050,348,catalyst_key,out_of_fold_heldout_rows
morph_hc_is_2d_sheet,2D Sheet,random_forest,Random forest,num__has_el_c,C present,Composition,0.014356060260561137,0.14666666666666667,-0.6127537030790295,1050,348,catalyst_key,out_of_fold_heldout_rows
morph_hc_is_2d_sheet,2D Sheet,random_forest,Random forest,num__has_el_o,O present,Composition,0.01339503387026158,0.35904761904761906,-0.8304958826360641,1050,348,catalyst_key,out_of_fold_heldout_rows
morph_hc_is_2d_sheet,2D Sheet,random_forest,Random forest,num__xps_text_energy_max_ev,XPS BE max,Structure / characterization,0.012950712930459123,0.6397461904761905,0.05493578123610942,1050,348,catalyst_key,out_of_fold_heldout_rows
morph_hc_is_2d_sheet,2D Sheet,random_forest,Random forest,num__has_el_co,CO present,Composition,0.012088267546414325,0.26,0.6679259378037492,1050,348,catalyst_key,out_of_fold_heldout_rows
morph_hc_is_2d_sheet,2D Sheet,random_forest,Random forest,num__xps_text_energy_std_ev,XPS BE dispersion,Structure / characterization,0.011781412098178417,0.49993966882486757,-0.053360912412399264,1050,348,catalyst_key,out_of_fold_heldout_rows
morph_hc_is_2d_sheet,2D Sheet,random_forest,Random forest,num__xps_text_energy_mean_ev,XPS BE mean,Structure / characterization,0.009536558995881126,0.4291581396047418,0.1719505861572271,1050,348,catalyst_key,out_of_fold_heldout_rows
morph_hc_is_2d_sheet,2D Sheet,random_forest,Random forest,num__synth_time_h,Synthesis time,Synthesis,0.008515498721634948,0.00761587459057697,0.5001910805840944,1050,348,catalyst_key,out_of_fold_heldout_rows
morph_hc_is_2d_sheet,2D Sheet,random_forest,Random forest,num__xps_text_peak_count,XPS peak count,Structure / characterization,0.007146696878839366,0.07922779922779923,-0.006673491863902038,1050,348,catalyst_key,out_of_fold_heldout_rows
morph_hc_is_2d_sheet,2D Sheet,random_forest,Random forest,num__structure_lattice_spacing,Lattice spacing,Structure / characterization,0.00688400068769009,0.0028477415920508007,-0.03885132358456203,1050,348,catalyst_key,out_of_fold_heldout_rows
morph_hc_is_2d_sheet,2D Sheet,random_forest,Random forest,num__structure_interplanar_spacing,Interplanar spacing,Structure / characterization,0.006083481144416547,0.006437868526288526,-0.14762288070810603,1050,348,catalyst_key,out_of_fold_heldout_rows
morph_hc_is_2d_sheet,2D Sheet,random_forest,Random forest,num__has_el_s,S present,Composition,0.005546061587641985,0.10476190476190476,0.5098841108114462,1050,348,catalyst_key,out_of_fold_heldout_rows
morph_hc_is_2d_sheet,2D Sheet,random_forest,Random forest,num__synth_step_count,Synthesis step count,Synthesis,0.00485400698881803,0.13414965986394556,0.13550848618482653,1050,348,catalyst_key,out_of_fold_heldout_rows
morph_hc_is_2d_sheet,2D Sheet,random_forest,Random forest,num__synth_has_pyrolysis,synth has pyrolysis,Synthesis,0.004682585316311554,0.029523809523809525,-0.29318349533166504,1050,348,catalyst_key,out_of_fold_heldout_rows
morph_hc_is_2d_sheet,2D Sheet,random_forest,Random forest,num__has_el_n,N present,Composition,0.004509530592330565,0.12857142857142856,-0.5514781607090359,1050,348,catalyst_key,out_of_fold_heldout_rows
morph_hc_is_2d_sheet,2D Sheet,random_forest,Random forest,num__comp_ni,Ni content,Composition,0.003899806682831244,0.10842415963718822,-0.026650772515703997,1050,348,catalyst_key,out_of_fold_heldout_rows
morph_hc_is_2d_sheet,2D Sheet,random_forest,Random forest,num__has_el_ru,RU present,Composition,0.0038186995921379563,0.10095238095238095,-0.50666412618933,1050,348,catalyst_key,out_of_fold_heldout_rows
morph_hc_is_2d_sheet,2D Sheet,random_forest,Random forest,num__bet_surface_area_m2_g,BET surface area,Structure / characterization,0.003455663622349738,0.04015876224980726,0.10825820857467476,1050,348,catalyst_key,out_of_fold_heldout_rows
morph_hc_is_2d_sheet,2D Sheet,random_forest,Random forest,num__has_el_p,P present,Composition,0.0031018234042025,0.10476190476190476,0.21412321453276625,1050,348,catalyst_key,out_of_fold_heldout_rows
morph_hc_is_2d_sheet,2D Sheet,random_forest,Random forest,num__support_is_nickel_foam,support is nickel foam,Support,0.002890469471511923,0.07714285714285714,0.3818656948276271,1050,348,catalyst_key,out_of_fold_heldout_rows
morph_hc_is_2d_sheet,2D Sheet,random_forest,Random forest,num__has_el_cu,CU present,Composition,0.0028775821794605277,0.07809523809523809,-0.45680717890628514,1050,348,catalyst_key,out_of_fold_heldout_rows
morph_hc_is_2d_sheet,2D Sheet,random_forest,Random forest,cat__support_class_text_nickel_foam,support class text nickel foam,Support,0.002828913234267797,0.9495238095238095,-0.3775540483184039,1050,348,catalyst_key,out_of_fold_heldout_rows
morph_hc_is_2d_sheet,2D Sheet,random_forest,Random forest,num__synth_has_electrodeposition,synth has electrodeposition,Synthesis,0.002797502728036588,0.14476190476190476,-0.5804457700724024,1050,348,catalyst_key,out_of_fold_heldout_rows
morph_hc_is_2d_sheet,2D Sheet,random_forest,Random forest,num__xps_text_has_satellite_peak,xps text has satellite peak,Structure / characterization,0.0025699312697044937,0.07238095238095238,0.3406781943807669,1050,348,catalyst_key,out_of_fold_heldout_rows
morph_hc_is_2d_sheet,2D Sheet,random_forest,Random forest,num__has_el_mo,MO present,Composition,0.0025173148824553506,0.1180952380952381,0.3008066932051222,1050,348,catalyst_key,out_of_fold_heldout_rows
morph_hc_is_2d_sheet,2D Sheet,random_forest,Random forest,num__synth_pH,synth pH,Synthesis,0.0021012964951019147,0.48243860544217687,-0.025329564051590734,1050,348,catalyst_key,out_of_fold_heldout_rows
morph_hc_is_2d_sheet,2D Sheet,random_forest,Random forest,num__has_el_ti,TI present,Composition,0.0020832632962579744,0.04,0.25228173525558323,1050,348,catalyst_key,out_of_fold_heldout_rows
morph_hc_is_2d_sheet,2D Sheet,random_forest,Random forest,num__synth_current_density,synth current density,Synthesis,0.0019373332108874426,0.003914488095238095,0.25467857421985024,1050,348,catalyst_key,out_of_fold_heldout_rows
morph_hc_is_2d_sheet,2D Sheet,random_forest,Random forest,num__metal_mass_loading_mg_cm2,Metal mass loading,Other,0.0018463252281665174,0.011675566541615962,-0.16318549871197838,1050,348,catalyst_key,out_of_fold_heldout_rows
morph_hc_is_2d_sheet,2D Sheet,random_forest,Random forest,num__synth_has_annealing,synth has annealing,Synthesis,0.0018428628517521463,0.0761904761904762,-0.05109175901570708,1050,348,catalyst_key,out_of_fold_heldout_rows
morph_hc_is_2d_sheet,2D Sheet,random_forest,Random forest,num__has_el_w,W present,Composition,0.0018062691461628803,0.05238095238095238,-0.35578112550408403,1050,348,catalyst_key,out_of_fold_heldout_rows
morph_hc_is_2d_sheet,2D Sheet,random_forest,Random forest,num__comp_fe,Fe content,Composition,0.0018023339275921838,0.00540933892486635,-0.3604138498486191,1050,348,catalyst_key,out_of_fold_heldout_rows
morph_hc_is_2d_sheet,2D Sheet,random_forest,Random forest,num__synth_has_galvanic_replacement,synth has galvanic replacement,Synthesis,0.001767983670126483,0.006666666666666667,0.14094924486806842,1050,348,catalyst_key,out_of_fold_heldout_rows
morph_hc_is_2d_sheet,2D Sheet,random_forest,Random forest,num__synth_has_calcination,synth has calcination,Synthesis,0.0015473144087645226,0.05619047619047619,-0.16758128440039266,1050,348,catalyst_key,out_of_fold_heldout_rows
morph_hc_is_2d_sheet,2D Sheet,random_forest,Random forest,num__synth_has_ultrasonication,synth has ultrasonication,Synthesis,0.0014221773348492425,0.03428571428571429,-0.31516777603811774,1050,348,catalyst_key,out_of_fold_heldout_rows
morph_hc_is_2d_sheet,2D Sheet,random_forest,Random forest,num__synth_has_solvothermal,synth has solvothermal,Synthesis,0.0013861531811576405,0.022857142857142857,0.25885161594443556,1050,348,catalyst_key,out_of_fold_heldout_rows
morph_hc_is_2d_sheet,2D Sheet,random_forest,Random forest,num__has_el_cr,CR present,Composition,0.0013840644518562403,0.014285714285714285,-0.2055357554940611,1050,348,catalyst_key,out_of_fold_heldout_rows
morph_hc_is_2d_sheet,2D Sheet,random_forest,Random forest,num__comp_co,co composition,Composition,0.0013487236432565381,0.0037412965548053725,0.004772242958269732,1050,348,catalyst_key,out_of_fold_heldout_rows
morph_hc_is_2d_sheet,2D Sheet,random_forest,Random forest,num__support_is_carbon_cloth,support is carbon cloth,Support,0.001334360209292844,0.017142857142857144,0.22482659361933355,1050,348,catalyst_key,out_of_fold_heldout_rows
morph_hc_is_2d_sheet,2D Sheet,random_forest,Random forest,num__has_el_pd,PD present,Composition,0.001297849758301466,0.02761904761904762,-0.26626481229381044,1050,348,catalyst_key,out_of_fold_heldout_rows
morph_hc_is_2d_sheet,2D Sheet,random_forest,Random forest,num__has_el_au,AU present,Composition,0.001293909503266839,0.013333333333333334,-0.19866230715179253,1050,348,catalyst_key,out_of_fold_heldout_rows
morph_hc_is_2d_sheet,2D Sheet,random_forest,Random forest,num__synth_has_ion_exchange,synth has ion exchange,Synthesis,0.0012671937508479901,0.0380952380952381,0.2486700749301523,1050,348,catalyst_key,out_of_fold_heldout_rows
morph_hc_is_2d_sheet,2D Sheet,random_forest,Random forest,num__xps_text_has_binding_energy_shift,XPS BE shift,Structure / characterization,0.0011956192404252984,0.01619047619047619,0.2185980083265041,1050,348,catalyst_key,out_of_fold_heldout_rows
morph_hc_is_2d_sheet,2D Sheet,random_forest,Random forest,num__has_el_ir,Ir present,Composition,0.001156183651550054,0.039047619047619046,-0.23723282779344132,1050,348,catalyst_key,out_of_fold_heldout_rows
morph_hc_is_2d_sheet,2D Sheet,random_forest,Random forest,num__comp_ru,ru composition,Composition,0.0011020671320921185,0.02656830973786642,-0.26849960167549264,1050,348,catalyst_key,out_of_fold_heldout_rows
morph_hc_is_2d_sheet,2D Sheet,random_forest,Random forest,num__has_el_mn,MN present,Composition,0.0010448257625667956,0.035238095238095235,-0.24776814081419535,1050,348,catalyst_key,out_of_fold_heldout_rows
morph_hc_is_2d_sheet,2D Sheet,random_forest,Random forest,cat__support_class_text_carbon_cloth,support class text carbon cloth,Support,0.0010323444629566987,0.017142857142857144,0.22482659361933355,1050,348,catalyst_key,out_of_fold_heldout_rows
morph_hc_is_2d_sheet,2D Sheet,random_forest,Random forest,num__comp_pt,Pt content,Composition,0.0010282085267507915,0.04233062539682539,-0.013153406899814651,1050,348,catalyst_key,out_of_fold_heldout_rows
morph_hc_is_2d_sheet,2D Sheet,random_forest,Random forest,num__electronic_work_function_ev,electronic work function eV,Other,0.0010131435557688884,0.5840761035660589,-0.2798184219640052,1050,348,catalyst_key,out_of_fold_heldout_rows
morph_hc_is_2d_sheet,2D Sheet,random_forest,Random forest,num__electronic_band_gap_ev,electronic band gap eV,Other,0.0009348431536814226,0.7047281262098337,0.12037682419867404,1050,348,catalyst_key,out_of_fold_heldout_rows
morph_hc_is_2d_sheet,2D Sheet,random_forest,Random forest,num__struct_bond_length_angstrom,struct bond length angstrom,Other,0.0008712833288825059,0.5730787614562735,0.3186326376844155,1050,348,catalyst_key,out_of_fold_heldout_rows
morph_hc_is_2d_sheet,2D Sheet,random_forest,Random forest,num__comp_p,p composition,Composition,0.000863761596557712,0.06499610646709297,0.25072063505810244,1050,348,catalyst_key,out_of_fold_heldout_rows
morph_hc_is_2d_sheet,2D Sheet,random_forest,Random forest,num__xrd_filled_first_peak_2theta_deg,xrd filled first peak 2theta deg,Structure / characterization,0.0008273178229156726,0.10550328042328044,-0.27306048267756416,1050,348,catalyst_key,out_of_fold_heldout_rows
morph_hc_is_2d_sheet,2D Sheet,random_forest,Random forest,num__has_el_v,V present,Composition,0.0008218479861536233,0.02095238095238095,-0.24807298761352134,1050,348,catalyst_key,out_of_fold_heldout_rows
morph_hc_is_2d_sheet,2D Sheet,random_forest,Random forest,num__has_el_sr,SR present,Composition,0.0007444643601998967,0.010476190476190476,0.11243880788994373,1050,348,catalyst_key,out_of_fold_heldout_rows
morph_hc_is_2d_sheet,2D Sheet,random_forest,Random forest,num__struct_coordination_number,struct coordination number,Other,0.0007047621483587405,0.4593105089205495,-0.3047146497411014,1050,348,catalyst_key,out_of_fold_heldout_rows
morph_hc_is_2d_sheet,2D Sheet,random_forest,Random forest,num__xrd_text_peak_std_2theta_deg,xrd text peak std 2theta deg,Structure / characterization,0.0006911991145027396,0.5221098088922712,0.3020295279961364,1050,348,catalyst_key,out_of_fold_heldout_rows
morph_hc_is_2d_sheet,2D Sheet,random_forest,Random forest,num__xps_text_co_2p_be_ev,xps text co 2p be eV,Structure / characterization,0.0006907163136001049,0.9875558143006423,0.6005186345936678,1050,348,catalyst_key,out_of_fold_heldout_rows
morph_hc_is_2d_sheet,2D Sheet,random_forest,Random forest,num__xps_text_fe_2p_be_ev,xps text fe 2p be eV,Structure / characterization,0.0006419687451854733,0.9794784083496415,0.025467728463079202,1050,348,catalyst_key,out_of_fold_heldout_rows
morph_hc_is_2d_sheet,2D Sheet,random_forest,Random forest,num__synth_cycles,synth cycles,Synthesis,0.0006220401668055787,0.05376321287408244,-0.22729044453771818,1050,348,catalyst_key,out_of_fold_heldout_rows
morph_hc_is_2d_sheet,2D Sheet,random_forest,Random forest,num__has_el_ce,CE present,Composition,0.0006171554555266265,0.023809523809523808,-0.12846996379117395,1050,348,catalyst_key,out_of_fold_heldout_rows
morph_hc_is_2d_sheet,2D Sheet,random_forest,Random forest,num__has_el_se,SE present,Composition,0.0006107462731536033,0.018095238095238095,0.1731477310577174,1050,348,catalyst_key,out_of_fold_heldout_rows
morph_hc_is_2d_sheet,2D Sheet,random_forest,Random forest,num__xps_text_ni_2p_be_ev,xps text ni 2p be eV,Structure / characterization,0.0005973323193906219,0.9829356060606057,0.2354604846201997,1050,348,catalyst_key,out_of_fold_heldout_rows
morph_hc_is_2d_sheet,2D Sheet,random_forest,Random forest,num__has_el_cl,CL present,Composition,0.0005891977011214457,0.018095238095238095,0.18592372591624068,1050,348,catalyst_key,out_of_fold_heldout_rows
morph_hc_is_2d_sheet,2D Sheet,random_forest,Random forest,num__metal_loading_wt_pct,metal loading wt pct,Other,0.0005891910403255991,0.11374868911480922,0.10486307856932162,1050,348,catalyst_key,out_of_fold_heldout_rows
morph_hc_is_2d_sheet,2D Sheet,random_forest,Random forest,num__xrd_text_peak_max_2theta_deg,xrd text peak max 2theta deg,Structure / characterization,0.0005856397655361699,0.6132507936507935,0.1322674830164972,1050,348,catalyst_key,out_of_fold_heldout_rows
morph_hc_is_2d_sheet,2D Sheet,random_forest,Random forest,num__comp_cr,cr composition,Composition,0.0005600891985441295,0.12697049540277205,-0.28351955077182706,1050,348,catalyst_key,out_of_fold_heldout_rows
morph_hc_is_2d_sheet,2D Sheet,random_forest,Random forest,num__comp_al,al composition,Composition,0.0005531953650650874,0.12865321776124042,-0.032252326528202736,1050,348,catalyst_key,out_of_fold_heldout_rows
morph_hc_is_2d_sheet,2D Sheet,random_forest,Random forest,num__has_el_zn,ZN present,Composition,0.0005451315208995852,0.025714285714285714,-0.2741519114353567,1050,348,catalyst_key,out_of_fold_heldout_rows
morph_hc_is_2d_sheet,2D Sheet,random_forest,Random forest,cat__support_class_text_iron_foam,support class text iron foam,Support,0.0005316345901509749,0.012380952380952381,0.13271007573104537,1050,348,catalyst_key,out_of_fold_heldout_rows
morph_hc_is_2d_sheet,2D Sheet,random_forest,Random forest,num__xrd_text_peak_min_2theta_deg,xrd text peak min 2theta deg,Structure / characterization,0.000527346503105748,0.08148148148148147,-0.17964035152586474,1050,348,catalyst_key,out_of_fold_heldout_rows
morph_hc_is_2d_sheet,2D Sheet,random_forest,Random forest,num__xrd_text_peak_2_2theta_deg,xrd text peak 2 2theta deg,Structure / characterization,0.0005148535606331445,0.1444186991869919,0.20012724177584276,1050,348,catalyst_key,out_of_fold_heldout_rows
morph_hc_is_2d_sheet,2D Sheet,random_forest,Random forest,num__synth_pressure,synth pressure,Synthesis,0.0005096864326017486,0.006668587301746034,-0.08077371309351425,1050,348,catalyst_key,out_of_fold_heldout_rows
morph_hc_is_2d_sheet,2D Sheet,random_forest,Random forest,num__pore_volume_cm3_g,pore volume cm3 g,Structure / characterization,0.0004771223230483726,0.11083209552669553,-0.0171813914899144,1050,348,catalyst_key,out_of_fold_heldout_rows
morph_hc_is_2d_sheet,2D Sheet,random_forest,Random forest,num__xrd_text_peak_span_2theta_deg,xrd text peak span 2theta deg,Structure / characterization,0.0004665223188419454,0.6147988689451684,0.15356189125918582,1050,348,catalyst_key,out_of_fold_heldout_rows
morph_hc_is_2d_sheet,2D Sheet,random_forest,Random forest,num__xrd_text_peak_1_2theta_deg,xrd text peak 1 2theta deg,Structure / characterization,0.0004598597069594033,0.08148148148148147,-0.17803610788862007,1050,348,catalyst_key,out_of_fold_heldout_rows
morph_hc_is_2d_sheet,2D Sheet,random_forest,Random forest,num__xrd_text_peak_mean_2theta_deg,xrd text peak mean 2theta deg,Structure / characterization,0.00045653049887876254,0.3479015369110607,-0.0949541710601533,1050,348,catalyst_key,out_of_fold_heldout_rows
morph_hc_is_2d_sheet,2D Sheet,random_forest,Random forest,num__synth_voltage,synth voltage,Synthesis,0.00045277050566517945,0.0029794160125588692,-0.2454784235825958,1050,348,catalyst_key,out_of_fold_heldout_rows
morph_hc_is_2d_sheet,2D Sheet,random_forest,Random forest,num__comp_mo,mo composition,Composition,0.0004370087677127639,0.014223438924402603,0.09666016948389221,1050,348,catalyst_key,out_of_fold_heldout_rows
morph_hc_is_2d_sheet,2D Sheet,random_forest,Random forest,num__xps_co_2p3_2_be_ev_filled,xps co 2p3 2 be eV filled,Structure / characterization,0.0004344451999079005,0.9987599561563758,-0.2941821317388757,1050,348,catalyst_key,out_of_fold_heldout_rows
morph_hc_is_2d_sheet,2D Sheet,random_forest,Random forest,num__comp_cu,cu composition,Composition,0.0004309381895113502,0.1105419958416782,0.26498146339377937,1050,348,catalyst_key,out_of_fold_heldout_rows
morph_hc_is_2d_sheet,2D Sheet,random_forest,Random forest,num__xrd_text_peak_3_2theta_deg,xrd text peak 3 2theta deg,Structure / characterization,0.00042354460770394807,0.31655808390772044,0.24438587245315604,1050,348,catalyst_key,out_of_fold_heldout_rows
morph_hc_is_2d_sheet,2D Sheet,random_forest,Random forest,num__xrd_text_peak_count,xrd text peak count,Structure / characterization,0.00042126802723611655,0.24572447160682453,0.1516470999796812,1050,348,catalyst_key,out_of_fold_heldout_rows
morph_hc_is_2d_sheet,2D Sheet,random_forest,Random forest,num__has_el_b,B present,Composition,0.00041957907446813164,0.023809523809523808,0.03290323208351797,1050,348,catalyst_key,out_of_fold_heldout_rows
morph_hc_is_2d_sheet,2D Sheet,random_forest,Random forest,num__xrd_text_low_angle_peak_2theta_deg,xrd text low angle peak 2theta deg,Structure / characterization,0.0004011014782912985,0.40253968253968253,-0.22650844683349206,1050,348,catalyst_key,out_of_fold_heldout_rows
morph_hc_is_2d_sheet,2D Sheet,random_forest,Random forest,num__pore_size_nm,pore size nm,Structure / characterization,0.00039657264124930126,0.04124939447343303,-0.17010699395109152,1050,348,catalyst_key,out_of_fold_heldout_rows
morph_hc_is_2d_sheet,2D Sheet,random_forest,Random forest,num__xrd_filled_low_angle_peak_2theta_deg,xrd filled low angle peak 2theta deg,Structure / characterization,0.0003847075810922284,0.4028634920634921,-0.19022309435348744,1050,348,catalyst_key,out_of_fold_heldout_rows
morph_hc_is_2d_sheet,2D Sheet,random_forest,Random forest,num__has_el_sn,SN present,Composition,0.00037411230149536834,0.011428571428571429,-0.18407344521579205,1050,348,catalyst_key,out_of_fold_heldout_rows
morph_hc_is_2d_sheet,2D Sheet,random_forest,Random forest,num__support_is_copper_foam,support is copper foam,Support,0.0003735018633089366,0.009523809523809525,0.1682241150273296,1050,348,catalyst_key,out_of_fold_heldout_rows
morph_hc_is_2d_sheet,2D Sheet,random_forest,Random forest,num__xps_text_co_2p3_2_be_ev,xps text co 2p3 2 be eV,Structure / characterization,0.00036453599069124554,0.9987207404701011,0.0008049381726415448,1050,348,catalyst_key,out_of_fold_heldout_rows
morph_hc_is_2d_sheet,2D Sheet,random_forest,Random forest,num__comp_fe/ni,fe/ni composition,Composition,0.0003556077123433118,0.0576480312753873,-0.11730840049413897,434,143,catalyst_key,out_of_fold_heldout_rows
morph_hc_is_2d_sheet,2D Sheet,random_forest,Random forest,num__xps_ni_2p1_2_be_ev_filled,xps ni 2p1 2 be eV filled,Structure / characterization,0.0003505574102243805,0.99194420995671,-0.35947225998293497,1050,348,catalyst_key,out_of_fold_heldout_rows
morph_hc_is_2d_sheet,2D Sheet,random_forest,Random forest,num__xrd_text_has_peak_5_0_2theta,xrd text has peak 5 0 2theta,Structure / characterization,0.0003331677228985992,0.014285714285714285,0.2055357554940611,1050,348,catalyst_key,out_of_fold_heldout_rows
morph_hc_is_2d_sheet,2D Sheet,random_forest,Random forest,num__struct_roughness_factor,struct roughness factor,Other,0.00032936302908313303,0.0017141418539914786,-0.05639781153219054,1050,348,catalyst_key,out_of_fold_heldout_rows
morph_hc_is_2d_sheet,2D Sheet,random_forest,Random forest,num__xrd_text_peak_4_2theta_deg,xrd text peak 4 2theta deg,Structure / characterization,0.0003264453731137584,0.5337678497116699,0.16100920080408412,1050,348,catalyst_key,out_of_fold_heldout_rows
morph_hc_is_2d_sheet,2D Sheet,random_forest,Random forest,num__synth_potential,synth potential,Synthesis,0.0003052877822563625,-0.004233857142857143,-0.12627435739219894,1050,348,catalyst_key,out_of_fold_heldout_rows
morph_hc_is_2d_sheet,2D Sheet,random_forest,Random forest,num__xps_text_ni_2p1_2_be_ev,xps text ni 2p1 2 be eV,Structure / characterization,0.0003038762401682068,0.9916908549783551,0.35857810879765184,1050,348,catalyst_key,out_of_fold_heldout_rows
morph_hc_is_2d_sheet,2D Sheet,random_forest,Random forest,num__xrd_text_has_peak_6_0_2theta,xrd text has peak 6 0 2theta,Structure / characterization,0.00030319703574254966,0.02,-0.24248725319485007,1050,348,catalyst_key,out_of_fold_heldout_rows
morph_hc_is_2d_sheet,2D Sheet,random_forest,Random forest,num__comp_ni:fe,ni:fe composition,Composition,0.0002977140278356964,0.3701597883597883,-0.012313660763513737,1050,348,catalyst_key,out_of_fold_heldout_rows
morph_hc_is_2d_sheet,2D Sheet,random_forest,Random forest,num__xrd_text_has_peak_9_0_2theta,xrd text has peak 9 0 2theta,Structure / characterization,0.0002924980723195283,0.024761904761904763,-0.2071865977504014,1050,348,catalyst_key,out_of_fold_heldout_rows
morph_hc_is_2d_sheet,2D Sheet,random_forest,Random forest,num__comp_c,c composition,Composition,0.00029226348727662976,0.1057542616081248,-0.4602127775654425,1050,348,catalyst_key,out_of_fold_heldout_rows
morph_hc_is_2d_sheet,2D Sheet,random_forest,Random forest,cat__synth_temperature_text_room,synth temperature text room,Synthesis,0.00027429676138646764,0.98,0.06006915018520212,1050,348,catalyst_key,out_of_fold_heldout_rows
morph_hc_is_2d_sheet,2D Sheet,random_forest,Random forest,num__support_is_iron_foam,support is iron foam,Support,0.00026289657602025085,0.012380952380952381,-0.014590862624535232,1050,348,catalyst_key,out_of_fold_heldout_rows
morph_hc_is_2d_sheet,2D Sheet,random_forest,Random forest,cat__support_class_text_carbon_paper,support class text carbon paper,Support,0.0002517432558044204,0.005714285714285714,0.003584876111706592,1050,348,catalyst_key,out_of_fold_heldout_rows
morph_hc_is_2d_sheet,2D Sheet,random_forest,Random forest,num__has_el_rh,RH present,Composition,0.0002469109198708121,0.009523809523809525,-0.16822411371946325,1050,348,catalyst_key,out_of_fold_heldout_rows
morph_hc_is_2d_sheet,2D Sheet,random_forest,Random forest,num__has_el_la,LA present,Composition,0.0002439066218468545,0.006666666666666667,0.06040681922917218,1050,348,catalyst_key,out_of_fold_heldout_rows
morph_hc_is_2d_sheet,2D Sheet,random_forest,Random forest,num__has_el_i,I present,Composition,0.00024046961813327063,0.010476190476190476,-0.14431730069914145,1050,348,catalyst_key,out_of_fold_heldout_rows
morph_hc_is_2d_sheet,2D Sheet,random_forest,Random forest,num__comp_ir,ir composition,Composition,0.00022493900967848117,0.1457104761904762,0.3274121819550389,1050,348,catalyst_key,out_of_fold_heldout_rows
morph_hc_is_2d_sheet,2D Sheet,random_forest,Random forest,num__xps_text_o_1s_be_ev,xps text o 1s be eV,Structure / characterization,0.00022165706041472907,0.9964251764495665,-0.15916451928017064,1050,348,catalyst_key,out_of_fold_heldout_rows
morph_hc_is_2d_sheet,2D Sheet,random_forest,Random forest,num__has_el_as,As present,Composition,0.00021624606997628477,0.017142857142857144,0.02515017557821787,1050,348,catalyst_key,out_of_fold_heldout_rows
morph_hc_is_2d_sheet,2D Sheet,random_forest,Random forest,num__comp_y,y composition,Composition,0.0002144522495138996,0.02867867867867869,,188,65,catalyst_key,out_of_fold_heldout_rows
morph_hc_is_2d_sheet,2D Sheet,random_forest,Random forest,num__comp_mn,mn composition,Composition,0.00021433177687158811,0.0025093772912859486,-0.020908195163856717,1050,348,catalyst_key,out_of_fold_heldout_rows
morph_hc_is_2d_sheet,2D Sheet,random_forest,Random forest,num__xps_text_o_1s_generic_be_ev,xps text o 1s generic be eV,Structure / characterization,0.0002121535437697022,0.9964251764495665,0.15753923793559546,1050,348,catalyst_key,out_of_fold_heldout_rows
morph_hc_is_2d_sheet,2D Sheet,random_forest,Random forest,num__has_el_al,AL present,Composition,0.00021157790957313023,0.008571428571428572,0.016650202643605373,1050,348,catalyst_key,out_of_fold_heldout_rows
morph_hc_is_2d_sheet,2D Sheet,random_forest,Random forest,num__synth_has_sputtering,synth has sputtering,Synthesis,0.00021021736336755516,0.009523809523809525,-0.1345792909755706,1050,348,catalyst_key,out_of_fold_heldout_rows
morph_hc_is_2d_sheet,2D Sheet,random_forest,Random forest,num__xps_o_1s_be_ev_filled,xps o 1s be eV filled,Structure / characterization,0.00020418893114310224,0.9963318145269364,-0.048954790436998276,1050,348,catalyst_key,out_of_fold_heldout_rows
morph_hc_is_2d_sheet,2D Sheet,random_forest,Random forest,cat__support_class_text_copper_foam | nickel_foam,support class text copper foam | ni...,Support,0.00019762460820411712,0.0009523809523809524,0.05342682015877122,1050,348,catalyst_key,out_of_fold_heldout_rows
morph_hc_is_2d_sheet,2D Sheet,random_forest,Random forest,num__comp_o,o composition,Composition,0.00019652398839085507,0.11176530037111057,0.31208037704543873,1050,348,catalyst_key,out_of_fold_heldout_rows
morph_hc_is_2d_sheet,2D Sheet,random_forest,Random forest,num__support_is_carbon_paper,support is carbon paper,Support,0.00019477964167802152,0.006666666666666667,-0.01577256992976468,1050,348,catalyst_key,out_of_fold_heldout_rows
morph_hc_is_2d_sheet,2D Sheet,random_forest,Random forest,num__has_el_si,SI present,Composition,0.00018542164076837313,0.005714285714285714,-0.13055618685065531,1050,348,catalyst_key,out_of_fold_heldout_rows
morph_hc_is_2d_sheet,2D Sheet,random_forest,Random forest,num__has_el_ta,TA present,Composition,0.00018382809576500002,0.0038095238095238095,0.1067007365139079,1050,348,catalyst_key,out_of_fold_heldout_rows
morph_hc_is_2d_sheet,2D Sheet,random_forest,Random forest,num__xrd_peak_003_2theta_deg,xrd peak 003 2theta deg,Structure / characterization,0.00018009328920689046,0.10995567132803216,0.08647022062052515,1050,348,catalyst_key,out_of_fold_heldout_rows
morph_hc_is_2d_sheet,2D Sheet,random_forest,Random forest,num__has_el_cs,CS present,Composition,0.0001767729831273599,0.004761904761904762,0.0715884485497155,1050,348,catalyst_key,out_of_fold_heldout_rows
morph_hc_is_2d_sheet,2D Sheet,random_forest,Random forest,num__comp_n,n composition,Composition,0.00015974340279797082,0.12444865554703223,0.2471628311412499,1050,348,catalyst_key,out_of_fold_heldout_rows
morph_hc_is_2d_sheet,2D Sheet,random_forest,Random forest,num__xps_co_2p1_2_be_ev_filled,xps co 2p1 2 be eV filled,Structure / characterization,0.000155030619815921,0.9960684329720405,-0.08408140470613949,1050,348,catalyst_key,out_of_fold_heldout_rows
morph_hc_is_2d_sheet,2D Sheet,random_forest,Random forest,num__xrd_text_peak_5_2theta_deg,xrd text peak 5 2theta deg,Structure / characterization,0.0001539533891190758,0.5724443946857741,0.3518641473241133,1050,348,catalyst_key,out_of_fold_heldout_rows
morph_hc_is_2d_sheet,2D Sheet,random_forest,Random forest,num__has_el_y,Y present,Composition,0.00015259206002938248,0.0019047619047619048,0.07552091128495365,1050,348,catalyst_key,out_of_fold_heldout_rows
morph_hc_is_2d_sheet,2D Sheet,random_forest,Random forest,num__electronic_d_band_center_ev,electronic d band center eV,Other,0.00014843519551936213,-0.37611416697848654,0.10519595976964702,1050,348,catalyst_key,out_of_fold_heldout_rows
morph_hc_is_2d_sheet,2D Sheet,random_forest,Random forest,num__has_el_ag,AG present,Composition,0.0001475968643014445,0.005714285714285714,-0.04351872861188002,1050,348,catalyst_key,out_of_fold_heldout_rows
morph_hc_is_2d_sheet,2D Sheet,random_forest,Random forest,num__xps_ni_2p3_2_be_ev_filled,xps ni 2p3 2 be eV filled,Structure / characterization,0.00014482334962073366,0.993850884891353,0.254980513988713,1050,348,catalyst_key,out_of_fold_heldout_rows
morph_hc_is_2d_sheet,2D Sheet,random_forest,Random forest,num__has_el_re,RE present,Composition,0.00014372845773304852,0.0023837902264600714,0.08446499728496884,839,276,catalyst_key,out_of_fold_heldout_rows
morph_hc_is_2d_sheet,2D Sheet,random_forest,Random forest,num__has_el_bi,BI present,Composition,0.0001418066032538958,0.002857142857142857,0.03081656959458149,1050,348,catalyst_key,out_of_fold_heldout_rows
morph_hc_is_2d_sheet,2D Sheet,random_forest,Random forest,num__xps_text_ni_2p3_2_be_ev,xps text ni 2p3 2 be eV,Structure / characterization,0.00013957142222557512,0.9944811279616941,0.45328592621989555,1050,348,catalyst_key,out_of_fold_heldout_rows
morph_hc_is_2d_sheet,2D Sheet,random_forest,Random forest,num__xps_text_co_2p1_2_be_ev,xps text co 2p1 2 be eV,Structure / characterization,0.00013509589741022158,0.9956846731204998,0.3188828575302941,1050,348,catalyst_key,out_of_fold_heldout_rows
morph_hc_is_2d_sheet,2D Sheet,random_forest,Random forest,num__synth_has_sol_gel,synth has sol gel,Synthesis,0.00013327845427104027,0.009523809523809525,0.1682241150273296,1050,348,catalyst_key,out_of_fold_heldout_rows
morph_hc_is_2d_sheet,2D Sheet,random_forest,Random forest,num__has_el_nb,NB present,Composition,0.00013159043668171103,0.005714285714285714,-0.1305561888806859,1050,348,catalyst_key,out_of_fold_heldout_rows
morph_hc_is_2d_sheet,2D Sheet,random_forest,Random forest,num__comp_ni/fe,ni/fe composition,Composition,0.0001304726601977058,0.32016120436983747,-0.27863058614336544,834,270,catalyst_key,out_of_fold_heldout_rows
morph_hc_is_2d_sheet,2D Sheet,random_forest,Random forest,num__xrd_first_peak_2theta_deg,xrd first peak 2theta deg,Structure / characterization,0.00012962424255074214,0.37027823876803473,0.4589453207585179,1050,348,catalyst_key,out_of_fold_heldout_rows
morph_hc_is_2d_sheet,2D Sheet,random_forest,Random forest,cat__synth_temperature_text_room temperature,synth temperature text room tempera...,Synthesis,0.00012679794372417687,0.006666666666666667,-0.1006780320486203,1050,348,catalyst_key,out_of_fold_heldout_rows
morph_hc_is_2d_sheet,2D Sheet,random_forest,Random forest,num__has_el_ba,BA present,Composition,0.00012389297013713055,0.005714285714285714,-0.13055618583564008,1050,348,catalyst_key,out_of_fold_heldout_rows
morph_hc_is_2d_sheet,2D Sheet,random_forest,Random forest,num__comp_si,si composition,Composition,0.00012229789886263108,0.05102118305355715,-0.3989059329395436,834,270,catalyst_key,out_of_fold_heldout_rows
morph_hc_is_2d_sheet,2D Sheet,random_forest,Random forest,num__has_el_pr,PR present,Composition,0.00011882783208250052,0.004761904761904762,-0.11923801293603127,1050,348,catalyst_key,out_of_fold_heldout_rows
morph_hc_is_2d_sheet,2D Sheet,random_forest,Random forest,num__comp_s,s composition,Composition,0.00011802950848698291,0.08442829013461925,0.24178759877838335,1050,348,catalyst_key,out_of_fold_heldout_rows
morph_hc_is_2d_sheet,2D Sheet,random_forest,Random forest,cat__support_class_text_copper_foam,support class text copper foam,Support,0.00011672655335779061,0.008571428571428572,0.12418631183618462,1050,348,catalyst_key,out_of_fold_heldout_rows
morph_hc_is_2d_sheet,2D Sheet,random_forest,Random forest,num__xrd_text_has_peak_50_0_2theta,xrd text has peak 50 0 2theta,Structure / characterization,0.0001140395432557988,0.010476190476190476,-0.014828282473203775,1050,348,catalyst_key,out_of_fold_heldout_rows
morph_hc_is_2d_sheet,2D Sheet,random_forest,Random forest,num__synth_scan_rate,synth scan rate,Synthesis,0.00011105838341099063,0.49707142857142855,0.053896507859722685,1050,348,catalyst_key,out_of_fold_heldout_rows
morph_hc_is_2d_sheet,2D Sheet,random_forest,Random forest,num__has_el_br,BR present,Composition,0.00010462292839654035,0.0,,218,65,catalyst_key,out_of_fold_heldout_rows
morph_hc_is_2d_sheet,2D Sheet,random_forest,Random forest,num__has_el_cd,CD present,Composition,9.971662625831022e-05,0.0038095238095238095,-0.10670073734345784,1050,348,catalyst_key,out_of_fold_heldout_rows
morph_hc_is_2d_sheet,2D Sheet,random_forest,Random forest,num__has_el_mg,MG present,Composition,9.4298324200293e-05,0.0038095238095238095,0.07875044859383314,1050,348,catalyst_key,out_of_fold_heldout_rows
morph_hc_is_2d_sheet,2D Sheet,random_forest,Random forest,num__xrd_text_has_peak_7_0_2theta,xrd text has peak 7 0 2theta,Structure / characterization,9.123313504953186e-05,0.02,-0.17535972583164783,1050,348,catalyst_key,out_of_fold_heldout_rows
morph_hc_is_2d_sheet,2D Sheet,random_forest,Random forest,num__has_el_te,TE present,Composition,9.028212510850731e-05,0.002857142857142857,-0.0924497128566877,1050,348,catalyst_key,out_of_fold_heldout_rows
morph_hc_is_2d_sheet,2D Sheet,random_forest,Random forest,num__has_el_li,LI present,Composition,8.993499568227352e-05,0.007619047619047619,-0.037652207284771456,1050,348,catalyst_key,out_of_fold_heldout_rows
morph_hc_is_2d_sheet,2D Sheet,random_forest,Random forest,cat__support_class_text_iron_foam | nickel_foam,support class text iron foam | nick...,Support,8.853376198372322e-05,0.0,,1050,348,catalyst_key,out_of_fold_heldout_rows
morph_hc_is_2d_sheet,2D Sheet,random_forest,Random forest,num__xrd_text_peak_6_2theta_deg,xrd text peak 6 2theta deg,Structure / characterization,8.630068306126255e-05,0.7610180623973729,-0.3119928563725526,1050,348,catalyst_key,out_of_fold_heldout_rows
morph_hc_is_2d_sheet,2D Sheet,random_forest,Random forest,num__comp_cl,cl composition,Composition,8.486974193302922e-05,0.05304088045446805,0.7799637097418803,839,276,catalyst_key,out_of_fold_heldout_rows
morph_hc_is_2d_sheet,2D Sheet,random_forest,Random forest,num__has_el_ts,TS present,Composition,8.483514331037844e-05,0.004761904761904762,-0.11923801200900971,1050,348,catalyst_key,out_of_fold_heldout_rows
morph_hc_is_2d_sheet,2D Sheet,random_forest,Random forest,num__has_el_k,K present,Composition,8.443615698011195e-05,0.009523809523809525,-0.0668690857233635,1050,348,catalyst_key,out_of_fold_heldout_rows
morph_hc_is_2d_sheet,2D Sheet,random_forest,Random forest,num__comp_w,w composition,Composition,8.23838001954998e-05,0.4150334955127292,-0.08829732605254295,1050,348,catalyst_key,out_of_fold_heldout_rows
morph_hc_is_2d_sheet,2D Sheet,random_forest,Random forest,cat__synth_temperature_text_high,synth temperature text high,Synthesis,8.216241810437941e-05,0.0019047619047619048,-0.07552091187209457,1050,348,catalyst_key,out_of_fold_heldout_rows
morph_hc_is_2d_sheet,2D Sheet,random_forest,Random forest,num__has_el_u,U present,Composition,7.235811543735912e-05,0.0015503875968992248,0.06772338005662822,645,215,catalyst_key,out_of_fold_heldout_rows
morph_hc_is_2d_sheet,2D Sheet,random_forest,Random forest,num__comp_zn,zn composition,Composition,7.039509799670959e-05,0.0494092543313946,0.5611108542306811,1050,348,catalyst_key,out_of_fold_heldout_rows
morph_hc_is_2d_sheet,2D Sheet,random_forest,Random forest,num__xrd_text_has_peak_45_0_2theta,xrd text has peak 45 0 2theta,Structure / characterization,7.037682231406294e-05,0.004761904761904762,0.11923801200900971,1050,348,catalyst_key,out_of_fold_heldout_rows
morph_hc_is_2d_sheet,2D Sheet,random_forest,Random forest,num__electronic_bader_charge_e,electronic bader charge e,Other,6.7048269576797e-05,0.12738093132920722,0.07261569118664907,1050,348,catalyst_key,out_of_fold_heldout_rows
morph_hc_is_2d_sheet,2D Sheet,random_forest,Random forest,num__pore_diameter_nm,pore diameter nm,Structure / characterization,6.379009659968613e-05,0.1817514465408805,0.07791890540986376,1050,348,catalyst_key,out_of_fold_heldout_rows
morph_hc_is_2d_sheet,2D Sheet,random_forest,Random forest,cat__synth_temperature_text_infrequent_sklearn,synth temperature text infrequent s...,Synthesis,6.205769465883804e-05,0.002857142857142857,-0.03081656959458149,1050,348,catalyst_key,out_of_fold_heldout_rows
morph_hc_is_2d_sheet,2D Sheet,random_forest,Random forest,cat__synth_time_text_overnight,synth time text overnight,Synthesis,6.052552050728693e-05,0.9961904761904762,-0.05034112186387529,1050,348,catalyst_key,out_of_fold_heldout_rows
morph_hc_is_2d_sheet,2D Sheet,random_forest,Random forest,cat__synth_temperature_text_varied by particle size | varied,synth temperature text varied by pa...,Synthesis,5.9136553631788516e-05,0.0,,623,198,catalyst_key,out_of_fold_heldout_rows
morph_hc_is_2d_sheet,2D Sheet,random_forest,Random forest,num__xps_text_pt_4f_be_ev,xps text pt 4f be eV,Structure / characterization,5.776843166859665e-05,0.9350225240186489,0.3381761456497356,1050,348,catalyst_key,out_of_fold_heldout_rows
morph_hc_is_2d_sheet,2D Sheet,random_forest,Random forest,num__has_el_os,OS present,Composition,5.7766132393297946e-05,0.0038095238095238095,0.0,1050,348,catalyst_key,out_of_fold_heldout_rows
morph_hc_is_2d_sheet,2D Sheet,random_forest,Random forest,num__synth_has_spray_coating,synth has spray coating,Synthesis,5.6502327227463044e-05,0.0038095238095238095,-0.05335036825695395,1050,348,catalyst_key,out_of_fold_heldout_rows
morph_hc_is_2d_sheet,2D Sheet,random_forest,Random forest,num__synth_has_drop_casting,synth has drop casting,Synthesis,5.572212303369816e-05,0.004761904761904762,0.0238476026490077,1050,348,catalyst_key,out_of_fold_heldout_rows
morph_hc_is_2d_sheet,2D Sheet,random_forest,Random forest,cat__support_class_text_metal_mesh,support class text metal mesh,Support,5.568801153735303e-05,0.004761904761904762,-0.11923801633511062,1050,348,catalyst_key,out_of_fold_heldout_rows
morph_hc_is_2d_sheet,2D Sheet,random_forest,Random forest,num__xrd_text_has_peak_8_0_2theta,xrd text has peak 8 0 2theta,Structure / characterization,5.112032261960706e-05,0.010476190476190476,-0.015970106513804275,1050,348,catalyst_key,out_of_fold_heldout_rows
morph_hc_is_2d_sheet,2D Sheet,random_forest,Random forest,num__support_is_metal_mesh,support is metal mesh,Support,4.9805237542593494e-05,0.004761904761904762,-0.11923801695312505,1050,348,catalyst_key,out_of_fold_heldout_rows
morph_hc_is_2d_sheet,2D Sheet,random_forest,Random forest,cat__synth_time_text_several,synth time text several,Synthesis,4.760880956595114e-05,0.0009523809523809524,0.05342682168179224,1050,348,catalyst_key,out_of_fold_heldout_rows
morph_hc_is_2d_sheet,2D Sheet,random_forest,Random forest,num__xps_text_mo_3d_be_ev,xps text mo 3d be eV,Structure / characterization,4.716223616144468e-05,0.992739112739113,0.7077744464047997,1050,348,catalyst_key,out_of_fold_heldout_rows
morph_hc_is_2d_sheet,2D Sheet,random_forest,Random forest,num__has_el_na,NA present,Composition,4.7153713374543615e-05,0.004761904761904762,0.11923801293603127,1050,348,catalyst_key,out_of_fold_heldout_rows
morph_hc_is_2d_sheet,2D Sheet,random_forest,Random forest,cat__support_class_text_carbon_paper | nickel_foam,support class text carbon paper | n...,Support,4.532972249958211e-05,0.0009523809523809524,-0.05332495970994111,1050,348,catalyst_key,out_of_fold_heldout_rows
morph_hc_is_2d_sheet,2D Sheet,random_forest,Random forest,num__comp_pd,pd composition,Composition,4.4908312821888596e-05,0.048599460317460326,-0.09731991399916341,1050,348,catalyst_key,out_of_fold_heldout_rows
morph_hc_is_2d_sheet,2D Sheet,random_forest,Random forest,num__comp_ce,ce composition,Composition,4.4154214466707825e-05,0.003066154939587775,-0.20237251292402675,1050,348,catalyst_key,out_of_fold_heldout_rows
morph_hc_is_2d_sheet,2D Sheet,random_forest,Random forest,num__xps_text_cu_2p_be_ev,xps text cu 2p be eV,Structure / characterization,4.1305084373432007e-05,0.9995184619302269,-0.4737164561716802,1050,348,catalyst_key,out_of_fold_heldout_rows
morph_hc_is_2d_sheet,2D Sheet,random_forest,Random forest,num__xps_co_2p1_2_be_ev,xps co 2p1 2 be eV,Structure / characterization,4.126416154858236e-05,0.9985972364105596,-0.1705908685561096,1050,348,catalyst_key,out_of_fold_heldout_rows
morph_hc_is_2d_sheet,2D Sheet,random_forest,Random forest,num__xrd_text_has_peak_52_0_2theta,xrd text has peak 52 0 2theta,Structure / characterization,3.8976843430411065e-05,0.0019047619047619048,-0.07552091441637204,1050,348,catalyst_key,out_of_fold_heldout_rows
morph_hc_is_2d_sheet,2D Sheet,random_forest,Random forest,num__has_el_sb,SB present,Composition,3.8600422129590136e-05,0.0,,651,211,catalyst_key,out_of_fold_heldout_rows
morph_hc_is_2d_sheet,2D Sheet,random_forest,Random forest,cat__synth_temperature_text_different,synth temperature text different,Synthesis,3.7980590402903615e-05,0.0,,1050,348,catalyst_key,out_of_fold_heldout_rows
morph_hc_is_2d_sheet,2D Sheet,random_forest,Random forest,num__xrd_text_has_peak_26_0_2theta,xrd text has peak 26 0 2theta,Structure / characterization,3.777894872888072e-05,0.002857142857142857,0.09244971046083868,1050,348,catalyst_key,out_of_fold_heldout_rows
morph_hc_is_2d_sheet,2D Sheet,random_forest,Random forest,cat__support_class_text_glassy_carbon,support class text glassy carbon,Support,3.578759769958357e-05,0.0,,1050,348,catalyst_key,out_of_fold_heldout_rows
morph_hc_is_2d_sheet,2D Sheet,random_forest,Random forest,num__comp_v,v composition,Composition,3.572702315600376e-05,0.3725265681003585,-0.4103272883224206,1050,348,catalyst_key,out_of_fold_heldout_rows
morph_hc_is_2d_sheet,2D Sheet,random_forest,Random forest,num__has_el_ds,DS present,Composition,3.5316430221530315e-05,0.0,,218,65,catalyst_key,out_of_fold_heldout_rows
morph_hc_is_2d_sheet,2D Sheet,random_forest,Random forest,num__synth_has_molten_salt,synth has molten salt,Synthesis,3.382994610904405e-05,0.0009523809523809524,-0.053426820574140575,1050,348,catalyst_key,out_of_fold_heldout_rows
morph_hc_is_2d_sheet,2D Sheet,random_forest,Random forest,cat__synth_time_text_several hours,synth time text several hours,Synthesis,3.229714403789567e-05,0.0,,1050,348,catalyst_key,out_of_fold_heldout_rows
morph_hc_is_2d_sheet,2D Sheet,random_forest,Random forest,num__comp_sr,sr composition,Composition,3.1128322635108e-05,0.7422029702970296,-0.15085852518649434,404,143,catalyst_key,out_of_fold_heldout_rows
morph_hc_is_2d_sheet,2D Sheet,random_forest,Random forest,num__comp_se,se composition,Composition,3.0526844525389615e-05,4.820092945418063e-05,0.8366665785264087,434,143,catalyst_key,out_of_fold_heldout_rows
morph_hc_is_2d_sheet,2D Sheet,random_forest,Random forest,cat__support_class_text_fto,support class text fto,Support,2.9723885127555468e-05,0.0,,1050,348,catalyst_key,out_of_fold_heldout_rows
morph_hc_is_2d_sheet,2D Sheet,random_forest,Random forest,num__xps_fe_2p3_2_be_ev_filled,xps fe 2p3 2 be eV filled,Structure / characterization,2.9723788070090352e-05,0.9953946053946051,-0.11804416638036208,1050,348,catalyst_key,out_of_fold_heldout_rows
morph_hc_is_2d_sheet,2D Sheet,random_forest,Random forest,num__struct_surface_roughness_nm,struct surface roughness nm,Other,2.8157863274988005e-05,0.003717173624204231,0.08773599266066205,1050,348,catalyst_key,out_of_fold_heldout_rows
morph_hc_is_2d_sheet,2D Sheet,random_forest,Random forest,cat__synth_temperature_text_RT,synth temperature text RT,Synthesis,2.7812541780271844e-05,0.0019047619047619048,0.07552092048349629,1050,348,catalyst_key,out_of_fold_heldout_rows
morph_hc_is_2d_sheet,2D Sheet,random_forest,Random forest,cat__synth_time_text_infrequent_sklearn,synth time text infrequent sklearn,Synthesis,2.5118562209497438e-05,0.0,,1050,348,catalyst_key,out_of_fold_heldout_rows
morph_hc_is_2d_sheet,2D Sheet,random_forest,Random forest,num__xrd_text_has_peak_49_0_2theta,xrd text has peak 49 0 2theta,Structure / characterization,2.3845199273501884e-05,0.002857142857142857,-0.0924497128566877,1050,348,catalyst_key,out_of_fold_heldout_rows
morph_hc_is_2d_sheet,2D Sheet,random_forest,Random forest,num__xps_ni_2p3_2_be_ev,xps ni 2p3 2 be eV,Structure / characterization,2.3446690123273783e-05,0.9991829704281272,-0.5825339351138441,1050,348,catalyst_key,out_of_fold_heldout_rows
morph_hc_is_2d_sheet,2D Sheet,random_forest,Random forest,cat__synth_time_text_25 or 60,synth time text 25 or 60,Synthesis,2.309516713344655e-05,0.0,,1050,348,catalyst_key,out_of_fold_heldout_rows
morph_hc_is_2d_sheet,2D Sheet,random_forest,Random forest,num__xps_fe_2p1_2_be_ev_filled,xps fe 2p1 2 be eV filled,Structure / characterization,2.2912334214539887e-05,0.9963100481771705,-0.20676053814671538,1050,348,catalyst_key,out_of_fold_heldout_rows
morph_hc_is_2d_sheet,2D Sheet,random_forest,Random forest,num__xps_co_2p3_2_be_ev,xps co 2p3 2 be eV,Structure / characterization,2.1688439386634617e-05,0.9987381091190708,-0.43025643851610423,1050,348,catalyst_key,out_of_fold_heldout_rows
morph_hc_is_2d_sheet,2D Sheet,random_forest,Random forest,num__support_is_glassy_carbon,support is glassy carbon,Support,2.118838329629148e-05,0.0,,1050,348,catalyst_key,out_of_fold_heldout_rows
morph_hc_is_2d_sheet,2D Sheet,random_forest,Random forest,num__xps_text_pt_4f5_2_be_ev,xps text pt 4f5 2 be eV,Structure / characterization,2.056202185043068e-05,0.9963333333333332,,399,137,catalyst_key,out_of_fold_heldout_rows
morph_hc_is_2d_sheet,2D Sheet,random_forest,Random forest,num__comp_rh,rh composition,Composition,2.032735543408192e-05,0.12198967416544555,-0.28158582931067616,1050,348,catalyst_key,out_of_fold_heldout_rows
morph_hc_is_2d_sheet,2D Sheet,random_forest,Random forest,num__has_el_nd,ND present,Composition,1.8147282295275874e-05,0.0,,216,78,catalyst_key,out_of_fold_heldout_rows
morph_hc_is_2d_sheet,2D Sheet,random_forest,Random forest,cat__synth_temperature_text_low,synth temperature text low,Synthesis,1.777956857509411e-05,0.002857142857142857,0.09233335255594091,1050,348,catalyst_key,out_of_fold_heldout_rows
morph_hc_is_2d_sheet,2D Sheet,random_forest,Random forest,num__electronic_fermi_level_ev,electronic fermi level eV,Other,1.7549136523121805e-05,-0.00017132255499602444,0.03326467096598051,1050,348,catalyst_key,out_of_fold_heldout_rows
morph_hc_is_2d_sheet,2D Sheet,random_forest,Random forest,cat__synth_time_text_3-48 | overnight,synth time text 3-48 | overnight,Synthesis,1.5995303272881307e-05,0.0,,617,202,catalyst_key,out_of_fold_heldout_rows
morph_hc_is_2d_sheet,2D Sheet,random_forest,Random forest,num__xps_pt_4f5_2_be_ev_filled,xps pt 4f5 2 be eV filled,Structure / characterization,1.472887002194084e-05,0.9963333333333332,,399,137,catalyst_key,out_of_fold_heldout_rows
morph_hc_is_2d_sheet,2D Sheet,random_forest,Random forest,num__xps_text_fe_2p1_2_be_ev,xps text fe 2p1 2 be eV,Structure / characterization,1.4344322737988334e-05,0.9966233582872854,0.5318310827513949,1050,348,catalyst_key,out_of_fold_heldout_rows
morph_hc_is_2d_sheet,2D Sheet,random_forest,Random forest,num__xps_text_fe_2p3_2_be_ev,xps text fe 2p3 2 be eV,Structure / characterization,1.3715278693017889e-05,0.9951068931068927,0.10415321416933823,1050,348,catalyst_key,out_of_fold_heldout_rows
morph_hc_is_2d_sheet,2D Sheet,random_forest,Random forest,num__xps_text_pt_4f7_2_be_ev,xps text pt 4f7 2 be eV,Structure / characterization,1.2929628975064964e-05,0.99092812281926,,399,137,catalyst_key,out_of_fold_heldout_rows
morph_hc_is_2d_sheet,2D Sheet,random_forest,Random forest,num__xps_pt_4f7_2_be_ev_filled,xps pt 4f7 2 be eV filled,Structure / characterization,1.2717212092958271e-05,0.99092812281926,,399,137,catalyst_key,out_of_fold_heldout_rows
morph_hc_is_2d_sheet,2D Sheet,random_forest,Random forest,num__has_el_eu,EU present,Composition,1.2475629986979616e-05,0.0,,428,140,catalyst_key,out_of_fold_heldout_rows
morph_hc_is_2d_sheet,2D Sheet,random_forest,Random forest,cat__synth_temperature_text_<273,synth temperature text <273,Synthesis,1.103626224809796e-05,0.0,,644,218,catalyst_key,out_of_fold_heldout_rows
morph_hc_is_2d_sheet,2D Sheet,random_forest,Random forest,cat__synth_temperature_text_ambient,synth temperature text ambient,Synthesis,1.1035942207834689e-05,0.0019047619047619048,0.0,1050,348,catalyst_key,out_of_fold_heldout_rows
morph_hc_is_2d_sheet,2D Sheet,random_forest,Random forest,cat__support_class_text_infrequent_sklearn,support class text infrequent sklearn,Support,7.575636368241309e-06,0.0,,1050,348,catalyst_key,out_of_fold_heldout_rows
morph_hc_is_2d_sheet,2D Sheet,random_forest,Random forest,cat__synth_time_text_6-24,synth time text 6-24,Synthesis,4.116521050490152e-06,0.0,,621,211,catalyst_key,out_of_fold_heldout_rows
morph_hc_is_2d_sheet,2D Sheet,random_forest,Random forest,cat__synth_temperature_text_thousands,synth temperature text thousands,Synthesis,1.2237881049528588e-06,0.0,,621,211,catalyst_key,out_of_fold_heldout_rows
morph_hc_is_2d_sheet,2D Sheet,random_forest,Random forest,cat__support_class_text_ito,support class text ito,Support,6.099287210499191e-07,0.0,,644,218,catalyst_key,out_of_fold_heldout_rows
morph_hc_is_amorphous,Amorphous,random_forest,Random forest,num__active_element_count,Active element count,Composition,0.02148404369932819,0.27454545454545454,0.13189654963927883,1050,60,catalyst_key,out_of_fold_heldout_rows
morph_hc_is_amorphous,Amorphous,random_forest,Random forest,num__synth_step_count,Synthesis step count,Synthesis,0.02075220543538982,0.13365079365079363,0.29064911066556026,1050,60,catalyst_key,out_of_fold_heldout_rows
morph_hc_is_amorphous,Amorphous,random_forest,Random forest,num__synth_time_h,Synthesis time,Synthesis,0.01770898278837801,0.009601973733938018,0.22437457435002559,1050,60,catalyst_key,out_of_fold_heldout_rows
morph_hc_is_amorphous,Amorphous,random_forest,Random forest,num__xps_text_energy_max_ev,XPS BE max,Structure / characterization,0.017525110387679274,0.643247253968254,0.6389028753923113,1050,60,catalyst_key,out_of_fold_heldout_rows
morph_hc_is_amorphous,Amorphous,random_forest,Random forest,num__has_el_c,C present,Composition,0.014422105369916212,0.1419047619047619,-0.6044037379865719,1050,60,catalyst_key,out_of_fold_heldout_rows
morph_hc_is_amorphous,Amorphous,random_forest,Random forest,num__xps_text_energy_mean_ev,XPS BE mean,Structure / characterization,0.014378954226179783,0.4341247570587755,0.10429175371994,1050,60,catalyst_key,out_of_fold_heldout_rows
morph_hc_is_amorphous,Amorphous,random_forest,Random forest,num__xps_text_peak_count,XPS peak count,Structure / characterization,0.013767492888106417,0.0813985413985414,0.44882986873572106,1050,60,catalyst_key,out_of_fold_heldout_rows
morph_hc_is_amorphous,Amorphous,random_forest,Random forest,num__synth_temperature_c,Synthesis temperature,Synthesis,0.013656876396717432,0.10776977457649727,-0.1928242461484225,1050,60,catalyst_key,out_of_fold_heldout_rows
morph_hc_is_amorphous,Amorphous,random_forest,Random forest,num__has_el_o,O present,Composition,0.013029958415609225,0.3961904761904762,0.7976511651135922,1050,60,catalyst_key,out_of_fold_heldout_rows
morph_hc_is_amorphous,Amorphous,random_forest,Random forest,num__xps_text_energy_min_ev,XPS BE min,Structure / characterization,0.012209167846778297,0.0942608200787976,0.11449350804337338,1050,60,catalyst_key,out_of_fold_heldout_rows
morph_hc_is_amorphous,Amorphous,random_forest,Random forest,num__has_el_n,N present,Composition,0.012208902851445748,0.10476190476190476,-0.5304346441452426,1050,60,catalyst_key,out_of_fold_heldout_rows
morph_hc_is_amorphous,Amorphous,random_forest,Random forest,num__has_el_mn,MN present,Composition,0.01106965621323424,0.02857142857142857,0.28855747239896,1050,60,catalyst_key,out_of_fold_heldout_rows
morph_hc_is_amorphous,Amorphous,random_forest,Random forest,num__xps_text_energy_std_ev,XPS BE dispersion,Structure / characterization,0.010059018199038814,0.5051786907464897,-0.16369798781468328,1050,60,catalyst_key,out_of_fold_heldout_rows
morph_hc_is_amorphous,Amorphous,random_forest,Random forest,num__has_el_ni,NI present,Composition,0.009789948725686795,0.5161904761904762,0.8155996827301197,1050,60,catalyst_key,out_of_fold_heldout_rows
morph_hc_is_amorphous,Amorphous,random_forest,Random forest,num__has_el_co,CO present,Composition,0.009522080695414771,0.2580952380952381,-0.7579156447027172,1050,60,catalyst_key,out_of_fold_heldout_rows
morph_hc_is_amorphous,Amorphous,random_forest,Random forest,num__has_el_mo,MO present,Composition,0.009481885593628725,0.11428571428571428,0.4764055468725268,1050,60,catalyst_key,out_of_fold_heldout_rows
morph_hc_is_amorphous,Amorphous,random_forest,Random forest,num__synth_has_annealing,synth has annealing,Synthesis,0.009206761094058965,0.07809523809523809,0.44852824118489615,1050,60,catalyst_key,out_of_fold_heldout_rows
morph_hc_is_amorphous,Amorphous,random_forest,Random forest,num__has_el_fe,FE present,Composition,0.008329029864881252,0.3142857142857143,-0.5169207030077517,1050,60,catalyst_key,out_of_fold_heldout_rows
morph_hc_is_amorphous,Amorphous,random_forest,Random forest,num__synth_has_hydrothermal,Hydrothermal route,Synthesis,0.008204633871857638,0.12857142857142856,-0.5797610611253928,1050,60,catalyst_key,out_of_fold_heldout_rows
morph_hc_is_amorphous,Amorphous,random_forest,Random forest,num__structure_lattice_spacing,Lattice spacing,Structure / characterization,0.0078047841301348815,0.0017672767070005687,0.0728609421003485,1050,60,catalyst_key,out_of_fold_heldout_rows
morph_hc_is_amorphous,Amorphous,random_forest,Random forest,num__comp_fe,Fe content,Composition,0.0077056890143542235,0.004486606931001607,-0.3089584882584874,1050,60,catalyst_key,out_of_fold_heldout_rows
morph_hc_is_amorphous,Amorphous,random_forest,Random forest,num__structure_interplanar_spacing,Interplanar spacing,Structure / characterization,0.007593143580286433,0.006180222343212343,-0.1020483403564462,1050,60,catalyst_key,out_of_fold_heldout_rows
morph_hc_is_amorphous,Amorphous,random_forest,Random forest,num__has_el_h,H present,Composition,0.00748728057715265,0.16952380952380952,0.5275457468750667,1050,60,catalyst_key,out_of_fold_heldout_rows
morph_hc_is_amorphous,Amorphous,random_forest,Random forest,num__xps_text_has_binding_energy_shift,XPS BE shift,Structure / characterization,0.0073978921788023875,0.01904761904761905,0.23675830499212008,1050,60,catalyst_key,out_of_fold_heldout_rows
morph_hc_is_amorphous,Amorphous,random_forest,Random forest,num__comp_ru,ru composition,Composition,0.00704012211787762,0.03133092539830165,0.5487538418857661,1050,60,catalyst_key,out_of_fold_heldout_rows
morph_hc_is_amorphous,Amorphous,random_forest,Random forest,num__support_is_nickel_foam,support is nickel foam,Support,0.005958972018286816,0.09428571428571429,-0.5061502639681776,1050,60,catalyst_key,out_of_fold_heldout_rows
morph_hc_is_amorphous,Amorphous,random_forest,Random forest,num__struct_bond_length_angstrom,struct bond length angstrom,Other,0.005719865822258514,0.5737708472277799,0.10336271267113334,1050,60,catalyst_key,out_of_fold_heldout_rows
morph_hc_is_amorphous,Amorphous,random_forest,Random forest,num__has_el_s,S present,Composition,0.0051052326295935235,0.11333333333333333,-0.549030425568461,1050,60,catalyst_key,out_of_fold_heldout_rows
morph_hc_is_amorphous,Amorphous,random_forest,Random forest,num__xps_text_ni_2p_be_ev,xps text ni 2p be eV,Structure / characterization,0.004631279823067597,0.9828992965367962,0.10408739118502883,1050,60,catalyst_key,out_of_fold_heldout_rows
morph_hc_is_amorphous,Amorphous,random_forest,Random forest,num__has_el_pt,Pt present,Composition,0.0045866551622025025,0.09047619047619047,-0.3205596882862476,1050,60,catalyst_key,out_of_fold_heldout_rows
morph_hc_is_amorphous,Amorphous,random_forest,Random forest,num__synth_voltage,synth voltage,Synthesis,0.004527640678181483,0.0033429890109890107,0.20047908245842,1050,60,catalyst_key,out_of_fold_heldout_rows
morph_hc_is_amorphous,Amorphous,random_forest,Random forest,num__synth_has_electrodeposition,synth has electrodeposition,Synthesis,0.00450944006420213,0.14,-0.3089777311462817,1050,60,catalyst_key,out_of_fold_heldout_rows
morph_hc_is_amorphous,Amorphous,random_forest,Random forest,num__has_el_ir,Ir present,Composition,0.004437021208801556,0.045714285714285714,0.3153104805550579,1050,60,catalyst_key,out_of_fold_heldout_rows
morph_hc_is_amorphous,Amorphous,random_forest,Random forest,num__has_el_b,B present,Composition,0.004262312264045131,0.02857142857142857,0.28855747239896,1050,60,catalyst_key,out_of_fold_heldout_rows
morph_hc_is_amorphous,Amorphous,random_forest,Random forest,cat__support_class_text_nickel_foam,support class text nickel foam,Support,0.004247831500661347,0.940952380952381,0.40826855243327587,1050,60,catalyst_key,out_of_fold_heldout_rows
morph_hc_is_amorphous,Amorphous,random_forest,Random forest,num__has_el_ru,RU present,Composition,0.00416527789798852,0.12,-0.18747171832256487,1050,60,catalyst_key,out_of_fold_heldout_rows
morph_hc_is_amorphous,Amorphous,random_forest,Random forest,num__comp_ni,Ni content,Composition,0.0038672744142400203,0.11367165071225072,0.008679289429605256,1050,60,catalyst_key,out_of_fold_heldout_rows
morph_hc_is_amorphous,Amorphous,random_forest,Random forest,num__struct_coordination_number,struct coordination number,Other,0.003840020361372753,0.4585036291875242,0.16918414647926575,1050,60,catalyst_key,out_of_fold_heldout_rows
morph_hc_is_amorphous,Amorphous,random_forest,Random forest,num__has_el_cr,CR present,Composition,0.0037610467994318624,0.017142857142857144,0.2248266105159438,1050,60,catalyst_key,out_of_fold_heldout_rows
morph_hc_is_amorphous,Amorphous,random_forest,Random forest,num__synth_has_ion_exchange,synth has ion exchange,Synthesis,0.0037334787494991994,0.040952380952380955,0.34325792668972005,1050,60,catalyst_key,out_of_fold_heldout_rows
morph_hc_is_amorphous,Amorphous,random_forest,Random forest,num__has_el_p,P present,Composition,0.003356643216993014,0.10666666666666667,-0.058588443758134275,1050,60,catalyst_key,out_of_fold_heldout_rows
morph_hc_is_amorphous,Amorphous,random_forest,Random forest,num__bet_surface_area_m2_g,BET surface area,Structure / characterization,0.003151811889456684,0.04005541000100962,-0.4140602040186779,1050,60,catalyst_key,out_of_fold_heldout_rows
morph_hc_is_amorphous,Amorphous,random_forest,Random forest,num__synth_pH,synth pH,Synthesis,0.00315078818721606,0.4831590136054422,0.1798886473331207,1050,60,catalyst_key,out_of_fold_heldout_rows
morph_hc_is_amorphous,Amorphous,random_forest,Random forest,num__synth_has_calcination,synth has calcination,Synthesis,0.003112160181388798,0.06380952380952382,0.2900254890819384,1050,60,catalyst_key,out_of_fold_heldout_rows
morph_hc_is_amorphous,Amorphous,random_forest,Random forest,num__synth_cycles,synth cycles,Synthesis,0.002945967423443849,0.005572283079239602,0.7618072871396175,1050,60,catalyst_key,out_of_fold_heldout_rows
morph_hc_is_amorphous,Amorphous,random_forest,Random forest,num__has_el_ti,TI present,Composition,0.0029430246207584987,0.03619047619047619,-0.32348464190193504,1050,60,catalyst_key,out_of_fold_heldout_rows
morph_hc_is_amorphous,Amorphous,random_forest,Random forest,num__electronic_d_band_center_ev,electronic d band center eV,Other,0.002836636647037096,-0.37557269901245643,0.3548061847114116,1050,60,catalyst_key,out_of_fold_heldout_rows
morph_hc_is_amorphous,Amorphous,random_forest,Random forest,num__xps_text_has_satellite_peak,xps text has satellite peak,Structure / characterization,0.0027980299214544514,0.07904761904761905,0.08958119039875488,1050,60,catalyst_key,out_of_fold_heldout_rows
morph_hc_is_amorphous,Amorphous,random_forest,Random forest,num__has_el_cu,CU present,Composition,0.002616596915130179,0.06380952380952382,-0.4012637398754055,1050,60,catalyst_key,out_of_fold_heldout_rows
morph_hc_is_amorphous,Amorphous,random_forest,Random forest,num__comp_co,co composition,Composition,0.002427922024409234,0.0038307929352952995,-0.05016814734338553,1050,60,catalyst_key,out_of_fold_heldout_rows
morph_hc_is_amorphous,Amorphous,random_forest,Random forest,num__metal_mass_loading_mg_cm2,Metal mass loading,Other,0.00240235943161093,0.01224511043799815,0.3173079520255787,1050,60,catalyst_key,out_of_fold_heldout_rows
morph_hc_is_amorphous,Amorphous,random_forest,Random forest,num__pore_volume_cm3_g,pore volume cm3 g,Structure / characterization,0.0022624849957835363,0.10830308321308321,0.41314444200200057,1050,60,catalyst_key,out_of_fold_heldout_rows
morph_hc_is_amorphous,Amorphous,random_forest,Random forest,num__has_el_w,W present,Composition,0.0022424635947525667,0.0419047619047619,-0.3470539090993919,1050,60,catalyst_key,out_of_fold_heldout_rows
morph_hc_is_amorphous,Amorphous,random_forest,Random forest,num__has_el_bi,BI present,Composition,0.0022394537178523233,0.0019047619047619048,0.07552091637350873,1050,60,catalyst_key,out_of_fold_heldout_rows
morph_hc_is_amorphous,Amorphous,random_forest,Random forest,num__comp_ir,ir composition,Composition,0.002140452117035913,0.14477732804232804,-0.5602328635861162,1050,60,catalyst_key,out_of_fold_heldout_rows
morph_hc_is_amorphous,Amorphous,random_forest,Random forest,num__comp_mn,mn composition,Composition,0.0019165815561106503,0.0015530015148075233,-0.11645882044564258,1050,60,catalyst_key,out_of_fold_heldout_rows
morph_hc_is_amorphous,Amorphous,random_forest,Random forest,num__synth_has_sol_gel,synth has sol gel,Synthesis,0.0019117183477556725,0.004761904761904762,0.11923802097021927,1050,60,catalyst_key,out_of_fold_heldout_rows
morph_hc_is_amorphous,Amorphous,random_forest,Random forest,num__has_el_si,SI present,Composition,0.001845992523666816,0.002857142857142857,0.09244971573170677,1050,60,catalyst_key,out_of_fold_heldout_rows
morph_hc_is_amorphous,Amorphous,random_forest,Random forest,num__comp_w,w composition,Composition,0.0017545783134604725,0.4147878713046627,-0.46372899562831177,1050,60,catalyst_key,out_of_fold_heldout_rows
morph_hc_is_amorphous,Amorphous,random_forest,Random forest,num__has_el_as,As present,Composition,0.0016173697848283742,0.012380952380952381,0.19152817314907591,1050,60,catalyst_key,out_of_fold_heldout_rows
morph_hc_is_amorphous,Amorphous,random_forest,Random forest,num__comp_p,p composition,Composition,0.00149615736458465,0.06674532821130454,-0.18949253070137198,1050,60,catalyst_key,out_of_fold_heldout_rows
morph_hc_is_amorphous,Amorphous,random_forest,Random forest,num__comp_si,si composition,Composition,0.001440946414249714,0.049777247414478906,0.01371273372089022,838,48,catalyst_key,out_of_fold_heldout_rows
morph_hc_is_amorphous,Amorphous,random_forest,Random forest,num__xrd_text_peak_3_2theta_deg,xrd text peak 3 2theta deg,Structure / characterization,0.0013774429222435703,0.316489119692821,-0.5551793378853055,1050,60,catalyst_key,out_of_fold_heldout_rows
morph_hc_is_amorphous,Amorphous,random_forest,Random forest,num__synth_current_density,synth current density,Synthesis,0.001353318957699277,0.0033531230158730164,0.303000039236244,1050,60,catalyst_key,out_of_fold_heldout_rows
morph_hc_is_amorphous,Amorphous,random_forest,Random forest,num__comp_pt,Pt content,Composition,0.00128257993293043,0.0406594,-0.6237634764032509,1050,60,catalyst_key,out_of_fold_heldout_rows
morph_hc_is_amorphous,Amorphous,random_forest,Random forest,num__xrd_text_peak_std_2theta_deg,xrd text peak std 2theta deg,Structure / characterization,0.0012680145296930863,0.518840573597665,-0.5821725956228682,1050,60,catalyst_key,out_of_fold_heldout_rows
morph_hc_is_amorphous,Amorphous,random_forest,Random forest,num__synth_has_ultrasonication,synth has ultrasonication,Synthesis,0.0012555329286102195,0.040952380952380955,-0.2988653170626345,1050,60,catalyst_key,out_of_fold_heldout_rows
morph_hc_is_amorphous,Amorphous,random_forest,Random forest,num__comp_mo,mo composition,Composition,0.0012316390261556964,0.01532914049458255,-0.28316240533567655,1050,60,catalyst_key,out_of_fold_heldout_rows
morph_hc_is_amorphous,Amorphous,random_forest,Random forest,num__has_el_sr,SR present,Composition,0.001193226645829661,0.006666666666666667,0.10079387245058062,1050,60,catalyst_key,out_of_fold_heldout_rows
morph_hc_is_amorphous,Amorphous,random_forest,Random forest,num__electronic_band_gap_ev,electronic band gap eV,Other,0.0011658225092221705,0.7054565427797137,-0.41417829425777425,1050,60,catalyst_key,out_of_fold_heldout_rows
morph_hc_is_amorphous,Amorphous,random_forest,Random forest,num__has_el_se,SE present,Composition,0.001143949626042324,0.025714285714285714,0.20239064647212038,1050,60,catalyst_key,out_of_fold_heldout_rows
morph_hc_is_amorphous,Amorphous,random_forest,Random forest,num__pore_size_nm,pore size nm,Structure / characterization,0.0011410715287540165,0.042748995889277754,-0.24248269789213436,1050,60,catalyst_key,out_of_fold_heldout_rows
morph_hc_is_amorphous,Amorphous,random_forest,Random forest,cat__synth_temperature_text_room,synth temperature text room,Synthesis,0.001033546663322196,0.9761904761904762,-0.1432676699143769,1050,60,catalyst_key,out_of_fold_heldout_rows
morph_hc_is_amorphous,Amorphous,random_forest,Random forest,num__xps_text_o_1s_generic_be_ev,xps text o 1s generic be eV,Structure / characterization,0.0009876475102918681,0.9964215134459036,-0.11787591751497264,1050,60,catalyst_key,out_of_fold_heldout_rows
morph_hc_is_amorphous,Amorphous,random_forest,Random forest,num__comp_y,y composition,Composition,0.0009581863784010589,0.028678678678678685,,200,11,catalyst_key,out_of_fold_heldout_rows
morph_hc_is_amorphous,Amorphous,random_forest,Random forest,num__comp_cr,cr composition,Composition,0.0009514655762838152,0.12876629614381777,0.2541655529276559,1050,60,catalyst_key,out_of_fold_heldout_rows
morph_hc_is_amorphous,Amorphous,random_forest,Random forest,num__comp_zn,zn composition,Composition,0.0009324721678372957,0.050361021992828464,-0.23751795081161947,1050,60,catalyst_key,out_of_fold_heldout_rows
morph_hc_is_amorphous,Amorphous,random_forest,Random forest,num__xps_o_1s_be_ev_filled,xps o 1s be eV filled,Structure / characterization,0.0009192770933111246,0.9963276154739569,-0.03460189838121709,1050,60,catalyst_key,out_of_fold_heldout_rows
morph_hc_is_amorphous,Amorphous,random_forest,Random forest,num__xrd_filled_first_peak_2theta_deg,xrd filled first peak 2theta deg,Structure / characterization,0.0009181793708200359,0.10582222222222223,0.03195367657527338,1050,60,catalyst_key,out_of_fold_heldout_rows
morph_hc_is_amorphous,Amorphous,random_forest,Random forest,num__xrd_text_peak_max_2theta_deg,xrd text peak max 2theta deg,Structure / characterization,0.0009046344539953508,0.6112359788359787,-0.4991013134808926,1050,60,catalyst_key,out_of_fold_heldout_rows
morph_hc_is_amorphous,Amorphous,random_forest,Random forest,num__xps_text_o_1s_be_ev,xps text o 1s be eV,Structure / characterization,0.0008836633383070672,0.9964215134459036,-0.07519039025719836,1050,60,catalyst_key,out_of_fold_heldout_rows
morph_hc_is_amorphous,Amorphous,random_forest,Random forest,num__has_el_ce,CE present,Composition,0.0008804058811223986,0.023809523809523808,-0.07504987700398526,1050,60,catalyst_key,out_of_fold_heldout_rows
morph_hc_is_amorphous,Amorphous,random_forest,Random forest,num__xps_text_fe_2p_be_ev,xps text fe 2p be eV,Structure / characterization,0.0008591215346491799,0.9794475538160471,-0.1607554116615816,1050,60,catalyst_key,out_of_fold_heldout_rows
morph_hc_is_amorphous,Amorphous,random_forest,Random forest,num__xrd_text_peak_mean_2theta_deg,xrd text peak mean 2theta deg,Structure / characterization,0.0008256285409945545,0.3477512082273987,0.24184411063860234,1050,60,catalyst_key,out_of_fold_heldout_rows
morph_hc_is_amorphous,Amorphous,random_forest,Random forest,num__xrd_text_peak_2_2theta_deg,xrd text peak 2 2theta deg,Structure / characterization,0.0008076307156415786,0.14634262485482,0.4662553385767115,1050,60,catalyst_key,out_of_fold_heldout_rows
morph_hc_is_amorphous,Amorphous,random_forest,Random forest,num__synth_scan_rate,synth scan rate,Synthesis,0.0007531265173681784,0.4980733333333334,0.09205657506764711,1050,60,catalyst_key,out_of_fold_heldout_rows
morph_hc_is_amorphous,Amorphous,random_forest,Random forest,num__has_el_pd,PD present,Composition,0.0007300377161598588,0.02,-0.14366997713795115,1050,60,catalyst_key,out_of_fold_heldout_rows
morph_hc_is_amorphous,Amorphous,random_forest,Random forest,cat__synth_temperature_text_<273,synth temperature text <273,Synthesis,0.0007248670401127796,0.0,,645,38,catalyst_key,out_of_fold_heldout_rows
morph_hc_is_amorphous,Amorphous,random_forest,Random forest,num__xrd_text_peak_min_2theta_deg,xrd text peak min 2theta deg,Structure / characterization,0.000681289946144966,0.08243386243386241,0.10389037269957081,1050,60,catalyst_key,out_of_fold_heldout_rows
morph_hc_is_amorphous,Amorphous,random_forest,Random forest,num__xps_text_co_2p1_2_be_ev,xps text co 2p1 2 be eV,Structure / characterization,0.0006801096472786017,0.9957172855933545,0.02302978243596296,1050,60,catalyst_key,out_of_fold_heldout_rows
morph_hc_is_amorphous,Amorphous,random_forest,Random forest,num__has_el_y,Y present,Composition,0.0006703677159858492,0.0038095238095238095,0.10670074453289147,1050,60,catalyst_key,out_of_fold_heldout_rows
morph_hc_is_amorphous,Amorphous,random_forest,Random forest,num__synth_has_pyrolysis,synth has pyrolysis,Synthesis,0.0006580554860074066,0.025714285714285714,-0.06527994124109342,1050,60,catalyst_key,out_of_fold_heldout_rows
morph_hc_is_amorphous,Amorphous,random_forest,Random forest,num__xrd_text_peak_1_2theta_deg,xrd text peak 1 2theta deg,Structure / characterization,0.0006540470472580634,0.08243386243386241,0.07829092262533108,1050,60,catalyst_key,out_of_fold_heldout_rows
morph_hc_is_amorphous,Amorphous,random_forest,Random forest,num__xrd_text_low_angle_peak_2theta_deg,xrd text low angle peak 2theta deg,Structure / characterization,0.0006327178320016522,0.4031746031746032,0.1472554210130471,1050,60,catalyst_key,out_of_fold_heldout_rows
morph_hc_is_amorphous,Amorphous,random_forest,Random forest,num__has_el_al,AL present,Composition,0.0006136830934770699,0.006666666666666667,0.07619870035672126,1050,60,catalyst_key,out_of_fold_heldout_rows
morph_hc_is_amorphous,Amorphous,random_forest,Random forest,num__xps_ni_2p1_2_be_ev_filled,xps ni 2p1 2 be eV filled,Structure / characterization,0.0006039682948015504,0.9919461038961042,-0.5125960430669032,1050,60,catalyst_key,out_of_fold_heldout_rows
morph_hc_is_amorphous,Amorphous,random_forest,Random forest,num__comp_cu,cu composition,Composition,0.0005978996771212907,0.11073119673200517,-0.50607443595559,1050,60,catalyst_key,out_of_fold_heldout_rows
morph_hc_is_amorphous,Amorphous,random_forest,Random forest,num__comp_al,al composition,Composition,0.0005746619351014789,0.13054691447444203,-0.7216728467128037,1050,60,catalyst_key,out_of_fold_heldout_rows
morph_hc_is_amorphous,Amorphous,random_forest,Random forest,num__has_el_i,I present,Composition,0.0005688957878116776,0.010476190476190476,0.17635010730777528,1050,60,catalyst_key,out_of_fold_heldout_rows
morph_hc_is_amorphous,Amorphous,random_forest,Random forest,num__has_el_eu,EU present,Composition,0.0005647783505421262,0.0,,433,26,catalyst_key,out_of_fold_heldout_rows
morph_hc_is_amorphous,Amorphous,random_forest,Random forest,cat__synth_time_text_infrequent_sklearn,synth time text infrequent sklearn,Synthesis,0.0005532114517281414,0.0019047619047619048,0.07552091637350873,1050,60,catalyst_key,out_of_fold_heldout_rows
morph_hc_is_amorphous,Amorphous,random_forest,Random forest,num__comp_ce,ce composition,Composition,0.0005491636429384807,0.004011719181868436,0.26130099936871504,1050,60,catalyst_key,out_of_fold_heldout_rows
morph_hc_is_amorphous,Amorphous,random_forest,Random forest,num__xrd_first_peak_2theta_deg,xrd first peak 2theta deg,Structure / characterization,0.0005469613721751934,0.3718202885549825,0.4585979624405757,1050,60,catalyst_key,out_of_fold_heldout_rows
morph_hc_is_amorphous,Amorphous,random_forest,Random forest,num__xrd_text_peak_4_2theta_deg,xrd text peak 4 2theta deg,Structure / characterization,0.0005412994089113011,0.5335168717674335,0.30843837904707005,1050,60,catalyst_key,out_of_fold_heldout_rows
morph_hc_is_amorphous,Amorphous,random_forest,Random forest,num__has_el_v,V present,Composition,0.0005329732876094568,0.022857142857142857,-0.13554389972481684,1050,60,catalyst_key,out_of_fold_heldout_rows
morph_hc_is_amorphous,Amorphous,random_forest,Random forest,num__metal_loading_wt_pct,metal loading wt pct,Other,0.0005293501161448134,0.11172153393754539,-0.4262967711777432,1050,60,catalyst_key,out_of_fold_heldout_rows
morph_hc_is_amorphous,Amorphous,random_forest,Random forest,num__has_el_sn,SN present,Composition,0.0005205774145882163,0.018095238095238095,0.08362148554760646,1050,60,catalyst_key,out_of_fold_heldout_rows
morph_hc_is_amorphous,Amorphous,random_forest,Random forest,num__xrd_text_peak_span_2theta_deg,xrd text peak span 2theta deg,Structure / characterization,0.0005097668355460651,0.6136946971559708,-0.2869539971320827,1050,60,catalyst_key,out_of_fold_heldout_rows
morph_hc_is_amorphous,Amorphous,random_forest,Random forest,num__xrd_text_has_peak_26_0_2theta,xrd text has peak 26 0 2theta,Structure / characterization,0.0005009804390083056,0.0019047619047619048,0.07552091656922241,1050,60,catalyst_key,out_of_fold_heldout_rows
morph_hc_is_amorphous,Amorphous,random_forest,Random forest,num__xrd_text_peak_count,xrd text peak count,Structure / characterization,0.0004904219665448992,0.24629997453526867,-0.021707302906712855,1050,60,catalyst_key,out_of_fold_heldout_rows
morph_hc_is_amorphous,Amorphous,random_forest,Random forest,num__has_el_au,AU present,Composition,0.0004770056838282369,0.014285714285714285,-0.20553577094088835,1050,60,catalyst_key,out_of_fold_heldout_rows
morph_hc_is_amorphous,Amorphous,random_forest,Random forest,num__xrd_filled_low_angle_peak_2theta_deg,xrd filled low angle peak 2theta deg,Structure / characterization,0.0004366124863222354,0.4049833711262283,0.09562447819877908,1050,60,catalyst_key,out_of_fold_heldout_rows
morph_hc_is_amorphous,Amorphous,random_forest,Random forest,num__electronic_work_function_ev,electronic work function eV,Other,0.00043298781838144705,0.5846459079193842,-0.2625951918217332,1050,60,catalyst_key,out_of_fold_heldout_rows
morph_hc_is_amorphous,Amorphous,random_forest,Random forest,num__comp_o,o composition,Composition,0.0004315738166311659,0.11096316248166288,-0.43514344349927697,1050,60,catalyst_key,out_of_fold_heldout_rows
morph_hc_is_amorphous,Amorphous,random_forest,Random forest,cat__synth_temperature_text_room temperature,synth temperature text room tempera...,Synthesis,0.0004255165677271018,0.012380952380952381,0.12270816938569608,1050,60,catalyst_key,out_of_fold_heldout_rows
morph_hc_is_amorphous,Amorphous,random_forest,Random forest,num__xps_co_2p1_2_be_ev_filled,xps co 2p1 2 be eV filled,Structure / characterization,0.0004097436143078823,0.9961056165542154,-0.2557737229162085,1050,60,catalyst_key,out_of_fold_heldout_rows
morph_hc_is_amorphous,Amorphous,random_forest,Random forest,num__comp_v,v composition,Composition,0.0004016692711510184,0.3733724590373785,0.3902039291573322,1050,60,catalyst_key,out_of_fold_heldout_rows
morph_hc_is_amorphous,Amorphous,random_forest,Random forest,cat__support_class_text_copper_foam,support class text copper foam,Support,0.0003974740498916274,0.006666666666666667,0.1409492561915078,1050,60,catalyst_key,out_of_fold_heldout_rows
morph_hc_is_amorphous,Amorphous,random_forest,Random forest,num__has_el_zn,ZN present,Composition,0.00039169621599183284,0.024761904761904763,-0.2681678591275835,1050,60,catalyst_key,out_of_fold_heldout_rows
morph_hc_is_amorphous,Amorphous,random_forest,Random forest,cat__synth_time_text_overnight,synth time text overnight,Synthesis,0.0003887518523148196,0.9923809523809524,-0.0862531915002627,1050,60,catalyst_key,out_of_fold_heldout_rows
morph_hc_is_amorphous,Amorphous,random_forest,Random forest,num__synth_potential,synth potential,Synthesis,0.0003736581579678996,-0.004222708994708994,0.14290625049027322,1050,60,catalyst_key,out_of_fold_heldout_rows
morph_hc_is_amorphous,Amorphous,random_forest,Random forest,num__xps_text_ni_2p1_2_be_ev,xps text ni 2p1 2 be eV,Structure / characterization,0.0003662215381839568,0.9916930735930737,-0.13590766228638934,1050,60,catalyst_key,out_of_fold_heldout_rows
morph_hc_is_amorphous,Amorphous,random_forest,Random forest,num__support_is_copper_foam,support is copper foam,Support,0.0003239802852870682,0.008571428571428572,0.08918169622107525,1050,60,catalyst_key,out_of_fold_heldout_rows
morph_hc_is_amorphous,Amorphous,random_forest,Random forest,cat__synth_temperature_text_infrequent_sklearn,synth temperature text infrequent s...,Synthesis,0.00029285406489102436,0.0009523809523809524,0.05342682763542111,1050,60,catalyst_key,out_of_fold_heldout_rows
morph_hc_is_amorphous,Amorphous,random_forest,Random forest,num__has_el_li,LI present,Composition,0.0002899248101284908,0.004761904761904762,0.07158845392987134,1050,60,catalyst_key,out_of_fold_heldout_rows
morph_hc_is_amorphous,Amorphous,random_forest,Random forest,num__xps_co_2p3_2_be_ev_filled,xps co 2p3 2 be eV filled,Structure / characterization,0.0002849202735503373,0.998757337717696,0.2513797307267418,1050,60,catalyst_key,out_of_fold_heldout_rows
morph_hc_is_amorphous,Amorphous,random_forest,Random forest,num__support_is_iron_foam,support is iron foam,Support,0.00028235306339646906,0.01619047619047619,-0.21859802475501147,1050,60,catalyst_key,out_of_fold_heldout_rows
morph_hc_is_amorphous,Amorphous,random_forest,Random forest,num__synth_has_solvothermal,synth has solvothermal,Synthesis,0.00027954959363386253,0.02095238095238095,-0.24807300625719028,1050,60,catalyst_key,out_of_fold_heldout_rows
morph_hc_is_amorphous,Amorphous,random_forest,Random forest,num__xps_co_2p3_2_be_ev,xps co 2p3 2 be eV,Structure / characterization,0.0002589014664462291,0.9987390844820242,0.3887606045111521,1050,60,catalyst_key,out_of_fold_heldout_rows
morph_hc_is_amorphous,Amorphous,random_forest,Random forest,cat__synth_temperature_text_ambient,synth temperature text ambient,Synthesis,0.0002530431879486917,0.002857142857142857,0.0924497159712917,1050,60,catalyst_key,out_of_fold_heldout_rows
morph_hc_is_amorphous,Amorphous,random_forest,Random forest,num__comp_cl,cl composition,Composition,0.000246659623125341,0.053900786713286714,0.6887982656098893,832,50,catalyst_key,out_of_fold_heldout_rows
morph_hc_is_amorphous,Amorphous,random_forest,Random forest,num__comp_s,s composition,Composition,0.00024047101011383853,0.0837842073538276,0.6086381629367108,1050,60,catalyst_key,out_of_fold_heldout_rows
morph_hc_is_amorphous,Amorphous,random_forest,Random forest,num__struct_roughness_factor,struct roughness factor,Other,0.00023933138770240234,0.001007668052780835,-0.18449981441273755,1050,60,catalyst_key,out_of_fold_heldout_rows
morph_hc_is_amorphous,Amorphous,random_forest,Random forest,num__xps_co_2p1_2_be_ev,xps co 2p1 2 be eV,Structure / characterization,0.00022536377443258202,0.9985952052380355,-0.14947281396322537,1050,60,catalyst_key,out_of_fold_heldout_rows
morph_hc_is_amorphous,Amorphous,random_forest,Random forest,num__xps_ni_2p3_2_be_ev_filled,xps ni 2p3 2 be eV filled,Structure / characterization,0.00021519529400080675,0.9938847332803113,0.13432867382243144,1050,60,catalyst_key,out_of_fold_heldout_rows
morph_hc_is_amorphous,Amorphous,random_forest,Random forest,num__electronic_bader_charge_e,electronic bader charge e,Other,0.00020510133986596237,0.12933655425034737,0.06443296739934089,1050,60,catalyst_key,out_of_fold_heldout_rows
morph_hc_is_amorphous,Amorphous,random_forest,Random forest,num__has_el_cl,CL present,Composition,0.00019607193486537557,0.014285714285714285,-0.1781310014821032,1050,60,catalyst_key,out_of_fold_heldout_rows
morph_hc_is_amorphous,Amorphous,random_forest,Random forest,num__xps_text_ni_2p3_2_be_ev,xps text ni 2p3 2 be eV,Structure / characterization,0.00018610476634511292,0.9945186762967647,0.25070306648261875,1050,60,catalyst_key,out_of_fold_heldout_rows
morph_hc_is_amorphous,Amorphous,random_forest,Random forest,num__comp_se,se composition,Composition,0.00018522264319823596,4.854665368831707e-05,0.7086551568807684,417,23,catalyst_key,out_of_fold_heldout_rows
morph_hc_is_amorphous,Amorphous,random_forest,Random forest,cat__support_class_text_carbon_paper,support class text carbon paper,Support,0.0001787779383433526,0.006666666666666667,0.020058386396461604,1050,60,catalyst_key,out_of_fold_heldout_rows
morph_hc_is_amorphous,Amorphous,random_forest,Random forest,num__support_is_carbon_cloth,support is carbon cloth,Support,0.00017157146852937312,0.017142857142857144,-0.07971081291425952,1050,60,catalyst_key,out_of_fold_heldout_rows
morph_hc_is_amorphous,Amorphous,random_forest,Random forest,num__support_is_carbon_paper,support is carbon paper,Support,0.00016762068423267613,0.008571428571428572,-0.08819324990407797,1050,60,catalyst_key,out_of_fold_heldout_rows
morph_hc_is_amorphous,Amorphous,random_forest,Random forest,num__xrd_text_has_peak_9_0_2theta,xrd text has peak 9 0 2theta,Structure / characterization,0.00016276927839695382,0.021904761904761906,-0.2528809948512365,1050,60,catalyst_key,out_of_fold_heldout_rows
morph_hc_is_amorphous,Amorphous,random_forest,Random forest,num__xrd_text_has_peak_6_0_2theta,xrd text has peak 6 0 2theta,Structure / characterization,0.0001626790502121652,0.02,-0.13280748101442255,1050,60,catalyst_key,out_of_fold_heldout_rows
morph_hc_is_amorphous,Amorphous,random_forest,Random forest,num__synth_has_sputtering,synth has sputtering,Synthesis,0.00015687779781719456,0.010476190476190476,-0.17635010730777528,1050,60,catalyst_key,out_of_fold_heldout_rows
morph_hc_is_amorphous,Amorphous,random_forest,Random forest,cat__support_class_text_iron_foam,support class text iron foam,Support,0.0001501185680783365,0.014285714285714285,-0.20553577094088835,1050,60,catalyst_key,out_of_fold_heldout_rows
morph_hc_is_amorphous,Amorphous,random_forest,Random forest,num__xps_text_co_2p_be_ev,xps text co 2p be eV,Structure / characterization,0.00013714278227202522,0.9875061949544711,0.24647143261420182,1050,60,catalyst_key,out_of_fold_heldout_rows
morph_hc_is_amorphous,Amorphous,random_forest,Random forest,num__comp_fe/ni,fe/ni composition,Composition,0.00013630936558695688,0.057690568099792686,0.08471745832887101,417,23,catalyst_key,out_of_fold_heldout_rows
morph_hc_is_amorphous,Amorphous,random_forest,Random forest,num__has_el_mg,MG present,Composition,0.00013086526901546748,0.002857142857142857,0.030816571910568923,1050,60,catalyst_key,out_of_fold_heldout_rows
morph_hc_is_amorphous,Amorphous,random_forest,Random forest,num__has_el_rh,RH present,Composition,0.00012767785986169704,0.011428571428571429,-0.18410301958586278,1050,60,catalyst_key,out_of_fold_heldout_rows
morph_hc_is_amorphous,Amorphous,random_forest,Random forest,num__xrd_text_has_peak_7_0_2theta,xrd text has peak 7 0 2theta,Structure / characterization,0.00012570632875480043,0.01619047619047619,-0.21859802588801214,1050,60,catalyst_key,out_of_fold_heldout_rows
morph_hc_is_amorphous,Amorphous,random_forest,Random forest,num__xrd_text_peak_5_2theta_deg,xrd text peak 5 2theta deg,Structure / characterization,0.00012424702653320393,0.5703183310941932,0.031469798396826315,1050,60,catalyst_key,out_of_fold_heldout_rows
morph_hc_is_amorphous,Amorphous,random_forest,Random forest,cat__support_class_text_carbon_cloth,support class text carbon cloth,Support,0.00011908942047956941,0.01619047619047619,-0.16664038251781438,1050,60,catalyst_key,out_of_fold_heldout_rows
morph_hc_is_amorphous,Amorphous,random_forest,Random forest,num__xps_text_co_2p3_2_be_ev,xps text co 2p3 2 be eV,Structure / characterization,0.00011660031944320275,0.9987192790159543,0.05697313749697008,1050,60,catalyst_key,out_of_fold_heldout_rows
morph_hc_is_amorphous,Amorphous,random_forest,Random forest,num__xrd_text_has_peak_5_0_2theta,xrd text has peak 5 0 2theta,Structure / characterization,0.00010581161397470356,0.015238095238095238,-0.12829952079373808,1050,60,catalyst_key,out_of_fold_heldout_rows
morph_hc_is_amorphous,Amorphous,random_forest,Random forest,num__synth_has_galvanic_replacement,synth has galvanic replacement,Synthesis,9.324577027780868e-05,0.012380952380952381,-0.19152817314907591,1050,60,catalyst_key,out_of_fold_heldout_rows
morph_hc_is_amorphous,Amorphous,random_forest,Random forest,num__has_el_ag,AG present,Composition,9.282446492782454e-05,0.006666666666666667,-0.14094925546096324,1050,60,catalyst_key,out_of_fold_heldout_rows
morph_hc_is_amorphous,Amorphous,random_forest,Random forest,num__xrd_text_has_peak_50_0_2theta,xrd text has peak 50 0 2theta,Structure / characterization,7.225965290791258e-05,0.013333333333333334,-0.1406415287997245,1050,60,catalyst_key,out_of_fold_heldout_rows
morph_hc_is_amorphous,Amorphous,random_forest,Random forest,num__synth_pressure,synth pressure,Synthesis,7.132287921027637e-05,0.004404740740899471,-0.027728310862872252,1050,60,catalyst_key,out_of_fold_heldout_rows
morph_hc_is_amorphous,Amorphous,random_forest,Random forest,num__synth_has_drop_casting,synth has drop casting,Synthesis,6.595484732347646e-05,0.007619047619047619,0.11302890063241972,1050,60,catalyst_key,out_of_fold_heldout_rows
morph_hc_is_amorphous,Amorphous,random_forest,Random forest,num__xrd_text_has_peak_8_0_2theta,xrd text has peak 8 0 2theta,Structure / characterization,6.476572230669503e-05,0.008571428571428572,0.12875362944534768,1050,60,catalyst_key,out_of_fold_heldout_rows
morph_hc_is_amorphous,Amorphous,random_forest,Random forest,num__xrd_peak_003_2theta_deg,xrd peak 003 2theta deg,Structure / characterization,5.645624928168691e-05,0.10976288948080833,0.045486105017659706,1050,60,catalyst_key,out_of_fold_heldout_rows
morph_hc_is_amorphous,Amorphous,random_forest,Random forest,num__comp_ni:fe,ni:fe composition,Composition,4.672736391505877e-05,0.37180423280423275,-0.07636565884162948,1050,60,catalyst_key,out_of_fold_heldout_rows
morph_hc_is_amorphous,Amorphous,random_forest,Random forest,num__has_el_k,K present,Composition,4.139874261189719e-05,0.008571428571428572,-0.15966812887277396,1050,60,catalyst_key,out_of_fold_heldout_rows
morph_hc_is_amorphous,Amorphous,random_forest,Random forest,num__has_el_ta,TA present,Composition,3.966733888612986e-05,0.0009523809523809524,0.05342682375863929,1050,60,catalyst_key,out_of_fold_heldout_rows
morph_hc_is_amorphous,Amorphous,random_forest,Random forest,num__xrd_text_peak_6_2theta_deg,xrd text peak 6 2theta deg,Structure / characterization,3.700032081733439e-05,0.7613409961685825,-0.3694448428993881,1050,60,catalyst_key,out_of_fold_heldout_rows
morph_hc_is_amorphous,Amorphous,random_forest,Random forest,num__has_el_cs,CS present,Composition,3.406204067501939e-05,0.004761904761904762,-0.1192380215882338,1050,60,catalyst_key,out_of_fold_heldout_rows
morph_hc_is_amorphous,Amorphous,random_forest,Random forest,num__synth_has_spray_coating,synth has spray coating,Synthesis,3.369904385103513e-05,0.005714285714285714,-0.13055619666247076,1050,60,catalyst_key,out_of_fold_heldout_rows
morph_hc_is_amorphous,Amorphous,random_forest,Random forest,num__has_el_nb,NB present,Composition,3.357881277293782e-05,0.0038095238095238095,-0.10639472055586381,1050,60,catalyst_key,out_of_fold_heldout_rows
morph_hc_is_amorphous,Amorphous,random_forest,Random forest,num__has_el_ba,BA present,Composition,2.869527155217097e-05,0.0038095238095238095,-0.10670074702154192,1050,60,catalyst_key,out_of_fold_heldout_rows
morph_hc_is_amorphous,Amorphous,random_forest,Random forest,num__has_el_pr,PR present,Composition,2.4530923385181764e-05,0.002857142857142857,-0.09244971932548099,1050,60,catalyst_key,out_of_fold_heldout_rows
morph_hc_is_amorphous,Amorphous,random_forest,Random forest,num__has_el_la,LA present,Composition,2.3269694899959383e-05,0.007619047619047619,-0.1506088412385472,1050,60,catalyst_key,out_of_fold_heldout_rows
morph_hc_is_amorphous,Amorphous,random_forest,Random forest,num__has_el_ts,TS present,Composition,1.9773430607164914e-05,0.007619047619047619,-0.15060884201915772,1050,60,catalyst_key,out_of_fold_heldout_rows
morph_hc_is_amorphous,Amorphous,random_forest,Random forest,num__xps_ni_2p3_2_be_ev,xps ni 2p3 2 be eV,Structure / characterization,1.862669518985318e-05,0.9982404289996725,-0.21447883741572116,1050,60,catalyst_key,out_of_fold_heldout_rows
morph_hc_is_amorphous,Amorphous,random_forest,Random forest,num__has_el_os,OS present,Composition,1.695753505108285e-05,0.0038095238095238095,-0.10670075199884331,1050,60,catalyst_key,out_of_fold_heldout_rows
morph_hc_is_amorphous,Amorphous,random_forest,Random forest,num__comp_sr,sr composition,Composition,1.5137348503772376e-05,0.7462378640776698,-0.15408438567220173,412,23,catalyst_key,out_of_fold_heldout_rows
morph_hc_is_amorphous,Amorphous,random_forest,Random forest,num__has_el_u,U present,Composition,1.5014769643760223e-05,0.0,,635,33,catalyst_key,out_of_fold_heldout_rows
morph_hc_is_amorphous,Amorphous,random_forest,Random forest,num__comp_n,n composition,Composition,1.4329923927546383e-05,0.12441430685863772,0.6894738325392102,1050,60,catalyst_key,out_of_fold_heldout_rows
morph_hc_is_amorphous,Amorphous,random_forest,Random forest,num__comp_pd,pd composition,Composition,1.4129671763895763e-05,0.047477777777777785,0.08984311426728578,1050,60,catalyst_key,out_of_fold_heldout_rows
morph_hc_is_amorphous,Amorphous,random_forest,Random forest,cat__support_class_text_copper_foam | nickel_foam,support class text copper foam | ni...,Support,1.3541678252960404e-05,0.0019047619047619048,-0.07552101129482092,1050,60,catalyst_key,out_of_fold_heldout_rows
morph_hc_is_amorphous,Amorphous,random_forest,Random forest,num__comp_ni/fe,ni/fe composition,Composition,1.308442714562308e-05,0.31749933704587646,-0.4072385598982901,838,48,catalyst_key,out_of_fold_heldout_rows
morph_hc_is_amorphous,Amorphous,random_forest,Random forest,num__comp_c,c composition,Composition,1.2521415569208718e-05,0.10475646680595714,-0.25604746684189517,1050,60,catalyst_key,out_of_fold_heldout_rows
morph_hc_is_amorphous,Amorphous,random_forest,Random forest,num__xps_text_cu_2p_be_ev,xps text cu 2p be eV,Structure / characterization,1.176479878257642e-05,0.9995141329258976,0.6152599324309705,1050,60,catalyst_key,out_of_fold_heldout_rows
morph_hc_is_amorphous,Amorphous,random_forest,Random forest,cat__support_class_text_iron_foam | nickel_foam,support class text iron foam | nick...,Support,1.1555863855870878e-05,0.0019047619047619048,-0.07552091833064557,1050,60,catalyst_key,out_of_fold_heldout_rows
morph_hc_is_amorphous,Amorphous,random_forest,Random forest,num__has_el_br,BR present,Composition,1.1190601364751557e-05,0.0,,205,11,catalyst_key,out_of_fold_heldout_rows
morph_hc_is_amorphous,Amorphous,random_forest,Random forest,num__xps_fe_2p3_2_be_ev_filled,xps fe 2p3 2 be eV filled,Structure / characterization,1.1042286077094966e-05,0.9953942057942056,-0.2489311107819772,1050,60,catalyst_key,out_of_fold_heldout_rows
morph_hc_is_amorphous,Amorphous,random_forest,Random forest,num__synth_has_molten_salt,synth has molten salt,Synthesis,1.0662202676253471e-05,0.0019047619047619048,-0.0755214632034607,1050,60,catalyst_key,out_of_fold_heldout_rows
morph_hc_is_amorphous,Amorphous,random_forest,Random forest,num__pore_diameter_nm,pore diameter nm,Structure / characterization,1.0513473444422353e-05,0.1826585444743935,0.05141549254932441,1050,60,catalyst_key,out_of_fold_heldout_rows
morph_hc_is_amorphous,Amorphous,random_forest,Random forest,num__struct_surface_roughness_nm,struct surface roughness nm,Other,1.018002275846209e-05,0.01185865902291787,-0.36070514149304683,1050,60,catalyst_key,out_of_fold_heldout_rows
morph_hc_is_amorphous,Amorphous,random_forest,Random forest,num__has_el_cd,CD present,Composition,8.03167790344718e-06,0.0,,1050,60,catalyst_key,out_of_fold_heldout_rows
morph_hc_is_amorphous,Amorphous,random_forest,Random forest,cat__synth_temperature_text_high,synth temperature text high,Synthesis,7.728490805370243e-06,0.0009523809523809524,-0.05342682943535581,1050,60,catalyst_key,out_of_fold_heldout_rows
morph_hc_is_amorphous,Amorphous,random_forest,Random forest,num__xrd_text_has_peak_52_0_2theta,xrd text has peak 52 0 2theta,Structure / characterization,7.536891405710777e-06,0.0019047619047619048,-0.07557433413385545,1050,60,catalyst_key,out_of_fold_heldout_rows
morph_hc_is_amorphous,Amorphous,random_forest,Random forest,num__has_el_te,TE present,Composition,7.4969207750886545e-06,0.002857142857142857,-0.0924497475965195,1050,60,catalyst_key,out_of_fold_heldout_rows
morph_hc_is_amorphous,Amorphous,random_forest,Random forest,num__comp_rh,rh composition,Composition,7.3637151833772185e-06,0.12135314824601437,-0.2074717181370205,1050,60,catalyst_key,out_of_fold_heldout_rows
morph_hc_is_amorphous,Amorphous,random_forest,Random forest,num__has_el_sb,SB present,Composition,6.825940261199117e-06,0.0,,632,39,catalyst_key,out_of_fold_heldout_rows
morph_hc_is_amorphous,Amorphous,random_forest,Random forest,num__xps_text_fe_2p1_2_be_ev,xps text fe 2p1 2 be eV,Structure / characterization,6.728979419459824e-06,0.9966052776250689,0.5358223916926658,1050,60,catalyst_key,out_of_fold_heldout_rows
morph_hc_is_amorphous,Amorphous,random_forest,Random forest,num__xps_text_pt_4f5_2_be_ev,xps text pt 4f5 2 be eV,Structure / characterization,6.019918342298982e-06,0.996333333333333,,418,21,catalyst_key,out_of_fold_heldout_rows
morph_hc_is_amorphous,Amorphous,random_forest,Random forest,num__xps_text_pt_4f_be_ev,xps text pt 4f be eV,Structure / characterization,5.793194743210505e-06,0.9357109233084432,-0.5828885937118582,1050,60,catalyst_key,out_of_fold_heldout_rows
morph_hc_is_amorphous,Amorphous,random_forest,Random forest,num__xps_fe_2p1_2_be_ev_filled,xps fe 2p1 2 be eV filled,Structure / characterization,5.7670623113369256e-06,0.9962966948776029,-0.6854023294460531,1050,60,catalyst_key,out_of_fold_heldout_rows
morph_hc_is_amorphous,Amorphous,random_forest,Random forest,num__xps_text_fe_2p3_2_be_ev,xps text fe 2p3 2 be eV,Structure / characterization,5.4804058905128506e-06,0.9951102231102227,-0.10634511045053517,1050,60,catalyst_key,out_of_fold_heldout_rows
morph_hc_is_amorphous,Amorphous,random_forest,Random forest,num__support_is_metal_mesh,support is metal mesh,Support,5.3219622780302024e-06,0.002857142857142857,-0.09244980725328754,1050,60,catalyst_key,out_of_fold_heldout_rows
morph_hc_is_amorphous,Amorphous,random_forest,Random forest,num__xps_pt_4f5_2_be_ev_filled,xps pt 4f5 2 be eV filled,Structure / characterization,5.037844590982253e-06,0.996333333333333,,418,21,catalyst_key,out_of_fold_heldout_rows
morph_hc_is_amorphous,Amorphous,random_forest,Random forest,num__xrd_text_has_peak_49_0_2theta,xrd text has peak 49 0 2theta,Structure / characterization,5.037536767611111e-06,0.002857142857142857,-0.09249671690580206,1050,60,catalyst_key,out_of_fold_heldout_rows
morph_hc_is_amorphous,Amorphous,random_forest,Random forest,num__xps_text_mo_3d_be_ev,xps text mo 3d be eV,Structure / characterization,4.998241304013195e-06,0.9927340252340253,0.6655423206729866,1050,60,catalyst_key,out_of_fold_heldout_rows
morph_hc_is_amorphous,Amorphous,random_forest,Random forest,cat__synth_time_text_several,synth time text several,Synthesis,4.939162116748057e-06,0.0019047619047619048,-0.07554628405192923,1050,60,catalyst_key,out_of_fold_heldout_rows
morph_hc_is_amorphous,Amorphous,random_forest,Random forest,cat__synth_temperature_text_varied by particle size | varied,synth temperature text varied by pa...,Synthesis,4.922494687878836e-06,0.0,,620,38,catalyst_key,out_of_fold_heldout_rows
morph_hc_is_amorphous,Amorphous,random_forest,Random forest,cat__synth_time_text_several hours,synth time text several hours,Synthesis,4.570795836805875e-06,0.0019047619047619048,-0.07552640067236095,1050,60,catalyst_key,out_of_fold_heldout_rows
morph_hc_is_amorphous,Amorphous,random_forest,Random forest,cat__support_class_text_metal_mesh,support class text metal mesh,Support,4.417892532087405e-06,0.002857142857142857,-0.09244976676334002,1050,60,catalyst_key,out_of_fold_heldout_rows
morph_hc_is_amorphous,Amorphous,random_forest,Random forest,cat__support_class_text_carbon_paper | nickel_foam,support class text carbon paper | n...,Support,4.1276243771285854e-06,0.0019047619047619048,-0.07557521869239077,1050,60,catalyst_key,out_of_fold_heldout_rows
morph_hc_is_amorphous,Amorphous,random_forest,Random forest,num__xrd_text_has_peak_45_0_2theta,xrd text has peak 45 0 2theta,Structure / characterization,3.2700161498684917e-06,0.002857142857142857,-0.09269001003369538,1050,60,catalyst_key,out_of_fold_heldout_rows
morph_hc_is_amorphous,Amorphous,random_forest,Random forest,cat__synth_temperature_text_RT,synth temperature text RT,Synthesis,2.8804927395581606e-06,0.0,,1050,60,catalyst_key,out_of_fold_heldout_rows
morph_hc_is_amorphous,Amorphous,random_forest,Random forest,num__xps_text_pt_4f7_2_be_ev,xps text pt 4f7 2 be eV,Structure / characterization,2.7981497541264347e-06,0.9909281228192602,,418,21,catalyst_key,out_of_fold_heldout_rows
morph_hc_is_amorphous,Amorphous,random_forest,Random forest,cat__synth_temperature_text_low,synth temperature text low,Synthesis,2.6057465134171984e-06,0.0009523809523809524,-0.03258819508365303,1050,60,catalyst_key,out_of_fold_heldout_rows
morph_hc_is_amorphous,Amorphous,random_forest,Random forest,cat__synth_temperature_text_different,synth temperature text different,Synthesis,2.416049722679489e-06,0.0,,1050,60,catalyst_key,out_of_fold_heldout_rows
morph_hc_is_amorphous,Amorphous,random_forest,Random forest,num__has_el_ds,DS present,Composition,2.400207653141687e-06,0.0,,205,11,catalyst_key,out_of_fold_heldout_rows
morph_hc_is_amorphous,Amorphous,random_forest,Random forest,num__xps_pt_4f7_2_be_ev_filled,xps pt 4f7 2 be eV filled,Structure / characterization,1.9872347542478514e-06,0.9909281228192602,,418,21,catalyst_key,out_of_fold_heldout_rows
morph_hc_is_amorphous,Amorphous,random_forest,Random forest,num__has_el_re,RE present,Composition,1.8962112554122349e-06,0.003605769230769231,-0.10382251929953355,832,50,catalyst_key,out_of_fold_heldout_rows
morph_hc_is_amorphous,Amorphous,random_forest,Random forest,num__has_el_na,NA present,Composition,1.8349287918000886e-06,0.004761904761904762,-0.11923978544084254,1050,60,catalyst_key,out_of_fold_heldout_rows
morph_hc_is_amorphous,Amorphous,random_forest,Random forest,cat__synth_time_text_25 or 60,synth time text 25 or 60,Synthesis,1.7641604652200986e-06,0.0,,1050,60,catalyst_key,out_of_fold_heldout_rows
morph_hc_is_amorphous,Amorphous,random_forest,Random forest,cat__synth_time_text_6-24,synth time text 6-24,Synthesis,1.5141740697907388e-06,0.0,,627,39,catalyst_key,out_of_fold_heldout_rows
morph_hc_is_amorphous,Amorphous,random_forest,Random forest,cat__support_class_text_fto,support class text fto,Support,1.4489664601041189e-06,0.002857142857142857,-0.08025649387670158,1050,60,catalyst_key,out_of_fold_heldout_rows
morph_hc_is_amorphous,Amorphous,random_forest,Random forest,num__support_is_glassy_carbon,support is glassy carbon,Support,1.3071249817680783e-06,0.0019047619047619048,-0.0755330709736602,1050,60,catalyst_key,out_of_fold_heldout_rows
morph_hc_is_amorphous,Amorphous,random_forest,Random forest,num__electronic_fermi_level_ev,electronic fermi level eV,Other,1.2123878713176973e-06,-0.00010071561091969256,0.032726842230134015,1050,60,catalyst_key,out_of_fold_heldout_rows
morph_hc_is_amorphous,Amorphous,random_forest,Random forest,cat__support_class_text_glassy_carbon,support class text glassy carbon,Support,1.1532577431838963e-06,0.0019047619047619048,-0.07578369297403176,1050,60,catalyst_key,out_of_fold_heldout_rows
morph_hc_is_amorphous,Amorphous,random_forest,Random forest,num__has_el_nd,ND present,Composition,5.96231078998091e-07,0.0,,212,12,catalyst_key,out_of_fold_heldout_rows
morph_hc_is_amorphous,Amorphous,random_forest,Random forest,cat__synth_temperature_text_thousands,synth temperature text thousands,Synthesis,1.8555269146741466e-07,0.0,,627,39,catalyst_key,out_of_fold_heldout_rows
morph_hc_is_amorphous,Amorphous,random_forest,Random forest,cat__support_class_text_infrequent_sklearn,support class text infrequent sklearn,Support,0.0,0.0009523809523809524,,1050,60,catalyst_key,out_of_fold_heldout_rows
morph_hc_is_amorphous,Amorphous,random_forest,Random forest,cat__synth_time_text_3-48 | overnight,synth time text 3-48 | overnight,Synthesis,0.0,0.0,,623,32,catalyst_key,out_of_fold_heldout_rows
morph_hc_is_amorphous,Amorphous,random_forest,Random forest,cat__support_class_text_ito,support class text ito,Support,0.0,0.0,,645,38,catalyst_key,out_of_fold_heldout_rows
morph_hc_is_array_or_aligned,Array Or Aligned,random_forest,Random forest,num__xps_text_peak_count,XPS peak count,Structure / characterization,0.02370460931923362,0.08237666237666239,0.6354096296120372,1050,70,catalyst_key,out_of_fold_heldout_rows
morph_hc_is_array_or_aligned,Array Or Aligned,random_forest,Random forest,num__synth_time_h,Synthesis time,Synthesis,0.023257214197653968,0.009408710632401106,-0.7948712234403043,1050,70,catalyst_key,out_of_fold_heldout_rows
morph_hc_is_array_or_aligned,Array Or Aligned,random_forest,Random forest,num__has_el_ni,NI present,Composition,0.022568238898599886,0.49523809523809526,0.860117074517961,1050,70,catalyst_key,out_of_fold_heldout_rows
morph_hc_is_array_or_aligned,Array Or Aligned,random_forest,Random forest,num__active_element_count,Active element count,Composition,0.01748865140739417,0.2712554112554112,-0.10005324547913626,1050,70,catalyst_key,out_of_fold_heldout_rows
morph_hc_is_array_or_aligned,Array Or Aligned,random_forest,Random forest,num__has_el_c,C present,Composition,0.014747526823856445,0.14666666666666667,-0.6127537396021334,1050,70,catalyst_key,out_of_fold_heldout_rows
morph_hc_is_array_or_aligned,Array Or Aligned,random_forest,Random forest,num__has_el_s,S present,Composition,0.014452864897781885,0.10285714285714286,0.5257354872019651,1050,70,catalyst_key,out_of_fold_heldout_rows
morph_hc_is_array_or_aligned,Array Or Aligned,random_forest,Random forest,num__synth_temperature_c,Synthesis temperature,Synthesis,0.01440082470815605,0.11159832560475169,0.1886174336316808,1050,70,catalyst_key,out_of_fold_heldout_rows
morph_hc_is_array_or_aligned,Array Or Aligned,random_forest,Random forest,num__has_el_as,As present,Composition,0.013315283640902157,0.017142857142857144,0.22482660702009305,1050,70,catalyst_key,out_of_fold_heldout_rows
morph_hc_is_array_or_aligned,Array Or Aligned,random_forest,Random forest,num__metal_mass_loading_mg_cm2,Metal mass loading,Other,0.012270787690988192,0.011458440139578804,0.1273623048824105,1050,70,catalyst_key,out_of_fold_heldout_rows
morph_hc_is_array_or_aligned,Array Or Aligned,random_forest,Random forest,num__has_el_o,O present,Composition,0.011458285225456478,0.38476190476190475,0.7817800190459092,1050,70,catalyst_key,out_of_fold_heldout_rows
morph_hc_is_array_or_aligned,Array Or Aligned,random_forest,Random forest,num__synth_step_count,Synthesis step count,Synthesis,0.010583486212068928,0.1273696145124716,0.25488330963216,1050,70,catalyst_key,out_of_fold_heldout_rows
morph_hc_is_array_or_aligned,Array Or Aligned,random_forest,Random forest,num__synth_has_ion_exchange,synth has ion exchange,Synthesis,0.010025201494299961,0.040952380952380955,0.3432579213523693,1050,70,catalyst_key,out_of_fold_heldout_rows
morph_hc_is_array_or_aligned,Array Or Aligned,random_forest,Random forest,num__xps_text_energy_mean_ev,XPS BE mean,Structure / characterization,0.009876542173424076,0.4335099523791105,0.09315453966708304,1050,70,catalyst_key,out_of_fold_heldout_rows
morph_hc_is_array_or_aligned,Array Or Aligned,random_forest,Random forest,num__xps_text_energy_max_ev,XPS BE max,Structure / characterization,0.009786022410734695,0.6473354285714288,0.12697385429949737,1050,70,catalyst_key,out_of_fold_heldout_rows
morph_hc_is_array_or_aligned,Array Or Aligned,random_forest,Random forest,num__xps_text_energy_std_ev,XPS BE dispersion,Structure / characterization,0.009207872656308201,0.5119306862977865,0.1349579605879566,1050,70,catalyst_key,out_of_fold_heldout_rows
morph_hc_is_array_or_aligned,Array Or Aligned,random_forest,Random forest,num__xps_text_energy_min_ev,XPS BE min,Structure / characterization,0.009207454617682985,0.09340426090763171,0.050261079940668744,1050,70,catalyst_key,out_of_fold_heldout_rows
morph_hc_is_array_or_aligned,Array Or Aligned,random_forest,Random forest,num__structure_lattice_spacing,Lattice spacing,Structure / characterization,0.008695423186082725,0.008298832767708405,0.006841613174730589,1050,70,catalyst_key,out_of_fold_heldout_rows
morph_hc_is_array_or_aligned,Array Or Aligned,random_forest,Random forest,num__structure_interplanar_spacing,Interplanar spacing,Structure / characterization,0.008542337510128896,0.046222059464979474,0.3035897121628475,1050,70,catalyst_key,out_of_fold_heldout_rows
morph_hc_is_array_or_aligned,Array Or Aligned,random_forest,Random forest,num__comp_fe,Fe content,Composition,0.008348569053099043,0.00652694407951792,-0.08054992958074828,1050,70,catalyst_key,out_of_fold_heldout_rows
morph_hc_is_array_or_aligned,Array Or Aligned,random_forest,Random forest,num__has_el_ru,RU present,Composition,0.007742250634406658,0.09142857142857143,-0.49920785351612207,1050,70,catalyst_key,out_of_fold_heldout_rows
morph_hc_is_array_or_aligned,Array Or Aligned,random_forest,Random forest,num__comp_ni,Ni content,Composition,0.007636350210903043,0.1081123575207861,0.49006217808479785,1050,70,catalyst_key,out_of_fold_heldout_rows
morph_hc_is_array_or_aligned,Array Or Aligned,random_forest,Random forest,num__has_el_co,CO present,Composition,0.007070943652328621,0.26666666666666666,0.4251760642137253,1050,70,catalyst_key,out_of_fold_heldout_rows
morph_hc_is_array_or_aligned,Array Or Aligned,random_forest,Random forest,num__has_el_fe,FE present,Composition,0.0070253123160327665,0.28285714285714286,-0.6313597137643019,1050,70,catalyst_key,out_of_fold_heldout_rows
morph_hc_is_array_or_aligned,Array Or Aligned,random_forest,Random forest,num__has_el_w,W present,Composition,0.00700293276372496,0.05142857142857143,0.3448747615282602,1050,70,catalyst_key,out_of_fold_heldout_rows
morph_hc_is_array_or_aligned,Array Or Aligned,random_forest,Random forest,num__has_el_mo,MO present,Composition,0.006782935385391914,0.10761904761904761,0.39693445952749806,1050,70,catalyst_key,out_of_fold_heldout_rows
morph_hc_is_array_or_aligned,Array Or Aligned,random_forest,Random forest,num__has_el_ti,TI present,Composition,0.0066577748699761805,0.039047619047619046,0.3252939064345725,1050,70,catalyst_key,out_of_fold_heldout_rows
morph_hc_is_array_or_aligned,Array Or Aligned,random_forest,Random forest,num__comp_mo,mo composition,Composition,0.006405765930969727,1.727054122588603,0.1918734319829418,1050,70,catalyst_key,out_of_fold_heldout_rows
morph_hc_is_array_or_aligned,Array Or Aligned,random_forest,Random forest,num__bet_surface_area_m2_g,BET surface area,Structure / characterization,0.005228887478511222,0.04265163053838143,0.17174438445449222,1050,70,catalyst_key,out_of_fold_heldout_rows
morph_hc_is_array_or_aligned,Array Or Aligned,random_forest,Random forest,num__has_el_pt,Pt present,Composition,0.005152558820794444,0.10761904761904761,-0.5268954016142035,1050,70,catalyst_key,out_of_fold_heldout_rows
morph_hc_is_array_or_aligned,Array Or Aligned,random_forest,Random forest,num__synth_has_electrodeposition,synth has electrodeposition,Synthesis,0.00478317888553659,0.13238095238095238,-0.3516419499992487,1050,70,catalyst_key,out_of_fold_heldout_rows
morph_hc_is_array_or_aligned,Array Or Aligned,random_forest,Random forest,num__synth_has_hydrothermal,Hydrothermal route,Synthesis,0.004549281671410869,0.10476190476190476,0.0821198999172784,1050,70,catalyst_key,out_of_fold_heldout_rows
morph_hc_is_array_or_aligned,Array Or Aligned,random_forest,Random forest,num__has_el_n,N present,Composition,0.004477797812328687,0.11904761904761904,-0.46068084880506416,1050,70,catalyst_key,out_of_fold_heldout_rows
morph_hc_is_array_or_aligned,Array Or Aligned,random_forest,Random forest,num__synth_has_calcination,synth has calcination,Synthesis,0.004246091063308623,0.04857142857142857,0.1524978739630099,1050,70,catalyst_key,out_of_fold_heldout_rows
morph_hc_is_array_or_aligned,Array Or Aligned,random_forest,Random forest,num__has_el_h,H present,Composition,0.0040557978030672254,0.16,-0.5574679559009196,1050,70,catalyst_key,out_of_fold_heldout_rows
morph_hc_is_array_or_aligned,Array Or Aligned,random_forest,Random forest,num__xrd_text_peak_max_2theta_deg,xrd text peak max 2theta deg,Structure / characterization,0.0038368705546203007,0.6144,0.03713457915030211,1050,70,catalyst_key,out_of_fold_heldout_rows
morph_hc_is_array_or_aligned,Array Or Aligned,random_forest,Random forest,cat__support_class_text_nickel_foam,support class text nickel foam,Support,0.003737056372397935,0.94,0.4113395382580987,1050,70,catalyst_key,out_of_fold_heldout_rows
morph_hc_is_array_or_aligned,Array Or Aligned,random_forest,Random forest,num__has_el_cu,CU present,Composition,0.003617363183747414,0.07523809523809524,0.03502673236305007,1050,70,catalyst_key,out_of_fold_heldout_rows
morph_hc_is_array_or_aligned,Array Or Aligned,random_forest,Random forest,num__comp_ir,ir composition,Composition,0.0032489944518372797,0.14282786243386242,0.057130523799267835,1050,70,catalyst_key,out_of_fold_heldout_rows
morph_hc_is_array_or_aligned,Array Or Aligned,random_forest,Random forest,num__metal_loading_wt_pct,metal loading wt pct,Other,0.0032065861355662193,0.11380743831036798,0.029632570804006476,1050,70,catalyst_key,out_of_fold_heldout_rows
morph_hc_is_array_or_aligned,Array Or Aligned,random_forest,Random forest,num__xrd_text_peak_std_2theta_deg,xrd text peak std 2theta deg,Structure / characterization,0.003144251871382861,0.5176128243142872,0.21690080055860522,1050,70,catalyst_key,out_of_fold_heldout_rows
morph_hc_is_array_or_aligned,Array Or Aligned,random_forest,Random forest,num__comp_cr,cr composition,Composition,0.0031099715527338244,0.12865275147522984,-0.37828528592331095,1050,70,catalyst_key,out_of_fold_heldout_rows
morph_hc_is_array_or_aligned,Array Or Aligned,random_forest,Random forest,num__has_el_p,P present,Composition,0.0030588909247662235,0.10666666666666667,-0.478937109327021,1050,70,catalyst_key,out_of_fold_heldout_rows
morph_hc_is_array_or_aligned,Array Or Aligned,random_forest,Random forest,num__pore_size_nm,pore size nm,Structure / characterization,0.002934022239752617,0.03905406624703928,-0.19792345003398262,1050,70,catalyst_key,out_of_fold_heldout_rows
morph_hc_is_array_or_aligned,Array Or Aligned,random_forest,Random forest,num__support_is_nickel_foam,support is nickel foam,Support,0.002826713349694217,0.08,-0.4672880155416531,1050,70,catalyst_key,out_of_fold_heldout_rows
morph_hc_is_array_or_aligned,Array Or Aligned,random_forest,Random forest,num__synth_current_density,synth current density,Synthesis,0.0026831756585316544,0.004088658730158731,-0.06717122176823598,1050,70,catalyst_key,out_of_fold_heldout_rows
morph_hc_is_array_or_aligned,Array Or Aligned,random_forest,Random forest,num__xps_text_co_2p_be_ev,xps text co 2p be eV,Structure / characterization,0.002653079476840821,0.9875091207642933,0.24103745876757302,1050,70,catalyst_key,out_of_fold_heldout_rows
morph_hc_is_array_or_aligned,Array Or Aligned,random_forest,Random forest,num__comp_co,co composition,Composition,0.0026445235401284144,0.03452703723843208,-0.45085094667525,1050,70,catalyst_key,out_of_fold_heldout_rows
morph_hc_is_array_or_aligned,Array Or Aligned,random_forest,Random forest,num__xps_text_ni_2p_be_ev,xps text ni 2p be eV,Structure / characterization,0.0024091397858127537,0.9829308441558438,0.11610207790900458,1050,70,catalyst_key,out_of_fold_heldout_rows
morph_hc_is_array_or_aligned,Array Or Aligned,random_forest,Random forest,num__xps_co_2p3_2_be_ev_filled,xps co 2p3 2 be eV filled,Structure / characterization,0.002404136452455502,0.99875392765802,-0.7984372287732273,1050,70,catalyst_key,out_of_fold_heldout_rows
morph_hc_is_array_or_aligned,Array Or Aligned,random_forest,Random forest,num__comp_pt,Pt content,Composition,0.002247778851045125,0.04285756825396825,-0.17868603329672417,1050,70,catalyst_key,out_of_fold_heldout_rows
morph_hc_is_array_or_aligned,Array Or Aligned,random_forest,Random forest,num__synth_has_pyrolysis,synth has pyrolysis,Synthesis,0.002199180607826371,0.03619047619047619,-0.32348463687204104,1050,70,catalyst_key,out_of_fold_heldout_rows
morph_hc_is_array_or_aligned,Array Or Aligned,random_forest,Random forest,num__xrd_filled_first_peak_2theta_deg,xrd filled first peak 2theta deg,Structure / characterization,0.0021609076562322275,0.11066529100529102,0.048577649504677224,1050,70,catalyst_key,out_of_fold_heldout_rows
morph_hc_is_array_or_aligned,Array Or Aligned,random_forest,Random forest,num__synth_has_annealing,synth has annealing,Synthesis,0.0020478903837210156,0.07809523809523809,-0.4547579556580956,1050,70,catalyst_key,out_of_fold_heldout_rows
morph_hc_is_array_or_aligned,Array Or Aligned,random_forest,Random forest,num__comp_ru,ru composition,Composition,0.0018843777614625365,0.029907324026369184,-0.13726907506919647,1050,70,catalyst_key,out_of_fold_heldout_rows
morph_hc_is_array_or_aligned,Array Or Aligned,random_forest,Random forest,num__has_el_zn,ZN present,Composition,0.0017603282401253968,0.01904761904761905,0.10536893720470317,1050,70,catalyst_key,out_of_fold_heldout_rows
morph_hc_is_array_or_aligned,Array Or Aligned,random_forest,Random forest,num__xrd_text_peak_mean_2theta_deg,xrd text peak mean 2theta deg,Structure / characterization,0.0017594040874400869,0.35191832626186276,-0.33286357761711105,1050,70,catalyst_key,out_of_fold_heldout_rows
morph_hc_is_array_or_aligned,Array Or Aligned,random_forest,Random forest,num__xps_ni_2p3_2_be_ev_filled,xps ni 2p3 2 be eV filled,Structure / characterization,0.0016638041440732293,0.9938928082653644,-0.5300070338879637,1050,70,catalyst_key,out_of_fold_heldout_rows
morph_hc_is_array_or_aligned,Array Or Aligned,random_forest,Random forest,num__xrd_text_peak_count,xrd text peak count,Structure / characterization,0.0015390375770764485,0.24597911892029536,-0.6353708702137861,1050,70,catalyst_key,out_of_fold_heldout_rows
morph_hc_is_array_or_aligned,Array Or Aligned,random_forest,Random forest,num__has_el_ce,CE present,Composition,0.0015171572339848411,0.03428571428571429,-0.31516779482365154,1050,70,catalyst_key,out_of_fold_heldout_rows
morph_hc_is_array_or_aligned,Array Or Aligned,random_forest,Random forest,num__synth_has_solvothermal,synth has solvothermal,Synthesis,0.0014004181026095977,0.01904761904761905,0.1657308109175196,1050,70,catalyst_key,out_of_fold_heldout_rows
morph_hc_is_array_or_aligned,Array Or Aligned,random_forest,Random forest,num__xrd_text_peak_1_2theta_deg,xrd text peak 1 2theta deg,Structure / characterization,0.0013885299219436862,0.08682349206349205,-0.15873704460913024,1050,70,catalyst_key,out_of_fold_heldout_rows
morph_hc_is_array_or_aligned,Array Or Aligned,random_forest,Random forest,num__has_el_ir,Ir present,Composition,0.0013732301423764184,0.04476190476190476,-0.3370642523969327,1050,70,catalyst_key,out_of_fold_heldout_rows
morph_hc_is_array_or_aligned,Array Or Aligned,random_forest,Random forest,num__synth_cycles,synth cycles,Synthesis,0.0013498170062566702,0.005217541878411444,0.5911378291818596,1050,70,catalyst_key,out_of_fold_heldout_rows
morph_hc_is_array_or_aligned,Array Or Aligned,random_forest,Random forest,num__xps_text_has_satellite_peak,xps text has satellite peak,Structure / characterization,0.0013266535996509967,0.0838095238095238,-0.4668471295263625,1050,70,catalyst_key,out_of_fold_heldout_rows
morph_hc_is_array_or_aligned,Array Or Aligned,random_forest,Random forest,num__xps_text_ni_2p3_2_be_ev,xps text ni 2p3 2 be eV,Structure / characterization,0.0012908261453409087,0.9945018318462187,-0.27576548330602924,1050,70,catalyst_key,out_of_fold_heldout_rows
morph_hc_is_array_or_aligned,Array Or Aligned,random_forest,Random forest,num__synth_has_sputtering,synth has sputtering,Synthesis,0.0012188916523319347,0.007619047619047619,0.15060883811610526,1050,70,catalyst_key,out_of_fold_heldout_rows
morph_hc_is_array_or_aligned,Array Or Aligned,random_forest,Random forest,num__xrd_text_peak_min_2theta_deg,xrd text peak min 2theta deg,Structure / characterization,0.0012150217624106107,0.08682349206349205,-0.09141122272739521,1050,70,catalyst_key,out_of_fold_heldout_rows
morph_hc_is_array_or_aligned,Array Or Aligned,random_forest,Random forest,num__xrd_text_peak_span_2theta_deg,xrd text peak span 2theta deg,Structure / characterization,0.001182872245109145,0.6151440920143157,0.2317023502762362,1050,70,catalyst_key,out_of_fold_heldout_rows
morph_hc_is_array_or_aligned,Array Or Aligned,random_forest,Random forest,num__electronic_d_band_center_ev,electronic d band center eV,Other,0.0011316634596499346,-0.37795505781775585,0.24830211690223547,1050,70,catalyst_key,out_of_fold_heldout_rows
morph_hc_is_array_or_aligned,Array Or Aligned,random_forest,Random forest,num__electronic_work_function_ev,electronic work function eV,Other,0.0011183735608375333,0.5864682572108566,-0.17280184227388037,1050,70,catalyst_key,out_of_fold_heldout_rows
morph_hc_is_array_or_aligned,Array Or Aligned,random_forest,Random forest,num__has_el_si,SI present,Composition,0.0010022230726324554,0.009523809523809525,0.16822412374643939,1050,70,catalyst_key,out_of_fold_heldout_rows
morph_hc_is_array_or_aligned,Array Or Aligned,random_forest,Random forest,num__xrd_text_peak_3_2theta_deg,xrd text peak 3 2theta deg,Structure / characterization,0.0009883465303697169,0.31879847039939574,0.2752566069144845,1050,70,catalyst_key,out_of_fold_heldout_rows
morph_hc_is_array_or_aligned,Array Or Aligned,random_forest,Random forest,num__comp_c,c composition,Composition,0.0009692127690197452,0.10879019198165304,0.46467052297923,1050,70,catalyst_key,out_of_fold_heldout_rows
morph_hc_is_array_or_aligned,Array Or Aligned,random_forest,Random forest,num__has_el_pd,PD present,Composition,0.0009682688294906699,0.02,-0.24248726764827086,1050,70,catalyst_key,out_of_fold_heldout_rows
morph_hc_is_array_or_aligned,Array Or Aligned,random_forest,Random forest,num__has_el_mn,MN present,Composition,0.0009623746886429891,0.03142857142857143,-0.28224251471577944,1050,70,catalyst_key,out_of_fold_heldout_rows
morph_hc_is_array_or_aligned,Array Or Aligned,random_forest,Random forest,num__electronic_band_gap_ev,electronic band gap eV,Other,0.0009350791170789239,0.7051436314363145,-0.09279262677907517,1050,70,catalyst_key,out_of_fold_heldout_rows
morph_hc_is_array_or_aligned,Array Or Aligned,random_forest,Random forest,num__xps_text_co_2p3_2_be_ev,xps text co 2p3 2 be eV,Structure / characterization,0.0009117779673969925,0.998717330410425,-0.10670062143574209,1050,70,catalyst_key,out_of_fold_heldout_rows
morph_hc_is_array_or_aligned,Array Or Aligned,random_forest,Random forest,num__has_el_li,LI present,Composition,0.0009040741254860197,0.0038095238095238095,0.10670074370334137,1050,70,catalyst_key,out_of_fold_heldout_rows
morph_hc_is_array_or_aligned,Array Or Aligned,random_forest,Random forest,num__xps_co_2p1_2_be_ev_filled,xps co 2p1 2 be eV filled,Structure / characterization,0.0008489710800098361,0.9961328685917025,-0.39838685953853453,1050,70,catalyst_key,out_of_fold_heldout_rows
morph_hc_is_array_or_aligned,Array Or Aligned,random_forest,Random forest,num__has_el_b,B present,Composition,0.0008328943343479785,0.022857142857142857,-0.258851631373252,1050,70,catalyst_key,out_of_fold_heldout_rows
morph_hc_is_array_or_aligned,Array Or Aligned,random_forest,Random forest,num__synth_has_ultrasonication,synth has ultrasonication,Synthesis,0.0008079488384710107,0.02761904761904762,-0.2817757729698952,1050,70,catalyst_key,out_of_fold_heldout_rows
morph_hc_is_array_or_aligned,Array Or Aligned,random_forest,Random forest,num__has_el_se,SE present,Composition,0.0008014058339949633,0.02857142857142857,-0.01158001864693211,1050,70,catalyst_key,out_of_fold_heldout_rows
morph_hc_is_array_or_aligned,Array Or Aligned,random_forest,Random forest,num__struct_bond_length_angstrom,struct bond length angstrom,Other,0.0007771029656377146,0.5728721227621484,-0.20959148025512148,1050,70,catalyst_key,out_of_fold_heldout_rows
morph_hc_is_array_or_aligned,Array Or Aligned,random_forest,Random forest,num__xrd_first_peak_2theta_deg,xrd first peak 2theta deg,Structure / characterization,0.0007017509595505116,0.3705247813411079,-0.06721776076492335,1050,70,catalyst_key,out_of_fold_heldout_rows
morph_hc_is_array_or_aligned,Array Or Aligned,random_forest,Random forest,num__xps_o_1s_be_ev_filled,xps o 1s be eV filled,Structure / characterization,0.000690064812429123,0.9963444116858751,-0.5684854822328947,1050,70,catalyst_key,out_of_fold_heldout_rows
morph_hc_is_array_or_aligned,Array Or Aligned,random_forest,Random forest,num__has_el_v,V present,Composition,0.000644321363342219,0.01619047619047619,-0.21859802135600961,1050,70,catalyst_key,out_of_fold_heldout_rows
morph_hc_is_array_or_aligned,Array Or Aligned,random_forest,Random forest,num__xps_text_co_2p1_2_be_ev,xps text co 2p1 2 be eV,Structure / characterization,0.0006419713762045401,0.9957293018926913,0.07581049677848649,1050,70,catalyst_key,out_of_fold_heldout_rows
morph_hc_is_array_or_aligned,Array Or Aligned,random_forest,Random forest,num__xps_text_o_1s_generic_be_ev,xps text o 1s generic be eV,Structure / characterization,0.000619961715414239,0.9964284820870186,0.18133942695320326,1050,70,catalyst_key,out_of_fold_heldout_rows
morph_hc_is_array_or_aligned,Array Or Aligned,random_forest,Random forest,num__comp_p,p composition,Composition,0.0005964783254867515,0.06538264906362645,-0.1815994279484751,1050,70,catalyst_key,out_of_fold_heldout_rows
morph_hc_is_array_or_aligned,Array Or Aligned,random_forest,Random forest,num__has_el_cl,CL present,Composition,0.0005796511542788864,0.018095238095238095,-0.11714079378923035,1050,70,catalyst_key,out_of_fold_heldout_rows
morph_hc_is_array_or_aligned,Array Or Aligned,random_forest,Random forest,num__xrd_text_peak_2_2theta_deg,xrd text peak 2 2theta deg,Structure / characterization,0.0005769256072514782,0.14604210220673638,-0.2831145863539881,1050,70,catalyst_key,out_of_fold_heldout_rows
morph_hc_is_array_or_aligned,Array Or Aligned,random_forest,Random forest,num__synth_pH,synth pH,Synthesis,0.0005592682392215331,0.4856102040816327,-0.03307246118721091,1050,70,catalyst_key,out_of_fold_heldout_rows
morph_hc_is_array_or_aligned,Array Or Aligned,random_forest,Random forest,num__electronic_bader_charge_e,electronic bader charge e,Other,0.0005342490930798188,0.12652068333964886,0.3017477965649128,1050,70,catalyst_key,out_of_fold_heldout_rows
morph_hc_is_array_or_aligned,Array Or Aligned,random_forest,Random forest,num__synth_potential,synth potential,Synthesis,0.0005307258227442328,-0.004284444444444445,-0.018720694908647258,1050,70,catalyst_key,out_of_fold_heldout_rows
morph_hc_is_array_or_aligned,Array Or Aligned,random_forest,Random forest,cat__synth_temperature_text_infrequent_sklearn,synth temperature text infrequent s...,Synthesis,0.0005163774760307303,0.002857142857142857,0.0924497142941972,1050,70,catalyst_key,out_of_fold_heldout_rows
morph_hc_is_array_or_aligned,Array Or Aligned,random_forest,Random forest,num__has_el_cr,CR present,Composition,0.0005145861784161799,0.02095238095238095,-0.24807300239987906,1050,70,catalyst_key,out_of_fold_heldout_rows
morph_hc_is_array_or_aligned,Array Or Aligned,random_forest,Random forest,num__xps_text_o_1s_be_ev,xps text o 1s be eV,Structure / characterization,0.0005068284874938821,0.9964284820870186,0.1347341130185028,1050,70,catalyst_key,out_of_fold_heldout_rows
morph_hc_is_array_or_aligned,Array Or Aligned,random_forest,Random forest,num__synth_scan_rate,synth scan rate,Synthesis,0.0005051338761645097,0.49926333333333334,0.054373226670378305,1050,70,catalyst_key,out_of_fold_heldout_rows
morph_hc_is_array_or_aligned,Array Or Aligned,random_forest,Random forest,num__xrd_filled_low_angle_peak_2theta_deg,xrd filled low angle peak 2theta deg,Structure / characterization,0.0004955518799150141,0.40246340136054426,-0.30195279770992667,1050,70,catalyst_key,out_of_fold_heldout_rows
morph_hc_is_array_or_aligned,Array Or Aligned,random_forest,Random forest,num__has_el_te,TE present,Composition,0.0004761855161643871,0.0038095238095238095,0.10670074287379126,1050,70,catalyst_key,out_of_fold_heldout_rows
morph_hc_is_array_or_aligned,Array Or Aligned,random_forest,Random forest,num__xrd_text_low_angle_peak_2theta_deg,xrd text low angle peak 2theta deg,Structure / characterization,0.00046839763243304046,0.4020203174603175,-0.2746454790127394,1050,70,catalyst_key,out_of_fold_heldout_rows
morph_hc_is_array_or_aligned,Array Or Aligned,random_forest,Random forest,num__struct_coordination_number,struct coordination number,Other,0.00045550520004642857,0.4590569278654859,0.17605164238256113,1050,70,catalyst_key,out_of_fold_heldout_rows
morph_hc_is_array_or_aligned,Array Or Aligned,random_forest,Random forest,cat__synth_temperature_text_room,synth temperature text room,Synthesis,0.0004516206725212517,0.9752380952380952,0.150714257019947,1050,70,catalyst_key,out_of_fold_heldout_rows
morph_hc_is_array_or_aligned,Array Or Aligned,random_forest,Random forest,num__xps_text_fe_2p_be_ev,xps text fe 2p be eV,Structure / characterization,0.00041060433467473895,0.9794397912589695,0.026344116608055437,1050,70,catalyst_key,out_of_fold_heldout_rows
morph_hc_is_array_or_aligned,Array Or Aligned,random_forest,Random forest,num__has_el_au,AU present,Composition,0.00040496826998044335,0.012380952380952381,-0.1915281701709858,1050,70,catalyst_key,out_of_fold_heldout_rows
morph_hc_is_array_or_aligned,Array Or Aligned,random_forest,Random forest,num__xrd_text_has_peak_5_0_2theta,xrd text has peak 5 0 2theta,Structure / characterization,0.00035371137295579904,0.015238095238095238,0.19137199315430226,1050,70,catalyst_key,out_of_fold_heldout_rows
morph_hc_is_array_or_aligned,Array Or Aligned,random_forest,Random forest,num__has_el_sn,SN present,Composition,0.0003238507424783144,0.014285714285714285,-0.17813099871232704,1050,70,catalyst_key,out_of_fold_heldout_rows
morph_hc_is_array_or_aligned,Array Or Aligned,random_forest,Random forest,num__synth_voltage,synth voltage,Synthesis,0.0003191475892701171,0.005608010465724751,-0.38022365431693045,1050,70,catalyst_key,out_of_fold_heldout_rows
morph_hc_is_array_or_aligned,Array Or Aligned,random_forest,Random forest,num__pore_volume_cm3_g,pore volume cm3 g,Structure / characterization,0.0002991398818834062,0.11263901981721981,-0.6501240159642263,1050,70,catalyst_key,out_of_fold_heldout_rows
morph_hc_is_array_or_aligned,Array Or Aligned,random_forest,Random forest,num__support_is_iron_foam,support is iron foam,Support,0.0002956034500859827,0.02095238095238095,-0.24807300239987906,1050,70,catalyst_key,out_of_fold_heldout_rows
morph_hc_is_array_or_aligned,Array Or Aligned,random_forest,Random forest,num__xps_text_mo_3d_be_ev,xps text mo 3d be eV,Structure / characterization,0.0002945463317533649,0.9927401302401304,-0.4460292217090308,1050,70,catalyst_key,out_of_fold_heldout_rows
morph_hc_is_array_or_aligned,Array Or Aligned,random_forest,Random forest,num__xrd_peak_003_2theta_deg,xrd peak 003 2theta deg,Structure / characterization,0.0002877529546591841,0.11018036677242875,0.14999461460065716,1050,70,catalyst_key,out_of_fold_heldout_rows
morph_hc_is_array_or_aligned,Array Or Aligned,random_forest,Random forest,num__support_is_carbon_cloth,support is carbon cloth,Support,0.0002782466577498756,0.013333333333333334,-0.11116542891253843,1050,70,catalyst_key,out_of_fold_heldout_rows
morph_hc_is_array_or_aligned,Array Or Aligned,random_forest,Random forest,num__struct_roughness_factor,struct roughness factor,Other,0.00026703711896172396,0.0024174876174876186,-0.19571706155552654,1050,70,catalyst_key,out_of_fold_heldout_rows
morph_hc_is_array_or_aligned,Array Or Aligned,random_forest,Random forest,num__comp_n,n composition,Composition,0.00026344562423774636,0.12401929318856825,-0.6296958871957306,1050,70,catalyst_key,out_of_fold_heldout_rows
morph_hc_is_array_or_aligned,Array Or Aligned,random_forest,Random forest,num__comp_ni:fe,ni:fe composition,Composition,0.0002608375237125481,0.37141481481481475,0.25126711587622097,1050,70,catalyst_key,out_of_fold_heldout_rows
morph_hc_is_array_or_aligned,Array Or Aligned,random_forest,Random forest,cat__support_class_text_carbon_cloth,support class text carbon cloth,Support,0.0002563722397697289,0.012380952380952381,-0.10068690319722398,1050,70,catalyst_key,out_of_fold_heldout_rows
morph_hc_is_array_or_aligned,Array Or Aligned,random_forest,Random forest,num__has_el_sr,SR present,Composition,0.0002544940257219839,0.012380952380952381,-0.1915281701709858,1050,70,catalyst_key,out_of_fold_heldout_rows
morph_hc_is_array_or_aligned,Array Or Aligned,random_forest,Random forest,num__xps_text_has_binding_energy_shift,XPS BE shift,Structure / characterization,0.0002517295897010224,0.017142857142857144,-0.09692137613126031,1050,70,catalyst_key,out_of_fold_heldout_rows
morph_hc_is_array_or_aligned,Array Or Aligned,random_forest,Random forest,num__xrd_text_peak_5_2theta_deg,xrd text peak 5 2theta deg,Structure / characterization,0.0002514119776984456,0.5700432900432901,0.6360234125953362,1050,70,catalyst_key,out_of_fold_heldout_rows
morph_hc_is_array_or_aligned,Array Or Aligned,random_forest,Random forest,num__comp_ce,ce composition,Composition,0.00024454843103460073,0.003999845850114507,0.7121478146712228,1050,70,catalyst_key,out_of_fold_heldout_rows
morph_hc_is_array_or_aligned,Array Or Aligned,random_forest,Random forest,num__xps_ni_2p1_2_be_ev_filled,xps ni 2p1 2 be eV filled,Structure / characterization,0.0002329161934849201,0.991947077922078,0.07652962609408698,1050,70,catalyst_key,out_of_fold_heldout_rows
morph_hc_is_array_or_aligned,Array Or Aligned,random_forest,Random forest,num__xrd_text_has_peak_6_0_2theta,xrd text has peak 6 0 2theta,Structure / characterization,0.00021902585300068012,0.018095238095238095,-0.20645490339128164,1050,70,catalyst_key,out_of_fold_heldout_rows
morph_hc_is_array_or_aligned,Array Or Aligned,random_forest,Random forest,num__comp_cu,cu composition,Composition,0.00021618370533824232,0.10791420925432826,-0.37826141830383864,1050,70,catalyst_key,out_of_fold_heldout_rows
morph_hc_is_array_or_aligned,Array Or Aligned,random_forest,Random forest,num__xrd_text_has_peak_9_0_2theta,xrd text has peak 9 0 2theta,Structure / characterization,0.00021527700551966116,0.02,-0.24248726953349992,1050,70,catalyst_key,out_of_fold_heldout_rows
morph_hc_is_array_or_aligned,Array Or Aligned,random_forest,Random forest,num__comp_si,si composition,Composition,0.00020662238753803693,0.0522921568627451,-0.49584824496574526,850,57,catalyst_key,out_of_fold_heldout_rows
morph_hc_is_array_or_aligned,Array Or Aligned,random_forest,Random forest,num__has_el_i,I present,Composition,0.0002047436545532032,0.008571428571428572,-0.07503669301872959,1050,70,catalyst_key,out_of_fold_heldout_rows
morph_hc_is_array_or_aligned,Array Or Aligned,random_forest,Random forest,num__xrd_text_peak_4_2theta_deg,xrd text peak 4 2theta deg,Structure / characterization,0.00020127286060399807,0.5348448399025026,0.354585728127871,1050,70,catalyst_key,out_of_fold_heldout_rows
morph_hc_is_array_or_aligned,Array Or Aligned,random_forest,Random forest,num__has_el_ag,AG present,Composition,0.00019577856750675185,0.007619047619047619,0.0489261920332597,1050,70,catalyst_key,out_of_fold_heldout_rows
morph_hc_is_array_or_aligned,Array Or Aligned,random_forest,Random forest,num__synth_has_galvanic_replacement,synth has galvanic replacement,Synthesis,0.00017987637977631303,0.010476190476190476,-0.048095483437290774,1050,70,catalyst_key,out_of_fold_heldout_rows
morph_hc_is_array_or_aligned,Array Or Aligned,random_forest,Random forest,cat__synth_temperature_text_ambient,synth temperature text ambient,Synthesis,0.0001707432764362016,0.0019047619047619048,0.07552092146206485,1050,70,catalyst_key,out_of_fold_heldout_rows
morph_hc_is_array_or_aligned,Array Or Aligned,random_forest,Random forest,cat__support_class_text_iron_foam,support class text iron foam,Support,0.0001663985558820644,0.01619047619047619,-0.16716319323486054,1050,70,catalyst_key,out_of_fold_heldout_rows
morph_hc_is_array_or_aligned,Array Or Aligned,random_forest,Random forest,cat__support_class_text_copper_foam,support class text copper foam,Support,0.00015928149526564262,0.002857142857142857,0.03293576301677311,1050,70,catalyst_key,out_of_fold_heldout_rows
morph_hc_is_array_or_aligned,Array Or Aligned,random_forest,Random forest,num__has_el_la,LA present,Composition,0.00014717767839927826,0.007619047619047619,0.1129566315143683,1050,70,catalyst_key,out_of_fold_heldout_rows
morph_hc_is_array_or_aligned,Array Or Aligned,random_forest,Random forest,num__comp_s,s composition,Composition,0.00014417983083067087,0.08506905096778515,0.35108223432943164,1050,70,catalyst_key,out_of_fold_heldout_rows
morph_hc_is_array_or_aligned,Array Or Aligned,random_forest,Random forest,num__pore_diameter_nm,pore diameter nm,Structure / characterization,0.00014232585405883784,0.18134164719976037,-0.0792267070921733,1050,70,catalyst_key,out_of_fold_heldout_rows
morph_hc_is_array_or_aligned,Array Or Aligned,random_forest,Random forest,num__xps_text_ni_2p1_2_be_ev,xps text ni 2p1 2 be eV,Structure / characterization,0.00014216787127637842,0.9917033549783552,-0.6019538627816444,1050,70,catalyst_key,out_of_fold_heldout_rows
morph_hc_is_array_or_aligned,Array Or Aligned,random_forest,Random forest,cat__synth_time_text_infrequent_sklearn,synth time text infrequent sklearn,Synthesis,0.00014176462593266644,0.0009523809523809524,0.05342682638931257,1050,70,catalyst_key,out_of_fold_heldout_rows
morph_hc_is_array_or_aligned,Array Or Aligned,random_forest,Random forest,num__xrd_text_has_peak_50_0_2theta,xrd text has peak 50 0 2theta,Structure / characterization,0.00013502861852710286,0.015238095238095238,-0.21217385710824502,1050,70,catalyst_key,out_of_fold_heldout_rows
morph_hc_is_array_or_aligned,Array Or Aligned,random_forest,Random forest,num__comp_mn,mn composition,Composition,0.0001227344673408034,0.0034950219777356785,-0.8135755933265365,1050,70,catalyst_key,out_of_fold_heldout_rows
morph_hc_is_array_or_aligned,Array Or Aligned,random_forest,Random forest,num__support_is_copper_foam,support is copper foam,Support,0.00011420240922628756,0.0038095238095238095,0.1060886927234636,1050,70,catalyst_key,out_of_fold_heldout_rows
morph_hc_is_array_or_aligned,Array Or Aligned,random_forest,Random forest,num__has_el_rh,RH present,Composition,0.00011318928103783736,0.011428571428571429,-0.18410301672322713,1050,70,catalyst_key,out_of_fold_heldout_rows
morph_hc_is_array_or_aligned,Array Or Aligned,random_forest,Random forest,num__xrd_text_has_peak_7_0_2theta,xrd text has peak 7 0 2theta,Structure / characterization,0.00011308573305628224,0.012380952380952381,-0.043488445926017645,1050,70,catalyst_key,out_of_fold_heldout_rows
morph_hc_is_array_or_aligned,Array Or Aligned,random_forest,Random forest,cat__synth_time_text_overnight,synth time text overnight,Synthesis,0.00010705753765804515,0.9904761904761905,-0.1682241267981282,1050,70,catalyst_key,out_of_fold_heldout_rows
morph_hc_is_array_or_aligned,Array Or Aligned,random_forest,Random forest,num__has_el_k,K present,Composition,0.00010219863438398024,0.009523809523809525,-0.16822412549026156,1050,70,catalyst_key,out_of_fold_heldout_rows
morph_hc_is_array_or_aligned,Array Or Aligned,random_forest,Random forest,num__has_el_nd,ND present,Composition,0.00010069852052896976,0.0,,200,13,catalyst_key,out_of_fold_heldout_rows
morph_hc_is_array_or_aligned,Array Or Aligned,random_forest,Random forest,num__synth_pressure,synth pressure,Synthesis,0.00010049492869262262,0.004367952380952382,-0.017604976367948815,1050,70,catalyst_key,out_of_fold_heldout_rows
morph_hc_is_array_or_aligned,Array Or Aligned,random_forest,Random forest,num__support_is_carbon_paper,support is carbon paper,Support,9.837623650117979e-05,0.014285714285714285,-0.18255283101035139,1050,70,catalyst_key,out_of_fold_heldout_rows
morph_hc_is_array_or_aligned,Array Or Aligned,random_forest,Random forest,num__has_el_na,NA present,Composition,9.639507888575713e-05,0.0019047619047619048,0.07552091872207298,1050,70,catalyst_key,out_of_fold_heldout_rows
morph_hc_is_array_or_aligned,Array Or Aligned,random_forest,Random forest,num__comp_o,o composition,Composition,9.576535778721193e-05,0.11114598329754237,0.2258136453566496,1050,70,catalyst_key,out_of_fold_heldout_rows
morph_hc_is_array_or_aligned,Array Or Aligned,random_forest,Random forest,num__has_el_al,AL present,Composition,9.213277455266696e-05,0.006666666666666667,-0.14094925436514644,1050,70,catalyst_key,out_of_fold_heldout_rows
morph_hc_is_array_or_aligned,Array Or Aligned,random_forest,Random forest,num__xrd_text_has_peak_8_0_2theta,xrd text has peak 8 0 2theta,Structure / characterization,8.772663668806008e-05,0.004761904761904762,-0.023756321991083407,1050,70,catalyst_key,out_of_fold_heldout_rows
morph_hc_is_array_or_aligned,Array Or Aligned,random_forest,Random forest,cat__support_class_text_carbon_paper,support class text carbon paper,Support,7.879830232521577e-05,0.012380952380952381,-0.10276116421977156,1050,70,catalyst_key,out_of_fold_heldout_rows
morph_hc_is_array_or_aligned,Array Or Aligned,random_forest,Random forest,num__support_is_metal_mesh,support is metal mesh,Support,7.44353795902857e-05,0.0038095238095238095,0.0016831379308486214,1050,70,catalyst_key,out_of_fold_heldout_rows
morph_hc_is_array_or_aligned,Array Or Aligned,random_forest,Random forest,num__has_el_bi,BI present,Composition,6.772773777541857e-05,0.002857142857142857,-0.09244971525253691,1050,70,catalyst_key,out_of_fold_heldout_rows
morph_hc_is_array_or_aligned,Array Or Aligned,random_forest,Random forest,num__synth_has_spray_coating,synth has spray coating,Synthesis,6.179980157771418e-05,0.004761904761904762,-0.11923802406029198,1050,70,catalyst_key,out_of_fold_heldout_rows
morph_hc_is_array_or_aligned,Array Or Aligned,random_forest,Random forest,num__comp_pd,pd composition,Composition,5.919419891105906e-05,0.0478282634920635,0.6219193693411951,1050,70,catalyst_key,out_of_fold_heldout_rows
morph_hc_is_array_or_aligned,Array Or Aligned,random_forest,Random forest,num__comp_w,w composition,Composition,5.771308918570094e-05,0.40864509916074104,0.1859910130748526,1050,70,catalyst_key,out_of_fold_heldout_rows
morph_hc_is_array_or_aligned,Array Or Aligned,random_forest,Random forest,num__synth_has_molten_salt,synth has molten salt,Synthesis,5.690427265441047e-05,0.0038095238095238095,0.0015811296615487606,1050,70,catalyst_key,out_of_fold_heldout_rows
morph_hc_is_array_or_aligned,Array Or Aligned,random_forest,Random forest,cat__synth_temperature_text_room temperature,synth temperature text room tempera...,Synthesis,5.610773009452521e-05,0.006666666666666667,-0.11415325771559323,1050,70,catalyst_key,out_of_fold_heldout_rows
morph_hc_is_array_or_aligned,Array Or Aligned,random_forest,Random forest,num__has_el_pr,PR present,Composition,5.13857794165298e-05,0.0038095238095238095,-0.05294233978695592,1050,70,catalyst_key,out_of_fold_heldout_rows
morph_hc_is_array_or_aligned,Array Or Aligned,random_forest,Random forest,num__has_el_ts,TS present,Composition,4.967878847810842e-05,0.005714285714285714,-0.13055619395576284,1050,70,catalyst_key,out_of_fold_heldout_rows
morph_hc_is_array_or_aligned,Array Or Aligned,random_forest,Random forest,num__comp_rh,rh composition,Composition,4.433470330088788e-05,0.11937841842358825,-0.26901765011709183,1050,70,catalyst_key,out_of_fold_heldout_rows
morph_hc_is_array_or_aligned,Array Or Aligned,random_forest,Random forest,cat__support_class_text_metal_mesh,support class text metal mesh,Support,4.419618941643713e-05,0.0038095238095238095,0.08313702818375653,1050,70,catalyst_key,out_of_fold_heldout_rows
morph_hc_is_array_or_aligned,Array Or Aligned,random_forest,Random forest,num__xrd_text_has_peak_26_0_2theta,xrd text has peak 26 0 2theta,Structure / characterization,4.3163506625248094e-05,0.0038095238095238095,0.0561046065641104,1050,70,catalyst_key,out_of_fold_heldout_rows
morph_hc_is_array_or_aligned,Array Or Aligned,random_forest,Random forest,num__xps_co_2p3_2_be_ev,xps co 2p3 2 be eV,Structure / characterization,4.1186319360926113e-05,0.9968352970350792,0.8544345719499681,1050,70,catalyst_key,out_of_fold_heldout_rows
morph_hc_is_array_or_aligned,Array Or Aligned,random_forest,Random forest,num__has_el_cs,CS present,Composition,4.118420579560977e-05,0.005714285714285714,0.0,1050,70,catalyst_key,out_of_fold_heldout_rows
morph_hc_is_array_or_aligned,Array Or Aligned,random_forest,Random forest,num__synth_has_sol_gel,synth has sol gel,Synthesis,3.7531974101406894e-05,0.006666666666666667,-0.14094926313168168,1050,70,catalyst_key,out_of_fold_heldout_rows
morph_hc_is_array_or_aligned,Array Or Aligned,random_forest,Random forest,num__xps_ni_2p3_2_be_ev,xps ni 2p3 2 be eV,Structure / characterization,3.616281053959697e-05,0.9991897510443462,-0.7676994298777264,1050,70,catalyst_key,out_of_fold_heldout_rows
morph_hc_is_array_or_aligned,Array Or Aligned,random_forest,Random forest,num__comp_v,v composition,Composition,3.512144060631727e-05,0.3724549913594471,-0.5379946142842802,1050,70,catalyst_key,out_of_fold_heldout_rows
morph_hc_is_array_or_aligned,Array Or Aligned,random_forest,Random forest,num__xps_co_2p1_2_be_ev,xps co 2p1 2 be eV,Structure / characterization,3.479324609758723e-05,0.9966872173533821,0.856876080184642,1050,70,catalyst_key,out_of_fold_heldout_rows
morph_hc_is_array_or_aligned,Array Or Aligned,random_forest,Random forest,num__has_el_cd,CD present,Composition,3.4493618397533854e-05,0.0019047619047619048,-0.07552091930921406,1050,70,catalyst_key,out_of_fold_heldout_rows
morph_hc_is_array_or_aligned,Array Or Aligned,random_forest,Random forest,num__has_el_ba,BA present,Composition,3.1707645995036116e-05,0.005714285714285714,-0.1305561986925018,1050,70,catalyst_key,out_of_fold_heldout_rows
morph_hc_is_array_or_aligned,Array Or Aligned,random_forest,Random forest,num__comp_fe/ni,fe/ni composition,Composition,2.9318809500305264e-05,0.05773672055427251,,431,28,catalyst_key,out_of_fold_heldout_rows
morph_hc_is_array_or_aligned,Array Or Aligned,random_forest,Random forest,num__has_el_u,U present,Composition,2.921203031034889e-05,0.0016051364365971107,-0.06933756409985926,623,41,catalyst_key,out_of_fold_heldout_rows
morph_hc_is_array_or_aligned,Array Or Aligned,random_forest,Random forest,num__xrd_text_peak_6_2theta_deg,xrd text peak 6 2theta deg,Structure / characterization,2.8800843039290587e-05,0.7614449917898195,-0.46994447015962887,1050,70,catalyst_key,out_of_fold_heldout_rows
morph_hc_is_array_or_aligned,Array Or Aligned,random_forest,Random forest,num__has_el_nb,NB present,Composition,2.8517775116227904e-05,0.004761904761904762,-0.11923802869540152,1050,70,catalyst_key,out_of_fold_heldout_rows
morph_hc_is_array_or_aligned,Array Or Aligned,random_forest,Random forest,cat__support_class_text_iron_foam | nickel_foam,support class text iron foam | nick...,Support,2.0102411967741904e-05,0.004761904761904762,-0.11923803611157792,1050,70,catalyst_key,out_of_fold_heldout_rows
morph_hc_is_array_or_aligned,Array Or Aligned,random_forest,Random forest,num__xps_text_cu_2p_be_ev,xps text cu 2p be eV,Structure / characterization,2.0082379033653007e-05,0.9995120957473899,0.3696444516009252,1050,70,catalyst_key,out_of_fold_heldout_rows
morph_hc_is_array_or_aligned,Array Or Aligned,random_forest,Random forest,num__has_el_br,BR present,Composition,1.8078092028676362e-05,0.0,,231,15,catalyst_key,out_of_fold_heldout_rows
morph_hc_is_array_or_aligned,Array Or Aligned,random_forest,Random forest,num__xps_fe_2p3_2_be_ev_filled,xps fe 2p3 2 be eV filled,Structure / characterization,1.6496228010610022e-05,0.9953994005994004,0.37447531508843,1050,70,catalyst_key,out_of_fold_heldout_rows
morph_hc_is_array_or_aligned,Array Or Aligned,random_forest,Random forest,num__xps_fe_2p1_2_be_ev_filled,xps fe 2p1 2 be eV filled,Structure / characterization,1.6477126742283676e-05,0.9962996404859794,0.4988783429630773,1050,70,catalyst_key,out_of_fold_heldout_rows
morph_hc_is_array_or_aligned,Array Or Aligned,random_forest,Random forest,num__xps_text_fe_2p1_2_be_ev,xps text fe 2p1 2 be eV,Structure / characterization,1.6179412462956167e-05,0.9966259335916409,0.018596399204008043,1050,70,catalyst_key,out_of_fold_heldout_rows
morph_hc_is_array_or_aligned,Array Or Aligned,random_forest,Random forest,num__has_el_os,OS present,Composition,1.590044211236414e-05,0.002857142857142857,-0.09244971573170677,1050,70,catalyst_key,out_of_fold_heldout_rows
morph_hc_is_array_or_aligned,Array Or Aligned,random_forest,Random forest,num__comp_zn,zn composition,Composition,1.5050392961248878e-05,0.04849084433173194,0.17656283206076837,1050,70,catalyst_key,out_of_fold_heldout_rows
morph_hc_is_array_or_aligned,Array Or Aligned,random_forest,Random forest,num__comp_al,al composition,Composition,1.3438780531924701e-05,0.12399160666354224,0.2095982268268711,1050,70,catalyst_key,out_of_fold_heldout_rows
morph_hc_is_array_or_aligned,Array Or Aligned,random_forest,Random forest,num__has_el_re,RE present,Composition,1.3307816029438949e-05,0.0011655011655011655,-0.05909684629337964,858,57,catalyst_key,out_of_fold_heldout_rows
morph_hc_is_array_or_aligned,Array Or Aligned,random_forest,Random forest,num__xps_text_pt_4f_be_ev,xps text pt 4f be eV,Structure / characterization,1.2774451364598141e-05,0.9359616767743865,-0.25164905285515043,1050,70,catalyst_key,out_of_fold_heldout_rows
morph_hc_is_array_or_aligned,Array Or Aligned,random_forest,Random forest,num__has_el_ds,DS present,Composition,1.2717223857677507e-05,0.0,,231,15,catalyst_key,out_of_fold_heldout_rows
morph_hc_is_array_or_aligned,Array Or Aligned,random_forest,Random forest,num__has_el_mg,MG present,Composition,1.1380073448816705e-05,0.0009523809523809524,-0.0534268255585736,1050,70,catalyst_key,out_of_fold_heldout_rows
morph_hc_is_array_or_aligned,Array Or Aligned,random_forest,Random forest,cat__synth_temperature_text_high,synth temperature text high,Synthesis,1.1170717125822241e-05,0.002857142857142857,-0.09244971980465093,1050,70,catalyst_key,out_of_fold_heldout_rows
morph_hc_is_array_or_aligned,Array Or Aligned,random_forest,Random forest,num__has_el_sb,SB present,Composition,1.0851062980623065e-05,0.0,,654,44,catalyst_key,out_of_fold_heldout_rows
morph_hc_is_array_or_aligned,Array Or Aligned,random_forest,Random forest,num__has_el_y,Y present,Composition,1.0782755286526712e-05,0.0019047619047619048,-0.07552093261774914,1050,70,catalyst_key,out_of_fold_heldout_rows
morph_hc_is_array_or_aligned,Array Or Aligned,random_forest,Random forest,num__has_el_ta,TA present,Composition,1.036053551829124e-05,0.0038095238095238095,-0.10670074785109211,1050,70,catalyst_key,out_of_fold_heldout_rows
morph_hc_is_array_or_aligned,Array Or Aligned,random_forest,Random forest,num__xps_text_fe_2p3_2_be_ev,xps text fe 2p3 2 be eV,Structure / characterization,9.72752934656924e-06,0.9951115551115548,-0.1046751684219119,1050,70,catalyst_key,out_of_fold_heldout_rows
morph_hc_is_array_or_aligned,Array Or Aligned,random_forest,Random forest,num__xrd_text_has_peak_52_0_2theta,xrd text has peak 52 0 2theta,Structure / characterization,9.488105165445855e-06,0.002857142857142857,-0.0924612958490515,1050,70,catalyst_key,out_of_fold_heldout_rows
morph_hc_is_array_or_aligned,Array Or Aligned,random_forest,Random forest,num__synth_has_drop_casting,synth has drop casting,Synthesis,8.944394316604384e-06,0.004761904761904762,-0.11923803889264442,1050,70,catalyst_key,out_of_fold_heldout_rows
morph_hc_is_array_or_aligned,Array Or Aligned,random_forest,Random forest,num__struct_surface_roughness_nm,struct surface roughness nm,Other,8.517016617050431e-06,0.01194939627756241,-0.037917412286717384,1050,70,catalyst_key,out_of_fold_heldout_rows
morph_hc_is_array_or_aligned,Array Or Aligned,random_forest,Random forest,cat__support_class_text_copper_foam | nickel_foam,support class text copper foam | ni...,Support,8.038195691453629e-06,0.0009523809523809524,-0.05342693078581857,1050,70,catalyst_key,out_of_fold_heldout_rows
morph_hc_is_array_or_aligned,Array Or Aligned,random_forest,Random forest,num__xps_pt_4f5_2_be_ev_filled,xps pt 4f5 2 be eV filled,Structure / characterization,7.463943100029715e-06,0.9963333333333331,,396,26,catalyst_key,out_of_fold_heldout_rows
morph_hc_is_array_or_aligned,Array Or Aligned,random_forest,Random forest,num__comp_sr,sr composition,Composition,6.991053231927125e-06,0.7507425742574256,-0.47561557599377396,404,26,catalyst_key,out_of_fold_heldout_rows
morph_hc_is_array_or_aligned,Array Or Aligned,random_forest,Random forest,cat__support_class_text_carbon_paper | nickel_foam,support class text carbon paper | n...,Support,6.783397726059805e-06,0.0019047619047619048,-0.0755234868124511,1050,70,catalyst_key,out_of_fold_heldout_rows
morph_hc_is_array_or_aligned,Array Or Aligned,random_forest,Random forest,num__comp_ni/fe,ni/fe composition,Composition,6.3721923288823795e-06,0.32506535947712417,0.568245047968287,850,57,catalyst_key,out_of_fold_heldout_rows
morph_hc_is_array_or_aligned,Array Or Aligned,random_forest,Random forest,num__xrd_text_has_peak_49_0_2theta,xrd text has peak 49 0 2theta,Structure / characterization,6.012417990567304e-06,0.004761904761904762,-0.11524050892064418,1050,70,catalyst_key,out_of_fold_heldout_rows
morph_hc_is_array_or_aligned,Array Or Aligned,random_forest,Random forest,num__xrd_text_has_peak_45_0_2theta,xrd text has peak 45 0 2theta,Structure / characterization,5.592217603233697e-06,0.005714285714285714,-0.1305564409435543,1050,70,catalyst_key,out_of_fold_heldout_rows
morph_hc_is_array_or_aligned,Array Or Aligned,random_forest,Random forest,cat__synth_time_text_several hours,synth time text several hours,Synthesis,5.568195649346179e-06,0.0009523809523809524,-0.05342763277821723,1050,70,catalyst_key,out_of_fold_heldout_rows
morph_hc_is_array_or_aligned,Array Or Aligned,random_forest,Random forest,num__comp_y,y composition,Composition,5.253824579499739e-06,0.02867867867867869,,204,13,catalyst_key,out_of_fold_heldout_rows
morph_hc_is_array_or_aligned,Array Or Aligned,random_forest,Random forest,num__xps_text_pt_4f5_2_be_ev,xps text pt 4f5 2 be eV,Structure / characterization,4.853958367482057e-06,0.9963333333333331,,396,26,catalyst_key,out_of_fold_heldout_rows
morph_hc_is_array_or_aligned,Array Or Aligned,random_forest,Random forest,num__comp_cl,cl composition,Composition,4.772584079280845e-06,0.05375987648714922,-0.635327958560778,858,57,catalyst_key,out_of_fold_heldout_rows
morph_hc_is_array_or_aligned,Array Or Aligned,random_forest,Random forest,cat__synth_time_text_several,synth time text several,Synthesis,4.096451948179365e-06,0.0019047619047619048,-0.07552117041114295,1050,70,catalyst_key,out_of_fold_heldout_rows
morph_hc_is_array_or_aligned,Array Or Aligned,random_forest,Random forest,cat__synth_temperature_text_<273,synth temperature text <273,Synthesis,3.669966166005095e-06,0.0,,615,42,catalyst_key,out_of_fold_heldout_rows
morph_hc_is_array_or_aligned,Array Or Aligned,random_forest,Random forest,cat__synth_temperature_text_varied by particle size | varied,synth temperature text varied by pa...,Synthesis,3.3485901647097707e-06,0.0,,658,44,catalyst_key,out_of_fold_heldout_rows
morph_hc_is_array_or_aligned,Array Or Aligned,random_forest,Random forest,cat__support_class_text_fto,support class text fto,Support,2.7902160630247862e-06,0.0009523809523809524,-0.03285414650727715,1050,70,catalyst_key,out_of_fold_heldout_rows
morph_hc_is_array_or_aligned,Array Or Aligned,random_forest,Random forest,num__support_is_glassy_carbon,support is glassy carbon,Support,2.5135033918488806e-06,0.002857142857142857,-0.0924545099595556,1050,70,catalyst_key,out_of_fold_heldout_rows
morph_hc_is_array_or_aligned,Array Or Aligned,random_forest,Random forest,cat__support_class_text_glassy_carbon,support class text glassy carbon,Support,2.3588501680317413e-06,0.002857142857142857,-0.09247072490636349,1050,70,catalyst_key,out_of_fold_heldout_rows
morph_hc_is_array_or_aligned,Array Or Aligned,random_forest,Random forest,cat__synth_temperature_text_RT,synth temperature text RT,Synthesis,2.31246684281063e-06,0.002857142857142857,-0.06999420074564641,1050,70,catalyst_key,out_of_fold_heldout_rows
morph_hc_is_array_or_aligned,Array Or Aligned,random_forest,Random forest,num__xps_text_pt_4f7_2_be_ev,xps text pt 4f7 2 be eV,Structure / characterization,2.246403777725149e-06,0.9909281228192602,,396,26,catalyst_key,out_of_fold_heldout_rows
morph_hc_is_array_or_aligned,Array Or Aligned,random_forest,Random forest,cat__synth_temperature_text_different,synth temperature text different,Synthesis,1.8782358567426737e-06,0.0,,1050,70,catalyst_key,out_of_fold_heldout_rows
morph_hc_is_array_or_aligned,Array Or Aligned,random_forest,Random forest,num__has_el_eu,EU present,Composition,1.4281258035502627e-06,0.0,,415,29,catalyst_key,out_of_fold_heldout_rows
morph_hc_is_array_or_aligned,Array Or Aligned,random_forest,Random forest,num__xps_pt_4f7_2_be_ev_filled,xps pt 4f7 2 be eV filled,Structure / characterization,1.3340501306875127e-06,0.9909281228192602,,396,26,catalyst_key,out_of_fold_heldout_rows
morph_hc_is_array_or_aligned,Array Or Aligned,random_forest,Random forest,num__comp_se,se composition,Composition,1.284067833562104e-06,4.969616281143509e-05,-0.8040034984345148,431,28,catalyst_key,out_of_fold_heldout_rows
morph_hc_is_array_or_aligned,Array Or Aligned,random_forest,Random forest,cat__synth_time_text_3-48 | overnight,synth time text 3-48 | overnight,Synthesis,1.0815848866617269e-06,0.0,,627,41,catalyst_key,out_of_fold_heldout_rows
morph_hc_is_array_or_aligned,Array Or Aligned,random_forest,Random forest,cat__synth_time_text_25 or 60,synth time text 25 or 60,Synthesis,7.158818041486408e-07,0.0019047619047619048,-0.0757528853435686,1050,70,catalyst_key,out_of_fold_heldout_rows
morph_hc_is_array_or_aligned,Array Or Aligned,random_forest,Random forest,cat__synth_temperature_text_low,synth temperature text low,Synthesis,6.604727107707732e-07,0.002857142857142857,-0.08633933785471973,1050,70,catalyst_key,out_of_fold_heldout_rows
morph_hc_is_array_or_aligned,Array Or Aligned,random_forest,Random forest,num__electronic_fermi_level_ev,electronic fermi level eV,Other,2.883186603156916e-07,-0.00021521335807050094,0.0229643774572493,1050,70,catalyst_key,out_of_fold_heldout_rows
morph_hc_is_array_or_aligned,Array Or Aligned,random_forest,Random forest,cat__support_class_text_infrequent_sklearn,support class text infrequent sklearn,Support,0.0,0.0,,1050,70,catalyst_key,out_of_fold_heldout_rows
morph_hc_is_array_or_aligned,Array Or Aligned,random_forest,Random forest,cat__support_class_text_ito,support class text ito,Support,0.0,0.0,,615,42,catalyst_key,out_of_fold_heldout_rows
morph_hc_is_array_or_aligned,Array Or Aligned,random_forest,Random forest,cat__synth_time_text_6-24,synth time text 6-24,Synthesis,0.0,0.0,,627,42,catalyst_key,out_of_fold_heldout_rows
morph_hc_is_array_or_aligned,Array Or Aligned,random_forest,Random forest,cat__synth_temperature_text_thousands,synth temperature text thousands,Synthesis,0.0,0.0,,627,42,catalyst_key,out_of_fold_heldout_rows
morph_hc_is_crystalline,Crystalline,random_forest,Random forest,num__active_element_count,Active element count,Composition,0.02813759714648717,0.27186147186147186,-0.5510401267479061,1050,141,catalyst_key,out_of_fold_heldout_rows
morph_hc_is_crystalline,Crystalline,random_forest,Random forest,num__synth_step_count,Synthesis step count,Synthesis,0.022869857382042048,0.12993197278911564,0.48722092527270067,1050,141,catalyst_key,out_of_fold_heldout_rows
morph_hc_is_crystalline,Crystalline,random_forest,Random forest,num__has_el_o,O present,Composition,0.015235464751451641,0.3638095238095238,0.8231841097060083,1050,141,catalyst_key,out_of_fold_heldout_rows
morph_hc_is_crystalline,Crystalline,random_forest,Random forest,num__synth_has_annealing,synth has annealing,Synthesis,0.014761604725695644,0.07428571428571429,0.4542051388237062,1050,141,catalyst_key,out_of_fold_heldout_rows
morph_hc_is_crystalline,Crystalline,random_forest,Random forest,num__has_el_c,C present,Composition,0.013999108019882927,0.17238095238095238,-0.6540074675003703,1050,141,catalyst_key,out_of_fold_heldout_rows
morph_hc_is_crystalline,Crystalline,random_forest,Random forest,num__structure_lattice_spacing,Lattice spacing,Structure / characterization,0.013488614791422307,0.0018998870483724316,-0.10410858851824623,1050,141,catalyst_key,out_of_fold_heldout_rows
morph_hc_is_crystalline,Crystalline,random_forest,Random forest,num__has_el_fe,FE present,Composition,0.012950664835465161,0.2914285714285714,-0.7746477546070014,1050,141,catalyst_key,out_of_fold_heldout_rows
morph_hc_is_crystalline,Crystalline,random_forest,Random forest,num__synth_time_h,Synthesis time,Synthesis,0.0126931814792746,0.007798951562106323,0.4564684978452744,1050,141,catalyst_key,out_of_fold_heldout_rows
morph_hc_is_crystalline,Crystalline,random_forest,Random forest,num__structure_interplanar_spacing,Interplanar spacing,Structure / characterization,0.012039713436694804,0.006420560946645946,0.004800423138397045,1050,141,catalyst_key,out_of_fold_heldout_rows
morph_hc_is_crystalline,Crystalline,random_forest,Random forest,num__has_el_pt,Pt present,Composition,0.011276941599792027,0.10095238095238095,0.38433678510983693,1050,141,catalyst_key,out_of_fold_heldout_rows
morph_hc_is_crystalline,Crystalline,random_forest,Random forest,num__synth_temperature_c,Synthesis temperature,Synthesis,0.011223468249778868,0.11065091919120588,0.26548826012641563,1050,141,catalyst_key,out_of_fold_heldout_rows
morph_hc_is_crystalline,Crystalline,random_forest,Random forest,num__has_el_co,CO present,Composition,0.010539915907295524,0.24761904761904763,-0.7472840686416218,1050,141,catalyst_key,out_of_fold_heldout_rows
morph_hc_is_crystalline,Crystalline,random_forest,Random forest,num__xps_text_energy_mean_ev,XPS BE mean,Structure / characterization,0.009870578357659346,0.43373865637848996,-0.26234764092241514,1050,141,catalyst_key,out_of_fold_heldout_rows
morph_hc_is_crystalline,Crystalline,random_forest,Random forest,num__synth_has_hydrothermal,Hydrothermal route,Synthesis,0.009506203736556985,0.1180952380952381,-0.5589692865964679,1050,141,catalyst_key,out_of_fold_heldout_rows
morph_hc_is_crystalline,Crystalline,random_forest,Random forest,num__xps_text_energy_min_ev,XPS BE min,Structure / characterization,0.009398155460530515,0.09843183034194271,0.27344168926266044,1050,141,catalyst_key,out_of_fold_heldout_rows
morph_hc_is_crystalline,Crystalline,random_forest,Random forest,num__xps_text_peak_count,XPS peak count,Structure / characterization,0.008658369873490154,0.08006006006006006,-0.4228167733547549,1050,141,catalyst_key,out_of_fold_heldout_rows
morph_hc_is_crystalline,Crystalline,random_forest,Random forest,num__support_is_nickel_foam,support is nickel foam,Support,0.008330284371076704,0.08761904761904762,-0.4897204928287346,1050,141,catalyst_key,out_of_fold_heldout_rows
morph_hc_is_crystalline,Crystalline,random_forest,Random forest,num__bet_surface_area_m2_g,BET surface area,Structure / characterization,0.008265298425616756,0.04078209043538611,-0.14813967326782096,1050,141,catalyst_key,out_of_fold_heldout_rows
morph_hc_is_crystalline,Crystalline,random_forest,Random forest,num__xps_text_energy_std_ev,XPS BE dispersion,Structure / characterization,0.00787645164962287,0.5012325552226822,-0.17732976480412732,1050,141,catalyst_key,out_of_fold_heldout_rows
morph_hc_is_crystalline,Crystalline,random_forest,Random forest,num__has_el_n,N present,Composition,0.0077077996493831,0.11523809523809524,-0.553059875846869,1050,141,catalyst_key,out_of_fold_heldout_rows
morph_hc_is_crystalline,Crystalline,random_forest,Random forest,num__xps_text_energy_max_ev,XPS BE max,Structure / characterization,0.0076928070914276244,0.6394931269841272,0.09258658950596166,1050,141,catalyst_key,out_of_fold_heldout_rows
morph_hc_is_crystalline,Crystalline,random_forest,Random forest,num__has_el_ni,NI present,Composition,0.006989444619925696,0.5,-0.5346659711966485,1050,141,catalyst_key,out_of_fold_heldout_rows
morph_hc_is_crystalline,Crystalline,random_forest,Random forest,num__synth_has_calcination,synth has calcination,Synthesis,0.005742211266181427,0.06095238095238095,0.40166819611246907,1050,141,catalyst_key,out_of_fold_heldout_rows
morph_hc_is_crystalline,Crystalline,random_forest,Random forest,num__xrd_text_peak_3_2theta_deg,xrd text peak 3 2theta deg,Structure / characterization,0.005703963361615155,0.318312806470903,-0.061998539471823225,1050,141,catalyst_key,out_of_fold_heldout_rows
morph_hc_is_crystalline,Crystalline,random_forest,Random forest,num__has_el_sr,SR present,Composition,0.005209217682575573,0.013333333333333334,0.19866232105237963,1050,141,catalyst_key,out_of_fold_heldout_rows
morph_hc_is_crystalline,Crystalline,random_forest,Random forest,num__has_el_mo,MO present,Composition,0.004713965605112444,0.11238095238095239,0.2899656186456993,1050,141,catalyst_key,out_of_fold_heldout_rows
morph_hc_is_crystalline,Crystalline,random_forest,Random forest,num__has_el_h,H present,Composition,0.0046074440309016905,0.1523809523809524,-0.5977223374686021,1050,141,catalyst_key,out_of_fold_heldout_rows
morph_hc_is_crystalline,Crystalline,random_forest,Random forest,num__xps_text_has_satellite_peak,xps text has satellite peak,Structure / characterization,0.003981375148984541,0.08285714285714285,0.3724696997896573,1050,141,catalyst_key,out_of_fold_heldout_rows
morph_hc_is_crystalline,Crystalline,random_forest,Random forest,num__synth_has_electrodeposition,synth has electrodeposition,Synthesis,0.003962570112224395,0.1361904761904762,-0.5347345395073291,1050,141,catalyst_key,out_of_fold_heldout_rows
morph_hc_is_crystalline,Crystalline,random_forest,Random forest,num__struct_coordination_number,struct coordination number,Other,0.0038604617283942554,0.4566931609121637,-0.2168954371618215,1050,141,catalyst_key,out_of_fold_heldout_rows
morph_hc_is_crystalline,Crystalline,random_forest,Random forest,num__xps_text_co_2p_be_ev,xps text co 2p be eV,Structure / characterization,0.0037843095458008056,0.9874987311539037,0.10504970866982326,1050,141,catalyst_key,out_of_fold_heldout_rows
morph_hc_is_crystalline,Crystalline,random_forest,Random forest,num__comp_ni,Ni content,Composition,0.003635145213875537,0.1082635956160242,-0.04812544503756318,1050,141,catalyst_key,out_of_fold_heldout_rows
morph_hc_is_crystalline,Crystalline,random_forest,Random forest,num__has_el_ru,RU present,Composition,0.003561448576050323,0.1180952380952381,-0.3522717677076814,1050,141,catalyst_key,out_of_fold_heldout_rows
morph_hc_is_crystalline,Crystalline,random_forest,Random forest,num__xrd_text_peak_std_2theta_deg,xrd text peak std 2theta deg,Structure / characterization,0.0034335765583003324,0.5200949902852934,-0.10770823275880527,1050,141,catalyst_key,out_of_fold_heldout_rows
morph_hc_is_crystalline,Crystalline,random_forest,Random forest,num__has_el_s,S present,Composition,0.0032918301155112073,0.10857142857142857,-0.5308941307139202,1050,141,catalyst_key,out_of_fold_heldout_rows
morph_hc_is_crystalline,Crystalline,random_forest,Random forest,num__has_el_mn,MN present,Composition,0.0031570620683407883,0.029523809523809525,0.2931835158459879,1050,141,catalyst_key,out_of_fold_heldout_rows
morph_hc_is_crystalline,Crystalline,random_forest,Random forest,num__struct_bond_length_angstrom,struct bond length angstrom,Other,0.0031390783519418698,0.5740058180276942,0.018210601283318615,1050,141,catalyst_key,out_of_fold_heldout_rows
morph_hc_is_crystalline,Crystalline,random_forest,Random forest,num__electronic_band_gap_ev,electronic band gap eV,Other,0.002952975474984127,0.7042786488579172,0.10915704307630417,1050,141,catalyst_key,out_of_fold_heldout_rows
morph_hc_is_crystalline,Crystalline,random_forest,Random forest,num__comp_co,co composition,Composition,0.0028197638352762395,0.03462670766262275,-0.23328869184490247,1050,141,catalyst_key,out_of_fold_heldout_rows
morph_hc_is_crystalline,Crystalline,random_forest,Random forest,num__has_el_sn,SN present,Composition,0.0025337284332152096,0.02,0.2424872701619096,1050,141,catalyst_key,out_of_fold_heldout_rows
morph_hc_is_crystalline,Crystalline,random_forest,Random forest,cat__support_class_text_nickel_foam,support class text nickel foam,Support,0.0025134358152791693,0.9495238095238095,0.3791902165460293,1050,141,catalyst_key,out_of_fold_heldout_rows
morph_hc_is_crystalline,Crystalline,random_forest,Random forest,num__synth_has_pyrolysis,synth has pyrolysis,Synthesis,0.002453616184361192,0.037142857142857144,-0.3275514233521005,1050,141,catalyst_key,out_of_fold_heldout_rows
morph_hc_is_crystalline,Crystalline,random_forest,Random forest,num__metal_mass_loading_mg_cm2,Metal mass loading,Other,0.002401293758960153,0.2328920781879699,-0.09772722595874261,1050,141,catalyst_key,out_of_fold_heldout_rows
morph_hc_is_crystalline,Crystalline,random_forest,Random forest,num__synth_has_ultrasonication,synth has ultrasonication,Synthesis,0.0023867990962173928,0.03619047619047619,0.3234846402253037,1050,141,catalyst_key,out_of_fold_heldout_rows
morph_hc_is_crystalline,Crystalline,random_forest,Random forest,num__synth_potential,synth potential,Synthesis,0.002277236218174975,-0.0042202962962962975,0.12236989150866798,1050,141,catalyst_key,out_of_fold_heldout_rows
morph_hc_is_crystalline,Crystalline,random_forest,Random forest,num__synth_current_density,synth current density,Synthesis,0.0022515206611518055,0.003893545634920635,0.06266035056869348,1050,141,catalyst_key,out_of_fold_heldout_rows
morph_hc_is_crystalline,Crystalline,random_forest,Random forest,num__has_el_cu,CU present,Composition,0.00224431823504141,0.06571428571428571,-0.4291712872092122,1050,141,catalyst_key,out_of_fold_heldout_rows
morph_hc_is_crystalline,Crystalline,random_forest,Random forest,num__synth_scan_rate,synth scan rate,Synthesis,0.002198680249097943,0.4989714285714285,-0.04858744035914532,1050,141,catalyst_key,out_of_fold_heldout_rows
morph_hc_is_crystalline,Crystalline,random_forest,Random forest,num__synth_pH,synth pH,Synthesis,0.0021882928537564988,0.48509047619047624,0.15204935499904454,1050,141,catalyst_key,out_of_fold_heldout_rows
morph_hc_is_crystalline,Crystalline,random_forest,Random forest,num__has_el_p,P present,Composition,0.0020714194458255285,0.10380952380952381,-0.44035635234433657,1050,141,catalyst_key,out_of_fold_heldout_rows
morph_hc_is_crystalline,Crystalline,random_forest,Random forest,num__xps_text_has_binding_energy_shift,XPS BE shift,Structure / characterization,0.0019958387700963476,0.012380952380952381,0.1915281721563792,1050,141,catalyst_key,out_of_fold_heldout_rows
morph_hc_is_crystalline,Crystalline,random_forest,Random forest,num__xrd_text_peak_2_2theta_deg,xrd text peak 2 2theta deg,Structure / characterization,0.0019767366048228075,0.14643786295005812,0.018545012269826026,1050,141,catalyst_key,out_of_fold_heldout_rows
morph_hc_is_crystalline,Crystalline,random_forest,Random forest,num__xrd_text_peak_mean_2theta_deg,xrd text peak mean 2theta deg,Structure / characterization,0.0019737384734581317,0.34879710979790346,0.6579999384158985,1050,141,catalyst_key,out_of_fold_heldout_rows
morph_hc_is_crystalline,Crystalline,random_forest,Random forest,num__has_el_w,W present,Composition,0.001935428542400388,0.049523809523809526,-0.3757842312030225,1050,141,catalyst_key,out_of_fold_heldout_rows
morph_hc_is_crystalline,Crystalline,random_forest,Random forest,num__comp_fe,Fe content,Composition,0.001929273306431229,0.004433706590090881,-0.037751248481583545,1050,141,catalyst_key,out_of_fold_heldout_rows
morph_hc_is_crystalline,Crystalline,random_forest,Random forest,num__comp_ru,ru composition,Composition,0.0019036703382607114,0.03036122962153757,0.5251670312830049,1050,141,catalyst_key,out_of_fold_heldout_rows
morph_hc_is_crystalline,Crystalline,random_forest,Random forest,num__synth_cycles,synth cycles,Synthesis,0.0018153324342301007,0.0056038565782044044,0.31901739693995584,1050,141,catalyst_key,out_of_fold_heldout_rows
morph_hc_is_crystalline,Crystalline,random_forest,Random forest,num__xrd_text_peak_count,xrd text peak count,Structure / characterization,0.0017435465401513131,0.24808250572956456,-0.005069176132075455,1050,141,catalyst_key,out_of_fold_heldout_rows
morph_hc_is_crystalline,Crystalline,random_forest,Random forest,num__xrd_text_peak_4_2theta_deg,xrd text peak 4 2theta deg,Structure / characterization,0.001449152189106546,0.5357313655549609,-0.002428674989635021,1050,141,catalyst_key,out_of_fold_heldout_rows
morph_hc_is_crystalline,Crystalline,random_forest,Random forest,num__pore_size_nm,pore size nm,Structure / characterization,0.0014435715851589903,0.0428078046049422,0.5558270686119807,1050,141,catalyst_key,out_of_fold_heldout_rows
morph_hc_is_crystalline,Crystalline,random_forest,Random forest,num__xrd_text_peak_max_2theta_deg,xrd text peak max 2theta deg,Structure / characterization,0.0014406409198185802,0.6131513227513227,0.24102587067920214,1050,141,catalyst_key,out_of_fold_heldout_rows
morph_hc_is_crystalline,Crystalline,random_forest,Random forest,num__has_el_se,SE present,Composition,0.001362296617512601,0.021904761904761906,0.14585118718316206,1050,141,catalyst_key,out_of_fold_heldout_rows
morph_hc_is_crystalline,Crystalline,random_forest,Random forest,num__xrd_text_peak_span_2theta_deg,xrd text peak span 2theta deg,Structure / characterization,0.001350069061763831,0.612635658279376,0.15373994382185524,1050,141,catalyst_key,out_of_fold_heldout_rows
morph_hc_is_crystalline,Crystalline,random_forest,Random forest,num__xrd_filled_first_peak_2theta_deg,xrd filled first peak 2theta deg,Structure / characterization,0.001324332994590006,0.10840084656084657,0.3162860416564938,1050,141,catalyst_key,out_of_fold_heldout_rows
morph_hc_is_crystalline,Crystalline,random_forest,Random forest,num__xrd_text_low_angle_peak_2theta_deg,xrd text low angle peak 2theta deg,Structure / characterization,0.0013220518960439897,0.4029269841269842,0.13528071894325425,1050,141,catalyst_key,out_of_fold_heldout_rows
morph_hc_is_crystalline,Crystalline,random_forest,Random forest,num__comp_pt,Pt content,Composition,0.0012825201892266876,0.04272212063492063,0.2168141434970609,1050,141,catalyst_key,out_of_fold_heldout_rows
morph_hc_is_crystalline,Crystalline,random_forest,Random forest,num__has_el_cr,CR present,Composition,0.0012759509024604836,0.02666666666666667,0.19949422141873027,1050,141,catalyst_key,out_of_fold_heldout_rows
morph_hc_is_crystalline,Crystalline,random_forest,Random forest,num__electronic_d_band_center_ev,electronic d band center eV,Other,0.001273908785665326,-0.3764170775540816,0.36901571532212213,1050,141,catalyst_key,out_of_fold_heldout_rows
morph_hc_is_crystalline,Crystalline,random_forest,Random forest,num__comp_cr,cr composition,Composition,0.0012524801734361756,0.12690882393303143,-0.27419339327538705,1050,141,catalyst_key,out_of_fold_heldout_rows
morph_hc_is_crystalline,Crystalline,random_forest,Random forest,num__comp_ir,ir composition,Composition,0.0012126382242990997,0.1431175119047619,-0.021855134578262162,1050,141,catalyst_key,out_of_fold_heldout_rows
morph_hc_is_crystalline,Crystalline,random_forest,Random forest,num__synth_has_solvothermal,synth has solvothermal,Synthesis,0.0012113358491549966,0.02,0.19629921870249822,1050,141,catalyst_key,out_of_fold_heldout_rows
morph_hc_is_crystalline,Crystalline,random_forest,Random forest,num__has_el_bi,BI present,Composition,0.001187273610183217,0.002857142857142857,0.09244971525253691,1050,141,catalyst_key,out_of_fold_heldout_rows
morph_hc_is_crystalline,Crystalline,random_forest,Random forest,num__comp_mo,mo composition,Composition,0.001157025470299397,1.7274000588968585,0.2377198609442108,1050,141,catalyst_key,out_of_fold_heldout_rows
morph_hc_is_crystalline,Crystalline,random_forest,Random forest,num__xrd_text_peak_1_2theta_deg,xrd text peak 1 2theta deg,Structure / characterization,0.0011054336948209144,0.08386349206349204,0.14036495873880728,1050,141,catalyst_key,out_of_fold_heldout_rows
morph_hc_is_crystalline,Crystalline,random_forest,Random forest,num__xps_text_fe_2p_be_ev,xps text fe 2p be eV,Structure / characterization,0.0010879058281777997,0.9794522504892369,-0.1314477910637254,1050,141,catalyst_key,out_of_fold_heldout_rows
morph_hc_is_crystalline,Crystalline,random_forest,Random forest,num__xrd_text_peak_5_2theta_deg,xrd text peak 5 2theta deg,Structure / characterization,0.0010860110784933464,0.5693413195999404,-0.2210815049630848,1050,141,catalyst_key,out_of_fold_heldout_rows
morph_hc_is_crystalline,Crystalline,random_forest,Random forest,num__synth_has_galvanic_replacement,synth has galvanic replacement,Synthesis,0.001068151071329798,0.009523809523809525,0.16822412549026156,1050,141,catalyst_key,out_of_fold_heldout_rows
morph_hc_is_crystalline,Crystalline,random_forest,Random forest,num__xrd_text_peak_min_2theta_deg,xrd text peak min 2theta deg,Structure / characterization,0.0010459575242666083,0.08386349206349204,0.11403956531635555,1050,141,catalyst_key,out_of_fold_heldout_rows
morph_hc_is_crystalline,Crystalline,random_forest,Random forest,num__has_el_ti,TI present,Composition,0.0010313145283099316,0.035238095238095235,-0.24989828778168927,1050,141,catalyst_key,out_of_fold_heldout_rows
morph_hc_is_crystalline,Crystalline,random_forest,Random forest,num__pore_volume_cm3_g,pore volume cm3 g,Structure / characterization,0.0009524441427514036,0.10941004329004328,0.2104729335258702,1050,141,catalyst_key,out_of_fold_heldout_rows
morph_hc_is_crystalline,Crystalline,random_forest,Random forest,num__has_el_ir,Ir present,Composition,0.000933856460495319,0.03619047619047619,-0.06137257996369399,1050,141,catalyst_key,out_of_fold_heldout_rows
morph_hc_is_crystalline,Crystalline,random_forest,Random forest,num__electronic_work_function_ev,electronic work function eV,Other,0.0009317302296693524,0.584764711354455,-0.05739393689001218,1050,141,catalyst_key,out_of_fold_heldout_rows
morph_hc_is_crystalline,Crystalline,random_forest,Random forest,num__has_el_pd,PD present,Composition,0.0008658127805991522,0.025714285714285714,-0.2741519306180219,1050,141,catalyst_key,out_of_fold_heldout_rows
morph_hc_is_crystalline,Crystalline,random_forest,Random forest,num__xrd_first_peak_2theta_deg,xrd first peak 2theta deg,Structure / characterization,0.0008500733262501148,0.3721354563803544,-0.6340001505052932,1050,141,catalyst_key,out_of_fold_heldout_rows
morph_hc_is_crystalline,Crystalline,random_forest,Random forest,num__comp_mn,mn composition,Composition,0.0008186688973051065,0.0015766478959559223,0.09420544212321612,1050,141,catalyst_key,out_of_fold_heldout_rows
morph_hc_is_crystalline,Crystalline,random_forest,Random forest,num__has_el_ce,CE present,Composition,0.0008069782859092257,0.025714285714285714,-0.02873429054484535,1050,141,catalyst_key,out_of_fold_heldout_rows
morph_hc_is_crystalline,Crystalline,random_forest,Random forest,cat__support_class_text_carbon_paper,support class text carbon paper,Support,0.0007498946997463665,0.006666666666666667,0.1409492547304187,1050,141,catalyst_key,out_of_fold_heldout_rows
morph_hc_is_crystalline,Crystalline,random_forest,Random forest,num__has_el_ag,AG present,Composition,0.0007405939474088844,0.006666666666666667,0.1409492547304187,1050,141,catalyst_key,out_of_fold_heldout_rows
morph_hc_is_crystalline,Crystalline,random_forest,Random forest,num__has_el_b,B present,Composition,0.0007387166901541494,0.02666666666666667,-0.2790461746074096,1050,141,catalyst_key,out_of_fold_heldout_rows
morph_hc_is_crystalline,Crystalline,random_forest,Random forest,num__struct_roughness_factor,struct roughness factor,Other,0.0007121078969504193,0.0019586279375753066,0.6187913198995596,1050,141,catalyst_key,out_of_fold_heldout_rows
morph_hc_is_crystalline,Crystalline,random_forest,Random forest,num__synth_has_sputtering,synth has sputtering,Synthesis,0.0007117706967007913,0.011428571428571429,-0.18410301863165093,1050,141,catalyst_key,out_of_fold_heldout_rows
morph_hc_is_crystalline,Crystalline,random_forest,Random forest,num__xrd_filled_low_angle_peak_2theta_deg,xrd filled low angle peak 2theta deg,Structure / characterization,0.0006874292724980205,0.40394240362811795,0.10172048865574923,1050,141,catalyst_key,out_of_fold_heldout_rows
morph_hc_is_crystalline,Crystalline,random_forest,Random forest,num__synth_has_ion_exchange,synth has ion exchange,Synthesis,0.0006641762542363566,0.029523809523809525,-0.2931278287050504,1050,141,catalyst_key,out_of_fold_heldout_rows
morph_hc_is_crystalline,Crystalline,random_forest,Random forest,cat__synth_temperature_text_room,synth temperature text room,Synthesis,0.0006561134904797422,0.9780952380952381,0.07715977516077356,1050,141,catalyst_key,out_of_fold_heldout_rows
morph_hc_is_crystalline,Crystalline,random_forest,Random forest,num__synth_voltage,synth voltage,Synthesis,0.0006351689772991285,0.003370626896912611,0.6548643386364766,1050,141,catalyst_key,out_of_fold_heldout_rows
morph_hc_is_crystalline,Crystalline,random_forest,Random forest,cat__synth_temperature_text_room temperature,synth temperature text room tempera...,Synthesis,0.0005928922634445769,0.006666666666666667,0.1409492547304187,1050,141,catalyst_key,out_of_fold_heldout_rows
morph_hc_is_crystalline,Crystalline,random_forest,Random forest,num__xps_text_o_1s_generic_be_ev,xps text o 1s generic be eV,Structure / characterization,0.0005724181788191805,0.9964102564102563,0.4456392393388031,1050,141,catalyst_key,out_of_fold_heldout_rows
morph_hc_is_crystalline,Crystalline,random_forest,Random forest,num__support_is_iron_foam,support is iron foam,Support,0.0005632197305702526,0.014285714285714285,-0.2055357698755898,1050,141,catalyst_key,out_of_fold_heldout_rows
morph_hc_is_crystalline,Crystalline,random_forest,Random forest,num__xps_text_ni_2p_be_ev,xps text ni 2p be eV,Structure / characterization,0.000562931205641023,0.9829277056277053,-0.1334759169104635,1050,141,catalyst_key,out_of_fold_heldout_rows
morph_hc_is_crystalline,Crystalline,random_forest,Random forest,num__xps_text_o_1s_be_ev,xps text o 1s be eV,Structure / characterization,0.0005545542993274498,0.9964102564102563,0.24897912591347607,1050,141,catalyst_key,out_of_fold_heldout_rows
morph_hc_is_crystalline,Crystalline,random_forest,Random forest,num__has_el_v,V present,Composition,0.0005427313110290248,0.02761904761904762,-0.2250812588759269,1050,141,catalyst_key,out_of_fold_heldout_rows
morph_hc_is_crystalline,Crystalline,random_forest,Random forest,num__xps_o_1s_be_ev_filled,xps o 1s be eV filled,Structure / characterization,0.000536335437615609,0.9963141248994907,0.435121989247211,1050,141,catalyst_key,out_of_fold_heldout_rows
morph_hc_is_crystalline,Crystalline,random_forest,Random forest,num__comp_ni:fe,ni:fe composition,Composition,0.0005269460012470878,0.36979682539682535,0.5908125609394645,1050,141,catalyst_key,out_of_fold_heldout_rows
morph_hc_is_crystalline,Crystalline,random_forest,Random forest,num__has_el_cl,CL present,Composition,0.0005199447343800278,0.017142857142857144,-0.06780139241937977,1050,141,catalyst_key,out_of_fold_heldout_rows
morph_hc_is_crystalline,Crystalline,random_forest,Random forest,num__xps_co_2p3_2_be_ev_filled,xps co 2p3 2 be eV filled,Structure / characterization,0.0005143241686851492,0.9987606259895264,-0.8651432746453808,1050,141,catalyst_key,out_of_fold_heldout_rows
morph_hc_is_crystalline,Crystalline,random_forest,Random forest,num__has_el_pr,PR present,Composition,0.0005127719827325175,0.0038095238095238095,0.10670074397985807,1050,141,catalyst_key,out_of_fold_heldout_rows
morph_hc_is_crystalline,Crystalline,random_forest,Random forest,num__has_el_au,AU present,Composition,0.0004910417561250156,0.012380952380952381,-0.044198808959164435,1050,141,catalyst_key,out_of_fold_heldout_rows
morph_hc_is_crystalline,Crystalline,random_forest,Random forest,num__has_el_ba,BA present,Composition,0.00047212396975463995,0.004761904761904762,0.11923802035220474,1050,141,catalyst_key,out_of_fold_heldout_rows
morph_hc_is_crystalline,Crystalline,random_forest,Random forest,num__xrd_text_has_peak_9_0_2theta,xrd text has peak 9 0 2theta,Structure / characterization,0.0004700407869961452,0.023809523809523808,0.1785719225403437,1050,141,catalyst_key,out_of_fold_heldout_rows
morph_hc_is_crystalline,Crystalline,random_forest,Random forest,num__synth_has_sol_gel,synth has sol gel,Synthesis,0.00045524004847789876,0.005714285714285714,0.13055619497077828,1050,141,catalyst_key,out_of_fold_heldout_rows
morph_hc_is_crystalline,Crystalline,random_forest,Random forest,num__xrd_text_has_peak_8_0_2theta,xrd text has peak 8 0 2theta,Structure / characterization,0.0004457419302297941,0.015238095238095238,0.21217385655839305,1050,141,catalyst_key,out_of_fold_heldout_rows
morph_hc_is_crystalline,Crystalline,random_forest,Random forest,num__comp_al,al composition,Composition,0.0004292852930073924,0.13097721538162935,-0.3042938579091867,1050,141,catalyst_key,out_of_fold_heldout_rows
morph_hc_is_crystalline,Crystalline,random_forest,Random forest,num__metal_loading_wt_pct,metal loading wt pct,Other,0.00042584784452082114,0.10845655102190879,0.5202248554554103,1050,141,catalyst_key,out_of_fold_heldout_rows
morph_hc_is_crystalline,Crystalline,random_forest,Random forest,num__comp_p,p composition,Composition,0.0004124111968686421,0.0653041367059452,0.229641642537479,1050,141,catalyst_key,out_of_fold_heldout_rows
morph_hc_is_crystalline,Crystalline,random_forest,Random forest,num__comp_sr,sr composition,Composition,0.00041086155699022277,0.7477380952380951,0.8498088097820191,420,54,catalyst_key,out_of_fold_heldout_rows
morph_hc_is_crystalline,Crystalline,random_forest,Random forest,num__support_is_carbon_paper,support is carbon paper,Support,0.0004064391662762661,0.009523809523809525,0.13467635277229975,1050,141,catalyst_key,out_of_fold_heldout_rows
morph_hc_is_crystalline,Crystalline,random_forest,Random forest,num__has_el_zn,ZN present,Composition,0.0003919070138333974,0.017142857142857144,-0.1727350004657958,1050,141,catalyst_key,out_of_fold_heldout_rows
morph_hc_is_crystalline,Crystalline,random_forest,Random forest,num__has_el_al,AL present,Composition,0.00039050946381995584,0.006666666666666667,0.10071665003815837,1050,141,catalyst_key,out_of_fold_heldout_rows
morph_hc_is_crystalline,Crystalline,random_forest,Random forest,num__has_el_y,Y present,Composition,0.0003874622098343866,0.0038095238095238095,0.10670074397985807,1050,141,catalyst_key,out_of_fold_heldout_rows
morph_hc_is_crystalline,Crystalline,random_forest,Random forest,num__synth_has_drop_casting,synth has drop casting,Synthesis,0.0003575885679565562,0.002857142857142857,0.09244971525253691,1050,141,catalyst_key,out_of_fold_heldout_rows
morph_hc_is_crystalline,Crystalline,random_forest,Random forest,num__struct_surface_roughness_nm,struct surface roughness nm,Other,0.00033386426248885456,0.011674060437643515,-0.1776125619653365,1050,141,catalyst_key,out_of_fold_heldout_rows
morph_hc_is_crystalline,Crystalline,random_forest,Random forest,num__xps_pt_4f5_2_be_ev_filled,xps pt 4f5 2 be eV filled,Structure / characterization,0.0003216002728573913,0.996333333333333,,430,56,catalyst_key,out_of_fold_heldout_rows
morph_hc_is_crystalline,Crystalline,random_forest,Random forest,num__xrd_peak_003_2theta_deg,xrd peak 003 2theta deg,Structure / characterization,0.00031621206152839063,0.110625236658963,-0.010542511912151803,1050,141,catalyst_key,out_of_fold_heldout_rows
morph_hc_is_crystalline,Crystalline,random_forest,Random forest,num__has_el_os,OS present,Composition,0.0003021166191023409,0.002857142857142857,0.09244971525253691,1050,141,catalyst_key,out_of_fold_heldout_rows
morph_hc_is_crystalline,Crystalline,random_forest,Random forest,num__has_el_rh,RH present,Composition,0.00029495803158368614,0.006666666666666667,-0.1409492547304187,1050,141,catalyst_key,out_of_fold_heldout_rows
morph_hc_is_crystalline,Crystalline,random_forest,Random forest,num__xrd_text_has_peak_50_0_2theta,xrd text has peak 50 0 2theta,Structure / characterization,0.00028998113548559884,0.011428571428571429,0.18410301863165093,1050,141,catalyst_key,out_of_fold_heldout_rows
morph_hc_is_crystalline,Crystalline,random_forest,Random forest,num__has_el_as,As present,Composition,0.00028721424046650797,0.01904761904761905,0.025009032475370254,1050,141,catalyst_key,out_of_fold_heldout_rows
morph_hc_is_crystalline,Crystalline,random_forest,Random forest,num__xps_text_pt_4f5_2_be_ev,xps text pt 4f5 2 be eV,Structure / characterization,0.00028526986646200343,0.996333333333333,,430,56,catalyst_key,out_of_fold_heldout_rows
morph_hc_is_crystalline,Crystalline,random_forest,Random forest,cat__support_class_text_iron_foam,support class text iron foam,Support,0.0002849675535253985,0.013333333333333334,-0.19866232105237963,1050,141,catalyst_key,out_of_fold_heldout_rows
morph_hc_is_crystalline,Crystalline,random_forest,Random forest,num__has_el_sb,SB present,Composition,0.00027813010243396633,0.0,,620,85,catalyst_key,out_of_fold_heldout_rows
morph_hc_is_crystalline,Crystalline,random_forest,Random forest,num__has_el_mg,MG present,Composition,0.000277326142372832,0.002857142857142857,0.030816571750845637,1050,141,catalyst_key,out_of_fold_heldout_rows
morph_hc_is_crystalline,Crystalline,random_forest,Random forest,num__xps_text_pt_4f_be_ev,xps text pt 4f be eV,Structure / characterization,0.0002588039404020222,0.9358955357911699,0.2573971568246509,1050,141,catalyst_key,out_of_fold_heldout_rows
morph_hc_is_crystalline,Crystalline,random_forest,Random forest,num__comp_y,y composition,Composition,0.00025288942833689564,0.02867867867867869,,204,19,catalyst_key,out_of_fold_heldout_rows
morph_hc_is_crystalline,Crystalline,random_forest,Random forest,num__xrd_text_has_peak_6_0_2theta,xrd text has peak 6 0 2theta,Structure / characterization,0.0002517262842569127,0.025714285714285714,0.09199935718831485,1050,141,catalyst_key,out_of_fold_heldout_rows
morph_hc_is_crystalline,Crystalline,random_forest,Random forest,cat__support_class_text_copper_foam,support class text copper foam,Support,0.0002474483247090624,0.005714285714285714,0.13055619530911675,1050,141,catalyst_key,out_of_fold_heldout_rows
morph_hc_is_crystalline,Crystalline,random_forest,Random forest,num__support_is_copper_foam,support is copper foam,Support,0.0002467731504350619,0.007619047619047619,0.07530441983866311,1050,141,catalyst_key,out_of_fold_heldout_rows
morph_hc_is_crystalline,Crystalline,random_forest,Random forest,cat__support_class_text_carbon_cloth,support class text carbon cloth,Support,0.00024288934716797372,0.011428571428571429,-0.18410301863165093,1050,141,catalyst_key,out_of_fold_heldout_rows
morph_hc_is_crystalline,Crystalline,random_forest,Random forest,num__comp_zn,zn composition,Composition,0.00023642723045717078,0.049777934979967735,-0.04158063386101676,1050,141,catalyst_key,out_of_fold_heldout_rows
morph_hc_is_crystalline,Crystalline,random_forest,Random forest,num__xrd_text_peak_6_2theta_deg,xrd text peak 6 2theta deg,Structure / characterization,0.0002349383067396109,0.7599835796387523,-0.3226556738310283,1050,141,catalyst_key,out_of_fold_heldout_rows
morph_hc_is_crystalline,Crystalline,random_forest,Random forest,num__electronic_bader_charge_e,electronic bader charge e,Other,0.0002320812627860096,0.13183533324912636,-0.490395912480277,1050,141,catalyst_key,out_of_fold_heldout_rows
morph_hc_is_crystalline,Crystalline,random_forest,Random forest,num__has_el_na,NA present,Composition,0.0002251282462371206,0.0019047619047619048,0.07552091735207714,1050,141,catalyst_key,out_of_fold_heldout_rows
morph_hc_is_crystalline,Crystalline,random_forest,Random forest,num__comp_w,w composition,Composition,0.0002243979818609364,0.41497264698841924,-0.43475880085539215,1050,141,catalyst_key,out_of_fold_heldout_rows
morph_hc_is_crystalline,Crystalline,random_forest,Random forest,num__xps_ni_2p3_2_be_ev_filled,xps ni 2p3 2 be eV filled,Structure / characterization,0.00022262450064128688,0.9939017765600076,0.08641668452194946,1050,141,catalyst_key,out_of_fold_heldout_rows
morph_hc_is_crystalline,Crystalline,random_forest,Random forest,num__comp_v,v composition,Composition,0.000216936075256906,0.37205412826420897,0.03089498254877907,1050,141,catalyst_key,out_of_fold_heldout_rows
morph_hc_is_crystalline,Crystalline,random_forest,Random forest,cat__synth_time_text_infrequent_sklearn,synth time text infrequent sklearn,Synthesis,0.00020011113310077625,0.0019047619047619048,0.07552091598208138,1050,141,catalyst_key,out_of_fold_heldout_rows
morph_hc_is_crystalline,Crystalline,random_forest,Random forest,num__support_is_carbon_cloth,support is carbon cloth,Support,0.0001983133226067,0.011428571428571429,-0.18410301863165093,1050,141,catalyst_key,out_of_fold_heldout_rows
morph_hc_is_crystalline,Crystalline,random_forest,Random forest,num__xrd_text_has_peak_7_0_2theta,xrd text has peak 7 0 2theta,Structure / characterization,0.00018464291624057505,0.01904761904761905,-0.07148721599117784,1050,141,catalyst_key,out_of_fold_heldout_rows
morph_hc_is_crystalline,Crystalline,random_forest,Random forest,num__has_el_si,SI present,Composition,0.0001819769994754383,0.004761904761904762,-0.11923802035220474,1050,141,catalyst_key,out_of_fold_heldout_rows
morph_hc_is_crystalline,Crystalline,random_forest,Random forest,num__xps_ni_2p1_2_be_ev_filled,xps ni 2p1 2 be eV filled,Structure / characterization,0.00016120045691868606,0.9919554112554113,-0.0716016852639014,1050,141,catalyst_key,out_of_fold_heldout_rows
morph_hc_is_crystalline,Crystalline,random_forest,Random forest,num__comp_o,o composition,Composition,0.00015659993830700755,0.10954921400091931,-0.20156508270845508,1050,141,catalyst_key,out_of_fold_heldout_rows
morph_hc_is_crystalline,Crystalline,random_forest,Random forest,num__xps_text_ni_2p3_2_be_ev,xps text ni 2p3 2 be eV,Structure / characterization,0.00015241242031268588,0.9945307501985302,-0.11160215178749446,1050,141,catalyst_key,out_of_fold_heldout_rows
morph_hc_is_crystalline,Crystalline,random_forest,Random forest,num__comp_ce,ce composition,Composition,0.00014575378247573556,0.0030840843402037427,0.3681734934456345,1050,141,catalyst_key,out_of_fold_heldout_rows
morph_hc_is_crystalline,Crystalline,random_forest,Random forest,cat__synth_time_text_overnight,synth time text overnight,Synthesis,0.00014415908513979621,0.9914285714285714,-0.12418632084744766,1050,141,catalyst_key,out_of_fold_heldout_rows
morph_hc_is_crystalline,Crystalline,random_forest,Random forest,num__has_el_k,K present,Composition,0.00013496473169774352,0.010476190476190476,-0.17635010639374696,1050,141,catalyst_key,out_of_fold_heldout_rows
morph_hc_is_crystalline,Crystalline,random_forest,Random forest,num__comp_cl,cl composition,Composition,0.00012690848828538523,0.054309040474089014,0.7472279106871866,824,104,catalyst_key,out_of_fold_heldout_rows
morph_hc_is_crystalline,Crystalline,random_forest,Random forest,num__comp_cu,cu composition,Composition,0.0001221772334407634,0.11305984347478042,-0.4184549027234139,1050,141,catalyst_key,out_of_fold_heldout_rows
morph_hc_is_crystalline,Crystalline,random_forest,Random forest,num__xps_co_2p1_2_be_ev,xps co 2p1 2 be eV,Structure / characterization,0.00011935034322820908,0.9995526641217269,-0.18372186480740546,1050,141,catalyst_key,out_of_fold_heldout_rows
morph_hc_is_crystalline,Crystalline,random_forest,Random forest,num__pore_diameter_nm,pore diameter nm,Structure / characterization,0.00011704338742347333,0.1819419946091644,-0.4948330097719015,1050,141,catalyst_key,out_of_fold_heldout_rows
morph_hc_is_crystalline,Crystalline,random_forest,Random forest,num__xps_text_ni_2p1_2_be_ev,xps text ni 2p1 2 be eV,Structure / characterization,0.00011397293079138015,0.9917096861471865,0.4028971655171608,1050,141,catalyst_key,out_of_fold_heldout_rows
morph_hc_is_crystalline,Crystalline,random_forest,Random forest,num__synth_has_spray_coating,synth has spray coating,Synthesis,0.00010641617827843972,0.006666666666666667,0.02017421876363341,1050,141,catalyst_key,out_of_fold_heldout_rows
morph_hc_is_crystalline,Crystalline,random_forest,Random forest,num__has_el_cs,CS present,Composition,0.00010619529383773868,0.005714285714285714,-0.04339367839260283,1050,141,catalyst_key,out_of_fold_heldout_rows
morph_hc_is_crystalline,Crystalline,random_forest,Random forest,num__xps_co_2p3_2_be_ev,xps co 2p3 2 be eV,Structure / characterization,0.00010386633490567668,0.9996918323113282,-0.002148013642265308,1050,141,catalyst_key,out_of_fold_heldout_rows
morph_hc_is_crystalline,Crystalline,random_forest,Random forest,cat__synth_temperature_text_ambient,synth temperature text ambient,Synthesis,0.00010088339073668032,0.0038095238095238095,0.10670074453289147,1050,141,catalyst_key,out_of_fold_heldout_rows
morph_hc_is_crystalline,Crystalline,random_forest,Random forest,num__synth_pressure,synth pressure,Synthesis,9.485972088806178e-05,0.0034083015873015874,-0.01975109671014983,1050,141,catalyst_key,out_of_fold_heldout_rows
morph_hc_is_crystalline,Crystalline,random_forest,Random forest,num__xps_fe_2p1_2_be_ev_filled,xps fe 2p1 2 be eV filled,Structure / characterization,9.413963308223797e-05,0.9962481867933938,-0.09244779247299735,1050,141,catalyst_key,out_of_fold_heldout_rows
morph_hc_is_crystalline,Crystalline,random_forest,Random forest,num__xrd_text_has_peak_5_0_2theta,xrd text has peak 5 0 2theta,Structure / characterization,9.090490150202987e-05,0.018095238095238095,-0.061888149807798803,1050,141,catalyst_key,out_of_fold_heldout_rows
morph_hc_is_crystalline,Crystalline,random_forest,Random forest,num__has_el_re,RE present,Composition,8.710016387541838e-05,0.0012135922330097086,0.06030230092730539,824,104,catalyst_key,out_of_fold_heldout_rows
morph_hc_is_crystalline,Crystalline,random_forest,Random forest,num__xps_text_co_2p1_2_be_ev,xps text co 2p1 2 be eV,Structure / characterization,8.4077488127076e-05,0.9957262063501697,0.35340324486619,1050,141,catalyst_key,out_of_fold_heldout_rows
morph_hc_is_crystalline,Crystalline,random_forest,Random forest,num__xrd_text_has_peak_49_0_2theta,xrd text has peak 49 0 2theta,Structure / characterization,8.336490714093054e-05,0.0038095238095238095,-0.10670075282839361,1050,141,catalyst_key,out_of_fold_heldout_rows
morph_hc_is_crystalline,Crystalline,random_forest,Random forest,num__xps_co_2p1_2_be_ev_filled,xps co 2p1 2 be eV filled,Structure / characterization,8.206135520518288e-05,0.9961263219295224,0.634407836482549,1050,141,catalyst_key,out_of_fold_heldout_rows
morph_hc_is_crystalline,Crystalline,random_forest,Random forest,num__has_el_i,I present,Composition,8.169674135033514e-05,0.010476190476190476,-0.11222279730445654,1050,141,catalyst_key,out_of_fold_heldout_rows
morph_hc_is_crystalline,Crystalline,random_forest,Random forest,num__has_el_li,LI present,Composition,7.62148556861873e-05,0.0038095238095238095,-0.053350371989929035,1050,141,catalyst_key,out_of_fold_heldout_rows
morph_hc_is_crystalline,Crystalline,random_forest,Random forest,num__has_el_u,U present,Composition,7.606845592773948e-05,0.0,,649,98,catalyst_key,out_of_fold_heldout_rows
morph_hc_is_crystalline,Crystalline,random_forest,Random forest,num__has_el_eu,EU present,Composition,7.289557547893275e-05,0.0,,423,61,catalyst_key,out_of_fold_heldout_rows
morph_hc_is_crystalline,Crystalline,random_forest,Random forest,num__xps_fe_2p3_2_be_ev_filled,xps fe 2p3 2 be eV filled,Structure / characterization,6.968670705988148e-05,0.9953581085581084,0.4035741307063954,1050,141,catalyst_key,out_of_fold_heldout_rows
morph_hc_is_crystalline,Crystalline,random_forest,Random forest,cat__synth_temperature_text_high,synth temperature text high,Synthesis,6.857446946550248e-05,0.0019047619047619048,0.0018736105547052647,1050,141,catalyst_key,out_of_fold_heldout_rows
morph_hc_is_crystalline,Crystalline,random_forest,Random forest,num__comp_pd,pd composition,Composition,6.635603930369406e-05,0.04918558730158731,0.26306573550259177,1050,141,catalyst_key,out_of_fold_heldout_rows
morph_hc_is_crystalline,Crystalline,random_forest,Random forest,num__comp_fe/ni,fe/ni composition,Composition,6.601341654775837e-05,0.05764572493480163,0.11881692100392673,423,61,catalyst_key,out_of_fold_heldout_rows
morph_hc_is_crystalline,Crystalline,random_forest,Random forest,num__has_el_cd,CD present,Composition,6.422848126745584e-05,0.005714285714285714,-0.1305561986925018,1050,141,catalyst_key,out_of_fold_heldout_rows
morph_hc_is_crystalline,Crystalline,random_forest,Random forest,num__has_el_ts,TS present,Composition,6.325436314829788e-05,0.005714285714285714,-0.043518731656926095,1050,141,catalyst_key,out_of_fold_heldout_rows
morph_hc_is_crystalline,Crystalline,random_forest,Random forest,num__comp_c,c composition,Composition,5.711763152687069e-05,0.10452765759871684,-0.24656166483163583,1050,141,catalyst_key,out_of_fold_heldout_rows
morph_hc_is_crystalline,Crystalline,random_forest,Random forest,num__xps_text_cu_2p_be_ev,xps text cu 2p be eV,Structure / characterization,5.398058930541489e-05,0.9995187165775403,-0.6326180689273969,1050,141,catalyst_key,out_of_fold_heldout_rows
morph_hc_is_crystalline,Crystalline,random_forest,Random forest,num__xps_text_co_2p3_2_be_ev,xps text co 2p3 2 be eV,Structure / characterization,5.165539098552368e-05,0.9987198879551822,-0.06033053055359314,1050,141,catalyst_key,out_of_fold_heldout_rows
morph_hc_is_crystalline,Crystalline,random_forest,Random forest,num__has_el_nb,NB present,Composition,4.282508550916101e-05,0.006666666666666667,-0.1408720332054865,1050,141,catalyst_key,out_of_fold_heldout_rows
morph_hc_is_crystalline,Crystalline,random_forest,Random forest,num__xps_pt_4f7_2_be_ev_filled,xps pt 4f7 2 be eV filled,Structure / characterization,4.230898221132017e-05,0.9909281228192602,,430,56,catalyst_key,out_of_fold_heldout_rows
morph_hc_is_crystalline,Crystalline,random_forest,Random forest,num__comp_s,s composition,Composition,4.0423322147093936e-05,0.0837806710870002,-0.5234928878692168,1050,141,catalyst_key,out_of_fold_heldout_rows
morph_hc_is_crystalline,Crystalline,random_forest,Random forest,num__has_el_la,LA present,Composition,3.878140172330341e-05,0.0038095238095238095,-0.10670074397985807,1050,141,catalyst_key,out_of_fold_heldout_rows
morph_hc_is_crystalline,Crystalline,random_forest,Random forest,cat__synth_temperature_text_infrequent_sklearn,synth temperature text infrequent s...,Synthesis,3.462591493969134e-05,0.0019047619047619048,0.0,1050,141,catalyst_key,out_of_fold_heldout_rows
morph_hc_is_crystalline,Crystalline,random_forest,Random forest,num__has_el_ta,TA present,Composition,3.234556730326792e-05,0.004761904761904762,-0.11923802127922654,1050,141,catalyst_key,out_of_fold_heldout_rows
morph_hc_is_crystalline,Crystalline,random_forest,Random forest,num__support_is_glassy_carbon,support is glassy carbon,Support,3.081485275423988e-05,0.0019047619047619048,0.07585179522582677,1050,141,catalyst_key,out_of_fold_heldout_rows
morph_hc_is_crystalline,Crystalline,random_forest,Random forest,num__xrd_text_has_peak_26_0_2theta,xrd text has peak 26 0 2theta,Structure / characterization,3.0425828947635795e-05,0.005714285714285714,-0.13055634214826953,1050,141,catalyst_key,out_of_fold_heldout_rows
morph_hc_is_crystalline,Crystalline,random_forest,Random forest,cat__support_class_text_glassy_carbon,support class text glassy carbon,Support,2.922158145538916e-05,0.0019047619047619048,0.07552346273722226,1050,141,catalyst_key,out_of_fold_heldout_rows
morph_hc_is_crystalline,Crystalline,random_forest,Random forest,num__comp_n,n composition,Composition,2.7106916159069643e-05,0.12376562659402188,0.472723256299509,1050,141,catalyst_key,out_of_fold_heldout_rows
morph_hc_is_crystalline,Crystalline,random_forest,Random forest,cat__support_class_text_iron_foam | nickel_foam,support class text iron foam | nick...,Support,2.6615270234508976e-05,0.0009523809523809524,-0.05342682375863929,1050,141,catalyst_key,out_of_fold_heldout_rows
morph_hc_is_crystalline,Crystalline,random_forest,Random forest,num__xrd_text_has_peak_45_0_2theta,xrd text has peak 45 0 2theta,Structure / characterization,2.5920569327866385e-05,0.0038095238095238095,-0.10670078518087046,1050,141,catalyst_key,out_of_fold_heldout_rows
morph_hc_is_crystalline,Crystalline,random_forest,Random forest,num__synth_has_molten_salt,synth has molten salt,Synthesis,2.5886993655249542e-05,0.0009523809523809524,0.05342683206602993,1050,141,catalyst_key,out_of_fold_heldout_rows
morph_hc_is_crystalline,Crystalline,random_forest,Random forest,num__xps_text_pt_4f7_2_be_ev,xps text pt 4f7 2 be eV,Structure / characterization,2.4674084499185502e-05,0.9909281228192602,,430,56,catalyst_key,out_of_fold_heldout_rows
morph_hc_is_crystalline,Crystalline,random_forest,Random forest,num__comp_si,si composition,Composition,2.4106512662106942e-05,0.049042765787370095,0.4449847523196837,834,106,catalyst_key,out_of_fold_heldout_rows
morph_hc_is_crystalline,Crystalline,random_forest,Random forest,num__has_el_br,BR present,Composition,2.1885903444061364e-05,0.0,,207,26,catalyst_key,out_of_fold_heldout_rows
morph_hc_is_crystalline,Crystalline,random_forest,Random forest,cat__support_class_text_copper_foam | nickel_foam,support class text copper foam | ni...,Support,1.9765445251429206e-05,0.0019047619047619048,-0.0755209349663149,1050,141,catalyst_key,out_of_fold_heldout_rows
morph_hc_is_crystalline,Crystalline,random_forest,Random forest,num__xps_text_mo_3d_be_ev,xps text mo 3d be eV,Structure / characterization,1.8578762658691175e-05,0.9927279202279203,-0.44264994089513754,1050,141,catalyst_key,out_of_fold_heldout_rows
morph_hc_is_crystalline,Crystalline,random_forest,Random forest,num__comp_ni/fe,ni/fe composition,Composition,1.8163413370787475e-05,0.31511457500666135,0.026496436139096108,834,106,catalyst_key,out_of_fold_heldout_rows
morph_hc_is_crystalline,Crystalline,random_forest,Random forest,num__comp_rh,rh composition,Composition,1.61472141298818e-05,0.12304810148374129,-0.48548593229622783,1050,141,catalyst_key,out_of_fold_heldout_rows
morph_hc_is_crystalline,Crystalline,random_forest,Random forest,cat__support_class_text_infrequent_sklearn,support class text infrequent sklearn,Support,1.5872702170405353e-05,0.0,,1050,141,catalyst_key,out_of_fold_heldout_rows
morph_hc_is_crystalline,Crystalline,random_forest,Random forest,num__xrd_text_has_peak_52_0_2theta,xrd text has peak 52 0 2theta,Structure / characterization,1.4409058609287273e-05,0.002857142857142857,-0.09251128102311883,1050,141,catalyst_key,out_of_fold_heldout_rows
morph_hc_is_crystalline,Crystalline,random_forest,Random forest,num__has_el_te,TE present,Composition,1.2698979642307092e-05,0.002857142857142857,-0.09244972579427566,1050,141,catalyst_key,out_of_fold_heldout_rows
morph_hc_is_crystalline,Crystalline,random_forest,Random forest,num__support_is_metal_mesh,support is metal mesh,Support,1.2559086831849785e-05,0.002857142857142857,-0.0924497159712917,1050,141,catalyst_key,out_of_fold_heldout_rows
morph_hc_is_crystalline,Crystalline,random_forest,Random forest,cat__support_class_text_metal_mesh,support class text metal mesh,Support,1.058660979365574e-05,0.002857142857142857,-0.09244972363801061,1050,141,catalyst_key,out_of_fold_heldout_rows
morph_hc_is_crystalline,Crystalline,random_forest,Random forest,cat__synth_temperature_text_different,synth temperature text different,Synthesis,1.0387206238881776e-05,0.0,,1050,141,catalyst_key,out_of_fold_heldout_rows
morph_hc_is_crystalline,Crystalline,random_forest,Random forest,num__has_el_ds,DS present,Composition,1.0203385897438855e-05,0.0,,207,26,catalyst_key,out_of_fold_heldout_rows
morph_hc_is_crystalline,Crystalline,random_forest,Random forest,num__xps_ni_2p3_2_be_ev,xps ni 2p3 2 be eV,Structure / characterization,9.80725749897349e-06,0.9991875818745335,0.25199019858915894,1050,141,catalyst_key,out_of_fold_heldout_rows
morph_hc_is_crystalline,Crystalline,random_forest,Random forest,cat__synth_time_text_several,synth time text several,Synthesis,8.706236193539552e-06,0.0009523809523809524,-0.05342689035632985,1050,141,catalyst_key,out_of_fold_heldout_rows
morph_hc_is_crystalline,Crystalline,random_forest,Random forest,cat__support_class_text_carbon_paper | nickel_foam,support class text carbon paper | n...,Support,8.027817047136812e-06,0.002857142857142857,-0.0924531793661537,1050,141,catalyst_key,out_of_fold_heldout_rows
morph_hc_is_crystalline,Crystalline,random_forest,Random forest,num__xps_text_fe_2p3_2_be_ev,xps text fe 2p3 2 be eV,Structure / characterization,7.781143228271388e-06,0.9951048951048947,,1050,141,catalyst_key,out_of_fold_heldout_rows
morph_hc_is_crystalline,Crystalline,random_forest,Random forest,cat__synth_temperature_text_varied by particle size | varied,synth temperature text varied by pa...,Synthesis,6.894789286078637e-06,0.0,,608,69,catalyst_key,out_of_fold_heldout_rows
morph_hc_is_crystalline,Crystalline,random_forest,Random forest,cat__synth_temperature_text_thousands,synth temperature text thousands,Synthesis,5.808155011023838e-06,0.0,,617,78,catalyst_key,out_of_fold_heldout_rows
morph_hc_is_crystalline,Crystalline,random_forest,Random forest,cat__synth_temperature_text_<273,synth temperature text <273,Synthesis,5.470762100027422e-06,0.0,,639,96,catalyst_key,out_of_fold_heldout_rows
morph_hc_is_crystalline,Crystalline,random_forest,Random forest,num__comp_se,se composition,Composition,4.995977596292761e-06,4.847853498681809e-05,0.08273805000018838,423,61,catalyst_key,out_of_fold_heldout_rows
morph_hc_is_crystalline,Crystalline,random_forest,Random forest,cat__synth_time_text_25 or 60,synth time text 25 or 60,Synthesis,4.902767070156314e-06,0.0009523809523809524,-0.042178115658571026,1050,141,catalyst_key,out_of_fold_heldout_rows
morph_hc_is_crystalline,Crystalline,random_forest,Random forest,num__xps_text_fe_2p1_2_be_ev,xps text fe 2p1 2 be eV,Structure / characterization,4.510432623540744e-06,0.9965387837377945,0.5050257220026197,1050,141,catalyst_key,out_of_fold_heldout_rows
morph_hc_is_crystalline,Crystalline,random_forest,Random forest,cat__synth_time_text_several hours,synth time text several hours,Synthesis,3.2348143131147646e-06,0.0009523809523809524,-0.053429118545693106,1050,141,catalyst_key,out_of_fold_heldout_rows
morph_hc_is_crystalline,Crystalline,random_forest,Random forest,cat__synth_temperature_text_low,synth temperature text low,Synthesis,2.8387889782953865e-06,0.0,,1050,141,catalyst_key,out_of_fold_heldout_rows
morph_hc_is_crystalline,Crystalline,random_forest,Random forest,num__electronic_fermi_level_ev,electronic fermi level eV,Other,2.8218358486300865e-06,0.0009230497393762701,0.04337354850974124,1050,141,catalyst_key,out_of_fold_heldout_rows
morph_hc_is_crystalline,Crystalline,random_forest,Random forest,cat__synth_temperature_text_RT,synth temperature text RT,Synthesis,1.7090963310334212e-06,0.0009523809523809524,-0.04267070823027913,1050,141,catalyst_key,out_of_fold_heldout_rows
morph_hc_is_crystalline,Crystalline,random_forest,Random forest,cat__support_class_text_fto,support class text fto,Support,1.216456333069984e-06,0.002857142857142857,-0.07096681479950448,1050,141,catalyst_key,out_of_fold_heldout_rows
morph_hc_is_crystalline,Crystalline,random_forest,Random forest,num__has_el_nd,ND present,Composition,2.8254011428690444e-07,0.0,,216,35,catalyst_key,out_of_fold_heldout_rows
morph_hc_is_crystalline,Crystalline,random_forest,Random forest,cat__synth_time_text_6-24,synth time text 6-24,Synthesis,2.0675983968018914e-07,0.0,,617,78,catalyst_key,out_of_fold_heldout_rows
morph_hc_is_crystalline,Crystalline,random_forest,Random forest,cat__synth_time_text_3-48 | overnight,synth time text 3-48 | overnight,Synthesis,1.0102629213004021e-07,0.0,,637,82,catalyst_key,out_of_fold_heldout_rows
morph_hc_is_crystalline,Crystalline,random_forest,Random forest,cat__support_class_text_ito,support class text ito,Support,0.0,0.0,,639,96,catalyst_key,out_of_fold_heldout_rows
morph_hc_is_faceted_polyhedron,Faceted Polyhedron,random_forest,Random forest,num__synth_time_h,Synthesis time,Synthesis,0.022263354199647225,0.007594054547745023,-0.3217157810181586,1050,85,catalyst_key,out_of_fold_heldout_rows
morph_hc_is_faceted_polyhedron,Faceted Polyhedron,random_forest,Random forest,num__synth_has_electrodeposition,synth has electrodeposition,Synthesis,0.020155544119850703,0.13333333333333333,-0.5887844437934486,1050,85,catalyst_key,out_of_fold_heldout_rows
morph_hc_is_faceted_polyhedron,Faceted Polyhedron,random_forest,Random forest,num__structure_lattice_spacing,Lattice spacing,Structure / characterization,0.01937764544328142,0.0030091047406866616,0.03644166012854952,1050,85,catalyst_key,out_of_fold_heldout_rows
morph_hc_is_faceted_polyhedron,Faceted Polyhedron,random_forest,Random forest,num__has_el_co,CO present,Composition,0.019005567648126904,0.26,0.7537918017072553,1050,85,catalyst_key,out_of_fold_heldout_rows
morph_hc_is_faceted_polyhedron,Faceted Polyhedron,random_forest,Random forest,num__synth_step_count,Synthesis step count,Synthesis,0.017587022902722932,0.13056689342403627,0.467741104257347,1050,85,catalyst_key,out_of_fold_heldout_rows
morph_hc_is_faceted_polyhedron,Faceted Polyhedron,random_forest,Random forest,num__has_el_ni,NI present,Composition,0.016427311606558012,0.5057142857142857,-0.8346286158780661,1050,85,catalyst_key,out_of_fold_heldout_rows
morph_hc_is_faceted_polyhedron,Faceted Polyhedron,random_forest,Random forest,num__active_element_count,Active element count,Composition,0.015200112674876627,0.2709090909090909,-0.288616026924934,1050,85,catalyst_key,out_of_fold_heldout_rows
morph_hc_is_faceted_polyhedron,Faceted Polyhedron,random_forest,Random forest,num__synth_temperature_c,Synthesis temperature,Synthesis,0.014923567955014674,0.10912266867531324,-0.06207300444153005,1050,85,catalyst_key,out_of_fold_heldout_rows
morph_hc_is_faceted_polyhedron,Faceted Polyhedron,random_forest,Random forest,num__structure_interplanar_spacing,Interplanar spacing,Structure / characterization,0.01321137041433973,0.005665153403448403,0.13371350312179736,1050,85,catalyst_key,out_of_fold_heldout_rows
morph_hc_is_faceted_polyhedron,Faceted Polyhedron,random_forest,Random forest,num__has_el_mo,MO present,Composition,0.012284183319666029,0.11142857142857143,-0.5450111230060215,1050,85,catalyst_key,out_of_fold_heldout_rows
morph_hc_is_faceted_polyhedron,Faceted Polyhedron,random_forest,Random forest,num__bet_surface_area_m2_g,BET surface area,Structure / characterization,0.011742252458038038,0.04239789228074249,-0.24340740429195312,1050,85,catalyst_key,out_of_fold_heldout_rows
morph_hc_is_faceted_polyhedron,Faceted Polyhedron,random_forest,Random forest,num__xps_text_energy_std_ev,XPS BE dispersion,Structure / characterization,0.010920473827509514,0.5125127940253945,0.24298144466323293,1050,85,catalyst_key,out_of_fold_heldout_rows
morph_hc_is_faceted_polyhedron,Faceted Polyhedron,random_forest,Random forest,num__has_el_c,C present,Composition,0.010891031927359905,0.16095238095238096,0.5668832908518959,1050,85,catalyst_key,out_of_fold_heldout_rows
morph_hc_is_faceted_polyhedron,Faceted Polyhedron,random_forest,Random forest,num__xps_text_energy_mean_ev,XPS BE mean,Structure / characterization,0.010397343472861476,0.4381381967448619,0.49566554666044743,1050,85,catalyst_key,out_of_fold_heldout_rows
morph_hc_is_faceted_polyhedron,Faceted Polyhedron,random_forest,Random forest,num__support_is_nickel_foam,support is nickel foam,Support,0.00965067101158128,0.07333333333333333,-0.4515162610565575,1050,85,catalyst_key,out_of_fold_heldout_rows
morph_hc_is_faceted_polyhedron,Faceted Polyhedron,random_forest,Random forest,num__xps_text_energy_max_ev,XPS BE max,Structure / characterization,0.008292923046315062,0.650119126984127,0.1092301232152714,1050,85,catalyst_key,out_of_fold_heldout_rows
morph_hc_is_faceted_polyhedron,Faceted Polyhedron,random_forest,Random forest,num__xps_text_energy_min_ev,XPS BE min,Structure / characterization,0.008254773050512127,0.09512271997665257,0.19090010985434663,1050,85,catalyst_key,out_of_fold_heldout_rows
morph_hc_is_faceted_polyhedron,Faceted Polyhedron,random_forest,Random forest,num__has_el_o,O present,Composition,0.00823547683912914,0.3819047619047619,-0.7801444125584899,1050,85,catalyst_key,out_of_fold_heldout_rows
morph_hc_is_faceted_polyhedron,Faceted Polyhedron,random_forest,Random forest,num__xps_text_peak_count,XPS peak count,Structure / characterization,0.0073908137782307225,0.080995280995281,-0.08801938132141511,1050,85,catalyst_key,out_of_fold_heldout_rows
morph_hc_is_faceted_polyhedron,Faceted Polyhedron,random_forest,Random forest,num__comp_ni,Ni content,Composition,0.007356379777574807,0.10915430249433108,0.13213399464259012,1050,85,catalyst_key,out_of_fold_heldout_rows
morph_hc_is_faceted_polyhedron,Faceted Polyhedron,random_forest,Random forest,num__has_el_fe,FE present,Composition,0.007133261263697855,0.2866666666666667,-0.7653845574689977,1050,85,catalyst_key,out_of_fold_heldout_rows
morph_hc_is_faceted_polyhedron,Faceted Polyhedron,random_forest,Random forest,num__has_el_n,N present,Composition,0.007033571521186848,0.1219047619047619,0.42716527599712434,1050,85,catalyst_key,out_of_fold_heldout_rows
morph_hc_is_faceted_polyhedron,Faceted Polyhedron,random_forest,Random forest,num__has_el_h,H present,Composition,0.006136751964834131,0.16952380952380952,0.48879083978694254,1050,85,catalyst_key,out_of_fold_heldout_rows
morph_hc_is_faceted_polyhedron,Faceted Polyhedron,random_forest,Random forest,num__has_el_se,SE present,Composition,0.006004630520655469,0.02095238095238095,0.24807300690007553,1050,85,catalyst_key,out_of_fold_heldout_rows
morph_hc_is_faceted_polyhedron,Faceted Polyhedron,random_forest,Random forest,num__comp_co,co composition,Composition,0.0052616982319179054,0.004506003162243716,-0.4191998371999054,1050,85,catalyst_key,out_of_fold_heldout_rows
morph_hc_is_faceted_polyhedron,Faceted Polyhedron,random_forest,Random forest,num__struct_bond_length_angstrom,struct bond length angstrom,Other,0.005233402442312458,0.5732520544449664,0.13519523513201342,1050,85,catalyst_key,out_of_fold_heldout_rows
morph_hc_is_faceted_polyhedron,Faceted Polyhedron,random_forest,Random forest,num__has_el_cu,CU present,Composition,0.004959938609073533,0.05714285714285714,0.2860817075359969,1050,85,catalyst_key,out_of_fold_heldout_rows
morph_hc_is_faceted_polyhedron,Faceted Polyhedron,random_forest,Random forest,num__has_el_pt,Pt present,Composition,0.004890063500879439,0.09238095238095238,-0.49345411393892796,1050,85,catalyst_key,out_of_fold_heldout_rows
morph_hc_is_faceted_polyhedron,Faceted Polyhedron,random_forest,Random forest,num__synth_has_pyrolysis,synth has pyrolysis,Synthesis,0.00460778803821024,0.03238095238095238,0.27041404676992337,1050,85,catalyst_key,out_of_fold_heldout_rows
morph_hc_is_faceted_polyhedron,Faceted Polyhedron,random_forest,Random forest,num__has_el_ru,RU present,Composition,0.004121272682408185,0.0980952380952381,-0.07673857582337104,1050,85,catalyst_key,out_of_fold_heldout_rows
morph_hc_is_faceted_polyhedron,Faceted Polyhedron,random_forest,Random forest,num__struct_coordination_number,struct coordination number,Other,0.003992592721682354,0.45970622406195194,0.5469640769435115,1050,85,catalyst_key,out_of_fold_heldout_rows
morph_hc_is_faceted_polyhedron,Faceted Polyhedron,random_forest,Random forest,num__has_el_p,P present,Composition,0.003881077968416141,0.10571428571428572,-0.5260472692002327,1050,85,catalyst_key,out_of_fold_heldout_rows
morph_hc_is_faceted_polyhedron,Faceted Polyhedron,random_forest,Random forest,num__has_el_s,S present,Composition,0.003811238985077406,0.10380952380952381,-0.5019583443635477,1050,85,catalyst_key,out_of_fold_heldout_rows
morph_hc_is_faceted_polyhedron,Faceted Polyhedron,random_forest,Random forest,num__has_el_ti,TI present,Composition,0.0037599938842698463,0.02761904761904762,0.21152596003701118,1050,85,catalyst_key,out_of_fold_heldout_rows
morph_hc_is_faceted_polyhedron,Faceted Polyhedron,random_forest,Random forest,num__has_el_sn,SN present,Composition,0.003077263831427466,0.01904761904761905,0.23675830560568306,1050,85,catalyst_key,out_of_fold_heldout_rows
morph_hc_is_faceted_polyhedron,Faceted Polyhedron,random_forest,Random forest,num__has_el_ag,AG present,Composition,0.0030561542141872952,0.004761904761904762,0.11923802127922654,1050,85,catalyst_key,out_of_fold_heldout_rows
morph_hc_is_faceted_polyhedron,Faceted Polyhedron,random_forest,Random forest,num__xrd_text_peak_mean_2theta_deg,xrd text peak mean 2theta deg,Structure / characterization,0.002985631419558969,0.34967529833482214,0.2618708372081759,1050,85,catalyst_key,out_of_fold_heldout_rows
morph_hc_is_faceted_polyhedron,Faceted Polyhedron,random_forest,Random forest,num__comp_mo,mo composition,Composition,0.0029702317339160423,0.016566649697288847,-0.3158812513221062,1050,85,catalyst_key,out_of_fold_heldout_rows
morph_hc_is_faceted_polyhedron,Faceted Polyhedron,random_forest,Random forest,num__synth_has_hydrothermal,Hydrothermal route,Synthesis,0.002868637103444417,0.11333333333333333,-0.3788445242545752,1050,85,catalyst_key,out_of_fold_heldout_rows
morph_hc_is_faceted_polyhedron,Faceted Polyhedron,random_forest,Random forest,num__has_el_pd,PD present,Composition,0.0026701029700401803,0.02666666666666667,0.2608110513025616,1050,85,catalyst_key,out_of_fold_heldout_rows
morph_hc_is_faceted_polyhedron,Faceted Polyhedron,random_forest,Random forest,num__metal_mass_loading_mg_cm2,Metal mass loading,Other,0.0025101506049031645,0.01260923787903924,-0.09833768517257917,1050,85,catalyst_key,out_of_fold_heldout_rows
morph_hc_is_faceted_polyhedron,Faceted Polyhedron,random_forest,Random forest,num__synth_has_annealing,synth has annealing,Synthesis,0.0024761352192428933,0.08190476190476191,-0.30018017325648183,1050,85,catalyst_key,out_of_fold_heldout_rows
morph_hc_is_faceted_polyhedron,Faceted Polyhedron,random_forest,Random forest,num__electronic_band_gap_ev,electronic band gap eV,Other,0.0022900373782923653,0.7032902632597755,-0.4706974841091793,1050,85,catalyst_key,out_of_fold_heldout_rows
morph_hc_is_faceted_polyhedron,Faceted Polyhedron,random_forest,Random forest,num__xrd_filled_first_peak_2theta_deg,xrd filled first peak 2theta deg,Structure / characterization,0.0022771743266656415,0.10757428571428573,0.17850367461393823,1050,85,catalyst_key,out_of_fold_heldout_rows
morph_hc_is_faceted_polyhedron,Faceted Polyhedron,random_forest,Random forest,num__comp_fe,Fe content,Composition,0.0022638752139647685,0.006433145872723932,0.06929257458511365,1050,85,catalyst_key,out_of_fold_heldout_rows
morph_hc_is_faceted_polyhedron,Faceted Polyhedron,random_forest,Random forest,num__synth_has_galvanic_replacement,synth has galvanic replacement,Synthesis,0.0022321564845736003,0.014285714285714285,0.20553577147353766,1050,85,catalyst_key,out_of_fold_heldout_rows
morph_hc_is_faceted_polyhedron,Faceted Polyhedron,random_forest,Random forest,num__synth_has_calcination,synth has calcination,Synthesis,0.0020686298047890737,0.06190476190476191,-0.06608551305001809,1050,85,catalyst_key,out_of_fold_heldout_rows
morph_hc_is_faceted_polyhedron,Faceted Polyhedron,random_forest,Random forest,num__xrd_text_peak_2_2theta_deg,xrd text peak 2 2theta deg,Structure / characterization,0.0020245320196129067,0.14777293844367018,-0.3318285202120296,1050,85,catalyst_key,out_of_fold_heldout_rows
morph_hc_is_faceted_polyhedron,Faceted Polyhedron,random_forest,Random forest,num__synth_has_ultrasonication,synth has ultrasonication,Synthesis,0.0020010675734711074,0.03619047619047619,0.24629785571652127,1050,85,catalyst_key,out_of_fold_heldout_rows
morph_hc_is_faceted_polyhedron,Faceted Polyhedron,random_forest,Random forest,num__xrd_text_has_peak_8_0_2theta,xrd text has peak 8 0 2theta,Structure / characterization,0.0019835772448876608,0.007619047619047619,0.15060884084824197,1050,85,catalyst_key,out_of_fold_heldout_rows
morph_hc_is_faceted_polyhedron,Faceted Polyhedron,random_forest,Random forest,num__xrd_text_peak_3_2theta_deg,xrd text peak 3 2theta deg,Structure / characterization,0.0019673955121956017,0.3160670380511755,0.46138319504225755,1050,85,catalyst_key,out_of_fold_heldout_rows
morph_hc_is_faceted_polyhedron,Faceted Polyhedron,random_forest,Random forest,num__xrd_text_peak_std_2theta_deg,xrd text peak std 2theta deg,Structure / characterization,0.0018611209379884737,0.5163428318261264,0.1351848588825574,1050,85,catalyst_key,out_of_fold_heldout_rows
morph_hc_is_faceted_polyhedron,Faceted Polyhedron,random_forest,Random forest,num__xps_text_co_2p_be_ev,xps text co 2p be eV,Structure / characterization,0.0018509937742928865,0.9875011195700854,0.7943108965152733,1050,85,catalyst_key,out_of_fold_heldout_rows
morph_hc_is_faceted_polyhedron,Faceted Polyhedron,random_forest,Random forest,num__comp_ru,ru composition,Composition,0.001808086506729159,0.028925582013315812,0.2402778080394019,1050,85,catalyst_key,out_of_fold_heldout_rows
morph_hc_is_faceted_polyhedron,Faceted Polyhedron,random_forest,Random forest,num__has_el_w,W present,Composition,0.0018003543577218024,0.045714285714285714,-0.29149671744031147,1050,85,catalyst_key,out_of_fold_heldout_rows
morph_hc_is_faceted_polyhedron,Faceted Polyhedron,random_forest,Random forest,num__electronic_d_band_center_ev,electronic d band center eV,Other,0.001744325549875686,-0.3768434980914669,0.27658719219818656,1050,85,catalyst_key,out_of_fold_heldout_rows
morph_hc_is_faceted_polyhedron,Faceted Polyhedron,random_forest,Random forest,num__xps_text_has_satellite_peak,xps text has satellite peak,Structure / characterization,0.0016295680883040486,0.08761904761904762,-0.37626954469459434,1050,85,catalyst_key,out_of_fold_heldout_rows
morph_hc_is_faceted_polyhedron,Faceted Polyhedron,random_forest,Random forest,cat__support_class_text_carbon_paper,support class text carbon paper,Support,0.001588609348173862,0.008571428571428572,0.15966812763142632,1050,85,catalyst_key,out_of_fold_heldout_rows
morph_hc_is_faceted_polyhedron,Faceted Polyhedron,random_forest,Random forest,num__has_el_au,AU present,Composition,0.001578955497618194,0.008571428571428572,0.12418632149110938,1050,85,catalyst_key,out_of_fold_heldout_rows
morph_hc_is_faceted_polyhedron,Faceted Polyhedron,random_forest,Random forest,num__has_el_os,OS present,Composition,0.0015332788160335065,0.0038095238095238095,0.1067007448094082,1050,85,catalyst_key,out_of_fold_heldout_rows
morph_hc_is_faceted_polyhedron,Faceted Polyhedron,random_forest,Random forest,cat__support_class_text_nickel_foam,support class text nickel foam,Support,0.0015258997913693236,0.9504761904761905,0.36133099435055316,1050,85,catalyst_key,out_of_fold_heldout_rows
morph_hc_is_faceted_polyhedron,Faceted Polyhedron,random_forest,Random forest,num__xrd_text_peak_max_2theta_deg,xrd text peak max 2theta deg,Structure / characterization,0.001506393271654534,0.6113650793650792,0.42895042636245523,1050,85,catalyst_key,out_of_fold_heldout_rows
morph_hc_is_faceted_polyhedron,Faceted Polyhedron,random_forest,Random forest,num__comp_ir,ir composition,Composition,0.0014571874881460407,0.1434460965608466,0.2656853226195043,1050,85,catalyst_key,out_of_fold_heldout_rows
morph_hc_is_faceted_polyhedron,Faceted Polyhedron,random_forest,Random forest,num__xps_text_ni_2p_be_ev,xps text ni 2p be eV,Structure / characterization,0.0013057305113820894,0.9829339285714281,0.31412089283695044,1050,85,catalyst_key,out_of_fold_heldout_rows
morph_hc_is_faceted_polyhedron,Faceted Polyhedron,random_forest,Random forest,num__support_is_carbon_paper,support is carbon paper,Support,0.0012851270753179776,0.009523809523809525,0.1682241267981282,1050,85,catalyst_key,out_of_fold_heldout_rows
morph_hc_is_faceted_polyhedron,Faceted Polyhedron,random_forest,Random forest,num__xrd_text_peak_count,xrd text peak count,Structure / characterization,0.0012741540906997812,0.24872930990578046,0.29645275661825743,1050,85,catalyst_key,out_of_fold_heldout_rows
morph_hc_is_faceted_polyhedron,Faceted Polyhedron,random_forest,Random forest,num__has_el_cr,CR present,Composition,0.0012455602303737127,0.021904761904761906,0.18094820692014177,1050,85,catalyst_key,out_of_fold_heldout_rows
morph_hc_is_faceted_polyhedron,Faceted Polyhedron,random_forest,Random forest,num__pore_size_nm,pore size nm,Structure / characterization,0.0012338131287154752,0.041365990492098846,0.021667753180803304,1050,85,catalyst_key,out_of_fold_heldout_rows
morph_hc_is_faceted_polyhedron,Faceted Polyhedron,random_forest,Random forest,num__synth_pressure,synth pressure,Synthesis,0.001225936650376685,0.006076539682698413,0.13508766261747984,1050,85,catalyst_key,out_of_fold_heldout_rows
morph_hc_is_faceted_polyhedron,Faceted Polyhedron,random_forest,Random forest,num__synth_cycles,synth cycles,Synthesis,0.0012109087278081698,0.05338395256916997,0.5751370652782483,1050,85,catalyst_key,out_of_fold_heldout_rows
morph_hc_is_faceted_polyhedron,Faceted Polyhedron,random_forest,Random forest,num__xps_co_2p3_2_be_ev_filled,xps co 2p3 2 be eV filled,Structure / characterization,0.0012106417695325019,0.9987613567165997,-0.826520534002427,1050,85,catalyst_key,out_of_fold_heldout_rows
morph_hc_is_faceted_polyhedron,Faceted Polyhedron,random_forest,Random forest,num__has_el_ir,Ir present,Composition,0.001187273760064371,0.03619047619047619,-0.30640866435553293,1050,85,catalyst_key,out_of_fold_heldout_rows
morph_hc_is_faceted_polyhedron,Faceted Polyhedron,random_forest,Random forest,num__comp_pt,Pt content,Composition,0.001040945266525287,0.04094401375661375,-0.34106722733077066,1050,85,catalyst_key,out_of_fold_heldout_rows
morph_hc_is_faceted_polyhedron,Faceted Polyhedron,random_forest,Random forest,cat__synth_temperature_text_room,synth temperature text room,Synthesis,0.0010133310217503458,0.9780952380952381,0.2535249774992982,1050,85,catalyst_key,out_of_fold_heldout_rows
morph_hc_is_faceted_polyhedron,Faceted Polyhedron,random_forest,Random forest,num__synth_has_ion_exchange,synth has ion exchange,Synthesis,0.000996403511001344,0.030476190476190476,-0.2368960023851201,1050,85,catalyst_key,out_of_fold_heldout_rows
morph_hc_is_faceted_polyhedron,Faceted Polyhedron,random_forest,Random forest,num__synth_voltage,synth voltage,Synthesis,0.0009702580679652857,0.0029927953950811097,0.6596487172042586,1050,85,catalyst_key,out_of_fold_heldout_rows
morph_hc_is_faceted_polyhedron,Faceted Polyhedron,random_forest,Random forest,num__comp_pd,pd composition,Composition,0.0009628663812360982,0.04858791005291005,-0.39540970929925595,1050,85,catalyst_key,out_of_fold_heldout_rows
morph_hc_is_faceted_polyhedron,Faceted Polyhedron,random_forest,Random forest,num__synth_pH,synth pH,Synthesis,0.0009581906216369262,0.4838979591836735,-0.09238418997911126,1050,85,catalyst_key,out_of_fold_heldout_rows
morph_hc_is_faceted_polyhedron,Faceted Polyhedron,random_forest,Random forest,num__has_el_k,K present,Composition,0.000956013051798456,0.008571428571428572,0.15966812763142632,1050,85,catalyst_key,out_of_fold_heldout_rows
morph_hc_is_faceted_polyhedron,Faceted Polyhedron,random_forest,Random forest,num__xrd_text_peak_span_2theta_deg,xrd text peak span 2theta deg,Structure / characterization,0.0009542061713402017,0.609062194355654,0.0937085715281196,1050,85,catalyst_key,out_of_fold_heldout_rows
morph_hc_is_faceted_polyhedron,Faceted Polyhedron,random_forest,Random forest,num__xrd_first_peak_2theta_deg,xrd first peak 2theta deg,Structure / characterization,0.000951749683630773,0.3718908574418779,0.16584548241007618,1050,85,catalyst_key,out_of_fold_heldout_rows
morph_hc_is_faceted_polyhedron,Faceted Polyhedron,random_forest,Random forest,num__has_el_zn,ZN present,Composition,0.0009355165236377177,0.023809523809523808,-0.2640605661418378,1050,85,catalyst_key,out_of_fold_heldout_rows
morph_hc_is_faceted_polyhedron,Faceted Polyhedron,random_forest,Random forest,num__xps_text_co_2p3_2_be_ev,xps text co 2p3 2 be eV,Structure / characterization,0.000911332834148927,0.998723663378395,-0.16822597540515533,1050,85,catalyst_key,out_of_fold_heldout_rows
morph_hc_is_faceted_polyhedron,Faceted Polyhedron,random_forest,Random forest,num__synth_has_solvothermal,synth has solvothermal,Synthesis,0.0008886908547195998,0.024761904761904763,-0.26915860287700505,1050,85,catalyst_key,out_of_fold_heldout_rows
morph_hc_is_faceted_polyhedron,Faceted Polyhedron,random_forest,Random forest,num__has_el_li,LI present,Composition,0.0008818751652847628,0.006666666666666667,0.14094925582623552,1050,85,catalyst_key,out_of_fold_heldout_rows
morph_hc_is_faceted_polyhedron,Faceted Polyhedron,random_forest,Random forest,num__xrd_text_peak_min_2theta_deg,xrd text peak min 2theta deg,Structure / characterization,0.0008795606023004759,0.08536613756613755,-0.017233313366022913,1050,85,catalyst_key,out_of_fold_heldout_rows
morph_hc_is_faceted_polyhedron,Faceted Polyhedron,random_forest,Random forest,num__comp_p,p composition,Composition,0.0008419339733725961,0.06503646000785912,0.27686191121524456,1050,85,catalyst_key,out_of_fold_heldout_rows
morph_hc_is_faceted_polyhedron,Faceted Polyhedron,random_forest,Random forest,num__xrd_text_peak_1_2theta_deg,xrd text peak 1 2theta deg,Structure / characterization,0.0008373485475783298,0.08536613756613755,-0.02051634724747118,1050,85,catalyst_key,out_of_fold_heldout_rows
morph_hc_is_faceted_polyhedron,Faceted Polyhedron,random_forest,Random forest,num__has_el_mn,MN present,Composition,0.0008230409084626624,0.02857142857142857,-0.0618606870536848,1050,85,catalyst_key,out_of_fold_heldout_rows
morph_hc_is_faceted_polyhedron,Faceted Polyhedron,random_forest,Random forest,num__xrd_text_peak_4_2theta_deg,xrd text peak 4 2theta deg,Structure / characterization,0.00080163169307002,0.5341327685631055,0.7013536017733348,1050,85,catalyst_key,out_of_fold_heldout_rows
morph_hc_is_faceted_polyhedron,Faceted Polyhedron,random_forest,Random forest,num__has_el_cs,CS present,Composition,0.0007653280343930496,0.005714285714285714,0.13055619598579374,1050,85,catalyst_key,out_of_fold_heldout_rows
morph_hc_is_faceted_polyhedron,Faceted Polyhedron,random_forest,Random forest,num__xrd_text_has_peak_6_0_2theta,xrd text has peak 6 0 2theta,Structure / characterization,0.0007613489824325274,0.018095238095238095,0.2113578756206628,1050,85,catalyst_key,out_of_fold_heldout_rows
morph_hc_is_faceted_polyhedron,Faceted Polyhedron,random_forest,Random forest,num__synth_potential,synth potential,Synthesis,0.0007603604155236315,-0.003325333333333334,0.05630385167645949,1050,85,catalyst_key,out_of_fold_heldout_rows
morph_hc_is_faceted_polyhedron,Faceted Polyhedron,random_forest,Random forest,num__xps_co_2p1_2_be_ev_filled,xps co 2p1 2 be eV filled,Structure / characterization,0.0007304372472597919,0.9961848929506384,-0.21569677260117903,1050,85,catalyst_key,out_of_fold_heldout_rows
morph_hc_is_faceted_polyhedron,Faceted Polyhedron,random_forest,Random forest,num__xrd_text_has_peak_50_0_2theta,xrd text has peak 50 0 2theta,Structure / characterization,0.0007152686643658792,0.013333333333333334,0.1986623225968895,1050,85,catalyst_key,out_of_fold_heldout_rows
morph_hc_is_faceted_polyhedron,Faceted Polyhedron,random_forest,Random forest,num__xrd_text_peak_5_2theta_deg,xrd text peak 5 2theta deg,Structure / characterization,0.000675769070836742,0.5698193760262726,0.156913459102404,1050,85,catalyst_key,out_of_fold_heldout_rows
morph_hc_is_faceted_polyhedron,Faceted Polyhedron,random_forest,Random forest,num__has_el_b,B present,Composition,0.0006680981468543709,0.023809523809523808,-0.09287718566385889,1050,85,catalyst_key,out_of_fold_heldout_rows
morph_hc_is_faceted_polyhedron,Faceted Polyhedron,random_forest,Random forest,num__xps_text_co_2p1_2_be_ev,xps text co 2p1 2 be eV,Structure / characterization,0.0006653528224831949,0.995788649783093,-0.08548186613103222,1050,85,catalyst_key,out_of_fold_heldout_rows
morph_hc_is_faceted_polyhedron,Faceted Polyhedron,random_forest,Random forest,num__synth_current_density,synth current density,Synthesis,0.0006347004968852999,0.0033921726190476193,0.09869283238929069,1050,85,catalyst_key,out_of_fold_heldout_rows
morph_hc_is_faceted_polyhedron,Faceted Polyhedron,random_forest,Random forest,num__comp_cr,cr composition,Composition,0.0006095683717260231,0.12657189515575684,-0.7693065813094018,1050,85,catalyst_key,out_of_fold_heldout_rows
morph_hc_is_faceted_polyhedron,Faceted Polyhedron,random_forest,Random forest,num__has_el_v,V present,Composition,0.0006039295137303827,0.02857142857142857,-0.05335484258380314,1050,85,catalyst_key,out_of_fold_heldout_rows
morph_hc_is_faceted_polyhedron,Faceted Polyhedron,random_forest,Random forest,num__comp_cu,cu composition,Composition,0.000594378144041034,0.10942075051444337,0.45222592478383905,1050,85,catalyst_key,out_of_fold_heldout_rows
morph_hc_is_faceted_polyhedron,Faceted Polyhedron,random_forest,Random forest,num__comp_mn,mn composition,Composition,0.0005720363105983275,0.0034732489457758448,-0.34048923090351624,1050,85,catalyst_key,out_of_fold_heldout_rows
morph_hc_is_faceted_polyhedron,Faceted Polyhedron,random_forest,Random forest,num__xps_text_fe_2p_be_ev,xps text fe 2p be eV,Structure / characterization,0.0005655705014774131,0.9795235485975216,0.010741785119647566,1050,85,catalyst_key,out_of_fold_heldout_rows
morph_hc_is_faceted_polyhedron,Faceted Polyhedron,random_forest,Random forest,num__pore_volume_cm3_g,pore volume cm3 g,Structure / characterization,0.0005583456111407525,0.11094207548500881,0.5859564926863567,1050,85,catalyst_key,out_of_fold_heldout_rows
morph_hc_is_faceted_polyhedron,Faceted Polyhedron,random_forest,Random forest,num__comp_n,n composition,Composition,0.0005515218609641712,0.12378868351002799,-0.39855208090382127,1050,85,catalyst_key,out_of_fold_heldout_rows
morph_hc_is_faceted_polyhedron,Faceted Polyhedron,random_forest,Random forest,num__has_el_ce,CE present,Composition,0.000545025719770329,0.025714285714285714,-0.27218668591968437,1050,85,catalyst_key,out_of_fold_heldout_rows
morph_hc_is_faceted_polyhedron,Faceted Polyhedron,random_forest,Random forest,num__synth_scan_rate,synth scan rate,Synthesis,0.0005276297554526113,0.4977633333333334,0.022846888010202123,1050,85,catalyst_key,out_of_fold_heldout_rows
morph_hc_is_faceted_polyhedron,Faceted Polyhedron,random_forest,Random forest,num__xps_text_has_binding_energy_shift,XPS BE shift,Structure / characterization,0.0005216199279467916,0.025714285714285714,0.1448823635039796,1050,85,catalyst_key,out_of_fold_heldout_rows
morph_hc_is_faceted_polyhedron,Faceted Polyhedron,random_forest,Random forest,num__xps_text_ni_2p3_2_be_ev,xps text ni 2p3 2 be eV,Structure / characterization,0.0004930942784360241,0.9945761330453777,0.01694025074935274,1050,85,catalyst_key,out_of_fold_heldout_rows
morph_hc_is_faceted_polyhedron,Faceted Polyhedron,random_forest,Random forest,num__has_el_as,As present,Composition,0.0004734740934176513,0.008571428571428572,0.15966812763142632,1050,85,catalyst_key,out_of_fold_heldout_rows
morph_hc_is_faceted_polyhedron,Faceted Polyhedron,random_forest,Random forest,num__xps_ni_2p3_2_be_ev_filled,xps ni 2p3 2 be eV filled,Structure / characterization,0.0004652250217987664,0.9939493143649166,0.18883109374700546,1050,85,catalyst_key,out_of_fold_heldout_rows
morph_hc_is_faceted_polyhedron,Faceted Polyhedron,random_forest,Random forest,num__has_el_i,I present,Composition,0.0004261470582597419,0.011428571428571429,0.18410302101718068,1050,85,catalyst_key,out_of_fold_heldout_rows
morph_hc_is_faceted_polyhedron,Faceted Polyhedron,random_forest,Random forest,num__has_el_al,AL present,Composition,0.0003675552967608867,0.008571428571428572,0.017809071765913176,1050,85,catalyst_key,out_of_fold_heldout_rows
morph_hc_is_faceted_polyhedron,Faceted Polyhedron,random_forest,Random forest,num__xps_text_cu_2p_be_ev,xps text cu 2p be eV,Structure / characterization,0.00036299292708896525,0.9995148968678382,0.24577276122581623,1050,85,catalyst_key,out_of_fold_heldout_rows
morph_hc_is_faceted_polyhedron,Faceted Polyhedron,random_forest,Random forest,num__xrd_text_low_angle_peak_2theta_deg,xrd text low angle peak 2theta deg,Structure / characterization,0.0003370866821304308,0.40280000000000005,0.09388475669718828,1050,85,catalyst_key,out_of_fold_heldout_rows
morph_hc_is_faceted_polyhedron,Faceted Polyhedron,random_forest,Random forest,num__has_el_eu,EU present,Composition,0.00033070641024208976,0.0,,430,35,catalyst_key,out_of_fold_heldout_rows
morph_hc_is_faceted_polyhedron,Faceted Polyhedron,random_forest,Random forest,num__has_el_sr,SR present,Composition,0.0003290322803274554,0.009523809523809525,-0.13457930143850255,1050,85,catalyst_key,out_of_fold_heldout_rows
morph_hc_is_faceted_polyhedron,Faceted Polyhedron,random_forest,Random forest,num__has_el_te,TE present,Composition,0.0003146079396140306,0.0,,1050,85,catalyst_key,out_of_fold_heldout_rows
morph_hc_is_faceted_polyhedron,Faceted Polyhedron,random_forest,Random forest,cat__synth_temperature_text_room temperature,synth temperature text room tempera...,Synthesis,0.0003130018213072346,0.013333333333333334,0.14820231181042087,1050,85,catalyst_key,out_of_fold_heldout_rows
morph_hc_is_faceted_polyhedron,Faceted Polyhedron,random_forest,Random forest,num__support_is_carbon_cloth,support is carbon cloth,Support,0.00029937794024407843,0.011428571428571429,0.0325461504639256,1050,85,catalyst_key,out_of_fold_heldout_rows
morph_hc_is_faceted_polyhedron,Faceted Polyhedron,random_forest,Random forest,num__comp_cl,cl composition,Composition,0.0002894761604848526,0.054695602371406894,0.608154695843994,839,72,catalyst_key,out_of_fold_heldout_rows
morph_hc_is_faceted_polyhedron,Faceted Polyhedron,random_forest,Random forest,num__has_el_cl,CL present,Composition,0.0002788036997526323,0.014285714285714285,-0.20553577147353766,1050,85,catalyst_key,out_of_fold_heldout_rows
morph_hc_is_faceted_polyhedron,Faceted Polyhedron,random_forest,Random forest,num__xrd_text_has_peak_9_0_2theta,xrd text has peak 9 0 2theta,Structure / characterization,0.00027809531491872696,0.02095238095238095,-0.24807300690007553,1050,85,catalyst_key,out_of_fold_heldout_rows
morph_hc_is_faceted_polyhedron,Faceted Polyhedron,random_forest,Random forest,num__xrd_filled_low_angle_peak_2theta_deg,xrd filled low angle peak 2theta deg,Structure / characterization,0.0002776583256805336,0.4047448223733938,-0.03484611321067832,1050,85,catalyst_key,out_of_fold_heldout_rows
morph_hc_is_faceted_polyhedron,Faceted Polyhedron,random_forest,Random forest,num__has_el_ts,TS present,Composition,0.00026854093079768784,0.008571428571428572,-0.15966812804520886,1050,85,catalyst_key,out_of_fold_heldout_rows
morph_hc_is_faceted_polyhedron,Faceted Polyhedron,random_forest,Random forest,num__xps_text_o_1s_generic_be_ev,xps text o 1s generic be eV,Structure / characterization,0.0002651423704545377,0.9964359867774502,-0.76623890538667,1050,85,catalyst_key,out_of_fold_heldout_rows
morph_hc_is_faceted_polyhedron,Faceted Polyhedron,random_forest,Random forest,num__has_el_na,NA present,Composition,0.000249876655580478,0.004761904761904762,0.11923802127922654,1050,85,catalyst_key,out_of_fold_heldout_rows
morph_hc_is_faceted_polyhedron,Faceted Polyhedron,random_forest,Random forest,num__synth_has_drop_casting,synth has drop casting,Synthesis,0.00023446970358087155,0.0038095238095238095,0.1067007448094082,1050,85,catalyst_key,out_of_fold_heldout_rows
morph_hc_is_faceted_polyhedron,Faceted Polyhedron,random_forest,Random forest,cat__support_class_text_iron_foam,support class text iron foam,Support,0.00023406604804994077,0.013333333333333334,-0.05596623346186504,1050,85,catalyst_key,out_of_fold_heldout_rows
morph_hc_is_faceted_polyhedron,Faceted Polyhedron,random_forest,Random forest,num__has_el_u,U present,Composition,0.0002298937074698242,0.0,,610,48,catalyst_key,out_of_fold_heldout_rows
morph_hc_is_faceted_polyhedron,Faceted Polyhedron,random_forest,Random forest,num__synth_has_sputtering,synth has sputtering,Synthesis,0.00022596460575930206,0.007619047619047619,-0.15060884084824197,1050,85,catalyst_key,out_of_fold_heldout_rows
morph_hc_is_faceted_polyhedron,Faceted Polyhedron,random_forest,Random forest,num__xrd_text_peak_6_2theta_deg,xrd text peak 6 2theta deg,Structure / characterization,0.0002239743832037451,0.7597099069512864,-0.6970399015081351,1050,85,catalyst_key,out_of_fold_heldout_rows
morph_hc_is_faceted_polyhedron,Faceted Polyhedron,random_forest,Random forest,num__support_is_iron_foam,support is iron foam,Support,0.00021655487570363757,0.017142857142857144,-0.149593933741307,1050,85,catalyst_key,out_of_fold_heldout_rows
morph_hc_is_faceted_polyhedron,Faceted Polyhedron,random_forest,Random forest,num__comp_ce,ce composition,Composition,0.00021634985418738886,0.0030626739319276628,-0.3333689941839988,1050,85,catalyst_key,out_of_fold_heldout_rows
morph_hc_is_faceted_polyhedron,Faceted Polyhedron,random_forest,Random forest,num__xps_text_o_1s_be_ev,xps text o 1s be eV,Structure / characterization,0.00021502666951306939,0.9964359867774502,-0.7422438144526364,1050,85,catalyst_key,out_of_fold_heldout_rows
morph_hc_is_faceted_polyhedron,Faceted Polyhedron,random_forest,Random forest,num__electronic_work_function_ev,electronic work function eV,Other,0.0002093294996065486,0.5846559046706852,0.15369117940757818,1050,85,catalyst_key,out_of_fold_heldout_rows
morph_hc_is_faceted_polyhedron,Faceted Polyhedron,random_forest,Random forest,num__struct_roughness_factor,struct roughness factor,Other,0.00020416995844462141,0.001937502232239075,-0.11598177700574544,1050,85,catalyst_key,out_of_fold_heldout_rows
morph_hc_is_faceted_polyhedron,Faceted Polyhedron,random_forest,Random forest,cat__support_class_text_carbon_cloth,support class text carbon cloth,Support,0.00016783281876782305,0.011428571428571429,-0.0610720679913445,1050,85,catalyst_key,out_of_fold_heldout_rows
morph_hc_is_faceted_polyhedron,Faceted Polyhedron,random_forest,Random forest,num__xps_o_1s_be_ev_filled,xps o 1s be eV filled,Structure / characterization,0.0001630353506056776,0.9963428928794782,-0.529721742996131,1050,85,catalyst_key,out_of_fold_heldout_rows
morph_hc_is_faceted_polyhedron,Faceted Polyhedron,random_forest,Random forest,num__metal_loading_wt_pct,metal loading wt pct,Other,0.00016209003329994943,0.11047578399690056,0.662349676932055,1050,85,catalyst_key,out_of_fold_heldout_rows
morph_hc_is_faceted_polyhedron,Faceted Polyhedron,random_forest,Random forest,num__has_el_rh,RH present,Composition,0.00016174443686300748,0.008571428571428572,-0.15966812763142632,1050,85,catalyst_key,out_of_fold_heldout_rows
morph_hc_is_faceted_polyhedron,Faceted Polyhedron,random_forest,Random forest,num__electronic_bader_charge_e,electronic bader charge e,Other,0.00013420058013706847,0.12702175697865353,0.41493770525431695,1050,85,catalyst_key,out_of_fold_heldout_rows
morph_hc_is_faceted_polyhedron,Faceted Polyhedron,random_forest,Random forest,num__synth_has_spray_coating,synth has spray coating,Synthesis,0.00013374979159264027,0.0038095238095238095,0.053350372542962446,1050,85,catalyst_key,out_of_fold_heldout_rows
morph_hc_is_faceted_polyhedron,Faceted Polyhedron,random_forest,Random forest,num__comp_s,s composition,Composition,0.00013130995292121066,0.08414439756211907,0.22077875714770837,1050,85,catalyst_key,out_of_fold_heldout_rows
morph_hc_is_faceted_polyhedron,Faceted Polyhedron,random_forest,Random forest,num__xrd_text_has_peak_7_0_2theta,xrd text has peak 7 0 2theta,Structure / characterization,0.00012652505408716777,0.015238095238095238,-0.2032477824947794,1050,85,catalyst_key,out_of_fold_heldout_rows
morph_hc_is_faceted_polyhedron,Faceted Polyhedron,random_forest,Random forest,num__xrd_peak_003_2theta_deg,xrd peak 003 2theta deg,Structure / characterization,0.00012526544412556895,0.11285876410705038,0.3457568721008266,1050,85,catalyst_key,out_of_fold_heldout_rows
morph_hc_is_faceted_polyhedron,Faceted Polyhedron,random_forest,Random forest,num__comp_se,se composition,Composition,0.00011479978951908456,4.8173208700649516e-05,0.4306635171348544,399,35,catalyst_key,out_of_fold_heldout_rows
morph_hc_is_faceted_polyhedron,Faceted Polyhedron,random_forest,Random forest,num__xps_ni_2p1_2_be_ev_filled,xps ni 2p1 2 be eV filled,Structure / characterization,0.00011219520812703651,0.9919375000000001,-0.35920702105786,1050,85,catalyst_key,out_of_fold_heldout_rows
morph_hc_is_faceted_polyhedron,Faceted Polyhedron,random_forest,Random forest,num__pore_diameter_nm,pore diameter nm,Structure / characterization,0.00011208464368166799,0.18176970350404312,-0.2514239678749661,1050,85,catalyst_key,out_of_fold_heldout_rows
morph_hc_is_faceted_polyhedron,Faceted Polyhedron,random_forest,Random forest,num__has_el_ba,BA present,Composition,0.00010314121621533644,0.0038095238095238095,-0.053350373787287686,1050,85,catalyst_key,out_of_fold_heldout_rows
morph_hc_is_faceted_polyhedron,Faceted Polyhedron,random_forest,Random forest,num__xrd_text_has_peak_5_0_2theta,xrd text has peak 5 0 2theta,Structure / characterization,8.873410944081831e-05,0.010476190476190476,-0.14428645218147568,1050,85,catalyst_key,out_of_fold_heldout_rows
morph_hc_is_faceted_polyhedron,Faceted Polyhedron,random_forest,Random forest,num__xps_pt_4f5_2_be_ev_filled,xps pt 4f5 2 be eV filled,Structure / characterization,8.432856335031171e-05,0.996333333333333,,432,28,catalyst_key,out_of_fold_heldout_rows
morph_hc_is_faceted_polyhedron,Faceted Polyhedron,random_forest,Random forest,num__has_el_si,SI present,Composition,8.127877178919316e-05,0.012380952380952381,-0.19152817364542427,1050,85,catalyst_key,out_of_fold_heldout_rows
morph_hc_is_faceted_polyhedron,Faceted Polyhedron,random_forest,Random forest,num__synth_has_sol_gel,synth has sol gel,Synthesis,7.556581937737401e-05,0.006666666666666667,-0.14094926276640934,1050,85,catalyst_key,out_of_fold_heldout_rows
morph_hc_is_faceted_polyhedron,Faceted Polyhedron,random_forest,Random forest,cat__support_class_text_infrequent_sklearn,support class text infrequent sklearn,Support,7.3230383667678e-05,0.0009523809523809524,0.05367872463618844,1050,85,catalyst_key,out_of_fold_heldout_rows
morph_hc_is_faceted_polyhedron,Faceted Polyhedron,random_forest,Random forest,num__support_is_copper_foam,support is copper foam,Support,6.890858971382662e-05,0.0038095238095238095,-0.10670074812760882,1050,85,catalyst_key,out_of_fold_heldout_rows
morph_hc_is_faceted_polyhedron,Faceted Polyhedron,random_forest,Random forest,num__comp_v,v composition,Composition,6.398337288764645e-05,0.371993186123912,0.035545056865278146,1050,85,catalyst_key,out_of_fold_heldout_rows
morph_hc_is_faceted_polyhedron,Faceted Polyhedron,random_forest,Random forest,num__xps_text_ni_2p1_2_be_ev,xps text ni 2p1 2 be eV,Structure / characterization,5.8220396231364005e-05,0.9916903138528137,-0.2826473949181071,1050,85,catalyst_key,out_of_fold_heldout_rows
morph_hc_is_faceted_polyhedron,Faceted Polyhedron,random_forest,Random forest,num__has_el_nb,NB present,Composition,5.538140563323709e-05,0.006666666666666667,0.02021283044198187,1050,85,catalyst_key,out_of_fold_heldout_rows
morph_hc_is_faceted_polyhedron,Faceted Polyhedron,random_forest,Random forest,cat__synth_time_text_overnight,synth time text overnight,Synthesis,5.3392310932425274e-05,0.9914285714285714,0.1596681292865565,1050,85,catalyst_key,out_of_fold_heldout_rows
morph_hc_is_faceted_polyhedron,Faceted Polyhedron,random_forest,Random forest,num__comp_w,w composition,Composition,4.985235443680319e-05,0.407699283809504,0.37101198265793556,1050,85,catalyst_key,out_of_fold_heldout_rows
morph_hc_is_faceted_polyhedron,Faceted Polyhedron,random_forest,Random forest,num__xrd_text_has_peak_52_0_2theta,xrd text has peak 52 0 2theta,Structure / characterization,4.9748270994147104e-05,0.0009523809523809524,0.05342688578724957,1050,85,catalyst_key,out_of_fold_heldout_rows
morph_hc_is_faceted_polyhedron,Faceted Polyhedron,random_forest,Random forest,num__xps_text_pt_4f5_2_be_ev,xps text pt 4f5 2 be eV,Structure / characterization,4.9456523705967124e-05,0.996333333333333,,432,28,catalyst_key,out_of_fold_heldout_rows
morph_hc_is_faceted_polyhedron,Faceted Polyhedron,random_forest,Random forest,num__comp_o,o composition,Composition,4.786037989694629e-05,0.11085909168405657,0.06818962928933323,1050,85,catalyst_key,out_of_fold_heldout_rows
morph_hc_is_faceted_polyhedron,Faceted Polyhedron,random_forest,Random forest,num__has_el_pr,PR present,Composition,4.2072936958501995e-05,0.0038095238095238095,-0.1067007531049104,1050,85,catalyst_key,out_of_fold_heldout_rows
morph_hc_is_faceted_polyhedron,Faceted Polyhedron,random_forest,Random forest,num__has_el_nd,ND present,Composition,4.1327027013199246e-05,0.0,,199,16,catalyst_key,out_of_fold_heldout_rows
morph_hc_is_faceted_polyhedron,Faceted Polyhedron,random_forest,Random forest,num__comp_ni:fe,ni:fe composition,Composition,4.0275104527847684e-05,0.37383492063492063,-0.1689731012388584,1050,85,catalyst_key,out_of_fold_heldout_rows
morph_hc_is_faceted_polyhedron,Faceted Polyhedron,random_forest,Random forest,cat__support_class_text_glassy_carbon,support class text glassy carbon,Support,3.97723689612359e-05,0.0038095238095238095,0.1067007636125493,1050,85,catalyst_key,out_of_fold_heldout_rows
morph_hc_is_faceted_polyhedron,Faceted Polyhedron,random_forest,Random forest,num__has_el_cd,CD present,Composition,3.730479422585438e-05,0.004761904761904762,-0.02649480298090747,1050,85,catalyst_key,out_of_fold_heldout_rows
morph_hc_is_faceted_polyhedron,Faceted Polyhedron,random_forest,Random forest,num__has_el_la,LA present,Composition,3.555801155566861e-05,0.005714285714285714,-0.1305562020758871,1050,85,catalyst_key,out_of_fold_heldout_rows
morph_hc_is_faceted_polyhedron,Faceted Polyhedron,random_forest,Random forest,num__struct_surface_roughness_nm,struct surface roughness nm,Other,3.383417251486376e-05,0.0038833065291569865,0.4112038350444426,1050,85,catalyst_key,out_of_fold_heldout_rows
morph_hc_is_faceted_polyhedron,Faceted Polyhedron,random_forest,Random forest,num__has_el_y,Y present,Composition,3.250194249272514e-05,0.002857142857142857,0.03081657230987716,1050,85,catalyst_key,out_of_fold_heldout_rows
morph_hc_is_faceted_polyhedron,Faceted Polyhedron,random_forest,Random forest,num__has_el_bi,BI present,Composition,3.213366898870079e-05,0.0019047619047619048,-0.07552091696064978,1050,85,catalyst_key,out_of_fold_heldout_rows
morph_hc_is_faceted_polyhedron,Faceted Polyhedron,random_forest,Random forest,num__comp_c,c composition,Composition,3.074916286093189e-05,0.10513906769188198,0.32126171477749904,1050,85,catalyst_key,out_of_fold_heldout_rows
morph_hc_is_faceted_polyhedron,Faceted Polyhedron,random_forest,Random forest,num__has_el_ta,TA present,Composition,2.835166209120171e-05,0.004761904761904762,-0.11923802406029198,1050,85,catalyst_key,out_of_fold_heldout_rows
morph_hc_is_faceted_polyhedron,Faceted Polyhedron,random_forest,Random forest,cat__support_class_text_copper_foam,support class text copper foam,Support,2.714733539385939e-05,0.002857142857142857,-0.09244971645046157,1050,85,catalyst_key,out_of_fold_heldout_rows
morph_hc_is_faceted_polyhedron,Faceted Polyhedron,random_forest,Random forest,num__comp_fe/ni,fe/ni composition,Composition,2.7139301231662233e-05,0.05773672055427251,,399,35,catalyst_key,out_of_fold_heldout_rows
morph_hc_is_faceted_polyhedron,Faceted Polyhedron,random_forest,Random forest,cat__synth_temperature_text_high,synth temperature text high,Synthesis,2.6548871151056186e-05,0.0019047619047619048,-0.07552091813493189,1050,85,catalyst_key,out_of_fold_heldout_rows
morph_hc_is_faceted_polyhedron,Faceted Polyhedron,random_forest,Random forest,num__xrd_text_has_peak_45_0_2theta,xrd text has peak 45 0 2theta,Structure / characterization,2.638899067074328e-05,0.002857142857142857,-0.005622522384712551,1050,85,catalyst_key,out_of_fold_heldout_rows
morph_hc_is_faceted_polyhedron,Faceted Polyhedron,random_forest,Random forest,cat__support_class_text_copper_foam | nickel_foam,support class text copper foam | ni...,Support,2.3055049441491535e-05,0.0009523809523809524,-0.05342684397329659,1050,85,catalyst_key,out_of_fold_heldout_rows
morph_hc_is_faceted_polyhedron,Faceted Polyhedron,random_forest,Random forest,num__xps_ni_2p3_2_be_ev,xps ni 2p3 2 be eV,Structure / characterization,2.2967597020038657e-05,0.998251878069456,0.07344435593366029,1050,85,catalyst_key,out_of_fold_heldout_rows
morph_hc_is_faceted_polyhedron,Faceted Polyhedron,random_forest,Random forest,num__support_is_glassy_carbon,support is glassy carbon,Support,2.1730073802637843e-05,0.0038095238095238095,0.10718892359204671,1050,85,catalyst_key,out_of_fold_heldout_rows
morph_hc_is_faceted_polyhedron,Faceted Polyhedron,random_forest,Random forest,num__xps_fe_2p1_2_be_ev_filled,xps fe 2p1 2 be eV filled,Structure / characterization,2.0556235402713155e-05,0.9963058242287322,0.6597906824535903,1050,85,catalyst_key,out_of_fold_heldout_rows
morph_hc_is_faceted_polyhedron,Faceted Polyhedron,random_forest,Random forest,num__comp_al,al composition,Composition,1.9932429393208458e-05,0.12781302695051577,0.3278521599271249,1050,85,catalyst_key,out_of_fold_heldout_rows
morph_hc_is_faceted_polyhedron,Faceted Polyhedron,random_forest,Random forest,num__xrd_text_has_peak_49_0_2theta,xrd text has peak 49 0 2theta,Structure / characterization,1.6154400907842787e-05,0.002857142857142857,0.03058111050219627,1050,85,catalyst_key,out_of_fold_heldout_rows
morph_hc_is_faceted_polyhedron,Faceted Polyhedron,random_forest,Random forest,num__xps_co_2p1_2_be_ev,xps co 2p1 2 be eV,Structure / characterization,1.4991993232933663e-05,0.9995443004701567,0.253187544133294,1050,85,catalyst_key,out_of_fold_heldout_rows
morph_hc_is_faceted_polyhedron,Faceted Polyhedron,random_forest,Random forest,num__comp_sr,sr composition,Composition,1.4506308295446228e-05,0.755238095238095,0.2136978871269971,420,31,catalyst_key,out_of_fold_heldout_rows
morph_hc_is_faceted_polyhedron,Faceted Polyhedron,random_forest,Random forest,num__comp_zn,zn composition,Composition,1.4372631200048535e-05,0.0488632383809881,0.4743425115438684,1050,85,catalyst_key,out_of_fold_heldout_rows
morph_hc_is_faceted_polyhedron,Faceted Polyhedron,random_forest,Random forest,num__has_el_sb,SB present,Composition,1.3610363623942067e-05,0.0016181229773462784,-0.06961708028422076,618,57,catalyst_key,out_of_fold_heldout_rows
morph_hc_is_faceted_polyhedron,Faceted Polyhedron,random_forest,Random forest,num__xrd_text_has_peak_26_0_2theta,xrd text has peak 26 0 2theta,Structure / characterization,1.2693498128214147e-05,0.0038095238095238095,-0.1066503077748683,1050,85,catalyst_key,out_of_fold_heldout_rows
morph_hc_is_faceted_polyhedron,Faceted Polyhedron,random_forest,Random forest,num__has_el_ds,DS present,Composition,1.2146025126226686e-05,0.0,,200,19,catalyst_key,out_of_fold_heldout_rows
morph_hc_is_faceted_polyhedron,Faceted Polyhedron,random_forest,Random forest,num__comp_ni/fe,ni/fe composition,Composition,1.1918098515015112e-05,0.31838229533881707,-0.5996969696901046,851,69,catalyst_key,out_of_fold_heldout_rows
morph_hc_is_faceted_polyhedron,Faceted Polyhedron,random_forest,Random forest,num__has_el_mg,MG present,Composition,1.00742491913673e-05,0.0038095238095238095,-0.10670075504052785,1050,85,catalyst_key,out_of_fold_heldout_rows
morph_hc_is_faceted_polyhedron,Faceted Polyhedron,random_forest,Random forest,num__comp_rh,rh composition,Composition,9.743276329905499e-06,0.11981147290483929,-0.5104005762194742,1050,85,catalyst_key,out_of_fold_heldout_rows
morph_hc_is_faceted_polyhedron,Faceted Polyhedron,random_forest,Random forest,num__comp_si,si composition,Composition,9.703773739983134e-06,0.0508578143360752,0.18750171285650716,851,69,catalyst_key,out_of_fold_heldout_rows
morph_hc_is_faceted_polyhedron,Faceted Polyhedron,random_forest,Random forest,num__support_is_metal_mesh,support is metal mesh,Support,9.536029053677244e-06,0.002857142857142857,-0.0924497274713708,1050,85,catalyst_key,out_of_fold_heldout_rows
morph_hc_is_faceted_polyhedron,Faceted Polyhedron,random_forest,Random forest,cat__synth_time_text_infrequent_sklearn,synth time text infrequent sklearn,Synthesis,9.221927493136117e-06,0.0009523809523809524,-0.053426832619856104,1050,85,catalyst_key,out_of_fold_heldout_rows
morph_hc_is_faceted_polyhedron,Faceted Polyhedron,random_forest,Random forest,num__synth_has_molten_salt,synth has molten salt,Synthesis,9.197063053534238e-06,0.0009523809523809524,-0.053426847988539465,1050,85,catalyst_key,out_of_fold_heldout_rows
morph_hc_is_faceted_polyhedron,Faceted Polyhedron,random_forest,Random forest,num__xps_fe_2p3_2_be_ev_filled,xps fe 2p3 2 be eV filled,Structure / characterization,9.00014020992112e-06,0.9953995337995335,0.3498180382146146,1050,85,catalyst_key,out_of_fold_heldout_rows
morph_hc_is_faceted_polyhedron,Faceted Polyhedron,random_forest,Random forest,cat__synth_temperature_text_infrequent_sklearn,synth temperature text infrequent s...,Synthesis,8.854424804435278e-06,0.0,,1050,85,catalyst_key,out_of_fold_heldout_rows
morph_hc_is_faceted_polyhedron,Faceted Polyhedron,random_forest,Random forest,num__comp_y,y composition,Composition,8.68732995451846e-06,0.02867867867867869,,221,15,catalyst_key,out_of_fold_heldout_rows
morph_hc_is_faceted_polyhedron,Faceted Polyhedron,random_forest,Random forest,cat__support_class_text_iron_foam | nickel_foam,support class text iron foam | nick...,Support,7.959169732524505e-06,0.0038095238095238095,-0.10670078683997264,1050,85,catalyst_key,out_of_fold_heldout_rows
morph_hc_is_faceted_polyhedron,Faceted Polyhedron,random_forest,Random forest,num__xps_text_pt_4f_be_ev,xps text pt 4f be eV,Structure / characterization,7.862509871393775e-06,0.9370156597901365,-0.5999363599193613,1050,85,catalyst_key,out_of_fold_heldout_rows
morph_hc_is_faceted_polyhedron,Faceted Polyhedron,random_forest,Random forest,num__has_el_br,BR present,Composition,6.789995857561272e-06,0.0,,200,19,catalyst_key,out_of_fold_heldout_rows
morph_hc_is_faceted_polyhedron,Faceted Polyhedron,random_forest,Random forest,cat__synth_temperature_text_<273,synth temperature text <273,Synthesis,6.175077205281504e-06,0.0,,629,51,catalyst_key,out_of_fold_heldout_rows
morph_hc_is_faceted_polyhedron,Faceted Polyhedron,random_forest,Random forest,cat__synth_temperature_text_different,synth temperature text different,Synthesis,5.775182686841275e-06,0.0,,1050,85,catalyst_key,out_of_fold_heldout_rows
morph_hc_is_faceted_polyhedron,Faceted Polyhedron,random_forest,Random forest,num__has_el_re,RE present,Composition,5.704454344265314e-06,0.0023837902264600714,-0.08446506893723436,839,72,catalyst_key,out_of_fold_heldout_rows
morph_hc_is_faceted_polyhedron,Faceted Polyhedron,random_forest,Random forest,cat__support_class_text_metal_mesh,support class text metal mesh,Support,5.166268987620717e-06,0.002857142857142857,-0.0924497207629908,1050,85,catalyst_key,out_of_fold_heldout_rows
morph_hc_is_faceted_polyhedron,Faceted Polyhedron,random_forest,Random forest,cat__synth_temperature_text_ambient,synth temperature text ambient,Synthesis,4.740606036316244e-06,0.0,,1050,85,catalyst_key,out_of_fold_heldout_rows
morph_hc_is_faceted_polyhedron,Faceted Polyhedron,random_forest,Random forest,num__xps_text_fe_2p3_2_be_ev,xps text fe 2p3 2 be eV,Structure / characterization,4.4133183929311e-06,0.995107559107559,-0.07553569376514013,1050,85,catalyst_key,out_of_fold_heldout_rows
morph_hc_is_faceted_polyhedron,Faceted Polyhedron,random_forest,Random forest,cat__synth_time_text_several,synth time text several,Synthesis,3.909795842765335e-06,0.0,,1050,85,catalyst_key,out_of_fold_heldout_rows
morph_hc_is_faceted_polyhedron,Faceted Polyhedron,random_forest,Random forest,num__xps_co_2p3_2_be_ev,xps co 2p3 2 be eV,Structure / characterization,3.905569843076301e-06,0.99969500025899,-0.7457561280276769,1050,85,catalyst_key,out_of_fold_heldout_rows
morph_hc_is_faceted_polyhedron,Faceted Polyhedron,random_forest,Random forest,num__xps_text_mo_3d_be_ev,xps text mo 3d be eV,Structure / characterization,3.880918545221946e-06,0.9927584452584454,0.19683500948567267,1050,85,catalyst_key,out_of_fold_heldout_rows
morph_hc_is_faceted_polyhedron,Faceted Polyhedron,random_forest,Random forest,num__xps_text_fe_2p1_2_be_ev,xps text fe 2p1 2 be eV,Structure / characterization,3.4898899361552647e-06,0.9966214832133586,0.40161376470200283,1050,85,catalyst_key,out_of_fold_heldout_rows
morph_hc_is_faceted_polyhedron,Faceted Polyhedron,random_forest,Random forest,cat__support_class_text_carbon_paper | nickel_foam,support class text carbon paper | n...,Support,3.1611137090000815e-06,0.0009523809523809524,-0.05342796716894147,1050,85,catalyst_key,out_of_fold_heldout_rows
morph_hc_is_faceted_polyhedron,Faceted Polyhedron,random_forest,Random forest,cat__synth_temperature_text_varied by particle size | varied,synth temperature text varied by pa...,Synthesis,2.8982758207891897e-06,0.0,,640,56,catalyst_key,out_of_fold_heldout_rows
morph_hc_is_faceted_polyhedron,Faceted Polyhedron,random_forest,Random forest,cat__synth_time_text_several hours,synth time text several hours,Synthesis,2.775542124536539e-06,0.002857142857142857,-0.0925000975142345,1050,85,catalyst_key,out_of_fold_heldout_rows
morph_hc_is_faceted_polyhedron,Faceted Polyhedron,random_forest,Random forest,cat__synth_time_text_25 or 60,synth time text 25 or 60,Synthesis,2.236446567937904e-06,0.0019047619047619048,-0.06825422593151455,1050,85,catalyst_key,out_of_fold_heldout_rows
morph_hc_is_faceted_polyhedron,Faceted Polyhedron,random_forest,Random forest,cat__synth_time_text_3-48 | overnight,synth time text 3-48 | overnight,Synthesis,1.7829809514482057e-06,0.0,,632,47,catalyst_key,out_of_fold_heldout_rows
morph_hc_is_faceted_polyhedron,Faceted Polyhedron,random_forest,Random forest,cat__support_class_text_fto,support class text fto,Support,1.434457140876097e-06,0.0,,1050,85,catalyst_key,out_of_fold_heldout_rows
morph_hc_is_faceted_polyhedron,Faceted Polyhedron,random_forest,Random forest,num__xps_pt_4f7_2_be_ev_filled,xps pt 4f7 2 be eV filled,Structure / characterization,1.2665807732273912e-06,0.9909281228192602,,432,28,catalyst_key,out_of_fold_heldout_rows
morph_hc_is_faceted_polyhedron,Faceted Polyhedron,random_forest,Random forest,cat__synth_temperature_text_low,synth temperature text low,Synthesis,8.74062763081831e-07,0.0019047619047619048,-0.062196765115783946,1050,85,catalyst_key,out_of_fold_heldout_rows
morph_hc_is_faceted_polyhedron,Faceted Polyhedron,random_forest,Random forest,cat__synth_temperature_text_thousands,synth temperature text thousands,Synthesis,3.5413490613452653e-07,0.0,,639,53,catalyst_key,out_of_fold_heldout_rows
morph_hc_is_faceted_polyhedron,Faceted Polyhedron,random_forest,Random forest,cat__synth_temperature_text_RT,synth temperature text RT,Synthesis,2.940221892775238e-07,0.0019047619047619048,-0.03426003916125319,1050,85,catalyst_key,out_of_fold_heldout_rows
morph_hc_is_faceted_polyhedron,Faceted Polyhedron,random_forest,Random forest,cat__synth_time_text_6-24,synth time text 6-24,Synthesis,2.0462911530664858e-07,0.0,,639,53,catalyst_key,out_of_fold_heldout_rows
morph_hc_is_faceted_polyhedron,Faceted Polyhedron,random_forest,Random forest,num__xps_text_pt_4f7_2_be_ev,xps text pt 4f7 2 be eV,Structure / characterization,1.6558268151671582e-07,0.9909281228192602,,432,28,catalyst_key,out_of_fold_heldout_rows
morph_hc_is_faceted_polyhedron,Faceted Polyhedron,random_forest,Random forest,num__electronic_fermi_level_ev,electronic fermi level eV,Other,1.6095848140130608e-07,-7.060694407633185e-05,0.023785957082230136,1050,85,catalyst_key,out_of_fold_heldout_rows
morph_hc_is_faceted_polyhedron,Faceted Polyhedron,random_forest,Random forest,cat__support_class_text_ito,support class text ito,Support,0.0,0.0,,629,51,catalyst_key,out_of_fold_heldout_rows
morph_hc_is_film_coating,Film Coating,random_forest,Random forest,num__synth_has_electrodeposition,synth has electrodeposition,Synthesis,0.029826290695777836,0.1295238095238095,0.5807628426073068,1050,145,catalyst_key,out_of_fold_heldout_rows
morph_hc_is_film_coating,Film Coating,random_forest,Random forest,num__synth_time_h,Synthesis time,Synthesis,0.02265243084915466,0.007200510519022423,0.19620877818956053,1050,145,catalyst_key,out_of_fold_heldout_rows
morph_hc_is_film_coating,Film Coating,random_forest,Random forest,num__active_element_count,Active element count,Composition,0.021142984282874117,0.27601731601731594,-0.6734054792751223,1050,145,catalyst_key,out_of_fold_heldout_rows
morph_hc_is_film_coating,Film Coating,random_forest,Random forest,num__has_el_ni,NI present,Composition,0.014356849582592517,0.5171428571428571,-0.838944635960028,1050,145,catalyst_key,out_of_fold_heldout_rows
morph_hc_is_film_coating,Film Coating,random_forest,Random forest,num__comp_ni,Ni content,Composition,0.013184562186840052,0.10708383988286847,0.16409721190080978,1050,145,catalyst_key,out_of_fold_heldout_rows
morph_hc_is_film_coating,Film Coating,random_forest,Random forest,num__has_el_c,C present,Composition,0.013080871358023532,0.15333333333333332,-0.624003295948378,1050,145,catalyst_key,out_of_fold_heldout_rows
morph_hc_is_film_coating,Film Coating,random_forest,Random forest,num__xps_text_energy_min_ev,XPS BE min,Structure / characterization,0.012727225705939201,0.09920405661753975,0.05925581872497161,1050,145,catalyst_key,out_of_fold_heldout_rows
morph_hc_is_film_coating,Film Coating,random_forest,Random forest,num__has_el_pt,Pt present,Composition,0.012589829722528206,0.10571428571428572,0.5287859585261202,1050,145,catalyst_key,out_of_fold_heldout_rows
morph_hc_is_film_coating,Film Coating,random_forest,Random forest,num__synth_temperature_c,Synthesis temperature,Synthesis,0.012564015984860826,0.11001114955786236,-0.37277762675685006,1050,145,catalyst_key,out_of_fold_heldout_rows
morph_hc_is_film_coating,Film Coating,random_forest,Random forest,num__has_el_fe,FE present,Composition,0.012212126730069212,0.3028571428571429,-0.7729667602362159,1050,145,catalyst_key,out_of_fold_heldout_rows
morph_hc_is_film_coating,Film Coating,random_forest,Random forest,num__support_is_nickel_foam,support is nickel foam,Support,0.011500928583703721,0.08476190476190476,-0.48242334270949483,1050,145,catalyst_key,out_of_fold_heldout_rows
morph_hc_is_film_coating,Film Coating,random_forest,Random forest,num__synth_step_count,Synthesis step count,Synthesis,0.010705392665459593,0.129750566893424,0.7335402880138029,1050,145,catalyst_key,out_of_fold_heldout_rows
morph_hc_is_film_coating,Film Coating,random_forest,Random forest,num__structure_lattice_spacing,Lattice spacing,Structure / characterization,0.009905707945816711,0.0046935152923153626,-0.04511843867402739,1050,145,catalyst_key,out_of_fold_heldout_rows
morph_hc_is_film_coating,Film Coating,random_forest,Random forest,num__xps_text_energy_max_ev,XPS BE max,Structure / characterization,0.008745825620451304,0.645683523809524,-0.1003940794047741,1050,145,catalyst_key,out_of_fold_heldout_rows
morph_hc_is_film_coating,Film Coating,random_forest,Random forest,num__synth_has_hydrothermal,Hydrothermal route,Synthesis,0.00870003099673257,0.12285714285714286,-0.5682607344019804,1050,145,catalyst_key,out_of_fold_heldout_rows
morph_hc_is_film_coating,Film Coating,random_forest,Random forest,num__xps_text_energy_mean_ev,XPS BE mean,Structure / characterization,0.008190278491057976,0.43452344371633334,-0.07594154197976621,1050,145,catalyst_key,out_of_fold_heldout_rows
morph_hc_is_film_coating,Film Coating,random_forest,Random forest,num__xps_text_peak_count,XPS peak count,Structure / characterization,0.007455196676530487,0.08115830115830117,0.129892499731169,1050,145,catalyst_key,out_of_fold_heldout_rows
morph_hc_is_film_coating,Film Coating,random_forest,Random forest,num__synth_current_density,synth current density,Synthesis,0.007124698533156874,-0.0010432936507936506,-0.3908243115322175,1050,145,catalyst_key,out_of_fold_heldout_rows
morph_hc_is_film_coating,Film Coating,random_forest,Random forest,num__synth_has_sputtering,synth has sputtering,Synthesis,0.0069660535949793625,0.006666666666666667,0.14094925692205237,1050,145,catalyst_key,out_of_fold_heldout_rows
morph_hc_is_film_coating,Film Coating,random_forest,Random forest,num__comp_fe,Fe content,Composition,0.006822372301082039,0.0036129460768474075,0.3226506385687584,1050,145,catalyst_key,out_of_fold_heldout_rows
morph_hc_is_film_coating,Film Coating,random_forest,Random forest,num__bet_surface_area_m2_g,BET surface area,Structure / characterization,0.006765990491078314,0.0439634552072467,0.14129234608249538,1050,145,catalyst_key,out_of_fold_heldout_rows
morph_hc_is_film_coating,Film Coating,random_forest,Random forest,num__synth_has_calcination,synth has calcination,Synthesis,0.00674699027311929,0.05904761904761905,-0.4082685566654143,1050,145,catalyst_key,out_of_fold_heldout_rows
morph_hc_is_film_coating,Film Coating,random_forest,Random forest,num__has_el_ce,CE present,Composition,0.006398328553440046,0.029523809523809525,0.29318352040472695,1050,145,catalyst_key,out_of_fold_heldout_rows
morph_hc_is_film_coating,Film Coating,random_forest,Random forest,num__xps_text_energy_std_ev,XPS BE dispersion,Structure / characterization,0.006345088904043352,0.5051386213848781,-0.10898818076188974,1050,145,catalyst_key,out_of_fold_heldout_rows
morph_hc_is_film_coating,Film Coating,random_forest,Random forest,num__has_el_n,N present,Composition,0.0062148385317019016,0.14285714285714285,-0.5868137159227597,1050,145,catalyst_key,out_of_fold_heldout_rows
morph_hc_is_film_coating,Film Coating,random_forest,Random forest,num__has_el_co,CO present,Composition,0.005932092665114925,0.24285714285714285,-0.6702013068410525,1050,145,catalyst_key,out_of_fold_heldout_rows
morph_hc_is_film_coating,Film Coating,random_forest,Random forest,num__has_el_o,O present,Composition,0.005737383108484001,0.3495238095238095,-0.6314307467078193,1050,145,catalyst_key,out_of_fold_heldout_rows
morph_hc_is_film_coating,Film Coating,random_forest,Random forest,num__has_el_ir,Ir present,Composition,0.004522797373575764,0.049523809523809526,-0.3757407904332431,1050,145,catalyst_key,out_of_fold_heldout_rows
morph_hc_is_film_coating,Film Coating,random_forest,Random forest,num__structure_interplanar_spacing,Interplanar spacing,Structure / characterization,0.004471747152855013,0.005314767708032709,0.11446233921407632,1050,145,catalyst_key,out_of_fold_heldout_rows
morph_hc_is_film_coating,Film Coating,random_forest,Random forest,num__synth_pressure,synth pressure,Synthesis,0.004417796257228156,0.0062320952382539695,-0.0008684367140489988,1050,145,catalyst_key,out_of_fold_heldout_rows
morph_hc_is_film_coating,Film Coating,random_forest,Random forest,num__comp_co,co composition,Composition,0.004184055507780502,0.0041938593442164464,-0.2537115696000442,1050,145,catalyst_key,out_of_fold_heldout_rows
morph_hc_is_film_coating,Film Coating,random_forest,Random forest,num__has_el_h,H present,Composition,0.0039549404806579775,0.15714285714285714,-0.065109706853144,1050,145,catalyst_key,out_of_fold_heldout_rows
morph_hc_is_film_coating,Film Coating,random_forest,Random forest,num__xps_text_has_satellite_peak,xps text has satellite peak,Structure / characterization,0.0033496316754915764,0.07238095238095238,-0.44880521120336486,1050,145,catalyst_key,out_of_fold_heldout_rows
morph_hc_is_film_coating,Film Coating,random_forest,Random forest,num__has_el_p,P present,Composition,0.003245429965078845,0.11523809523809524,-0.4275489587000341,1050,145,catalyst_key,out_of_fold_heldout_rows
morph_hc_is_film_coating,Film Coating,random_forest,Random forest,num__has_el_s,S present,Composition,0.0032388853045697335,0.13428571428571429,0.048292850382017895,1050,145,catalyst_key,out_of_fold_heldout_rows
morph_hc_is_film_coating,Film Coating,random_forest,Random forest,num__metal_mass_loading_mg_cm2,Metal mass loading,Other,0.0029396576028413984,0.23227375058703825,0.2792518438903874,1050,145,catalyst_key,out_of_fold_heldout_rows
morph_hc_is_film_coating,Film Coating,random_forest,Random forest,num__has_el_zn,ZN present,Composition,0.0029145539861406018,0.02095238095238095,0.24796331966670926,1050,145,catalyst_key,out_of_fold_heldout_rows
morph_hc_is_film_coating,Film Coating,random_forest,Random forest,num__struct_roughness_factor,struct roughness factor,Other,0.002721318302876836,0.0012218979061084324,0.04549464173175721,1050,145,catalyst_key,out_of_fold_heldout_rows
morph_hc_is_film_coating,Film Coating,random_forest,Random forest,num__xrd_text_peak_max_2theta_deg,xrd text peak max 2theta deg,Structure / characterization,0.002641750178255784,0.6157365079365078,0.0448775255776045,1050,145,catalyst_key,out_of_fold_heldout_rows
morph_hc_is_film_coating,Film Coating,random_forest,Random forest,num__synth_has_ion_exchange,synth has ion exchange,Synthesis,0.0025747291857268137,0.045714285714285714,0.34578849146798507,1050,145,catalyst_key,out_of_fold_heldout_rows
morph_hc_is_film_coating,Film Coating,random_forest,Random forest,num__has_el_mo,MO present,Composition,0.002442271114051683,0.11333333333333333,-0.3526178584671132,1050,145,catalyst_key,out_of_fold_heldout_rows
morph_hc_is_film_coating,Film Coating,random_forest,Random forest,num__has_el_ru,RU present,Composition,0.0024415635651147093,0.10285714285714286,-0.13862255414489177,1050,145,catalyst_key,out_of_fold_heldout_rows
morph_hc_is_film_coating,Film Coating,random_forest,Random forest,num__struct_coordination_number,struct coordination number,Other,0.0024099110001171353,0.4581269638043897,0.07820684882331584,1050,145,catalyst_key,out_of_fold_heldout_rows
morph_hc_is_film_coating,Film Coating,random_forest,Random forest,num__synth_has_annealing,synth has annealing,Synthesis,0.0022700199823276926,0.06476190476190476,-0.41079340726543984,1050,145,catalyst_key,out_of_fold_heldout_rows
morph_hc_is_film_coating,Film Coating,random_forest,Random forest,num__comp_ru,ru composition,Composition,0.0021735923551963188,0.02828966408650195,-0.2567295297423469,1050,145,catalyst_key,out_of_fold_heldout_rows
morph_hc_is_film_coating,Film Coating,random_forest,Random forest,num__xrd_text_peak_3_2theta_deg,xrd text peak 3 2theta deg,Structure / characterization,0.002091640833790982,0.31991265539923835,-0.10263111100760643,1050,145,catalyst_key,out_of_fold_heldout_rows
morph_hc_is_film_coating,Film Coating,random_forest,Random forest,num__comp_pt,Pt content,Composition,0.0020604471988866888,0.04235866137566137,-0.019611435371923204,1050,145,catalyst_key,out_of_fold_heldout_rows
morph_hc_is_film_coating,Film Coating,random_forest,Random forest,num__has_el_w,W present,Composition,0.00202174503880655,0.05619047619047619,0.1335670363473576,1050,145,catalyst_key,out_of_fold_heldout_rows
morph_hc_is_film_coating,Film Coating,random_forest,Random forest,num__has_el_si,SI present,Composition,0.00198986366823971,0.006666666666666667,0.14094925692205237,1050,145,catalyst_key,out_of_fold_heldout_rows
morph_hc_is_film_coating,Film Coating,random_forest,Random forest,num__has_el_pd,PD present,Composition,0.0018531722176944336,0.025714285714285714,0.12072372412134318,1050,145,catalyst_key,out_of_fold_heldout_rows
morph_hc_is_film_coating,Film Coating,random_forest,Random forest,num__has_el_b,B present,Composition,0.0018142295533108196,0.023809523809523808,0.23454761337294064,1050,145,catalyst_key,out_of_fold_heldout_rows
morph_hc_is_film_coating,Film Coating,random_forest,Random forest,num__xrd_text_peak_mean_2theta_deg,xrd text peak mean 2theta deg,Structure / characterization,0.0017647689519910987,0.351314957340961,0.26235911400313344,1050,145,catalyst_key,out_of_fold_heldout_rows
morph_hc_is_film_coating,Film Coating,random_forest,Random forest,cat__support_class_text_nickel_foam,support class text nickel foam,Support,0.0017527706947368298,0.9285714285714286,0.3848995361392052,1050,145,catalyst_key,out_of_fold_heldout_rows
morph_hc_is_film_coating,Film Coating,random_forest,Random forest,num__synth_has_spray_coating,synth has spray coating,Synthesis,0.0017358883745071682,0.007619047619047619,0.15060884201915772,1050,145,catalyst_key,out_of_fold_heldout_rows
morph_hc_is_film_coating,Film Coating,random_forest,Random forest,num__xrd_text_peak_std_2theta_deg,xrd text peak std 2theta deg,Structure / characterization,0.0017232929955717045,0.5219335827051,-0.3375976599968346,1050,145,catalyst_key,out_of_fold_heldout_rows
morph_hc_is_film_coating,Film Coating,random_forest,Random forest,num__synth_has_pyrolysis,synth has pyrolysis,Synthesis,0.0015974900347280252,0.04285714285714286,-0.3508010658113205,1050,145,catalyst_key,out_of_fold_heldout_rows
morph_hc_is_film_coating,Film Coating,random_forest,Random forest,num__support_is_iron_foam,support is iron foam,Support,0.001577024828585306,0.021904761904761906,-0.2535249794703405,1050,145,catalyst_key,out_of_fold_heldout_rows
morph_hc_is_film_coating,Film Coating,random_forest,Random forest,num__xrd_text_peak_2_2theta_deg,xrd text peak 2 2theta deg,Structure / characterization,0.0015559435013573289,0.14856620209059238,0.6349648179262786,1050,145,catalyst_key,out_of_fold_heldout_rows
morph_hc_is_film_coating,Film Coating,random_forest,Random forest,num__has_el_cu,CU present,Composition,0.0014879428611823935,0.058095238095238096,-0.25397772381354716,1050,145,catalyst_key,out_of_fold_heldout_rows
morph_hc_is_film_coating,Film Coating,random_forest,Random forest,num__synth_has_ultrasonication,synth has ultrasonication,Synthesis,0.001469046759904215,0.03333333333333333,0.14464339280337724,1050,145,catalyst_key,out_of_fold_heldout_rows
morph_hc_is_film_coating,Film Coating,random_forest,Random forest,num__xrd_text_peak_span_2theta_deg,xrd text peak span 2theta deg,Structure / characterization,0.0014668834387372882,0.6137684752615906,-0.012976008140650615,1050,145,catalyst_key,out_of_fold_heldout_rows
morph_hc_is_film_coating,Film Coating,random_forest,Random forest,num__pore_size_nm,pore size nm,Structure / characterization,0.0014544527582124956,0.043575970867536326,-0.25687871837259557,1050,145,catalyst_key,out_of_fold_heldout_rows
morph_hc_is_film_coating,Film Coating,random_forest,Random forest,num__has_el_ti,TI present,Composition,0.001408015801087817,0.03238095238095238,-0.306589960097273,1050,145,catalyst_key,out_of_fold_heldout_rows
morph_hc_is_film_coating,Film Coating,random_forest,Random forest,num__xrd_filled_first_peak_2theta_deg,xrd filled first peak 2theta deg,Structure / characterization,0.0013757004397299032,0.10624126984126984,0.18224899793520952,1050,145,catalyst_key,out_of_fold_heldout_rows
morph_hc_is_film_coating,Film Coating,random_forest,Random forest,num__electronic_band_gap_ev,electronic band gap eV,Other,0.0013751913459605354,0.7039000193573366,-0.4073893840989825,1050,145,catalyst_key,out_of_fold_heldout_rows
morph_hc_is_film_coating,Film Coating,random_forest,Random forest,num__struct_bond_length_angstrom,struct bond length angstrom,Other,0.0012930331833461747,0.5734480166462721,-0.2689716701908331,1050,145,catalyst_key,out_of_fold_heldout_rows
morph_hc_is_film_coating,Film Coating,random_forest,Random forest,num__comp_o,o composition,Composition,0.0012160031987630345,0.10935699858791617,-0.2136041676880725,1050,145,catalyst_key,out_of_fold_heldout_rows
morph_hc_is_film_coating,Film Coating,random_forest,Random forest,num__has_el_v,V present,Composition,0.001171374980302829,0.02,-0.24248727393236777,1050,145,catalyst_key,out_of_fold_heldout_rows
morph_hc_is_film_coating,Film Coating,random_forest,Random forest,cat__synth_temperature_text_room,synth temperature text room,Synthesis,0.00113065717904356,0.9761904761904762,-0.18205494861648183,1050,145,catalyst_key,out_of_fold_heldout_rows
morph_hc_is_film_coating,Film Coating,random_forest,Random forest,num__comp_mn,mn composition,Composition,0.0011150524745281059,0.0005963925001519771,0.42604293984784847,1050,145,catalyst_key,out_of_fold_heldout_rows
morph_hc_is_film_coating,Film Coating,random_forest,Random forest,num__synth_pH,synth pH,Synthesis,0.0010813036011879699,0.4854102040816327,0.1859201347150833,1050,145,catalyst_key,out_of_fold_heldout_rows
morph_hc_is_film_coating,Film Coating,random_forest,Random forest,num__comp_ni:fe,ni:fe composition,Composition,0.001033647217425608,0.37114603174603167,-0.23280601955660055,1050,145,catalyst_key,out_of_fold_heldout_rows
morph_hc_is_film_coating,Film Coating,random_forest,Random forest,num__comp_mo,mo composition,Composition,0.0009882201330790041,0.015630884333699187,-0.18062186035757016,1050,145,catalyst_key,out_of_fold_heldout_rows
morph_hc_is_film_coating,Film Coating,random_forest,Random forest,num__struct_surface_roughness_nm,struct surface roughness nm,Other,0.000948901108262674,0.0036218490870169313,0.5844140871059263,1050,145,catalyst_key,out_of_fold_heldout_rows
morph_hc_is_film_coating,Film Coating,random_forest,Random forest,num__metal_loading_wt_pct,metal loading wt pct,Other,0.0008551529132491157,0.11143450220657461,-0.5337023894171683,1050,145,catalyst_key,out_of_fold_heldout_rows
morph_hc_is_film_coating,Film Coating,random_forest,Random forest,cat__support_class_text_iron_foam,support class text iron foam,Support,0.0008530849068552281,0.018095238095238095,-0.23087544712788055,1050,145,catalyst_key,out_of_fold_heldout_rows
morph_hc_is_film_coating,Film Coating,random_forest,Random forest,num__xrd_text_peak_4_2theta_deg,xrd text peak 4 2theta deg,Structure / characterization,0.0007939122926604426,0.534822174662624,-0.42230030073676667,1050,145,catalyst_key,out_of_fold_heldout_rows
morph_hc_is_film_coating,Film Coating,random_forest,Random forest,num__xps_text_ni_2p_be_ev,xps text ni 2p be eV,Structure / characterization,0.0007773858431909364,0.982963095238095,0.19629180182025277,1050,145,catalyst_key,out_of_fold_heldout_rows
morph_hc_is_film_coating,Film Coating,random_forest,Random forest,num__has_el_la,LA present,Composition,0.0007665168298685197,0.007619047619047619,0.15046430378305492,1050,145,catalyst_key,out_of_fold_heldout_rows
morph_hc_is_film_coating,Film Coating,random_forest,Random forest,num__has_el_as,As present,Composition,0.0007328951872671165,0.02,-0.24248727393236777,1050,145,catalyst_key,out_of_fold_heldout_rows
morph_hc_is_film_coating,Film Coating,random_forest,Random forest,num__comp_cr,cr composition,Composition,0.0007213369651821048,0.1261986825854261,-0.4657547509605329,1050,145,catalyst_key,out_of_fold_heldout_rows
morph_hc_is_film_coating,Film Coating,random_forest,Random forest,num__has_el_se,SE present,Composition,0.0007195376816353611,0.023809523809523808,-0.1052429495794492,1050,145,catalyst_key,out_of_fold_heldout_rows
morph_hc_is_film_coating,Film Coating,random_forest,Random forest,num__xps_text_o_1s_be_ev,xps text o 1s be eV,Structure / characterization,0.0007036021433336025,0.9964302689180736,-0.21668437638214325,1050,145,catalyst_key,out_of_fold_heldout_rows
morph_hc_is_film_coating,Film Coating,random_forest,Random forest,num__xrd_text_peak_1_2theta_deg,xrd text peak 1 2theta deg,Structure / characterization,0.0006857943236305505,0.08404338624338623,-0.024630497220056616,1050,145,catalyst_key,out_of_fold_heldout_rows
morph_hc_is_film_coating,Film Coating,random_forest,Random forest,num__xps_text_o_1s_generic_be_ev,xps text o 1s generic be eV,Structure / characterization,0.0006768464123532615,0.9964302689180736,-0.47424282628985265,1050,145,catalyst_key,out_of_fold_heldout_rows
morph_hc_is_film_coating,Film Coating,random_forest,Random forest,num__xrd_text_peak_min_2theta_deg,xrd text peak min 2theta deg,Structure / characterization,0.0006684324453731242,0.08404338624338623,-0.021808487249845798,1050,145,catalyst_key,out_of_fold_heldout_rows
morph_hc_is_film_coating,Film Coating,random_forest,Random forest,num__has_el_mn,MN present,Composition,0.0006549392204150913,0.02666666666666667,-0.11881110722260387,1050,145,catalyst_key,out_of_fold_heldout_rows
morph_hc_is_film_coating,Film Coating,random_forest,Random forest,num__synth_voltage,synth voltage,Synthesis,0.0006515181875143571,0.003375675562532705,0.583221141097246,1050,145,catalyst_key,out_of_fold_heldout_rows
morph_hc_is_film_coating,Film Coating,random_forest,Random forest,num__has_el_cr,CR present,Composition,0.0006451252671162555,0.02,-0.24239750123620138,1050,145,catalyst_key,out_of_fold_heldout_rows
morph_hc_is_film_coating,Film Coating,random_forest,Random forest,num__synth_has_galvanic_replacement,synth has galvanic replacement,Synthesis,0.0006450575773247111,0.012380952380952381,-0.1915281751344694,1050,145,catalyst_key,out_of_fold_heldout_rows
morph_hc_is_film_coating,Film Coating,random_forest,Random forest,num__has_el_sn,SN present,Composition,0.0006426706530906857,0.01904761904761905,0.07332611657805115,1050,145,catalyst_key,out_of_fold_heldout_rows
morph_hc_is_film_coating,Film Coating,random_forest,Random forest,num__xps_o_1s_be_ev_filled,xps o 1s be eV filled,Structure / characterization,0.0006151131510845787,0.9963350308228356,-0.1623392940615572,1050,145,catalyst_key,out_of_fold_heldout_rows
morph_hc_is_film_coating,Film Coating,random_forest,Random forest,num__has_el_au,AU present,Composition,0.0006034326483142413,0.011428571428571429,-0.15247324740968698,1050,145,catalyst_key,out_of_fold_heldout_rows
morph_hc_is_film_coating,Film Coating,random_forest,Random forest,num__synth_potential,synth potential,Synthesis,0.0006023126301225782,-0.004273708994708995,0.022868405772852526,1050,145,catalyst_key,out_of_fold_heldout_rows
morph_hc_is_film_coating,Film Coating,random_forest,Random forest,num__pore_volume_cm3_g,pore volume cm3 g,Structure / characterization,0.0005953641324383441,0.11113893775853775,-0.15167289504560622,1050,145,catalyst_key,out_of_fold_heldout_rows
morph_hc_is_film_coating,Film Coating,random_forest,Random forest,num__xps_text_has_binding_energy_shift,XPS BE shift,Structure / characterization,0.0005890789820082473,0.015238095238095238,-0.21217386040735697,1050,145,catalyst_key,out_of_fold_heldout_rows
morph_hc_is_film_coating,Film Coating,random_forest,Random forest,num__xrd_first_peak_2theta_deg,xrd first peak 2theta deg,Structure / characterization,0.0005758484013412747,0.3695552066980638,0.13025716372658314,1050,145,catalyst_key,out_of_fold_heldout_rows
morph_hc_is_film_coating,Film Coating,random_forest,Random forest,num__synth_has_solvothermal,synth has solvothermal,Synthesis,0.00054262938995821,0.023809523809523808,-0.16575275080636837,1050,145,catalyst_key,out_of_fold_heldout_rows
morph_hc_is_film_coating,Film Coating,random_forest,Random forest,num__has_el_li,LI present,Composition,0.0005402270336151621,0.002857142857142857,0.09244971669004654,1050,145,catalyst_key,out_of_fold_heldout_rows
morph_hc_is_film_coating,Film Coating,random_forest,Random forest,num__has_el_pr,PR present,Composition,0.0005013953469402881,0.002857142857142857,0.09244971692963147,1050,145,catalyst_key,out_of_fold_heldout_rows
morph_hc_is_film_coating,Film Coating,random_forest,Random forest,num__xrd_text_peak_count,xrd text peak count,Structure / characterization,0.0004898208144159829,0.24899923605805963,-0.14254749816488269,1050,145,catalyst_key,out_of_fold_heldout_rows
morph_hc_is_film_coating,Film Coating,random_forest,Random forest,num__comp_n,n composition,Composition,0.00048273654236275567,0.12375868524747086,-0.4936888722102669,1050,145,catalyst_key,out_of_fold_heldout_rows
morph_hc_is_film_coating,Film Coating,random_forest,Random forest,cat__support_class_text_carbon_cloth,support class text carbon cloth,Support,0.0004750896271688662,0.014285714285714285,0.024876117075769484,1050,145,catalyst_key,out_of_fold_heldout_rows
morph_hc_is_film_coating,Film Coating,random_forest,Random forest,num__has_el_cl,CL present,Composition,0.00047388113477213144,0.022857142857142857,-0.18692738094395955,1050,145,catalyst_key,out_of_fold_heldout_rows
morph_hc_is_film_coating,Film Coating,random_forest,Random forest,num__support_is_carbon_cloth,support is carbon cloth,Support,0.0004614523236724241,0.015238095238095238,-0.052325274916502684,1050,145,catalyst_key,out_of_fold_heldout_rows
morph_hc_is_film_coating,Film Coating,random_forest,Random forest,num__synth_cycles,synth cycles,Synthesis,0.00045174661991180163,0.008023450028232638,-0.5038860929072748,1050,145,catalyst_key,out_of_fold_heldout_rows
morph_hc_is_film_coating,Film Coating,random_forest,Random forest,num__xps_text_mo_3d_be_ev,xps text mo 3d be eV,Structure / characterization,0.00043363439116043853,0.9927574277574279,-0.788973121634734,1050,145,catalyst_key,out_of_fold_heldout_rows
morph_hc_is_film_coating,Film Coating,random_forest,Random forest,num__electronic_d_band_center_ev,electronic d band center eV,Other,0.0003900858574642552,-0.37808352106843984,-0.07110101299821298,1050,145,catalyst_key,out_of_fold_heldout_rows
morph_hc_is_film_coating,Film Coating,random_forest,Random forest,num__comp_ir,ir composition,Composition,0.00038879094181101163,0.14320746560846562,-0.2089606867301637,1050,145,catalyst_key,out_of_fold_heldout_rows
morph_hc_is_film_coating,Film Coating,random_forest,Random forest,cat__support_class_text_fto,support class text fto,Support,0.0003857848669211516,0.0019047619047619048,0.06832859142128847,1050,145,catalyst_key,out_of_fold_heldout_rows
morph_hc_is_film_coating,Film Coating,random_forest,Random forest,cat__support_class_text_metal_mesh,support class text metal mesh,Support,0.0003693049738118801,0.002857142857142857,0.09244971692963147,1050,145,catalyst_key,out_of_fold_heldout_rows
morph_hc_is_film_coating,Film Coating,random_forest,Random forest,num__comp_p,p composition,Composition,0.00036874591464185934,0.06687662634195964,-0.1448696515247226,1050,145,catalyst_key,out_of_fold_heldout_rows
morph_hc_is_film_coating,Film Coating,random_forest,Random forest,cat__synth_temperature_text_ambient,synth temperature text ambient,Synthesis,0.00035710378109396295,0.0019047619047619048,0.07552091774350451,1050,145,catalyst_key,out_of_fold_heldout_rows
morph_hc_is_film_coating,Film Coating,random_forest,Random forest,num__comp_s,s composition,Composition,0.0003557127335283059,0.08385220012055455,-0.6162174969581516,1050,145,catalyst_key,out_of_fold_heldout_rows
morph_hc_is_film_coating,Film Coating,random_forest,Random forest,num__xps_text_ni_2p1_2_be_ev,xps text ni 2p1 2 be eV,Structure / characterization,0.00035497256449568013,0.9917087121212121,-0.31862504067119546,1050,145,catalyst_key,out_of_fold_heldout_rows
morph_hc_is_film_coating,Film Coating,random_forest,Random forest,num__support_is_carbon_paper,support is carbon paper,Support,0.0003488928882365945,0.015238095238095238,-0.21217386040735697,1050,145,catalyst_key,out_of_fold_heldout_rows
morph_hc_is_film_coating,Film Coating,random_forest,Random forest,num__xps_ni_2p1_2_be_ev_filled,xps ni 2p1 2 be eV filled,Structure / characterization,0.0003447218607710828,0.9919536255411254,-0.5036788191879732,1050,145,catalyst_key,out_of_fold_heldout_rows
morph_hc_is_film_coating,Film Coating,random_forest,Random forest,num__has_el_i,I present,Composition,0.00034367773721399853,0.013333333333333334,0.14190166010099958,1050,145,catalyst_key,out_of_fold_heldout_rows
morph_hc_is_film_coating,Film Coating,random_forest,Random forest,num__xps_ni_2p3_2_be_ev_filled,xps ni 2p3 2 be eV filled,Structure / characterization,0.0003430775324668367,0.9938999754676604,0.0514257173099083,1050,145,catalyst_key,out_of_fold_heldout_rows
morph_hc_is_film_coating,Film Coating,random_forest,Random forest,num__electronic_work_function_ev,electronic work function eV,Other,0.0003421875928385127,0.5841265978952956,-0.17750425310856294,1050,145,catalyst_key,out_of_fold_heldout_rows
morph_hc_is_film_coating,Film Coating,random_forest,Random forest,num__support_is_metal_mesh,support is metal mesh,Support,0.00034201733888046597,0.0038095238095238095,0.10670074591547504,1050,145,catalyst_key,out_of_fold_heldout_rows
morph_hc_is_film_coating,Film Coating,random_forest,Random forest,cat__synth_temperature_text_high,synth temperature text high,Synthesis,0.00033519351837001473,0.0038095238095238095,0.10670074563895833,1050,145,catalyst_key,out_of_fold_heldout_rows
morph_hc_is_film_coating,Film Coating,random_forest,Random forest,num__has_el_u,U present,Composition,0.00030085021505529515,0.001564945226917058,-0.068465350389341,639,82,catalyst_key,out_of_fold_heldout_rows
morph_hc_is_film_coating,Film Coating,random_forest,Random forest,cat__synth_temperature_text_room temperature,synth temperature text room tempera...,Synthesis,0.00028160635671614767,0.009523809523809525,0.13464400407252897,1050,145,catalyst_key,out_of_fold_heldout_rows
morph_hc_is_film_coating,Film Coating,random_forest,Random forest,num__has_el_al,AL present,Composition,0.0002815458638454583,0.005714285714285714,0.0,1050,145,catalyst_key,out_of_fold_heldout_rows
morph_hc_is_film_coating,Film Coating,random_forest,Random forest,num__xrd_text_has_peak_7_0_2theta,xrd text has peak 7 0 2theta,Structure / characterization,0.0002809096581742291,0.017142857142857144,-0.22482661284651104,1050,145,catalyst_key,out_of_fold_heldout_rows
morph_hc_is_film_coating,Film Coating,random_forest,Random forest,num__xrd_text_low_angle_peak_2theta_deg,xrd text low angle peak 2theta deg,Structure / characterization,0.0002797707118009267,0.4036253968253969,0.03608189051336881,1050,145,catalyst_key,out_of_fold_heldout_rows
morph_hc_is_film_coating,Film Coating,random_forest,Random forest,num__support_is_copper_foam,support is copper foam,Support,0.0002783655911649455,0.008571428571428572,-0.15966812887277396,1050,145,catalyst_key,out_of_fold_heldout_rows
morph_hc_is_film_coating,Film Coating,random_forest,Random forest,num__synth_has_sol_gel,synth has sol gel,Synthesis,0.0002647541786579778,0.006666666666666667,0.14094925692205237,1050,145,catalyst_key,out_of_fold_heldout_rows
morph_hc_is_film_coating,Film Coating,random_forest,Random forest,num__has_el_ag,AG present,Composition,0.00025600064337028775,0.006666666666666667,-0.10067804065860883,1050,145,catalyst_key,out_of_fold_heldout_rows
morph_hc_is_film_coating,Film Coating,random_forest,Random forest,num__comp_w,w composition,Composition,0.00025514781540263094,0.4082891525325177,-0.18183519543868856,1050,145,catalyst_key,out_of_fold_heldout_rows
morph_hc_is_film_coating,Film Coating,random_forest,Random forest,num__has_el_ba,BA present,Composition,0.0002454569268613634,0.002857142857142857,0.09244971692963147,1050,145,catalyst_key,out_of_fold_heldout_rows
morph_hc_is_film_coating,Film Coating,random_forest,Random forest,num__synth_has_drop_casting,synth has drop casting,Synthesis,0.00024409359912258493,0.002857142857142857,0.09244971669004654,1050,145,catalyst_key,out_of_fold_heldout_rows
morph_hc_is_film_coating,Film Coating,random_forest,Random forest,num__comp_zn,zn composition,Composition,0.0002370704120204453,0.05037702093714095,-0.44759064802166026,1050,145,catalyst_key,out_of_fold_heldout_rows
morph_hc_is_film_coating,Film Coating,random_forest,Random forest,num__synth_scan_rate,synth scan rate,Synthesis,0.00023245700464937343,0.49835238095238094,0.19850178609912927,1050,145,catalyst_key,out_of_fold_heldout_rows
morph_hc_is_film_coating,Film Coating,random_forest,Random forest,cat__support_class_text_copper_foam,support class text copper foam,Support,0.0002305319144553117,0.006666666666666667,-0.14094925692205237,1050,145,catalyst_key,out_of_fold_heldout_rows
morph_hc_is_film_coating,Film Coating,random_forest,Random forest,num__xrd_filled_low_angle_peak_2theta_deg,xrd filled low angle peak 2theta deg,Structure / characterization,0.0002259750564064292,0.40533393801965234,-0.1503686808062346,1050,145,catalyst_key,out_of_fold_heldout_rows
morph_hc_is_film_coating,Film Coating,random_forest,Random forest,num__comp_sr,sr composition,Composition,0.00021773809192688652,0.7512468827930174,0.6949409855289826,401,56,catalyst_key,out_of_fold_heldout_rows
morph_hc_is_film_coating,Film Coating,random_forest,Random forest,num__has_el_sr,SR present,Composition,0.00021703218502694367,0.007619047619047619,-0.03714632677469481,1050,145,catalyst_key,out_of_fold_heldout_rows
morph_hc_is_film_coating,Film Coating,random_forest,Random forest,num__has_el_rh,RH present,Composition,0.00021318999858152397,0.008571428571428572,-0.08860226299600296,1050,145,catalyst_key,out_of_fold_heldout_rows
morph_hc_is_film_coating,Film Coating,random_forest,Random forest,num__electronic_bader_charge_e,electronic bader charge e,Other,0.00020504212260469653,0.13045550713654167,-0.6737789479181839,1050,145,catalyst_key,out_of_fold_heldout_rows
morph_hc_is_film_coating,Film Coating,random_forest,Random forest,num__xps_text_fe_2p_be_ev,xps text fe 2p be eV,Structure / characterization,0.00019595001940156672,0.9794813437703849,-0.012361596012989915,1050,145,catalyst_key,out_of_fold_heldout_rows
morph_hc_is_film_coating,Film Coating,random_forest,Random forest,num__xrd_text_has_peak_52_0_2theta,xrd text has peak 52 0 2theta,Structure / characterization,0.00018777737720516142,0.0038095238095238095,0.10670075393446071,1050,145,catalyst_key,out_of_fold_heldout_rows
morph_hc_is_film_coating,Film Coating,random_forest,Random forest,num__comp_ce,ce composition,Composition,0.00018327448401573996,0.0030662370686251285,0.041035400907887765,1050,145,catalyst_key,out_of_fold_heldout_rows
morph_hc_is_film_coating,Film Coating,random_forest,Random forest,num__xrd_text_peak_5_2theta_deg,xrd text peak 5 2theta deg,Structure / characterization,0.00018167940455834819,0.5712924068268898,-0.5215343973524991,1050,145,catalyst_key,out_of_fold_heldout_rows
morph_hc_is_film_coating,Film Coating,random_forest,Random forest,cat__support_class_text_carbon_paper,support class text carbon paper,Support,0.00017757031733492512,0.014285714285714285,-0.2055357730714855,1050,145,catalyst_key,out_of_fold_heldout_rows
morph_hc_is_film_coating,Film Coating,random_forest,Random forest,num__xrd_text_has_peak_6_0_2theta,xrd text has peak 6 0 2theta,Structure / characterization,0.00015769658222579148,0.018095238095238095,-0.04333702685635902,1050,145,catalyst_key,out_of_fold_heldout_rows
morph_hc_is_film_coating,Film Coating,random_forest,Random forest,num__has_el_k,K present,Composition,0.00015292085591635596,0.006666666666666667,-0.14094925692205237,1050,145,catalyst_key,out_of_fold_heldout_rows
morph_hc_is_film_coating,Film Coating,random_forest,Random forest,num__has_el_ts,TS present,Composition,0.00014188472732483355,0.007619047619047619,-0.1506088502155688,1050,145,catalyst_key,out_of_fold_heldout_rows
morph_hc_is_film_coating,Film Coating,random_forest,Random forest,num__xps_text_ni_2p3_2_be_ev,xps text ni 2p3 2 be eV,Structure / characterization,0.00013809544950596218,0.9945345309756712,0.3069220921252735,1050,145,catalyst_key,out_of_fold_heldout_rows
morph_hc_is_film_coating,Film Coating,random_forest,Random forest,num__has_el_re,RE present,Composition,0.00013279952035807451,0.0012077294685990338,0.060156632348926285,828,121,catalyst_key,out_of_fold_heldout_rows
morph_hc_is_film_coating,Film Coating,random_forest,Random forest,num__has_el_y,Y present,Composition,0.00012965992695276635,0.0019047619047619048,0.03444561094634035,1050,145,catalyst_key,out_of_fold_heldout_rows
morph_hc_is_film_coating,Film Coating,random_forest,Random forest,num__xrd_text_has_peak_9_0_2theta,xrd text has peak 9 0 2theta,Structure / characterization,0.00012886922728081249,0.02095238095238095,-0.15635093154601762,1050,145,catalyst_key,out_of_fold_heldout_rows
morph_hc_is_film_coating,Film Coating,random_forest,Random forest,num__comp_cu,cu composition,Composition,0.00012882645096097878,0.10821678360991824,0.25293666834448614,1050,145,catalyst_key,out_of_fold_heldout_rows
morph_hc_is_film_coating,Film Coating,random_forest,Random forest,num__synth_has_molten_salt,synth has molten salt,Synthesis,0.00012603935203353862,0.0019047619047619048,0.07552091735207714,1050,145,catalyst_key,out_of_fold_heldout_rows
morph_hc_is_film_coating,Film Coating,random_forest,Random forest,num__xps_ni_2p3_2_be_ev,xps ni 2p3 2 be eV,Structure / characterization,0.00011715024461256945,0.9991875822643704,0.7884199205662166,1050,145,catalyst_key,out_of_fold_heldout_rows
morph_hc_is_film_coating,Film Coating,random_forest,Random forest,num__xrd_peak_003_2theta_deg,xrd peak 003 2theta deg,Structure / characterization,0.00011615831253890916,0.10966306836234174,-0.5955983015186321,1050,145,catalyst_key,out_of_fold_heldout_rows
morph_hc_is_film_coating,Film Coating,random_forest,Random forest,num__xrd_text_has_peak_50_0_2theta,xrd text has peak 50 0 2theta,Structure / characterization,0.00011155917496665123,0.018095238095238095,-0.230875447726198,1050,145,catalyst_key,out_of_fold_heldout_rows
morph_hc_is_film_coating,Film Coating,random_forest,Random forest,cat__synth_time_text_overnight,synth time text overnight,Synthesis,0.00010248518654754907,0.9866666666666667,0.19866232568590933,1050,145,catalyst_key,out_of_fold_heldout_rows
morph_hc_is_film_coating,Film Coating,random_forest,Random forest,num__xrd_text_has_peak_8_0_2theta,xrd text has peak 8 0 2theta,Structure / characterization,8.488159034570712e-05,0.014285714285714285,-0.20553578478977091,1050,145,catalyst_key,out_of_fold_heldout_rows
morph_hc_is_film_coating,Film Coating,random_forest,Random forest,num__comp_c,c composition,Composition,7.712477056187896e-05,0.10749313748250075,-0.26984834288695325,1050,145,catalyst_key,out_of_fold_heldout_rows
morph_hc_is_film_coating,Film Coating,random_forest,Random forest,num__xps_fe_2p3_2_be_ev_filled,xps fe 2p3 2 be eV filled,Structure / characterization,7.652835125061504e-05,0.9953799533799531,0.4604944612601726,1050,145,catalyst_key,out_of_fold_heldout_rows
morph_hc_is_film_coating,Film Coating,random_forest,Random forest,num__comp_pd,pd composition,Composition,7.472785877724337e-05,0.0472685291005291,-0.45198070066140955,1050,145,catalyst_key,out_of_fold_heldout_rows
morph_hc_is_film_coating,Film Coating,random_forest,Random forest,num__comp_se,se composition,Composition,7.257381747275562e-05,4.8804281549575736e-05,0.8649383340189365,417,58,catalyst_key,out_of_fold_heldout_rows
morph_hc_is_film_coating,Film Coating,random_forest,Random forest,num__comp_al,al composition,Composition,6.71547240975085e-05,0.13413674274163387,0.42197002236782677,1050,145,catalyst_key,out_of_fold_heldout_rows
morph_hc_is_film_coating,Film Coating,random_forest,Random forest,num__xrd_text_peak_6_2theta_deg,xrd text peak 6 2theta deg,Structure / characterization,6.680414404260302e-05,0.7602134646962235,0.5618268335144699,1050,145,catalyst_key,out_of_fold_heldout_rows
morph_hc_is_film_coating,Film Coating,random_forest,Random forest,num__has_el_cs,CS present,Composition,6.605777888451864e-05,0.0038095238095238095,-0.10670074591547504,1050,145,catalyst_key,out_of_fold_heldout_rows
morph_hc_is_film_coating,Film Coating,random_forest,Random forest,num__has_el_br,BR present,Composition,6.241066546606175e-05,0.0,,219,33,catalyst_key,out_of_fold_heldout_rows
morph_hc_is_film_coating,Film Coating,random_forest,Random forest,num__xps_text_co_2p_be_ev,xps text co 2p be eV,Structure / characterization,6.219063999165758e-05,0.9875491864457382,0.39637140916800784,1050,145,catalyst_key,out_of_fold_heldout_rows
morph_hc_is_film_coating,Film Coating,random_forest,Random forest,num__has_el_bi,BI present,Composition,6.1607202692615e-05,0.0019047619047619048,-0.07552091735207714,1050,145,catalyst_key,out_of_fold_heldout_rows
morph_hc_is_film_coating,Film Coating,random_forest,Random forest,num__xrd_text_has_peak_5_0_2theta,xrd text has peak 5 0 2theta,Structure / characterization,6.127102240821968e-05,0.009523809523809525,-0.08045642434607869,1050,145,catalyst_key,out_of_fold_heldout_rows
morph_hc_is_film_coating,Film Coating,random_forest,Random forest,num__xps_fe_2p1_2_be_ev_filled,xps fe 2p1 2 be eV filled,Structure / characterization,5.770014165599091e-05,0.996280223224902,0.6678706308676885,1050,145,catalyst_key,out_of_fold_heldout_rows
morph_hc_is_film_coating,Film Coating,random_forest,Random forest,num__xps_co_2p3_2_be_ev_filled,xps co 2p3 2 be eV filled,Structure / characterization,4.9524746440996106e-05,0.9987621483375962,-0.21833623565721058,1050,145,catalyst_key,out_of_fold_heldout_rows
morph_hc_is_film_coating,Film Coating,random_forest,Random forest,num__comp_ni/fe,ni/fe composition,Composition,4.849474767623691e-05,0.3181220657276996,0.4566718005585066,852,120,catalyst_key,out_of_fold_heldout_rows
morph_hc_is_film_coating,Film Coating,random_forest,Random forest,cat__support_class_text_iron_foam | nickel_foam,support class text iron foam | nick...,Support,4.772159532646927e-05,0.0038095238095238095,-0.10670074563895833,1050,145,catalyst_key,out_of_fold_heldout_rows
morph_hc_is_film_coating,Film Coating,random_forest,Random forest,num__has_el_os,OS present,Composition,4.590107880346959e-05,0.0038095238095238095,-0.10670074591547504,1050,145,catalyst_key,out_of_fold_heldout_rows
morph_hc_is_film_coating,Film Coating,random_forest,Random forest,num__xps_text_co_2p3_2_be_ev,xps text co 2p3 2 be eV,Structure / characterization,4.466287630752549e-05,0.9987218365607115,-0.05869068325810114,1050,145,catalyst_key,out_of_fold_heldout_rows
morph_hc_is_film_coating,Film Coating,random_forest,Random forest,num__xps_text_fe_2p1_2_be_ev,xps text fe 2p1 2 be eV,Structure / characterization,4.2838827888517715e-05,0.9965861845392815,0.6765152641651825,1050,145,catalyst_key,out_of_fold_heldout_rows
morph_hc_is_film_coating,Film Coating,random_forest,Random forest,cat__support_class_text_ito,support class text ito,Support,3.969635637326391e-05,0.0,,628,81,catalyst_key,out_of_fold_heldout_rows
morph_hc_is_film_coating,Film Coating,random_forest,Random forest,num__has_el_mg,MG present,Composition,3.8372141732958626e-05,0.0019047619047619048,-0.07552091735207714,1050,145,catalyst_key,out_of_fold_heldout_rows
morph_hc_is_film_coating,Film Coating,random_forest,Random forest,num__xps_co_2p1_2_be_ev_filled,xps co 2p1 2 be eV filled,Structure / characterization,3.824005632689835e-05,0.9961304922593254,-0.053411664425785224,1050,145,catalyst_key,out_of_fold_heldout_rows
morph_hc_is_film_coating,Film Coating,random_forest,Random forest,num__has_el_cd,CD present,Composition,3.790804778696648e-05,0.0038095238095238095,-0.10670074619199174,1050,145,catalyst_key,out_of_fold_heldout_rows
morph_hc_is_film_coating,Film Coating,random_forest,Random forest,num__xrd_text_has_peak_49_0_2theta,xrd text has peak 49 0 2theta,Structure / characterization,3.4933077160768164e-05,0.0038095238095238095,-0.10670074812760882,1050,145,catalyst_key,out_of_fold_heldout_rows
morph_hc_is_film_coating,Film Coating,random_forest,Random forest,num__xrd_text_has_peak_26_0_2theta,xrd text has peak 26 0 2theta,Structure / characterization,3.4708252321023295e-05,0.002857142857142857,0.030993175112178747,1050,145,catalyst_key,out_of_fold_heldout_rows
morph_hc_is_film_coating,Film Coating,random_forest,Random forest,num__comp_rh,rh composition,Composition,3.4553338252290685e-05,0.12052121718033101,0.4091418984912104,1050,145,catalyst_key,out_of_fold_heldout_rows
morph_hc_is_film_coating,Film Coating,random_forest,Random forest,cat__support_class_text_copper_foam | nickel_foam,support class text copper foam | ni...,Support,3.262826385707137e-05,0.0019047619047619048,-0.07552092537633948,1050,145,catalyst_key,out_of_fold_heldout_rows
morph_hc_is_film_coating,Film Coating,random_forest,Random forest,num__comp_si,si composition,Composition,3.062471954036397e-05,0.05042840375586853,-0.5573281327753734,852,120,catalyst_key,out_of_fold_heldout_rows
morph_hc_is_film_coating,Film Coating,random_forest,Random forest,num__has_el_nb,NB present,Composition,2.9786493286104766e-05,0.004761904761904762,-0.11923802436929928,1050,145,catalyst_key,out_of_fold_heldout_rows
morph_hc_is_film_coating,Film Coating,random_forest,Random forest,num__pore_diameter_nm,pore diameter nm,Structure / characterization,2.6082372207870823e-05,0.18235014076070677,0.7283590888196233,1050,145,catalyst_key,out_of_fold_heldout_rows
morph_hc_is_film_coating,Film Coating,random_forest,Random forest,cat__support_class_text_glassy_carbon,support class text glassy carbon,Support,2.4748703989808696e-05,0.004761904761904762,0.11919241452694958,1050,145,catalyst_key,out_of_fold_heldout_rows
morph_hc_is_film_coating,Film Coating,random_forest,Random forest,num__has_el_ta,TA present,Composition,2.4616640476862775e-05,0.0038095238095238095,0.05335037295773752,1050,145,catalyst_key,out_of_fold_heldout_rows
morph_hc_is_film_coating,Film Coating,random_forest,Random forest,cat__synth_temperature_text_infrequent_sklearn,synth temperature text infrequent s...,Synthesis,2.349706549154266e-05,0.0019047619047619048,-0.07552093907630547,1050,145,catalyst_key,out_of_fold_heldout_rows
morph_hc_is_film_coating,Film Coating,random_forest,Random forest,num__xps_text_pt_4f_be_ev,xps text pt 4f be eV,Structure / characterization,1.8886988981790954e-05,0.9359371066087675,-0.21467865680147127,1050,145,catalyst_key,out_of_fold_heldout_rows
morph_hc_is_film_coating,Film Coating,random_forest,Random forest,cat__synth_time_text_infrequent_sklearn,synth time text infrequent sklearn,Synthesis,1.7196172840348956e-05,0.0,,1050,145,catalyst_key,out_of_fold_heldout_rows
morph_hc_is_film_coating,Film Coating,random_forest,Random forest,num__comp_v,v composition,Composition,1.7158972234134966e-05,0.37187120839733745,-0.6610330700154736,1050,145,catalyst_key,out_of_fold_heldout_rows
morph_hc_is_film_coating,Film Coating,random_forest,Random forest,num__comp_fe/ni,fe/ni composition,Composition,1.652069315995941e-05,0.05773672055427252,,417,58,catalyst_key,out_of_fold_heldout_rows
morph_hc_is_film_coating,Film Coating,random_forest,Random forest,num__comp_cl,cl composition,Composition,1.581894491472308e-05,0.05390865173473869,-0.09662940182949017,828,121,catalyst_key,out_of_fold_heldout_rows
morph_hc_is_film_coating,Film Coating,random_forest,Random forest,num__xps_text_co_2p1_2_be_ev,xps text co 2p1 2 be eV,Structure / characterization,1.5813577519322088e-05,0.9957251490172725,-0.16745346617937049,1050,145,catalyst_key,out_of_fold_heldout_rows
morph_hc_is_film_coating,Film Coating,random_forest,Random forest,cat__synth_temperature_text_RT,synth temperature text RT,Synthesis,1.5360133044806992e-05,0.0009523809523809524,0.05342684563477629,1050,145,catalyst_key,out_of_fold_heldout_rows
morph_hc_is_film_coating,Film Coating,random_forest,Random forest,cat__synth_time_text_25 or 60,synth time text 25 or 60,Synthesis,1.4361757196031111e-05,0.002857142857142857,-0.09244981444085774,1050,145,catalyst_key,out_of_fold_heldout_rows
morph_hc_is_film_coating,Film Coating,random_forest,Random forest,num__support_is_glassy_carbon,support is glassy carbon,Support,1.2800495180265708e-05,0.004761904761904762,0.023893249071209183,1050,145,catalyst_key,out_of_fold_heldout_rows
morph_hc_is_film_coating,Film Coating,random_forest,Random forest,cat__support_class_text_carbon_paper | nickel_foam,support class text carbon paper | n...,Support,1.2742107184126467e-05,0.0009523809523809524,-0.053426840373424433,1050,145,catalyst_key,out_of_fold_heldout_rows
morph_hc_is_film_coating,Film Coating,random_forest,Random forest,num__has_el_nd,ND present,Composition,1.1686546122077598e-05,0.0,,198,25,catalyst_key,out_of_fold_heldout_rows
morph_hc_is_film_coating,Film Coating,random_forest,Random forest,num__xps_co_2p1_2_be_ev,xps co 2p1 2 be eV,Structure / characterization,1.1339581022267863e-05,0.9985969974490863,-0.23441851009055764,1050,145,catalyst_key,out_of_fold_heldout_rows
morph_hc_is_film_coating,Film Coating,random_forest,Random forest,cat__synth_time_text_several,synth time text several,Synthesis,1.12847035419993e-05,0.002857142857142857,-0.0924497370547733,1050,145,catalyst_key,out_of_fold_heldout_rows
morph_hc_is_film_coating,Film Coating,random_forest,Random forest,num__has_el_ds,DS present,Composition,1.0493171606707447e-05,0.0,,219,33,catalyst_key,out_of_fold_heldout_rows
morph_hc_is_film_coating,Film Coating,random_forest,Random forest,num__has_el_te,TE present,Composition,1.0306363187641322e-05,0.0009523809523809524,-0.05342682888152973,1050,145,catalyst_key,out_of_fold_heldout_rows
morph_hc_is_film_coating,Film Coating,random_forest,Random forest,num__has_el_na,NA present,Composition,9.931146166752591e-06,0.002857142857142857,-0.09244971884631108,1050,145,catalyst_key,out_of_fold_heldout_rows
morph_hc_is_film_coating,Film Coating,random_forest,Random forest,num__xps_text_cu_2p_be_ev,xps text cu 2p be eV,Structure / characterization,9.588605009919473e-06,0.9995161701044056,0.2676431511870824,1050,145,catalyst_key,out_of_fold_heldout_rows
morph_hc_is_film_coating,Film Coating,random_forest,Random forest,num__xps_co_2p3_2_be_ev,xps co 2p3 2 be eV,Structure / characterization,9.158893523963928e-06,0.9987424980338809,-0.5706633734835944,1050,145,catalyst_key,out_of_fold_heldout_rows
morph_hc_is_film_coating,Film Coating,random_forest,Random forest,num__xps_text_pt_4f5_2_be_ev,xps text pt 4f5 2 be eV,Structure / characterization,8.501177845851576e-06,0.996333333333333,,425,55,catalyst_key,out_of_fold_heldout_rows
morph_hc_is_film_coating,Film Coating,random_forest,Random forest,num__xps_pt_4f5_2_be_ev_filled,xps pt 4f5 2 be eV filled,Structure / characterization,8.163067392815334e-06,0.996333333333333,,425,55,catalyst_key,out_of_fold_heldout_rows
morph_hc_is_film_coating,Film Coating,random_forest,Random forest,num__has_el_sb,SB present,Composition,6.656642838075886e-06,0.0016,-0.06922676497051972,625,90,catalyst_key,out_of_fold_heldout_rows
morph_hc_is_film_coating,Film Coating,random_forest,Random forest,cat__synth_time_text_several hours,synth time text several hours,Synthesis,6.5666931677956626e-06,0.0038095238095238095,-0.10670186084835157,1050,145,catalyst_key,out_of_fold_heldout_rows
morph_hc_is_film_coating,Film Coating,random_forest,Random forest,num__xps_text_fe_2p3_2_be_ev,xps text fe 2p3 2 be eV,Structure / characterization,6.2522421451547164e-06,0.9951075591075588,-0.004179635647549116,1050,145,catalyst_key,out_of_fold_heldout_rows
morph_hc_is_film_coating,Film Coating,random_forest,Random forest,num__xrd_text_has_peak_45_0_2theta,xrd text has peak 45 0 2theta,Structure / characterization,5.1203097346585875e-06,0.002857142857142857,-0.09245236900948603,1050,145,catalyst_key,out_of_fold_heldout_rows
morph_hc_is_film_coating,Film Coating,random_forest,Random forest,cat__synth_temperature_text_varied by particle size | varied,synth temperature text varied by pa...,Synthesis,5.071949390642621e-06,0.0,,630,96,catalyst_key,out_of_fold_heldout_rows
morph_hc_is_film_coating,Film Coating,random_forest,Random forest,num__has_el_eu,EU present,Composition,5.013594664396808e-06,0.0,,430,56,catalyst_key,out_of_fold_heldout_rows
morph_hc_is_film_coating,Film Coating,random_forest,Random forest,cat__synth_temperature_text_low,synth temperature text low,Synthesis,3.632162240263933e-06,0.0019047619047619048,-0.0678796118786879,1050,145,catalyst_key,out_of_fold_heldout_rows
morph_hc_is_film_coating,Film Coating,random_forest,Random forest,cat__synth_temperature_text_<273,synth temperature text <273,Synthesis,2.7031644086456973e-06,0.0,,628,81,catalyst_key,out_of_fold_heldout_rows
morph_hc_is_film_coating,Film Coating,random_forest,Random forest,num__comp_y,y composition,Composition,2.0548611826164913e-06,0.02867867867867869,,203,31,catalyst_key,out_of_fold_heldout_rows
morph_hc_is_film_coating,Film Coating,random_forest,Random forest,num__electronic_fermi_level_ev,electronic fermi level eV,Other,1.9540422023826245e-06,0.0008524427952999382,0.06219955075942294,1050,145,catalyst_key,out_of_fold_heldout_rows
morph_hc_is_film_coating,Film Coating,random_forest,Random forest,cat__synth_time_text_3-48 | overnight,synth time text 3-48 | overnight,Synthesis,1.5728960758533171e-06,0.0,,644,88,catalyst_key,out_of_fold_heldout_rows
morph_hc_is_film_coating,Film Coating,random_forest,Random forest,cat__synth_temperature_text_different,synth temperature text different,Synthesis,1.4085050046004008e-06,0.0009523809523809524,-0.05344857095837637,1050,145,catalyst_key,out_of_fold_heldout_rows
morph_hc_is_film_coating,Film Coating,random_forest,Random forest,num__xps_text_pt_4f7_2_be_ev,xps text pt 4f7 2 be eV,Structure / characterization,7.769219455359923e-07,0.9909281228192602,,425,55,catalyst_key,out_of_fold_heldout_rows
morph_hc_is_film_coating,Film Coating,random_forest,Random forest,cat__synth_time_text_6-24,synth time text 6-24,Synthesis,5.621864353829148e-07,0.0,,609,88,catalyst_key,out_of_fold_heldout_rows
morph_hc_is_film_coating,Film Coating,random_forest,Random forest,num__xps_pt_4f7_2_be_ev_filled,xps pt 4f7 2 be eV filled,Structure / characterization,4.5958576524115467e-07,0.9909281228192602,,425,55,catalyst_key,out_of_fold_heldout_rows
morph_hc_is_film_coating,Film Coating,random_forest,Random forest,cat__support_class_text_infrequent_sklearn,support class text infrequent sklearn,Support,2.179340618634438e-07,0.0009523809523809524,-0.015838400274222487,1050,145,catalyst_key,out_of_fold_heldout_rows
morph_hc_is_film_coating,Film Coating,random_forest,Random forest,cat__synth_temperature_text_thousands,synth temperature text thousands,Synthesis,0.0,0.0,,609,88,catalyst_key,out_of_fold_heldout_rows
morph_hc_is_flower_urchin_dendrite,Flower Urchin Dendrite,random_forest,Random forest,num__has_el_ni,NI present,Composition,0.02377662130646603,0.5104761904761905,0.8648616811507356,1050,60,catalyst_key,out_of_fold_heldout_rows
morph_hc_is_flower_urchin_dendrite,Flower Urchin Dendrite,random_forest,Random forest,num__has_el_o,O present,Composition,0.02128850323659763,0.3580952380952381,-0.8304156394738738,1050,60,catalyst_key,out_of_fold_heldout_rows
morph_hc_is_flower_urchin_dendrite,Flower Urchin Dendrite,random_forest,Random forest,num__active_element_count,Active element count,Composition,0.021202544649950243,0.2683116883116883,-0.6258858473023781,1050,60,catalyst_key,out_of_fold_heldout_rows
morph_hc_is_flower_urchin_dendrite,Flower Urchin Dendrite,random_forest,Random forest,num__synth_temperature_c,Synthesis temperature,Synthesis,0.019942748787471556,0.1103568800069047,-0.596155120846336,1050,60,catalyst_key,out_of_fold_heldout_rows
morph_hc_is_flower_urchin_dendrite,Flower Urchin Dendrite,random_forest,Random forest,num__synth_has_hydrothermal,Hydrothermal route,Synthesis,0.019824235884620817,0.11714285714285715,0.5569820738105765,1050,60,catalyst_key,out_of_fold_heldout_rows
morph_hc_is_flower_urchin_dendrite,Flower Urchin Dendrite,random_forest,Random forest,num__synth_time_h,Synthesis time,Synthesis,0.017918302946509614,0.007118505920886872,-0.26965273383499844,1050,60,catalyst_key,out_of_fold_heldout_rows
morph_hc_is_flower_urchin_dendrite,Flower Urchin Dendrite,random_forest,Random forest,num__synth_step_count,Synthesis step count,Synthesis,0.014819714706579617,0.13149659863945576,0.6844715359739765,1050,60,catalyst_key,out_of_fold_heldout_rows
morph_hc_is_flower_urchin_dendrite,Flower Urchin Dendrite,random_forest,Random forest,num__xps_text_energy_mean_ev,XPS BE mean,Structure / characterization,0.013623301553968237,0.42956543609510583,0.4144421131532511,1050,60,catalyst_key,out_of_fold_heldout_rows
morph_hc_is_flower_urchin_dendrite,Flower Urchin Dendrite,random_forest,Random forest,num__xps_text_peak_count,XPS peak count,Structure / characterization,0.012540479881706477,0.08437580437580437,0.5189238593317607,1050,60,catalyst_key,out_of_fold_heldout_rows
morph_hc_is_flower_urchin_dendrite,Flower Urchin Dendrite,random_forest,Random forest,num__xps_text_energy_std_ev,XPS BE dispersion,Structure / characterization,0.012457936424849861,0.5091109414630769,0.2784526500129659,1050,60,catalyst_key,out_of_fold_heldout_rows
morph_hc_is_flower_urchin_dendrite,Flower Urchin Dendrite,random_forest,Random forest,num__xps_text_energy_max_ev,XPS BE max,Structure / characterization,0.010660798187168696,0.6413588412698412,0.06998666961634913,1050,60,catalyst_key,out_of_fold_heldout_rows
morph_hc_is_flower_urchin_dendrite,Flower Urchin Dendrite,random_forest,Random forest,num__xps_text_energy_min_ev,XPS BE min,Structure / characterization,0.01014856990615483,0.08847346660829807,-0.12135430997253774,1050,60,catalyst_key,out_of_fold_heldout_rows
morph_hc_is_flower_urchin_dendrite,Flower Urchin Dendrite,random_forest,Random forest,num__synth_current_density,synth current density,Synthesis,0.01008257655897429,-0.00122779365079365,-0.2536513689181301,1050,60,catalyst_key,out_of_fold_heldout_rows
morph_hc_is_flower_urchin_dendrite,Flower Urchin Dendrite,random_forest,Random forest,num__synth_has_electrodeposition,synth has electrodeposition,Synthesis,0.008850455197723973,0.12571428571428572,0.5303319123888944,1050,60,catalyst_key,out_of_fold_heldout_rows
morph_hc_is_flower_urchin_dendrite,Flower Urchin Dendrite,random_forest,Random forest,num__has_el_fe,FE present,Composition,0.008498341997261228,0.3019047619047619,0.47684275349059435,1050,60,catalyst_key,out_of_fold_heldout_rows
morph_hc_is_flower_urchin_dendrite,Flower Urchin Dendrite,random_forest,Random forest,num__structure_interplanar_spacing,Interplanar spacing,Structure / characterization,0.008488627047096903,0.04709519392440891,-0.12245091144711563,1050,60,catalyst_key,out_of_fold_heldout_rows
morph_hc_is_flower_urchin_dendrite,Flower Urchin Dendrite,random_forest,Random forest,num__metal_mass_loading_mg_cm2,Metal mass loading,Other,0.008247503447121232,0.013527224057662204,0.06330131765784722,1050,60,catalyst_key,out_of_fold_heldout_rows
morph_hc_is_flower_urchin_dendrite,Flower Urchin Dendrite,random_forest,Random forest,num__has_el_mo,MO present,Composition,0.008170687409697555,0.10476190476190476,0.41351334092711656,1050,60,catalyst_key,out_of_fold_heldout_rows
morph_hc_is_flower_urchin_dendrite,Flower Urchin Dendrite,random_forest,Random forest,num__structure_lattice_spacing,Lattice spacing,Structure / characterization,0.0074166675486848745,0.00849898457087494,0.13503494483960393,1050,60,catalyst_key,out_of_fold_heldout_rows
morph_hc_is_flower_urchin_dendrite,Flower Urchin Dendrite,random_forest,Random forest,num__has_el_co,CO present,Composition,0.0070306425569798174,0.26761904761904765,-0.6931062440009096,1050,60,catalyst_key,out_of_fold_heldout_rows
morph_hc_is_flower_urchin_dendrite,Flower Urchin Dendrite,random_forest,Random forest,num__has_el_ru,RU present,Composition,0.006328480434060774,0.08190476190476191,-0.47496257629258126,1050,60,catalyst_key,out_of_fold_heldout_rows
morph_hc_is_flower_urchin_dendrite,Flower Urchin Dendrite,random_forest,Random forest,num__has_el_pt,Pt present,Composition,0.0062290160812916145,0.10380952380952381,-0.5282370960135286,1050,60,catalyst_key,out_of_fold_heldout_rows
morph_hc_is_flower_urchin_dendrite,Flower Urchin Dendrite,random_forest,Random forest,num__has_el_ag,AG present,Composition,0.0062260383939599945,0.007619047619047619,0.1506088533380115,1050,60,catalyst_key,out_of_fold_heldout_rows
morph_hc_is_flower_urchin_dendrite,Flower Urchin Dendrite,random_forest,Random forest,num__has_el_cs,CS present,Composition,0.0060841305408494304,0.0019047619047619048,0.0755209228320609,1050,60,catalyst_key,out_of_fold_heldout_rows
morph_hc_is_flower_urchin_dendrite,Flower Urchin Dendrite,random_forest,Random forest,num__comp_fe,Fe content,Composition,0.006060131217534002,0.005415912498190977,-0.0014892717693455646,1050,60,catalyst_key,out_of_fold_heldout_rows
morph_hc_is_flower_urchin_dendrite,Flower Urchin Dendrite,random_forest,Random forest,num__has_el_h,H present,Composition,0.005459491783663508,0.15047619047619049,-0.35741726302451804,1050,60,catalyst_key,out_of_fold_heldout_rows
morph_hc_is_flower_urchin_dendrite,Flower Urchin Dendrite,random_forest,Random forest,num__support_is_nickel_foam,support is nickel foam,Support,0.0053070331198716725,0.0838095238095238,0.3489221150715615,1050,60,catalyst_key,out_of_fold_heldout_rows
morph_hc_is_flower_urchin_dendrite,Flower Urchin Dendrite,random_forest,Random forest,num__has_el_c,C present,Composition,0.005199499460613903,0.16,-0.41772390149355937,1050,60,catalyst_key,out_of_fold_heldout_rows
morph_hc_is_flower_urchin_dendrite,Flower Urchin Dendrite,random_forest,Random forest,num__synth_has_annealing,synth has annealing,Synthesis,0.004815140043154754,0.07904761904761905,0.3084073654618375,1050,60,catalyst_key,out_of_fold_heldout_rows
morph_hc_is_flower_urchin_dendrite,Flower Urchin Dendrite,random_forest,Random forest,num__has_el_s,S present,Composition,0.004437843630633814,0.1019047619047619,0.23582235903263699,1050,60,catalyst_key,out_of_fold_heldout_rows
morph_hc_is_flower_urchin_dendrite,Flower Urchin Dendrite,random_forest,Random forest,num__has_el_au,AU present,Composition,0.004436529762118773,0.011428571428571429,0.18410303533036132,1050,60,catalyst_key,out_of_fold_heldout_rows
morph_hc_is_flower_urchin_dendrite,Flower Urchin Dendrite,random_forest,Random forest,num__has_el_n,N present,Composition,0.004383167477450843,0.11904761904761904,-0.5609156042527835,1050,60,catalyst_key,out_of_fold_heldout_rows
morph_hc_is_flower_urchin_dendrite,Flower Urchin Dendrite,random_forest,Random forest,num__comp_ni,Ni content,Composition,0.004089940991809608,0.10797309090909094,-0.06436949333758468,1050,60,catalyst_key,out_of_fold_heldout_rows
morph_hc_is_flower_urchin_dendrite,Flower Urchin Dendrite,random_forest,Random forest,num__bet_surface_area_m2_g,BET surface area,Structure / characterization,0.003982045504508901,0.04272999125995739,-0.34670383527475324,1050,60,catalyst_key,out_of_fold_heldout_rows
morph_hc_is_flower_urchin_dendrite,Flower Urchin Dendrite,random_forest,Random forest,num__has_el_p,P present,Composition,0.0038495479727565277,0.10285714285714286,-0.4191258721574704,1050,60,catalyst_key,out_of_fold_heldout_rows
morph_hc_is_flower_urchin_dendrite,Flower Urchin Dendrite,random_forest,Random forest,cat__synth_temperature_text_room temperature,synth temperature text room tempera...,Synthesis,0.0038454314486840203,0.018095238095238095,0.2308754644790891,1050,60,catalyst_key,out_of_fold_heldout_rows
morph_hc_is_flower_urchin_dendrite,Flower Urchin Dendrite,random_forest,Random forest,num__comp_al,al composition,Composition,0.0031810225007246075,0.13206353940323518,-0.033246834383470224,1050,60,catalyst_key,out_of_fold_heldout_rows
morph_hc_is_flower_urchin_dendrite,Flower Urchin Dendrite,random_forest,Random forest,num__has_el_se,SE present,Composition,0.002906285771633232,0.02666666666666667,0.2790461999177564,1050,60,catalyst_key,out_of_fold_heldout_rows
morph_hc_is_flower_urchin_dendrite,Flower Urchin Dendrite,random_forest,Random forest,num__struct_bond_length_angstrom,struct bond length angstrom,Other,0.002798636304673866,0.5737202206969744,0.14706593412810348,1050,60,catalyst_key,out_of_fold_heldout_rows
morph_hc_is_flower_urchin_dendrite,Flower Urchin Dendrite,random_forest,Random forest,num__synth_pressure,synth pressure,Synthesis,0.0027550556726737823,0.006317190476190478,0.19371729361809248,1050,60,catalyst_key,out_of_fold_heldout_rows
morph_hc_is_flower_urchin_dendrite,Flower Urchin Dendrite,random_forest,Random forest,num__xrd_text_peak_std_2theta_deg,xrd text peak std 2theta deg,Structure / characterization,0.0027302318544313612,0.5179309114497801,0.09435428651301248,1050,60,catalyst_key,out_of_fold_heldout_rows
morph_hc_is_flower_urchin_dendrite,Flower Urchin Dendrite,random_forest,Random forest,num__comp_co,co composition,Composition,0.002655533705881157,0.03439815536209095,-0.49784104980789545,1050,60,catalyst_key,out_of_fold_heldout_rows
morph_hc_is_flower_urchin_dendrite,Flower Urchin Dendrite,random_forest,Random forest,num__synth_scan_rate,synth scan rate,Synthesis,0.0025571904561973017,0.4969047619047619,-0.16267729863493227,1050,60,catalyst_key,out_of_fold_heldout_rows
morph_hc_is_flower_urchin_dendrite,Flower Urchin Dendrite,random_forest,Random forest,num__synth_voltage,synth voltage,Synthesis,0.0025278563694062736,0.003102132914704343,0.15160010752280698,1050,60,catalyst_key,out_of_fold_heldout_rows
morph_hc_is_flower_urchin_dendrite,Flower Urchin Dendrite,random_forest,Random forest,num__xrd_text_peak_mean_2theta_deg,xrd text peak mean 2theta deg,Structure / characterization,0.0024727643138112852,0.3499135382548081,0.20074187602406732,1050,60,catalyst_key,out_of_fold_heldout_rows
morph_hc_is_flower_urchin_dendrite,Flower Urchin Dendrite,random_forest,Random forest,num__synth_has_ion_exchange,synth has ion exchange,Synthesis,0.0024142352908588572,0.0380952380952381,0.17587460600610416,1050,60,catalyst_key,out_of_fold_heldout_rows
morph_hc_is_flower_urchin_dendrite,Flower Urchin Dendrite,random_forest,Random forest,num__comp_pt,Pt content,Composition,0.0023427060775989363,0.04261461164021163,0.3041282833773987,1050,60,catalyst_key,out_of_fold_heldout_rows
morph_hc_is_flower_urchin_dendrite,Flower Urchin Dendrite,random_forest,Random forest,cat__synth_temperature_text_room,synth temperature text room,Synthesis,0.0023324671281493405,0.9685714285714285,-0.29544297611441456,1050,60,catalyst_key,out_of_fold_heldout_rows
morph_hc_is_flower_urchin_dendrite,Flower Urchin Dendrite,random_forest,Random forest,num__xrd_filled_first_peak_2theta_deg,xrd filled first peak 2theta deg,Structure / characterization,0.0022801975635062524,0.10982952380952382,-0.1467831231238606,1050,60,catalyst_key,out_of_fold_heldout_rows
morph_hc_is_flower_urchin_dendrite,Flower Urchin Dendrite,random_forest,Random forest,num__comp_ru,ru composition,Composition,0.0022686936970755392,0.02744504314763693,-0.16581275142584198,1050,60,catalyst_key,out_of_fold_heldout_rows
morph_hc_is_flower_urchin_dendrite,Flower Urchin Dendrite,random_forest,Random forest,num__xrd_text_peak_3_2theta_deg,xrd text peak 3 2theta deg,Structure / characterization,0.0022615219745126588,0.3172536682088566,0.05051478145881891,1050,60,catalyst_key,out_of_fold_heldout_rows
morph_hc_is_flower_urchin_dendrite,Flower Urchin Dendrite,random_forest,Random forest,num__xps_co_2p3_2_be_ev_filled,xps co 2p3 2 be eV filled,Structure / characterization,0.002228002029994489,0.9987619656558279,0.0831683801688581,1050,60,catalyst_key,out_of_fold_heldout_rows
morph_hc_is_flower_urchin_dendrite,Flower Urchin Dendrite,random_forest,Random forest,num__has_el_cu,CU present,Composition,0.0021654267606310285,0.07142857142857142,-0.4339933682523112,1050,60,catalyst_key,out_of_fold_heldout_rows
morph_hc_is_flower_urchin_dendrite,Flower Urchin Dendrite,random_forest,Random forest,num__xps_text_has_satellite_peak,xps text has satellite peak,Structure / characterization,0.00213986667703104,0.09238095238095238,-0.3280633789836381,1050,60,catalyst_key,out_of_fold_heldout_rows
morph_hc_is_flower_urchin_dendrite,Flower Urchin Dendrite,random_forest,Random forest,num__has_el_al,AL present,Composition,0.00203077858250255,0.006666666666666667,0.1409492675149499,1050,60,catalyst_key,out_of_fold_heldout_rows
morph_hc_is_flower_urchin_dendrite,Flower Urchin Dendrite,random_forest,Random forest,num__electronic_work_function_ev,electronic work function eV,Other,0.0020206103105522843,0.5819612958708714,-0.21878227456741103,1050,60,catalyst_key,out_of_fold_heldout_rows
morph_hc_is_flower_urchin_dendrite,Flower Urchin Dendrite,random_forest,Random forest,num__xrd_text_peak_max_2theta_deg,xrd text peak max 2theta deg,Structure / characterization,0.0019957555088182858,0.613532275132275,0.7983921759408225,1050,60,catalyst_key,out_of_fold_heldout_rows
morph_hc_is_flower_urchin_dendrite,Flower Urchin Dendrite,random_forest,Random forest,num__xrd_text_peak_2_2theta_deg,xrd text peak 2 2theta deg,Structure / characterization,0.001992847650715304,0.14589808362369344,-0.5563719352842725,1050,60,catalyst_key,out_of_fold_heldout_rows
morph_hc_is_flower_urchin_dendrite,Flower Urchin Dendrite,random_forest,Random forest,num__xps_text_co_2p3_2_be_ev,xps text co 2p3 2 be eV,Structure / characterization,0.001971868752076771,0.9987231762270126,0.09605318083900123,1050,60,catalyst_key,out_of_fold_heldout_rows
morph_hc_is_flower_urchin_dendrite,Flower Urchin Dendrite,random_forest,Random forest,num__xrd_text_peak_5_2theta_deg,xrd text peak 5 2theta deg,Structure / characterization,0.001971611758906493,0.5707349355625218,0.26816341431702234,1050,60,catalyst_key,out_of_fold_heldout_rows
morph_hc_is_flower_urchin_dendrite,Flower Urchin Dendrite,random_forest,Random forest,num__synth_pH,synth pH,Synthesis,0.001960876797202743,0.4846455782312925,0.011802876224883938,1050,60,catalyst_key,out_of_fold_heldout_rows
morph_hc_is_flower_urchin_dendrite,Flower Urchin Dendrite,random_forest,Random forest,num__has_el_ir,Ir present,Composition,0.0019015443440434498,0.04,-0.33941150565257444,1050,60,catalyst_key,out_of_fold_heldout_rows
morph_hc_is_flower_urchin_dendrite,Flower Urchin Dendrite,random_forest,Random forest,num__synth_potential,synth potential,Synthesis,0.0018647192713889082,-0.0036941746031746037,-0.24442040998985812,1050,60,catalyst_key,out_of_fold_heldout_rows
morph_hc_is_flower_urchin_dendrite,Flower Urchin Dendrite,random_forest,Random forest,num__pore_size_nm,pore size nm,Structure / characterization,0.0018359962789075237,0.04238834891929155,-0.23281158006351058,1050,60,catalyst_key,out_of_fold_heldout_rows
morph_hc_is_flower_urchin_dendrite,Flower Urchin Dendrite,random_forest,Random forest,cat__support_class_text_iron_foam,support class text iron foam,Support,0.0017161811226289593,0.006666666666666667,0.1160452057296759,1050,60,catalyst_key,out_of_fold_heldout_rows
morph_hc_is_flower_urchin_dendrite,Flower Urchin Dendrite,random_forest,Random forest,num__comp_mo,mo composition,Composition,0.0017140806896640856,1.726787368574914,0.24934949453157518,1050,60,catalyst_key,out_of_fold_heldout_rows
morph_hc_is_flower_urchin_dendrite,Flower Urchin Dendrite,random_forest,Random forest,cat__support_class_text_nickel_foam,support class text nickel foam,Support,0.0017011943125756022,0.9571428571428572,0.24233005905256352,1050,60,catalyst_key,out_of_fold_heldout_rows
morph_hc_is_flower_urchin_dendrite,Flower Urchin Dendrite,random_forest,Random forest,num__xrd_text_peak_span_2theta_deg,xrd text peak span 2theta deg,Structure / characterization,0.001583745985850398,0.6134054722290524,0.5294348432697307,1050,60,catalyst_key,out_of_fold_heldout_rows
morph_hc_is_flower_urchin_dendrite,Flower Urchin Dendrite,random_forest,Random forest,num__has_el_w,W present,Composition,0.0015441289085513414,0.049523809523809526,-0.21070160612271965,1050,60,catalyst_key,out_of_fold_heldout_rows
morph_hc_is_flower_urchin_dendrite,Flower Urchin Dendrite,random_forest,Random forest,num__xrd_text_peak_min_2theta_deg,xrd text peak min 2theta deg,Structure / characterization,0.0015268403722767355,0.08627724867724867,-0.10113836415817776,1050,60,catalyst_key,out_of_fold_heldout_rows
morph_hc_is_flower_urchin_dendrite,Flower Urchin Dendrite,random_forest,Random forest,num__xps_text_ni_2p_be_ev,xps text ni 2p be eV,Structure / characterization,0.0014553930378624457,0.9829178030303027,0.25131043485048815,1050,60,catalyst_key,out_of_fold_heldout_rows
morph_hc_is_flower_urchin_dendrite,Flower Urchin Dendrite,random_forest,Random forest,num__has_el_ti,TI present,Composition,0.0013924200878972664,0.029523809523809525,0.11591279437513421,1050,60,catalyst_key,out_of_fold_heldout_rows
morph_hc_is_flower_urchin_dendrite,Flower Urchin Dendrite,random_forest,Random forest,num__xrd_text_peak_1_2theta_deg,xrd text peak 1 2theta deg,Structure / characterization,0.0013790778005983394,0.08627724867724867,-0.13358157741178198,1050,60,catalyst_key,out_of_fold_heldout_rows
morph_hc_is_flower_urchin_dendrite,Flower Urchin Dendrite,random_forest,Random forest,num__pore_volume_cm3_g,pore volume cm3 g,Structure / characterization,0.0013643070764931108,0.1094433643097643,-0.11762806490145776,1050,60,catalyst_key,out_of_fold_heldout_rows
morph_hc_is_flower_urchin_dendrite,Flower Urchin Dendrite,random_forest,Random forest,num__struct_coordination_number,struct coordination number,Other,0.0013509520689901073,0.4581194219826296,-0.5564569147985418,1050,60,catalyst_key,out_of_fold_heldout_rows
morph_hc_is_flower_urchin_dendrite,Flower Urchin Dendrite,random_forest,Random forest,num__synth_has_calcination,synth has calcination,Synthesis,0.0013458232390331007,0.05523809523809524,-0.3612923945516994,1050,60,catalyst_key,out_of_fold_heldout_rows
morph_hc_is_flower_urchin_dendrite,Flower Urchin Dendrite,random_forest,Random forest,num__synth_cycles,synth cycles,Synthesis,0.0012312552216303056,0.009352774327122155,0.18483574803370648,1050,60,catalyst_key,out_of_fold_heldout_rows
morph_hc_is_flower_urchin_dendrite,Flower Urchin Dendrite,random_forest,Random forest,num__support_is_iron_foam,support is iron foam,Support,0.0012192380503868625,0.008571428571428572,0.12418633178969826,1050,60,catalyst_key,out_of_fold_heldout_rows
morph_hc_is_flower_urchin_dendrite,Flower Urchin Dendrite,random_forest,Random forest,num__xps_co_2p1_2_be_ev_filled,xps co 2p1 2 be eV filled,Structure / characterization,0.001184287977370144,0.996067219519372,0.31373136965399206,1050,60,catalyst_key,out_of_fold_heldout_rows
morph_hc_is_flower_urchin_dendrite,Flower Urchin Dendrite,random_forest,Random forest,num__has_el_ce,CE present,Composition,0.0010709099357382756,0.021904761904761906,-0.2535249985237515,1050,60,catalyst_key,out_of_fold_heldout_rows
morph_hc_is_flower_urchin_dendrite,Flower Urchin Dendrite,random_forest,Random forest,num__xrd_text_peak_count,xrd text peak count,Structure / characterization,0.0009961797838822278,0.2455207537560479,0.031729759912133046,1050,60,catalyst_key,out_of_fold_heldout_rows
morph_hc_is_flower_urchin_dendrite,Flower Urchin Dendrite,random_forest,Random forest,num__xps_text_co_2p_be_ev,xps text co 2p be eV,Structure / characterization,0.0009770265941176476,0.9875390953873715,0.07475683205905449,1050,60,catalyst_key,out_of_fold_heldout_rows
morph_hc_is_flower_urchin_dendrite,Flower Urchin Dendrite,random_forest,Random forest,num__xrd_text_peak_4_2theta_deg,xrd text peak 4 2theta deg,Structure / characterization,0.000922427014215642,0.5341074846917543,-0.008696304195366492,1050,60,catalyst_key,out_of_fold_heldout_rows
morph_hc_is_flower_urchin_dendrite,Flower Urchin Dendrite,random_forest,Random forest,num__xps_text_has_binding_energy_shift,XPS BE shift,Structure / characterization,0.000920986090083169,0.024761904761904763,0.26915862589546097,1050,60,catalyst_key,out_of_fold_heldout_rows
morph_hc_is_flower_urchin_dendrite,Flower Urchin Dendrite,random_forest,Random forest,num__synth_has_pyrolysis,synth has pyrolysis,Synthesis,0.0009010845851961177,0.0380952380952381,-0.33156015317996307,1050,60,catalyst_key,out_of_fold_heldout_rows
morph_hc_is_flower_urchin_dendrite,Flower Urchin Dendrite,random_forest,Random forest,num__synth_has_ultrasonication,synth has ultrasonication,Synthesis,0.0008895315826881866,0.03333333333333333,-0.23643380832882616,1050,60,catalyst_key,out_of_fold_heldout_rows
morph_hc_is_flower_urchin_dendrite,Flower Urchin Dendrite,random_forest,Random forest,num__synth_has_drop_casting,synth has drop casting,Synthesis,0.0008586973553155689,0.002857142857142857,0.09244972387759562,1050,60,catalyst_key,out_of_fold_heldout_rows
morph_hc_is_flower_urchin_dendrite,Flower Urchin Dendrite,random_forest,Random forest,num__xps_text_fe_2p_be_ev,xps text fe 2p be eV,Structure / characterization,0.0008131882321578847,0.9795012393998698,0.07743932450205254,1050,60,catalyst_key,out_of_fold_heldout_rows
morph_hc_is_flower_urchin_dendrite,Flower Urchin Dendrite,random_forest,Random forest,num__has_el_os,OS present,Composition,0.0007868324708431507,0.004761904761904762,0.11923803147646753,1050,60,catalyst_key,out_of_fold_heldout_rows
morph_hc_is_flower_urchin_dendrite,Flower Urchin Dendrite,random_forest,Random forest,num__has_el_b,B present,Composition,0.0007767837800885247,0.023809523809523808,-0.26406058803999194,1050,60,catalyst_key,out_of_fold_heldout_rows
morph_hc_is_flower_urchin_dendrite,Flower Urchin Dendrite,random_forest,Random forest,num__xps_text_co_2p1_2_be_ev,xps text co 2p1 2 be eV,Structure / characterization,0.0007667161640522018,0.9956786908913381,0.10324691482261776,1050,60,catalyst_key,out_of_fold_heldout_rows
morph_hc_is_flower_urchin_dendrite,Flower Urchin Dendrite,random_forest,Random forest,num__xrd_text_has_peak_8_0_2theta,xrd text has peak 8 0 2theta,Structure / characterization,0.0006781295847850783,0.011428571428571429,0.18410303580746742,1050,60,catalyst_key,out_of_fold_heldout_rows
morph_hc_is_flower_urchin_dendrite,Flower Urchin Dendrite,random_forest,Random forest,num__has_el_pd,PD present,Composition,0.000658699896381293,0.023809523809523808,0.1177117696460811,1050,60,catalyst_key,out_of_fold_heldout_rows
morph_hc_is_flower_urchin_dendrite,Flower Urchin Dendrite,random_forest,Random forest,num__has_el_na,NA present,Composition,0.0006512632340287729,0.0038095238095238095,0.1067014941775813,1050,60,catalyst_key,out_of_fold_heldout_rows
morph_hc_is_flower_urchin_dendrite,Flower Urchin Dendrite,random_forest,Random forest,num__xps_text_mo_3d_be_ev,xps text mo 3d be eV,Structure / characterization,0.0006429286009879316,0.9927299552299553,0.4005015468229195,1050,60,catalyst_key,out_of_fold_heldout_rows
morph_hc_is_flower_urchin_dendrite,Flower Urchin Dendrite,random_forest,Random forest,num__has_el_mn,MN present,Composition,0.0006254142544317874,0.03428571428571429,-0.22497926878039237,1050,60,catalyst_key,out_of_fold_heldout_rows
morph_hc_is_flower_urchin_dendrite,Flower Urchin Dendrite,random_forest,Random forest,num__xrd_filled_low_angle_peak_2theta_deg,xrd filled low angle peak 2theta deg,Structure / characterization,0.0005832469397471019,0.40606772486772497,-0.3075228935163144,1050,60,catalyst_key,out_of_fold_heldout_rows
morph_hc_is_flower_urchin_dendrite,Flower Urchin Dendrite,random_forest,Random forest,cat__synth_temperature_text_ambient,synth temperature text ambient,Synthesis,0.0005418498845855562,0.002857142857142857,0.09244972411718061,1050,60,catalyst_key,out_of_fold_heldout_rows
morph_hc_is_flower_urchin_dendrite,Flower Urchin Dendrite,random_forest,Random forest,num__synth_has_solvothermal,synth has solvothermal,Synthesis,0.0005301447830943472,0.021904761904761906,-0.25352499918076576,1050,60,catalyst_key,out_of_fold_heldout_rows
morph_hc_is_flower_urchin_dendrite,Flower Urchin Dendrite,random_forest,Random forest,num__has_el_cr,CR present,Composition,0.0005211240892397739,0.02095238095238095,-0.24807302747240487,1050,60,catalyst_key,out_of_fold_heldout_rows
morph_hc_is_flower_urchin_dendrite,Flower Urchin Dendrite,random_forest,Random forest,num__comp_ir,ir composition,Composition,0.0004925840305345853,0.14431921957671956,0.040183149021578615,1050,60,catalyst_key,out_of_fold_heldout_rows
morph_hc_is_flower_urchin_dendrite,Flower Urchin Dendrite,random_forest,Random forest,num__xps_ni_2p1_2_be_ev_filled,xps ni 2p1 2 be eV filled,Structure / characterization,0.00048653360016576153,0.9919359307359307,0.653455030564853,1050,60,catalyst_key,out_of_fold_heldout_rows
morph_hc_is_flower_urchin_dendrite,Flower Urchin Dendrite,random_forest,Random forest,num__comp_mn,mn composition,Composition,0.0004790575829695697,0.0025343312949805395,0.26407149554747844,1050,60,catalyst_key,out_of_fold_heldout_rows
morph_hc_is_flower_urchin_dendrite,Flower Urchin Dendrite,random_forest,Random forest,num__xps_ni_2p3_2_be_ev_filled,xps ni 2p3 2 be eV filled,Structure / characterization,0.00046641456674824535,0.9938588735005461,-0.044812446316992265,1050,60,catalyst_key,out_of_fold_heldout_rows
morph_hc_is_flower_urchin_dendrite,Flower Urchin Dendrite,random_forest,Random forest,num__comp_se,se composition,Composition,0.00045837877997276065,4.8109127349681286e-05,0.6789210028041823,425,24,catalyst_key,out_of_fold_heldout_rows
morph_hc_is_flower_urchin_dendrite,Flower Urchin Dendrite,random_forest,Random forest,num__xrd_text_has_peak_5_0_2theta,xrd text has peak 5 0 2theta,Structure / characterization,0.0004469084313407755,0.017142857142857144,0.22482663032576758,1050,60,catalyst_key,out_of_fold_heldout_rows
morph_hc_is_flower_urchin_dendrite,Flower Urchin Dendrite,random_forest,Random forest,num__xps_text_ni_2p1_2_be_ev,xps text ni 2p1 2 be eV,Structure / characterization,0.0004220312773568224,0.991684523809524,0.33977519269057177,1050,60,catalyst_key,out_of_fold_heldout_rows
morph_hc_is_flower_urchin_dendrite,Flower Urchin Dendrite,random_forest,Random forest,num__xps_o_1s_be_ev_filled,xps o 1s be eV filled,Structure / characterization,0.0004133167134697471,0.9963240418118468,-0.34937284344795544,1050,60,catalyst_key,out_of_fold_heldout_rows
morph_hc_is_flower_urchin_dendrite,Flower Urchin Dendrite,random_forest,Random forest,num__xps_text_ni_2p3_2_be_ev,xps text ni 2p3 2 be eV,Structure / characterization,0.000392662176723275,0.9944968515973315,-0.0866770554311279,1050,60,catalyst_key,out_of_fold_heldout_rows
morph_hc_is_flower_urchin_dendrite,Flower Urchin Dendrite,random_forest,Random forest,num__xrd_text_low_angle_peak_2theta_deg,xrd text low angle peak 2theta deg,Structure / characterization,0.00039073935840598694,0.4041396825396826,-0.2850710705599461,1050,60,catalyst_key,out_of_fold_heldout_rows
morph_hc_is_flower_urchin_dendrite,Flower Urchin Dendrite,random_forest,Random forest,num__electronic_d_band_center_ev,electronic d band center eV,Other,0.00037533362807453156,-0.37427324790879857,0.4660640906040646,1050,60,catalyst_key,out_of_fold_heldout_rows
morph_hc_is_flower_urchin_dendrite,Flower Urchin Dendrite,random_forest,Random forest,num__xps_text_o_1s_be_ev,xps text o 1s be eV,Structure / characterization,0.0003693898890274039,0.9964206200303761,0.1429479595857808,1050,60,catalyst_key,out_of_fold_heldout_rows
morph_hc_is_flower_urchin_dendrite,Flower Urchin Dendrite,random_forest,Random forest,num__xps_fe_2p1_2_be_ev_filled,xps fe 2p1 2 be eV filled,Structure / characterization,0.0003615358513034031,0.9962663575358116,0.11756248453713497,1050,60,catalyst_key,out_of_fold_heldout_rows
morph_hc_is_flower_urchin_dendrite,Flower Urchin Dendrite,random_forest,Random forest,num__has_el_li,LI present,Composition,0.00034950056618797415,0.006666666666666667,0.14094926861076704,1050,60,catalyst_key,out_of_fold_heldout_rows
morph_hc_is_flower_urchin_dendrite,Flower Urchin Dendrite,random_forest,Random forest,num__support_is_glassy_carbon,support is glassy carbon,Support,0.00034803279686560515,0.0019047619047619048,0.0755266165925054,1050,60,catalyst_key,out_of_fold_heldout_rows
morph_hc_is_flower_urchin_dendrite,Flower Urchin Dendrite,random_forest,Random forest,num__has_el_sn,SN present,Composition,0.00033582154364006063,0.017142857142857144,0.018178811396401776,1050,60,catalyst_key,out_of_fold_heldout_rows
morph_hc_is_flower_urchin_dendrite,Flower Urchin Dendrite,random_forest,Random forest,num__has_el_rh,RH present,Composition,0.0003333801107857842,0.007619047619047619,0.11295664117442468,1050,60,catalyst_key,out_of_fold_heldout_rows
morph_hc_is_flower_urchin_dendrite,Flower Urchin Dendrite,random_forest,Random forest,num__has_el_v,V present,Composition,0.0003326420344744378,0.023809523809523808,-0.26406058803999194,1050,60,catalyst_key,out_of_fold_heldout_rows
morph_hc_is_flower_urchin_dendrite,Flower Urchin Dendrite,random_forest,Random forest,num__xps_text_o_1s_generic_be_ev,xps text o 1s generic be eV,Structure / characterization,0.00032095788067114264,0.9964206200303761,-0.24957121498270005,1050,60,catalyst_key,out_of_fold_heldout_rows
morph_hc_is_flower_urchin_dendrite,Flower Urchin Dendrite,random_forest,Random forest,num__comp_pd,pd composition,Composition,0.0003199709883740996,0.04697598306878307,-0.24377354943080218,1050,60,catalyst_key,out_of_fold_heldout_rows
morph_hc_is_flower_urchin_dendrite,Flower Urchin Dendrite,random_forest,Random forest,num__has_el_as,As present,Composition,0.00031500161448874486,0.013333333333333334,0.07218357246602566,1050,60,catalyst_key,out_of_fold_heldout_rows
morph_hc_is_flower_urchin_dendrite,Flower Urchin Dendrite,random_forest,Random forest,num__has_el_zn,ZN present,Composition,0.0003087919900311889,0.01619047619047619,-0.2154362700290939,1050,60,catalyst_key,out_of_fold_heldout_rows
morph_hc_is_flower_urchin_dendrite,Flower Urchin Dendrite,random_forest,Random forest,num__comp_ni:fe,ni:fe composition,Composition,0.0003036121465569619,0.3697671957671957,0.3007258758017031,1050,60,catalyst_key,out_of_fold_heldout_rows
morph_hc_is_flower_urchin_dendrite,Flower Urchin Dendrite,random_forest,Random forest,num__xps_fe_2p3_2_be_ev_filled,xps fe 2p3 2 be eV filled,Structure / characterization,0.0002949117877212656,0.9953787545787544,-0.2681098215848115,1050,60,catalyst_key,out_of_fold_heldout_rows
morph_hc_is_flower_urchin_dendrite,Flower Urchin Dendrite,random_forest,Random forest,num__xps_text_fe_2p3_2_be_ev,xps text fe 2p3 2 be eV,Structure / characterization,0.00029061251006925993,0.9951122211122209,0.04691526687717773,1050,60,catalyst_key,out_of_fold_heldout_rows
morph_hc_is_flower_urchin_dendrite,Flower Urchin Dendrite,random_forest,Random forest,num__has_el_ts,TS present,Composition,0.00029043005706374646,0.002857142857142857,0.09244972363801061,1050,60,catalyst_key,out_of_fold_heldout_rows
morph_hc_is_flower_urchin_dendrite,Flower Urchin Dendrite,random_forest,Random forest,cat__support_class_text_glassy_carbon,support class text glassy carbon,Support,0.0002644347883276244,0.0019047619047619048,0.07552096217055075,1050,60,catalyst_key,out_of_fold_heldout_rows
morph_hc_is_flower_urchin_dendrite,Flower Urchin Dendrite,random_forest,Random forest,num__xrd_text_has_peak_50_0_2theta,xrd text has peak 50 0 2theta,Structure / characterization,0.00025660398326410815,0.017142857142857144,0.07612831117645866,1050,60,catalyst_key,out_of_fold_heldout_rows
morph_hc_is_flower_urchin_dendrite,Flower Urchin Dendrite,random_forest,Random forest,num__xrd_peak_003_2theta_deg,xrd peak 003 2theta deg,Structure / characterization,0.00023440697269230083,0.10965957560247386,0.17536923398807025,1050,60,catalyst_key,out_of_fold_heldout_rows
morph_hc_is_flower_urchin_dendrite,Flower Urchin Dendrite,random_forest,Random forest,num__xrd_text_has_peak_7_0_2theta,xrd text has peak 7 0 2theta,Structure / characterization,0.00023204975165064295,0.018095238095238095,0.12732388968736158,1050,60,catalyst_key,out_of_fold_heldout_rows
morph_hc_is_flower_urchin_dendrite,Flower Urchin Dendrite,random_forest,Random forest,num__struct_roughness_factor,struct roughness factor,Other,0.00021290035988000652,0.0017346043240780086,-0.4477244010594442,1050,60,catalyst_key,out_of_fold_heldout_rows
morph_hc_is_flower_urchin_dendrite,Flower Urchin Dendrite,random_forest,Random forest,num__has_el_la,LA present,Composition,0.0002072127030616323,0.005714285714285714,0.05010490492193791,1050,60,catalyst_key,out_of_fold_heldout_rows
morph_hc_is_flower_urchin_dendrite,Flower Urchin Dendrite,random_forest,Random forest,num__support_is_carbon_cloth,support is carbon cloth,Support,0.00020281719402246947,0.010476190476190476,-0.0574769626301457,1050,60,catalyst_key,out_of_fold_heldout_rows
morph_hc_is_flower_urchin_dendrite,Flower Urchin Dendrite,random_forest,Random forest,num__xps_text_fe_2p1_2_be_ev,xps text fe 2p1 2 be eV,Structure / characterization,0.00019210823909064897,0.9965675976652797,-0.45436894071239126,1050,60,catalyst_key,out_of_fold_heldout_rows
morph_hc_is_flower_urchin_dendrite,Flower Urchin Dendrite,random_forest,Random forest,cat__support_class_text_carbon_cloth,support class text carbon cloth,Support,0.00018788575093203486,0.010476190476190476,-0.0717034752596744,1050,60,catalyst_key,out_of_fold_heldout_rows
morph_hc_is_flower_urchin_dendrite,Flower Urchin Dendrite,random_forest,Random forest,num__xps_ni_2p3_2_be_ev,xps ni 2p3 2 be eV,Structure / characterization,0.00018727982722425938,0.9982296996598841,0.10974385133907158,1050,60,catalyst_key,out_of_fold_heldout_rows
morph_hc_is_flower_urchin_dendrite,Flower Urchin Dendrite,random_forest,Random forest,num__has_el_cl,CL present,Composition,0.00017342227637589093,0.01904761904761905,-0.23675832892107987,1050,60,catalyst_key,out_of_fold_heldout_rows
morph_hc_is_flower_urchin_dendrite,Flower Urchin Dendrite,random_forest,Random forest,num__comp_o,o composition,Composition,0.00017143305343318005,0.11174531433219818,0.011165352305018115,1050,60,catalyst_key,out_of_fold_heldout_rows
morph_hc_is_flower_urchin_dendrite,Flower Urchin Dendrite,random_forest,Random forest,num__xrd_text_has_peak_6_0_2theta,xrd text has peak 6 0 2theta,Structure / characterization,0.00016339410601343618,0.022857142857142857,-0.14628734836985668,1050,60,catalyst_key,out_of_fold_heldout_rows
morph_hc_is_flower_urchin_dendrite,Flower Urchin Dendrite,random_forest,Random forest,cat__synth_time_text_several hours,synth time text several hours,Synthesis,0.00015229991072626716,0.002857142857142857,0.0924497265130307,1050,60,catalyst_key,out_of_fold_heldout_rows
morph_hc_is_flower_urchin_dendrite,Flower Urchin Dendrite,random_forest,Random forest,num__comp_zn,zn composition,Composition,0.0001424487603580411,0.04938151149846112,-0.6405741619658928,1050,60,catalyst_key,out_of_fold_heldout_rows
morph_hc_is_flower_urchin_dendrite,Flower Urchin Dendrite,random_forest,Random forest,cat__support_class_text_copper_foam,support class text copper foam,Support,0.00014187634946528235,0.005714285714285714,0.0055857381961218425,1050,60,catalyst_key,out_of_fold_heldout_rows
morph_hc_is_flower_urchin_dendrite,Flower Urchin Dendrite,random_forest,Random forest,num__xrd_text_has_peak_9_0_2theta,xrd text has peak 9 0 2theta,Structure / characterization,0.0001357432828247187,0.023809523809523808,-0.24953081778229816,1050,60,catalyst_key,out_of_fold_heldout_rows
morph_hc_is_flower_urchin_dendrite,Flower Urchin Dendrite,random_forest,Random forest,num__xrd_first_peak_2theta_deg,xrd first peak 2theta deg,Structure / characterization,0.0001247331261232389,0.3703100844733498,-0.24013552285359496,1050,60,catalyst_key,out_of_fold_heldout_rows
morph_hc_is_flower_urchin_dendrite,Flower Urchin Dendrite,random_forest,Random forest,num__comp_v,v composition,Composition,0.00012434479247336249,0.37227778321812605,0.39961548899600025,1050,60,catalyst_key,out_of_fold_heldout_rows
morph_hc_is_flower_urchin_dendrite,Flower Urchin Dendrite,random_forest,Random forest,num__support_is_copper_foam,support is copper foam,Support,0.0001231748930887333,0.007619047619047619,0.07530442764476913,1050,60,catalyst_key,out_of_fold_heldout_rows
morph_hc_is_flower_urchin_dendrite,Flower Urchin Dendrite,random_forest,Random forest,cat__support_class_text_carbon_paper,support class text carbon paper,Support,0.00011637518303018627,0.009523809523809525,-0.005014373530122056,1050,60,catalyst_key,out_of_fold_heldout_rows
morph_hc_is_flower_urchin_dendrite,Flower Urchin Dendrite,random_forest,Random forest,num__support_is_carbon_paper,support is carbon paper,Support,0.00011388698061632471,0.011428571428571429,-0.1832457801815174,1050,60,catalyst_key,out_of_fold_heldout_rows
morph_hc_is_flower_urchin_dendrite,Flower Urchin Dendrite,random_forest,Random forest,num__electronic_band_gap_ev,electronic band gap eV,Other,0.00011258638100042119,0.7054047619047621,-0.16404075862912565,1050,60,catalyst_key,out_of_fold_heldout_rows
morph_hc_is_flower_urchin_dendrite,Flower Urchin Dendrite,random_forest,Random forest,num__xrd_text_has_peak_45_0_2theta,xrd text has peak 45 0 2theta,Structure / characterization,0.0001081792979092546,0.005714285714285714,0.13055625587174877,1050,60,catalyst_key,out_of_fold_heldout_rows
morph_hc_is_flower_urchin_dendrite,Flower Urchin Dendrite,random_forest,Random forest,num__comp_rh,rh composition,Composition,0.0001062706235472985,0.1253750278585174,-0.06627204713401287,1050,60,catalyst_key,out_of_fold_heldout_rows
morph_hc_is_flower_urchin_dendrite,Flower Urchin Dendrite,random_forest,Random forest,num__comp_w,w composition,Composition,8.245879319090958e-05,0.4149426315395196,0.3157734947128073,1050,60,catalyst_key,out_of_fold_heldout_rows
morph_hc_is_flower_urchin_dendrite,Flower Urchin Dendrite,random_forest,Random forest,num__metal_loading_wt_pct,metal loading wt pct,Other,7.951867270275287e-05,0.11071268936764982,0.011397709250452415,1050,60,catalyst_key,out_of_fold_heldout_rows
morph_hc_is_flower_urchin_dendrite,Flower Urchin Dendrite,random_forest,Random forest,num__xrd_text_has_peak_52_0_2theta,xrd text has peak 52 0 2theta,Structure / characterization,7.931764200798727e-05,0.002857142857142857,0.035467034689052025,1050,60,catalyst_key,out_of_fold_heldout_rows
morph_hc_is_flower_urchin_dendrite,Flower Urchin Dendrite,random_forest,Random forest,num__comp_cu,cu composition,Composition,7.698148044742743e-05,0.11038305728309737,0.04750387252960759,1050,60,catalyst_key,out_of_fold_heldout_rows
morph_hc_is_flower_urchin_dendrite,Flower Urchin Dendrite,random_forest,Random forest,num__xrd_text_has_peak_49_0_2theta,xrd text has peak 49 0 2theta,Structure / characterization,7.650329856058788e-05,0.004761904761904762,-0.023208628934419225,1050,60,catalyst_key,out_of_fold_heldout_rows
morph_hc_is_flower_urchin_dendrite,Flower Urchin Dendrite,random_forest,Random forest,num__comp_p,p composition,Composition,6.995840524124832e-05,0.06588803302015982,-0.07213557523186512,1050,60,catalyst_key,out_of_fold_heldout_rows
morph_hc_is_flower_urchin_dendrite,Flower Urchin Dendrite,random_forest,Random forest,num__synth_has_galvanic_replacement,synth has galvanic replacement,Synthesis,6.726413397755995e-05,0.010476190476190476,-0.11280914820294513,1050,60,catalyst_key,out_of_fold_heldout_rows
morph_hc_is_flower_urchin_dendrite,Flower Urchin Dendrite,random_forest,Random forest,num__synth_has_sputtering,synth has sputtering,Synthesis,6.718117456401261e-05,0.006666666666666667,-0.023070042030251692,1050,60,catalyst_key,out_of_fold_heldout_rows
morph_hc_is_flower_urchin_dendrite,Flower Urchin Dendrite,random_forest,Random forest,num__xrd_text_peak_6_2theta_deg,xrd text peak 6 2theta deg,Structure / characterization,6.424506619561383e-05,0.7604105090311989,0.645541956734301,1050,60,catalyst_key,out_of_fold_heldout_rows
morph_hc_is_flower_urchin_dendrite,Flower Urchin Dendrite,random_forest,Random forest,num__has_el_sr,SR present,Composition,6.244027051993067e-05,0.009523809523809525,-0.1682241455442199,1050,60,catalyst_key,out_of_fold_heldout_rows
morph_hc_is_flower_urchin_dendrite,Flower Urchin Dendrite,random_forest,Random forest,num__comp_cr,cr composition,Composition,5.781370731846152e-05,0.12648936462192945,-0.34291691724381873,1050,60,catalyst_key,out_of_fold_heldout_rows
morph_hc_is_flower_urchin_dendrite,Flower Urchin Dendrite,random_forest,Random forest,num__has_el_k,K present,Composition,4.44594244986195e-05,0.007619047619047619,-0.1506088576313705,1050,60,catalyst_key,out_of_fold_heldout_rows
morph_hc_is_flower_urchin_dendrite,Flower Urchin Dendrite,random_forest,Random forest,cat__synth_time_text_overnight,synth time text overnight,Synthesis,3.755869360104322e-05,0.9923809523809524,0.08123049689969154,1050,60,catalyst_key,out_of_fold_heldout_rows
morph_hc_is_flower_urchin_dendrite,Flower Urchin Dendrite,random_forest,Random forest,num__has_el_i,I present,Composition,3.7408802910638486e-05,0.009523809523809525,-0.16822414336444147,1050,60,catalyst_key,out_of_fold_heldout_rows
morph_hc_is_flower_urchin_dendrite,Flower Urchin Dendrite,random_forest,Random forest,num__xps_text_cu_2p_be_ev,xps text cu 2p be eV,Structure / characterization,3.58558309113836e-05,0.999516934046346,0.4891903230059814,1050,60,catalyst_key,out_of_fold_heldout_rows
morph_hc_is_flower_urchin_dendrite,Flower Urchin Dendrite,random_forest,Random forest,cat__support_class_text_iron_foam | nickel_foam,support class text iron foam | nick...,Support,3.383251168116015e-05,0.0019047619047619048,-0.07552092498491197,1050,60,catalyst_key,out_of_fold_heldout_rows
morph_hc_is_flower_urchin_dendrite,Flower Urchin Dendrite,random_forest,Random forest,num__comp_s,s composition,Composition,3.170842592631508e-05,0.0838144263612618,-0.3428176582044489,1050,60,catalyst_key,out_of_fold_heldout_rows
morph_hc_is_flower_urchin_dendrite,Flower Urchin Dendrite,random_forest,Random forest,num__has_el_si,SI present,Composition,2.8414298423951304e-05,0.008571428571428572,-0.15966814335516508,1050,60,catalyst_key,out_of_fold_heldout_rows
morph_hc_is_flower_urchin_dendrite,Flower Urchin Dendrite,random_forest,Random forest,num__synth_has_spray_coating,synth has spray coating,Synthesis,2.5814343216616837e-05,0.005714285714285714,-0.13055620951933572,1050,60,catalyst_key,out_of_fold_heldout_rows
morph_hc_is_flower_urchin_dendrite,Flower Urchin Dendrite,random_forest,Random forest,num__comp_fe/ni,fe/ni composition,Composition,2.4749994072429834e-05,0.057736720554272515,,425,24,catalyst_key,out_of_fold_heldout_rows
morph_hc_is_flower_urchin_dendrite,Flower Urchin Dendrite,random_forest,Random forest,num__comp_n,n composition,Composition,2.112119149457792e-05,0.12283163440923664,0.6575401557971203,1050,60,catalyst_key,out_of_fold_heldout_rows
morph_hc_is_flower_urchin_dendrite,Flower Urchin Dendrite,random_forest,Random forest,num__has_el_bi,BI present,Composition,1.8871669090306712e-05,0.0038095238095238095,-0.10670075531704463,1050,60,catalyst_key,out_of_fold_heldout_rows
morph_hc_is_flower_urchin_dendrite,Flower Urchin Dendrite,random_forest,Random forest,num__has_el_pr,PR present,Composition,1.7440347767929508e-05,0.005714285714285714,-0.13055624504490335,1050,60,catalyst_key,out_of_fold_heldout_rows
morph_hc_is_flower_urchin_dendrite,Flower Urchin Dendrite,random_forest,Random forest,cat__synth_temperature_text_infrequent_sklearn,synth temperature text infrequent s...,Synthesis,1.7176859774543562e-05,0.0009523809523809524,-0.053426832619856104,1050,60,catalyst_key,out_of_fold_heldout_rows
morph_hc_is_flower_urchin_dendrite,Flower Urchin Dendrite,random_forest,Random forest,num__electronic_bader_charge_e,electronic bader charge e,Other,1.639589055310653e-05,0.12852767251905184,0.10510200280582166,1050,60,catalyst_key,out_of_fold_heldout_rows
morph_hc_is_flower_urchin_dendrite,Flower Urchin Dendrite,random_forest,Random forest,cat__synth_temperature_text_high,synth temperature text high,Synthesis,1.430865654217462e-05,0.0019047619047619048,-0.07552092987775605,1050,60,catalyst_key,out_of_fold_heldout_rows
morph_hc_is_flower_urchin_dendrite,Flower Urchin Dendrite,random_forest,Random forest,num__has_el_u,U present,Composition,1.4258566093584414e-05,0.0015313935681470138,-0.0677285979578283,653,37,catalyst_key,out_of_fold_heldout_rows
morph_hc_is_flower_urchin_dendrite,Flower Urchin Dendrite,random_forest,Random forest,num__xps_co_2p1_2_be_ev,xps co 2p1 2 be eV,Structure / characterization,1.3849161330204254e-05,0.9976443177948635,-0.6427199945438988,1050,60,catalyst_key,out_of_fold_heldout_rows
morph_hc_is_flower_urchin_dendrite,Flower Urchin Dendrite,random_forest,Random forest,num__comp_c,c composition,Composition,1.305793271662431e-05,0.10519168056053861,0.009828645523771716,1050,60,catalyst_key,out_of_fold_heldout_rows
morph_hc_is_flower_urchin_dendrite,Flower Urchin Dendrite,random_forest,Random forest,num__comp_si,si composition,Composition,1.2979054910703142e-05,0.05053564317005176,0.4909551705820398,837,50,catalyst_key,out_of_fold_heldout_rows
morph_hc_is_flower_urchin_dendrite,Flower Urchin Dendrite,random_forest,Random forest,num__support_is_metal_mesh,support is metal mesh,Support,1.2556136491081797e-05,0.0019047619047619048,-0.07552092948632849,1050,60,catalyst_key,out_of_fold_heldout_rows
morph_hc_is_flower_urchin_dendrite,Flower Urchin Dendrite,random_forest,Random forest,cat__support_class_text_metal_mesh,support class text metal mesh,Support,1.2467971445189162e-05,0.0019047619047619048,-0.07552092850775963,1050,60,catalyst_key,out_of_fold_heldout_rows
morph_hc_is_flower_urchin_dendrite,Flower Urchin Dendrite,random_forest,Random forest,num__has_el_ba,BA present,Composition,1.1920037433809844e-05,0.004761904761904762,-0.1192380694843888,1050,60,catalyst_key,out_of_fold_heldout_rows
morph_hc_is_flower_urchin_dendrite,Flower Urchin Dendrite,random_forest,Random forest,num__comp_ni/fe,ni/fe composition,Composition,1.146214844622909e-05,0.3158037966281694,-0.20171528302639155,837,50,catalyst_key,out_of_fold_heldout_rows
morph_hc_is_flower_urchin_dendrite,Flower Urchin Dendrite,random_forest,Random forest,cat__synth_time_text_25 or 60,synth time text 25 or 60,Synthesis,1.1419728557871908e-05,0.0009523809523809524,-0.05343057106206466,1050,60,catalyst_key,out_of_fold_heldout_rows
morph_hc_is_flower_urchin_dendrite,Flower Urchin Dendrite,random_forest,Random forest,num__xrd_text_has_peak_26_0_2theta,xrd text has peak 26 0 2theta,Structure / characterization,1.123856547422665e-05,0.005714285714285714,-0.1306054165321555,1050,60,catalyst_key,out_of_fold_heldout_rows
morph_hc_is_flower_urchin_dendrite,Flower Urchin Dendrite,random_forest,Random forest,num__pore_diameter_nm,pore diameter nm,Structure / characterization,1.0658275877976171e-05,0.18159084755914942,0.3178125066278966,1050,60,catalyst_key,out_of_fold_heldout_rows
morph_hc_is_flower_urchin_dendrite,Flower Urchin Dendrite,random_forest,Random forest,num__has_el_br,BR present,Composition,9.941623138547418e-06,0.0,,212,14,catalyst_key,out_of_fold_heldout_rows
morph_hc_is_flower_urchin_dendrite,Flower Urchin Dendrite,random_forest,Random forest,num__has_el_te,TE present,Composition,9.197550528279987e-06,0.004761904761904762,-0.11923815415257175,1050,60,catalyst_key,out_of_fold_heldout_rows
morph_hc_is_flower_urchin_dendrite,Flower Urchin Dendrite,random_forest,Random forest,num__has_el_ds,DS present,Composition,9.130324173032985e-06,0.0,,212,14,catalyst_key,out_of_fold_heldout_rows
morph_hc_is_flower_urchin_dendrite,Flower Urchin Dendrite,random_forest,Random forest,num__xps_text_pt_4f_be_ev,xps text pt 4f be eV,Structure / characterization,7.74577268976879e-06,0.9351825663357566,-0.2379173034572941,1050,60,catalyst_key,out_of_fold_heldout_rows
morph_hc_is_flower_urchin_dendrite,Flower Urchin Dendrite,random_forest,Random forest,num__comp_ce,ce composition,Composition,6.779648341891657e-06,0.003068616283661059,-0.5173956111508521,1050,60,catalyst_key,out_of_fold_heldout_rows
morph_hc_is_flower_urchin_dendrite,Flower Urchin Dendrite,random_forest,Random forest,num__synth_has_sol_gel,synth has sol gel,Synthesis,6.75187038459637e-06,0.006666666666666667,-0.1409493591984042,1050,60,catalyst_key,out_of_fold_heldout_rows
morph_hc_is_flower_urchin_dendrite,Flower Urchin Dendrite,random_forest,Random forest,num__has_el_mg,MG present,Composition,6.652247509902005e-06,0.002857142857142857,-0.09248699228470976,1050,60,catalyst_key,out_of_fold_heldout_rows
morph_hc_is_flower_urchin_dendrite,Flower Urchin Dendrite,random_forest,Random forest,num__has_el_cd,CD present,Composition,6.5654760487740725e-06,0.0019047619047619048,-0.07552097802339239,1050,60,catalyst_key,out_of_fold_heldout_rows
morph_hc_is_flower_urchin_dendrite,Flower Urchin Dendrite,random_forest,Random forest,num__has_el_nb,NB present,Composition,6.5474530724461945e-06,0.002857142857142857,-0.09244976724251068,1050,60,catalyst_key,out_of_fold_heldout_rows
morph_hc_is_flower_urchin_dendrite,Flower Urchin Dendrite,random_forest,Random forest,cat__synth_temperature_text_RT,synth temperature text RT,Synthesis,6.193049876478991e-06,0.0019047619047619048,-0.07552196522495203,1050,60,catalyst_key,out_of_fold_heldout_rows
morph_hc_is_flower_urchin_dendrite,Flower Urchin Dendrite,random_forest,Random forest,num__xps_pt_4f5_2_be_ev_filled,xps pt 4f5 2 be eV filled,Structure / characterization,5.715449666005646e-06,0.9963333333333331,,419,23,catalyst_key,out_of_fold_heldout_rows
morph_hc_is_flower_urchin_dendrite,Flower Urchin Dendrite,random_forest,Random forest,num__struct_surface_roughness_nm,struct surface roughness nm,Other,5.581350830446918e-06,0.0037091085818341833,0.49502798371044265,1050,60,catalyst_key,out_of_fold_heldout_rows
morph_hc_is_flower_urchin_dendrite,Flower Urchin Dendrite,random_forest,Random forest,cat__synth_temperature_text_different,synth temperature text different,Synthesis,5.437920156336517e-06,0.0009523809523809524,-0.05342891720517001,1050,60,catalyst_key,out_of_fold_heldout_rows
morph_hc_is_flower_urchin_dendrite,Flower Urchin Dendrite,random_forest,Random forest,num__xps_co_2p3_2_be_ev,xps co 2p3 2 be eV,Structure / characterization,5.337153378669489e-06,0.9977848756370449,-0.8256880399071923,1050,60,catalyst_key,out_of_fold_heldout_rows
morph_hc_is_flower_urchin_dendrite,Flower Urchin Dendrite,random_forest,Random forest,num__has_el_y,Y present,Composition,4.659642605272565e-06,0.0038095238095238095,-0.10670093892466698,1050,60,catalyst_key,out_of_fold_heldout_rows
morph_hc_is_flower_urchin_dendrite,Flower Urchin Dendrite,random_forest,Random forest,cat__support_class_text_copper_foam | nickel_foam,support class text copper foam | ni...,Support,4.53055606482478e-06,0.0019047619047619048,-0.075521409381088,1050,60,catalyst_key,out_of_fold_heldout_rows
morph_hc_is_flower_urchin_dendrite,Flower Urchin Dendrite,random_forest,Random forest,cat__synth_time_text_several,synth time text several,Synthesis,4.5288862034793774e-06,0.0009523809523809524,-0.05342966068090698,1050,60,catalyst_key,out_of_fold_heldout_rows
morph_hc_is_flower_urchin_dendrite,Flower Urchin Dendrite,random_forest,Random forest,num__xps_text_pt_4f5_2_be_ev,xps text pt 4f5 2 be eV,Structure / characterization,4.3272288028985435e-06,0.9963333333333331,,419,23,catalyst_key,out_of_fold_heldout_rows
morph_hc_is_flower_urchin_dendrite,Flower Urchin Dendrite,random_forest,Random forest,cat__support_class_text_carbon_paper | nickel_foam,support class text carbon paper | n...,Support,4.267544586904031e-06,0.0019047619047619048,-0.07572167709469811,1050,60,catalyst_key,out_of_fold_heldout_rows
morph_hc_is_flower_urchin_dendrite,Flower Urchin Dendrite,random_forest,Random forest,num__synth_has_molten_salt,synth has molten salt,Synthesis,4.184827497822933e-06,0.0019047619047619048,-0.0755211026936185,1050,60,catalyst_key,out_of_fold_heldout_rows
morph_hc_is_flower_urchin_dendrite,Flower Urchin Dendrite,random_forest,Random forest,cat__synth_temperature_text_varied by particle size | varied,synth temperature text varied by pa...,Synthesis,4.101647676703626e-06,0.0,,609,37,catalyst_key,out_of_fold_heldout_rows
morph_hc_is_flower_urchin_dendrite,Flower Urchin Dendrite,random_forest,Random forest,cat__synth_time_text_infrequent_sklearn,synth time text infrequent sklearn,Synthesis,4.016412502135954e-06,0.0,,1050,60,catalyst_key,out_of_fold_heldout_rows
morph_hc_is_flower_urchin_dendrite,Flower Urchin Dendrite,random_forest,Random forest,num__has_el_sb,SB present,Composition,3.711422065736356e-06,0.0,,631,37,catalyst_key,out_of_fold_heldout_rows
morph_hc_is_flower_urchin_dendrite,Flower Urchin Dendrite,random_forest,Random forest,num__comp_cl,cl composition,Composition,3.585926074969681e-06,0.05385660568142319,-0.3076852181901983,822,47,catalyst_key,out_of_fold_heldout_rows
morph_hc_is_flower_urchin_dendrite,Flower Urchin Dendrite,random_forest,Random forest,num__comp_sr,sr composition,Composition,3.44919145627719e-06,0.7451732673267326,0.09910570080766398,404,20,catalyst_key,out_of_fold_heldout_rows
morph_hc_is_flower_urchin_dendrite,Flower Urchin Dendrite,random_forest,Random forest,num__has_el_re,RE present,Composition,3.1354152449648035e-06,0.0012165450121654502,-0.06042108662686296,822,47,catalyst_key,out_of_fold_heldout_rows
morph_hc_is_flower_urchin_dendrite,Flower Urchin Dendrite,random_forest,Random forest,cat__synth_temperature_text_low,synth temperature text low,Synthesis,2.7246662847164747e-06,0.0009523809523809524,-0.05342756313158107,1050,60,catalyst_key,out_of_fold_heldout_rows
morph_hc_is_flower_urchin_dendrite,Flower Urchin Dendrite,random_forest,Random forest,cat__support_class_text_fto,support class text fto,Support,2.4341160824703e-06,0.0009523809523809524,-0.054932010821870624,1050,60,catalyst_key,out_of_fold_heldout_rows
morph_hc_is_flower_urchin_dendrite,Flower Urchin Dendrite,random_forest,Random forest,num__has_el_ta,TA present,Composition,2.3269462360769086e-06,0.002857142857142857,-0.0924501117681478,1050,60,catalyst_key,out_of_fold_heldout_rows
morph_hc_is_flower_urchin_dendrite,Flower Urchin Dendrite,random_forest,Random forest,num__comp_y,y composition,Composition,1.9331761388257267e-06,0.028678678678678692,,191,10,catalyst_key,out_of_fold_heldout_rows
morph_hc_is_flower_urchin_dendrite,Flower Urchin Dendrite,random_forest,Random forest,num__xps_pt_4f7_2_be_ev_filled,xps pt 4f7 2 be eV filled,Structure / characterization,1.7050331590190554e-06,0.9909281228192602,,419,23,catalyst_key,out_of_fold_heldout_rows
morph_hc_is_flower_urchin_dendrite,Flower Urchin Dendrite,random_forest,Random forest,num__has_el_eu,EU present,Composition,1.6878530876317864e-06,0.0,,434,26,catalyst_key,out_of_fold_heldout_rows
morph_hc_is_flower_urchin_dendrite,Flower Urchin Dendrite,random_forest,Random forest,num__has_el_nd,ND present,Composition,1.6814872069255898e-06,0.0,,213,10,catalyst_key,out_of_fold_heldout_rows
morph_hc_is_flower_urchin_dendrite,Flower Urchin Dendrite,random_forest,Random forest,num__xps_text_pt_4f7_2_be_ev,xps text pt 4f7 2 be eV,Structure / characterization,1.5533940323865784e-06,0.9909281228192602,,419,23,catalyst_key,out_of_fold_heldout_rows
morph_hc_is_flower_urchin_dendrite,Flower Urchin Dendrite,random_forest,Random forest,cat__synth_temperature_text_<273,synth temperature text <273,Synthesis,1.1123846455026872e-06,0.0,,647,36,catalyst_key,out_of_fold_heldout_rows
morph_hc_is_flower_urchin_dendrite,Flower Urchin Dendrite,random_forest,Random forest,cat__synth_time_text_6-24,synth time text 6-24,Synthesis,9.138193260661459e-07,0.0,,610,33,catalyst_key,out_of_fold_heldout_rows
morph_hc_is_flower_urchin_dendrite,Flower Urchin Dendrite,random_forest,Random forest,num__electronic_fermi_level_ev,electronic fermi level eV,Other,4.521310333901564e-07,-0.00018510469122714023,0.03538282164972783,1050,60,catalyst_key,out_of_fold_heldout_rows
morph_hc_is_flower_urchin_dendrite,Flower Urchin Dendrite,random_forest,Random forest,cat__synth_temperature_text_thousands,synth temperature text thousands,Synthesis,2.6540840482575233e-07,0.0,,610,33,catalyst_key,out_of_fold_heldout_rows
morph_hc_is_flower_urchin_dendrite,Flower Urchin Dendrite,random_forest,Random forest,cat__support_class_text_infrequent_sklearn,support class text infrequent sklearn,Support,1.866555283790123e-07,0.0,,1050,60,catalyst_key,out_of_fold_heldout_rows
morph_hc_is_flower_urchin_dendrite,Flower Urchin Dendrite,random_forest,Random forest,cat__support_class_text_ito,support class text ito,Support,0.0,0.0,,647,36,catalyst_key,out_of_fold_heldout_rows
morph_hc_is_flower_urchin_dendrite,Flower Urchin Dendrite,random_forest,Random forest,cat__synth_time_text_3-48 | overnight,synth time text 3-48 | overnight,Synthesis,0.0,0.0,,631,37,catalyst_key,out_of_fold_heldout_rows
morph_hc_is_generic_nanostructure,Generic Nanostructure,random_forest,Random forest,num__xps_text_energy_std_ev,XPS BE dispersion,Structure / characterization,0.01884453355504371,0.5065767125841422,0.20769367634902708,1050,303,catalyst_key,out_of_fold_heldout_rows
morph_hc_is_generic_nanostructure,Generic Nanostructure,random_forest,Random forest,num__synth_time_h,Synthesis time,Synthesis,0.017592015643199472,0.007282476064499873,-0.4112620055548488,1050,303,catalyst_key,out_of_fold_heldout_rows
morph_hc_is_generic_nanostructure,Generic Nanostructure,random_forest,Random forest,num__has_el_pt,Pt present,Composition,0.016375063498584336,0.0980952380952381,-0.5151873426005925,1050,303,catalyst_key,out_of_fold_heldout_rows
morph_hc_is_generic_nanostructure,Generic Nanostructure,random_forest,Random forest,num__xps_text_energy_mean_ev,XPS BE mean,Structure / characterization,0.013437219469554581,0.4315978939224157,0.03726353690635255,1050,303,catalyst_key,out_of_fold_heldout_rows
morph_hc_is_generic_nanostructure,Generic Nanostructure,random_forest,Random forest,num__xps_text_energy_max_ev,XPS BE max,Structure / characterization,0.013161465413312739,0.6433692857142856,0.11337223565015285,1050,303,catalyst_key,out_of_fold_heldout_rows
morph_hc_is_generic_nanostructure,Generic Nanostructure,random_forest,Random forest,num__synth_step_count,Synthesis step count,Synthesis,0.013103535846236086,0.13530612244897958,0.679318700408635,1050,303,catalyst_key,out_of_fold_heldout_rows
morph_hc_is_generic_nanostructure,Generic Nanostructure,random_forest,Random forest,num__xps_text_peak_count,XPS peak count,Structure / characterization,0.012895081597091285,0.08217932217932218,-0.00832154137118185,1050,303,catalyst_key,out_of_fold_heldout_rows
morph_hc_is_generic_nanostructure,Generic Nanostructure,random_forest,Random forest,num__active_element_count,Active element count,Composition,0.01232536214463237,0.28155844155844156,0.3716202637641536,1050,303,catalyst_key,out_of_fold_heldout_rows
morph_hc_is_generic_nanostructure,Generic Nanostructure,random_forest,Random forest,num__xps_text_energy_min_ev,XPS BE min,Structure / characterization,0.011626873060280717,0.09772294372294373,-0.07017362634647455,1050,303,catalyst_key,out_of_fold_heldout_rows
morph_hc_is_generic_nanostructure,Generic Nanostructure,random_forest,Random forest,num__has_el_mo,MO present,Composition,0.011013328188956943,0.10666666666666667,0.5215959016067061,1050,303,catalyst_key,out_of_fold_heldout_rows
morph_hc_is_generic_nanostructure,Generic Nanostructure,random_forest,Random forest,num__synth_temperature_c,Synthesis temperature,Synthesis,0.008466784825911679,0.10835888080722485,-0.13298843004968053,1050,303,catalyst_key,out_of_fold_heldout_rows
morph_hc_is_generic_nanostructure,Generic Nanostructure,random_forest,Random forest,num__metal_mass_loading_mg_cm2,Metal mass loading,Other,0.0076745853023653405,0.011940725367137802,0.17699743927106387,1050,303,catalyst_key,out_of_fold_heldout_rows
morph_hc_is_generic_nanostructure,Generic Nanostructure,random_forest,Random forest,num__has_el_s,S present,Composition,0.007280315753781582,0.11333333333333333,0.5459081663496601,1050,303,catalyst_key,out_of_fold_heldout_rows
morph_hc_is_generic_nanostructure,Generic Nanostructure,random_forest,Random forest,num__structure_interplanar_spacing,Interplanar spacing,Structure / characterization,0.007019489145684008,0.045286946141451144,0.12622363451852905,1050,303,catalyst_key,out_of_fold_heldout_rows
morph_hc_is_generic_nanostructure,Generic Nanostructure,random_forest,Random forest,num__bet_surface_area_m2_g,BET surface area,Structure / characterization,0.006990041091010042,0.041261025804683146,-0.017579688213738596,1050,303,catalyst_key,out_of_fold_heldout_rows
morph_hc_is_generic_nanostructure,Generic Nanostructure,random_forest,Random forest,num__synth_has_hydrothermal,Hydrothermal route,Synthesis,0.005875444188116944,0.13904761904761906,0.5450416496389455,1050,303,catalyst_key,out_of_fold_heldout_rows
morph_hc_is_generic_nanostructure,Generic Nanostructure,random_forest,Random forest,num__structure_lattice_spacing,Lattice spacing,Structure / characterization,0.0058659841509564525,0.009901355329479482,-0.10113433966992305,1050,303,catalyst_key,out_of_fold_heldout_rows
morph_hc_is_generic_nanostructure,Generic Nanostructure,random_forest,Random forest,num__support_is_nickel_foam,support is nickel foam,Support,0.005217657009548792,0.07238095238095238,-0.44880517631078914,1050,303,catalyst_key,out_of_fold_heldout_rows
morph_hc_is_generic_nanostructure,Generic Nanostructure,random_forest,Random forest,num__has_el_cu,CU present,Composition,0.004995353052590458,0.07714285714285714,-0.46182462426436427,1050,303,catalyst_key,out_of_fold_heldout_rows
morph_hc_is_generic_nanostructure,Generic Nanostructure,random_forest,Random forest,num__has_el_o,O present,Composition,0.00474539884266964,0.38285714285714284,0.6240341304674862,1050,303,catalyst_key,out_of_fold_heldout_rows
morph_hc_is_generic_nanostructure,Generic Nanostructure,random_forest,Random forest,num__has_el_ni,NI present,Composition,0.004578161280996097,0.5095238095238095,-0.43352678005938267,1050,303,catalyst_key,out_of_fold_heldout_rows
morph_hc_is_generic_nanostructure,Generic Nanostructure,random_forest,Random forest,num__has_el_n,N present,Composition,0.004474554031636369,0.1180952380952381,0.5135211143759703,1050,303,catalyst_key,out_of_fold_heldout_rows
morph_hc_is_generic_nanostructure,Generic Nanostructure,random_forest,Random forest,num__has_el_fe,FE present,Composition,0.004354343525541565,0.30952380952380953,0.45365520547151544,1050,303,catalyst_key,out_of_fold_heldout_rows
morph_hc_is_generic_nanostructure,Generic Nanostructure,random_forest,Random forest,num__comp_fe,Fe content,Composition,0.004176870610861243,0.005459081613927442,0.0618392251254047,1050,303,catalyst_key,out_of_fold_heldout_rows
morph_hc_is_generic_nanostructure,Generic Nanostructure,random_forest,Random forest,num__comp_ni,Ni content,Composition,0.00393861027855495,0.109881129841587,0.1376938654407104,1050,303,catalyst_key,out_of_fold_heldout_rows
morph_hc_is_generic_nanostructure,Generic Nanostructure,random_forest,Random forest,num__comp_mo,mo composition,Composition,0.0038483702819919483,1.7284227579189289,0.4512971252593506,1050,303,catalyst_key,out_of_fold_heldout_rows
morph_hc_is_generic_nanostructure,Generic Nanostructure,random_forest,Random forest,num__has_el_p,P present,Composition,0.0037163793368763425,0.11428571428571428,0.43665567652716664,1050,303,catalyst_key,out_of_fold_heldout_rows
morph_hc_is_generic_nanostructure,Generic Nanostructure,random_forest,Random forest,num__pore_size_nm,pore size nm,Structure / characterization,0.0034601788183284397,0.04690692438894192,-0.18203890269970904,1050,303,catalyst_key,out_of_fold_heldout_rows
morph_hc_is_generic_nanostructure,Generic Nanostructure,random_forest,Random forest,num__has_el_c,C present,Composition,0.003377040714188336,0.17142857142857143,-0.620375321335748,1050,303,catalyst_key,out_of_fold_heldout_rows
morph_hc_is_generic_nanostructure,Generic Nanostructure,random_forest,Random forest,num__has_el_h,H present,Composition,0.0033178953820902296,0.18,0.27701515571798196,1050,303,catalyst_key,out_of_fold_heldout_rows
morph_hc_is_generic_nanostructure,Generic Nanostructure,random_forest,Random forest,num__synth_has_annealing,synth has annealing,Synthesis,0.0032318277967436134,0.08,0.22109519305862504,1050,303,catalyst_key,out_of_fold_heldout_rows
morph_hc_is_generic_nanostructure,Generic Nanostructure,random_forest,Random forest,num__has_el_co,CO present,Composition,0.0031177580873182516,0.26666666666666666,-0.29200300476832286,1050,303,catalyst_key,out_of_fold_heldout_rows
morph_hc_is_generic_nanostructure,Generic Nanostructure,random_forest,Random forest,num__has_el_w,W present,Composition,0.003063698265672506,0.05047619047619047,0.3395783410825667,1050,303,catalyst_key,out_of_fold_heldout_rows
morph_hc_is_generic_nanostructure,Generic Nanostructure,random_forest,Random forest,num__xrd_filled_first_peak_2theta_deg,xrd filled first peak 2theta deg,Structure / characterization,0.0030118388059559116,0.10516264550264551,-0.2697644022842286,1050,303,catalyst_key,out_of_fold_heldout_rows
morph_hc_is_generic_nanostructure,Generic Nanostructure,random_forest,Random forest,cat__support_class_text_nickel_foam,support class text nickel foam,Support,0.002931529663062603,0.9333333333333333,0.4318732861486237,1050,303,catalyst_key,out_of_fold_heldout_rows
morph_hc_is_generic_nanostructure,Generic Nanostructure,random_forest,Random forest,num__xps_text_has_satellite_peak,xps text has satellite peak,Structure / characterization,0.0028760447352395623,0.07523809523809524,0.3095705447496653,1050,303,catalyst_key,out_of_fold_heldout_rows
morph_hc_is_generic_nanostructure,Generic Nanostructure,random_forest,Random forest,num__comp_ru,ru composition,Composition,0.0026257495592266885,0.028070082719457524,0.027416306894866797,1050,303,catalyst_key,out_of_fold_heldout_rows
morph_hc_is_generic_nanostructure,Generic Nanostructure,random_forest,Random forest,num__synth_has_calcination,synth has calcination,Synthesis,0.0025224109254033426,0.05333333333333334,0.3483976878329899,1050,303,catalyst_key,out_of_fold_heldout_rows
morph_hc_is_generic_nanostructure,Generic Nanostructure,random_forest,Random forest,num__synth_has_electrodeposition,synth has electrodeposition,Synthesis,0.0025137397474181014,0.12285714285714286,-0.44536350622594895,1050,303,catalyst_key,out_of_fold_heldout_rows
morph_hc_is_generic_nanostructure,Generic Nanostructure,random_forest,Random forest,num__has_el_ru,RU present,Composition,0.0024053053205066147,0.10476190476190476,-0.2937807461714693,1050,303,catalyst_key,out_of_fold_heldout_rows
morph_hc_is_generic_nanostructure,Generic Nanostructure,random_forest,Random forest,num__synth_has_galvanic_replacement,synth has galvanic replacement,Synthesis,0.002335581785835743,0.009523809523809525,0.1682241150273296,1050,303,catalyst_key,out_of_fold_heldout_rows
morph_hc_is_generic_nanostructure,Generic Nanostructure,random_forest,Random forest,num__synth_current_density,synth current density,Synthesis,0.0022699108407657764,0.0032818849206349204,0.2940591841072934,1050,303,catalyst_key,out_of_fold_heldout_rows
morph_hc_is_generic_nanostructure,Generic Nanostructure,random_forest,Random forest,num__xrd_text_peak_2_2theta_deg,xrd text peak 2 2theta deg,Structure / characterization,0.002162762379405207,0.14288124274099887,-0.06186184703014745,1050,303,catalyst_key,out_of_fold_heldout_rows
morph_hc_is_generic_nanostructure,Generic Nanostructure,random_forest,Random forest,num__xrd_text_peak_3_2theta_deg,xrd text peak 3 2theta deg,Structure / characterization,0.0020355706487223788,0.31544395555975197,-0.2115644084799554,1050,303,catalyst_key,out_of_fold_heldout_rows
morph_hc_is_generic_nanostructure,Generic Nanostructure,random_forest,Random forest,num__xrd_text_peak_std_2theta_deg,xrd text peak std 2theta deg,Structure / characterization,0.002004728593229171,0.5224496379079563,0.027578463206735192,1050,303,catalyst_key,out_of_fold_heldout_rows
morph_hc_is_generic_nanostructure,Generic Nanostructure,random_forest,Random forest,num__xrd_text_peak_span_2theta_deg,xrd text peak span 2theta deg,Structure / characterization,0.001918215568207241,0.6136799306067809,-0.1793053328445412,1050,303,catalyst_key,out_of_fold_heldout_rows
morph_hc_is_generic_nanostructure,Generic Nanostructure,random_forest,Random forest,num__synth_has_pyrolysis,synth has pyrolysis,Synthesis,0.0018778218230477723,0.039047619047619046,-0.3210116792552227,1050,303,catalyst_key,out_of_fold_heldout_rows
morph_hc_is_generic_nanostructure,Generic Nanostructure,random_forest,Random forest,num__has_el_ti,TI present,Composition,0.001687315380122854,0.039047619047619046,-0.3195356143345676,1050,303,catalyst_key,out_of_fold_heldout_rows
morph_hc_is_generic_nanostructure,Generic Nanostructure,random_forest,Random forest,num__comp_pt,Pt content,Composition,0.0016776197134901636,0.04193656137566137,-0.3205617484396002,1050,303,catalyst_key,out_of_fold_heldout_rows
morph_hc_is_generic_nanostructure,Generic Nanostructure,random_forest,Random forest,num__synth_has_ultrasonication,synth has ultrasonication,Synthesis,0.0016349146838887934,0.03428571428571429,-0.30940040844593647,1050,303,catalyst_key,out_of_fold_heldout_rows
morph_hc_is_generic_nanostructure,Generic Nanostructure,random_forest,Random forest,num__has_el_zn,ZN present,Composition,0.0015885862958223106,0.022857142857142857,-0.2588516179568897,1050,303,catalyst_key,out_of_fold_heldout_rows
morph_hc_is_generic_nanostructure,Generic Nanostructure,random_forest,Random forest,num__synth_pH,synth pH,Synthesis,0.0015483572263724277,0.4818537414965986,-0.038336059710821664,1050,303,catalyst_key,out_of_fold_heldout_rows
morph_hc_is_generic_nanostructure,Generic Nanostructure,random_forest,Random forest,num__electronic_band_gap_ev,electronic band gap eV,Other,0.0015466643120811137,0.705013259775455,-0.2559981966533548,1050,303,catalyst_key,out_of_fold_heldout_rows
morph_hc_is_generic_nanostructure,Generic Nanostructure,random_forest,Random forest,num__synth_has_solvothermal,synth has solvothermal,Synthesis,0.0013945176800293478,0.023809523809523808,-0.26406054766527437,1050,303,catalyst_key,out_of_fold_heldout_rows
morph_hc_is_generic_nanostructure,Generic Nanostructure,random_forest,Random forest,num__has_el_b,B present,Composition,0.001392456749919032,0.03142857142857143,-0.30043136115504104,1050,303,catalyst_key,out_of_fold_heldout_rows
morph_hc_is_generic_nanostructure,Generic Nanostructure,random_forest,Random forest,num__has_el_sr,SR present,Composition,0.0013896914929289366,0.009523809523809525,0.1657007533019196,1050,303,catalyst_key,out_of_fold_heldout_rows
morph_hc_is_generic_nanostructure,Generic Nanostructure,random_forest,Random forest,num__synth_has_ion_exchange,synth has ion exchange,Synthesis,0.001369526584932329,0.03619047619047619,0.1543903868686436,1050,303,catalyst_key,out_of_fold_heldout_rows
morph_hc_is_generic_nanostructure,Generic Nanostructure,random_forest,Random forest,num__xrd_text_peak_mean_2theta_deg,xrd text peak mean 2theta deg,Structure / characterization,0.0012804899978312804,0.34748812858476724,0.03294308844398268,1050,303,catalyst_key,out_of_fold_heldout_rows
morph_hc_is_generic_nanostructure,Generic Nanostructure,random_forest,Random forest,num__struct_coordination_number,struct coordination number,Other,0.001245308998295451,0.4579903692294529,-0.2095967814899773,1050,303,catalyst_key,out_of_fold_heldout_rows
morph_hc_is_generic_nanostructure,Generic Nanostructure,random_forest,Random forest,num__xps_text_ni_2p_be_ev,xps text ni 2p be eV,Structure / characterization,0.0012339164001696052,0.9829002705627703,-0.19026336947117792,1050,303,catalyst_key,out_of_fold_heldout_rows
morph_hc_is_generic_nanostructure,Generic Nanostructure,random_forest,Random forest,num__has_el_cs,CS present,Composition,0.0012275432143751415,0.002857142857142857,0.0924497095024991,1050,303,catalyst_key,out_of_fold_heldout_rows
morph_hc_is_generic_nanostructure,Generic Nanostructure,random_forest,Random forest,num__xps_text_o_1s_be_ev,xps text o 1s be eV,Structure / characterization,0.0012223363452480043,0.9964319664075763,-0.1116152920458379,1050,303,catalyst_key,out_of_fold_heldout_rows
morph_hc_is_generic_nanostructure,Generic Nanostructure,random_forest,Random forest,num__has_el_pd,PD present,Composition,0.0012214792592368387,0.029523809523809525,-0.291624257761762,1050,303,catalyst_key,out_of_fold_heldout_rows
morph_hc_is_generic_nanostructure,Generic Nanostructure,random_forest,Random forest,num__comp_co,co composition,Composition,0.00120001886675058,0.035604374903387984,-0.19041614765898324,1050,303,catalyst_key,out_of_fold_heldout_rows
morph_hc_is_generic_nanostructure,Generic Nanostructure,random_forest,Random forest,num__metal_loading_wt_pct,metal loading wt pct,Other,0.0011943682039571466,0.10947983437495473,0.03417996829332116,1050,303,catalyst_key,out_of_fold_heldout_rows
morph_hc_is_generic_nanostructure,Generic Nanostructure,random_forest,Random forest,num__synth_potential,synth potential,Synthesis,0.0011835534562302963,-0.0033126825396825404,-0.20689854694273754,1050,303,catalyst_key,out_of_fold_heldout_rows
morph_hc_is_generic_nanostructure,Generic Nanostructure,random_forest,Random forest,num__xps_text_o_1s_generic_be_ev,xps text o 1s generic be eV,Structure / characterization,0.001173246601015111,0.9964319664075763,-0.11600703401151814,1050,303,catalyst_key,out_of_fold_heldout_rows
morph_hc_is_generic_nanostructure,Generic Nanostructure,random_forest,Random forest,num__has_el_ir,Ir present,Composition,0.0011533327348149213,0.035238095238095235,-0.23674259245655802,1050,303,catalyst_key,out_of_fold_heldout_rows
morph_hc_is_generic_nanostructure,Generic Nanostructure,random_forest,Random forest,num__synth_voltage,synth voltage,Synthesis,0.0011481230910438869,0.006114448979591837,0.2977463152673561,1050,303,catalyst_key,out_of_fold_heldout_rows
morph_hc_is_generic_nanostructure,Generic Nanostructure,random_forest,Random forest,num__has_el_se,SE present,Composition,0.0011412226255365396,0.022857142857142857,-0.03265079294079351,1050,303,catalyst_key,out_of_fold_heldout_rows
morph_hc_is_generic_nanostructure,Generic Nanostructure,random_forest,Random forest,num__xrd_text_has_peak_7_0_2theta,xrd text has peak 7 0 2theta,Structure / characterization,0.0011298178387510653,0.017142857142857144,0.22482659536725852,1050,303,catalyst_key,out_of_fold_heldout_rows
morph_hc_is_generic_nanostructure,Generic Nanostructure,random_forest,Random forest,num__xps_text_has_binding_energy_shift,XPS BE shift,Structure / characterization,0.0011253070776738976,0.023809523809523808,-0.011263148433098337,1050,303,catalyst_key,out_of_fold_heldout_rows
morph_hc_is_generic_nanostructure,Generic Nanostructure,random_forest,Random forest,num__xrd_text_peak_max_2theta_deg,xrd text peak max 2theta deg,Structure / characterization,0.001079592321501237,0.6135925925925925,0.4083752163699254,1050,303,catalyst_key,out_of_fold_heldout_rows
morph_hc_is_generic_nanostructure,Generic Nanostructure,random_forest,Random forest,num__comp_o,o composition,Composition,0.0010767377139084937,0.11119261804034619,-0.10516108613980091,1050,303,catalyst_key,out_of_fold_heldout_rows
morph_hc_is_generic_nanostructure,Generic Nanostructure,random_forest,Random forest,num__has_el_mn,MN present,Composition,0.001055671385183021,0.040952380952380955,0.1029353566370802,1050,303,catalyst_key,out_of_fold_heldout_rows
morph_hc_is_generic_nanostructure,Generic Nanostructure,random_forest,Random forest,num__xrd_text_peak_1_2theta_deg,xrd text peak 1 2theta deg,Structure / characterization,0.0010253826312570783,0.08099470899470898,-0.35836959097175924,1050,303,catalyst_key,out_of_fold_heldout_rows
morph_hc_is_generic_nanostructure,Generic Nanostructure,random_forest,Random forest,num__has_el_cl,CL present,Composition,0.0010216944348350211,0.02,-0.21815885631041743,1050,303,catalyst_key,out_of_fold_heldout_rows
morph_hc_is_generic_nanostructure,Generic Nanostructure,random_forest,Random forest,num__xrd_text_peak_min_2theta_deg,xrd text peak min 2theta deg,Structure / characterization,0.001021445088010601,0.08099470899470898,-0.35246046032532774,1050,303,catalyst_key,out_of_fold_heldout_rows
morph_hc_is_generic_nanostructure,Generic Nanostructure,random_forest,Random forest,num__has_el_ce,CE present,Composition,0.0010118594313002671,0.02666666666666667,-0.030463383954936328,1050,303,catalyst_key,out_of_fold_heldout_rows
morph_hc_is_generic_nanostructure,Generic Nanostructure,random_forest,Random forest,num__xps_o_1s_be_ev_filled,xps o 1s be eV filled,Structure / characterization,0.0009837124517586772,0.9963394979004737,-0.2774421564260547,1050,303,catalyst_key,out_of_fold_heldout_rows
morph_hc_is_generic_nanostructure,Generic Nanostructure,random_forest,Random forest,num__has_el_cr,CR present,Composition,0.0009532476129985982,0.02095238095238095,-0.238749411495181,1050,303,catalyst_key,out_of_fold_heldout_rows
morph_hc_is_generic_nanostructure,Generic Nanostructure,random_forest,Random forest,num__xrd_text_peak_count,xrd text peak count,Structure / characterization,0.0009508309023417987,0.25164756811815636,-0.12556571049699097,1050,303,catalyst_key,out_of_fold_heldout_rows
morph_hc_is_generic_nanostructure,Generic Nanostructure,random_forest,Random forest,num__has_el_sn,SN present,Composition,0.0009112831287732107,0.01904761904761905,-0.16262765970430593,1050,303,catalyst_key,out_of_fold_heldout_rows
morph_hc_is_generic_nanostructure,Generic Nanostructure,random_forest,Random forest,num__struct_bond_length_angstrom,struct bond length angstrom,Other,0.0008796178649270205,0.5733076977167678,0.2951374648553413,1050,303,catalyst_key,out_of_fold_heldout_rows
morph_hc_is_generic_nanostructure,Generic Nanostructure,random_forest,Random forest,num__xrd_text_peak_4_2theta_deg,xrd text peak 4 2theta deg,Structure / characterization,0.000878039522157941,0.533231365554961,0.13237142290897996,1050,303,catalyst_key,out_of_fold_heldout_rows
morph_hc_is_generic_nanostructure,Generic Nanostructure,random_forest,Random forest,num__has_el_au,AU present,Composition,0.000791731652136172,0.012380952380952381,-0.18845939067108697,1050,303,catalyst_key,out_of_fold_heldout_rows
morph_hc_is_generic_nanostructure,Generic Nanostructure,random_forest,Random forest,num__has_el_os,OS present,Composition,0.000762007155386276,0.0038095238095238095,0.10670073734345784,1050,303,catalyst_key,out_of_fold_heldout_rows
morph_hc_is_generic_nanostructure,Generic Nanostructure,random_forest,Random forest,num__xps_text_ni_2p3_2_be_ev,xps text ni 2p3 2 be eV,Structure / characterization,0.0007561233121852807,0.9945914897058282,-0.1773855269409565,1050,303,catalyst_key,out_of_fold_heldout_rows
morph_hc_is_generic_nanostructure,Generic Nanostructure,random_forest,Random forest,cat__synth_temperature_text_room,synth temperature text room,Synthesis,0.0007435426971529595,0.9666666666666667,-0.23984703041067315,1050,303,catalyst_key,out_of_fold_heldout_rows
morph_hc_is_generic_nanostructure,Generic Nanostructure,random_forest,Random forest,num__pore_volume_cm3_g,pore volume cm3 g,Structure / characterization,0.0007363557779594634,0.11028585056918389,-0.16349327178423062,1050,303,catalyst_key,out_of_fold_heldout_rows
morph_hc_is_generic_nanostructure,Generic Nanostructure,random_forest,Random forest,num__synth_pressure,synth pressure,Synthesis,0.0007156278456718894,0.003432714317460318,-0.017442938147188822,1050,303,catalyst_key,out_of_fold_heldout_rows
morph_hc_is_generic_nanostructure,Generic Nanostructure,random_forest,Random forest,num__has_el_v,V present,Composition,0.0007106020296463898,0.022857142857142857,-0.2588516179568897,1050,303,catalyst_key,out_of_fold_heldout_rows
morph_hc_is_generic_nanostructure,Generic Nanostructure,random_forest,Random forest,num__comp_ir,ir composition,Composition,0.0007059293149008269,0.14438277943121694,-0.5091913785371046,1050,303,catalyst_key,out_of_fold_heldout_rows
morph_hc_is_generic_nanostructure,Generic Nanostructure,random_forest,Random forest,num__electronic_d_band_center_ev,electronic d band center eV,Other,0.0006693539421154836,-0.3727275634470681,0.5335495947656481,1050,303,catalyst_key,out_of_fold_heldout_rows
morph_hc_is_generic_nanostructure,Generic Nanostructure,random_forest,Random forest,num__has_el_al,AL present,Composition,0.0006393941882222555,0.008571428571428572,0.05346129590488,1050,303,catalyst_key,out_of_fold_heldout_rows
morph_hc_is_generic_nanostructure,Generic Nanostructure,random_forest,Random forest,num__synth_scan_rate,synth scan rate,Synthesis,0.0005977275512708424,0.4974761904761905,-0.10204915216700834,1050,303,catalyst_key,out_of_fold_heldout_rows
morph_hc_is_generic_nanostructure,Generic Nanostructure,random_forest,Random forest,cat__support_class_text_carbon_cloth,support class text carbon cloth,Support,0.0005841231931412942,0.02,-0.22161510484411467,1050,303,catalyst_key,out_of_fold_heldout_rows
morph_hc_is_generic_nanostructure,Generic Nanostructure,random_forest,Random forest,num__comp_p,p composition,Composition,0.0005785461396563473,0.0669289589404154,-0.08575678883162506,1050,303,catalyst_key,out_of_fold_heldout_rows
morph_hc_is_generic_nanostructure,Generic Nanostructure,random_forest,Random forest,num__xrd_text_low_angle_peak_2theta_deg,xrd text low angle peak 2theta deg,Structure / characterization,0.0005612283628780676,0.4021587301587302,0.023245034521977983,1050,303,catalyst_key,out_of_fold_heldout_rows
morph_hc_is_generic_nanostructure,Generic Nanostructure,random_forest,Random forest,cat__synth_temperature_text_<273,synth temperature text <273,Synthesis,0.0005476873356481164,0.0,,635,174,catalyst_key,out_of_fold_heldout_rows
morph_hc_is_generic_nanostructure,Generic Nanostructure,random_forest,Random forest,num__comp_n,n composition,Composition,0.0005336121675282139,0.12314960638723338,-0.4033437378344978,1050,303,catalyst_key,out_of_fold_heldout_rows
morph_hc_is_generic_nanostructure,Generic Nanostructure,random_forest,Random forest,num__has_el_y,Y present,Composition,0.0005241250757869952,0.005714285714285714,0.13055618685065531,1050,303,catalyst_key,out_of_fold_heldout_rows
morph_hc_is_generic_nanostructure,Generic Nanostructure,random_forest,Random forest,num__xrd_text_peak_5_2theta_deg,xrd text peak 5 2theta deg,Structure / characterization,0.000509842342634652,0.5695517241379312,0.5042996621123678,1050,303,catalyst_key,out_of_fold_heldout_rows
morph_hc_is_generic_nanostructure,Generic Nanostructure,random_forest,Random forest,num__synth_cycles,synth cycles,Synthesis,0.000490620586261582,0.005416589497459064,0.8166097848165667,1050,303,catalyst_key,out_of_fold_heldout_rows
morph_hc_is_generic_nanostructure,Generic Nanostructure,random_forest,Random forest,num__struct_roughness_factor,struct roughness factor,Other,0.00048286224432864323,0.000751149372202004,-0.05092214991073228,1050,303,catalyst_key,out_of_fold_heldout_rows
morph_hc_is_generic_nanostructure,Generic Nanostructure,random_forest,Random forest,num__comp_s,s composition,Composition,0.0004693041319703374,0.08411117808586163,-0.6608024934765266,1050,303,catalyst_key,out_of_fold_heldout_rows
morph_hc_is_generic_nanostructure,Generic Nanostructure,random_forest,Random forest,num__synth_has_sputtering,synth has sputtering,Synthesis,0.00044446111002079336,0.005714285714285714,-0.042935144462380254,1050,303,catalyst_key,out_of_fold_heldout_rows
morph_hc_is_generic_nanostructure,Generic Nanostructure,random_forest,Random forest,num__has_el_bi,BI present,Composition,0.00044418929466841044,0.0038095238095238095,-0.10613969140140335,1050,303,catalyst_key,out_of_fold_heldout_rows
morph_hc_is_generic_nanostructure,Generic Nanostructure,random_forest,Random forest,num__comp_mn,mn composition,Composition,0.00043769176696052404,0.0025401820994661564,0.12361191287970921,1050,303,catalyst_key,out_of_fold_heldout_rows
morph_hc_is_generic_nanostructure,Generic Nanostructure,random_forest,Random forest,num__has_el_rh,RH present,Composition,0.00043606636049843566,0.009523809523809525,0.06728964601093183,1050,303,catalyst_key,out_of_fold_heldout_rows
morph_hc_is_generic_nanostructure,Generic Nanostructure,random_forest,Random forest,num__xps_ni_2p3_2_be_ev_filled,xps ni 2p3 2 be eV filled,Structure / characterization,0.00042413516429342616,0.9939572682513742,-0.5098162209272044,1050,303,catalyst_key,out_of_fold_heldout_rows
morph_hc_is_generic_nanostructure,Generic Nanostructure,random_forest,Random forest,num__comp_al,al composition,Composition,0.0004185880619426864,0.1298213240294958,0.05376520807393575,1050,303,catalyst_key,out_of_fold_heldout_rows
morph_hc_is_generic_nanostructure,Generic Nanostructure,random_forest,Random forest,cat__synth_temperature_text_room temperature,synth temperature text room tempera...,Synthesis,0.00040731128514616557,0.013333333333333334,-0.05473349321224648,1050,303,catalyst_key,out_of_fold_heldout_rows
morph_hc_is_generic_nanostructure,Generic Nanostructure,random_forest,Random forest,cat__support_class_text_iron_foam,support class text iron foam,Support,0.0004068505442089671,0.012380952380952381,0.10412505648159791,1050,303,catalyst_key,out_of_fold_heldout_rows
morph_hc_is_generic_nanostructure,Generic Nanostructure,random_forest,Random forest,num__xrd_filled_low_angle_peak_2theta_deg,xrd filled low angle peak 2theta deg,Structure / characterization,0.00039510022120872447,0.4039747543461829,-0.05670881723371456,1050,303,catalyst_key,out_of_fold_heldout_rows
morph_hc_is_generic_nanostructure,Generic Nanostructure,random_forest,Random forest,num__comp_cl,cl composition,Composition,0.00037571075047153937,0.055054047748658526,0.790033776535455,835,248,catalyst_key,out_of_fold_heldout_rows
morph_hc_is_generic_nanostructure,Generic Nanostructure,random_forest,Random forest,num__electronic_work_function_ev,electronic work function eV,Other,0.0003377774628738065,0.587572360560564,0.006483836706115742,1050,303,catalyst_key,out_of_fold_heldout_rows
morph_hc_is_generic_nanostructure,Generic Nanostructure,random_forest,Random forest,num__xrd_text_has_peak_50_0_2theta,xrd text has peak 50 0 2theta,Structure / characterization,0.00033275684808891894,0.009523809523809525,-0.1682241150273296,1050,303,catalyst_key,out_of_fold_heldout_rows
morph_hc_is_generic_nanostructure,Generic Nanostructure,random_forest,Random forest,num__xrd_text_has_peak_9_0_2theta,xrd text has peak 9 0 2theta,Structure / characterization,0.0003301107176527473,0.02095238095238095,-0.04990856483979939,1050,303,catalyst_key,out_of_fold_heldout_rows
morph_hc_is_generic_nanostructure,Generic Nanostructure,random_forest,Random forest,num__xps_co_2p3_2_be_ev_filled,xps co 2p3 2 be eV filled,Structure / characterization,0.0003281526502454734,0.9987558153696262,-0.7950226096139305,1050,303,catalyst_key,out_of_fold_heldout_rows
morph_hc_is_generic_nanostructure,Generic Nanostructure,random_forest,Random forest,cat__support_class_text_carbon_paper,support class text carbon paper,Support,0.0003279084191705018,0.012380952380952381,0.16297155449589434,1050,303,catalyst_key,out_of_fold_heldout_rows
morph_hc_is_generic_nanostructure,Generic Nanostructure,random_forest,Random forest,num__xrd_first_peak_2theta_deg,xrd first peak 2theta deg,Structure / characterization,0.0003144885584660202,0.37320953876055923,0.27640027065540046,1050,303,catalyst_key,out_of_fold_heldout_rows
morph_hc_is_generic_nanostructure,Generic Nanostructure,random_forest,Random forest,num__xps_text_fe_2p_be_ev,xps text fe 2p be eV,Structure / characterization,0.000309251044686757,0.9795392694063929,0.061332122160773016,1050,303,catalyst_key,out_of_fold_heldout_rows
morph_hc_is_generic_nanostructure,Generic Nanostructure,random_forest,Random forest,num__support_is_carbon_cloth,support is carbon cloth,Support,0.0003086179440485454,0.02,-0.07853988145242588,1050,303,catalyst_key,out_of_fold_heldout_rows
morph_hc_is_generic_nanostructure,Generic Nanostructure,random_forest,Random forest,num__xps_text_co_2p_be_ev,xps text co 2p be eV,Structure / characterization,0.00030010053251652006,0.9874649350649352,0.5443544532027029,1050,303,catalyst_key,out_of_fold_heldout_rows
morph_hc_is_generic_nanostructure,Generic Nanostructure,random_forest,Random forest,num__xrd_text_has_peak_6_0_2theta,xrd text has peak 6 0 2theta,Structure / characterization,0.00028255203112365247,0.023809523809523808,0.07156684891845193,1050,303,catalyst_key,out_of_fold_heldout_rows
morph_hc_is_generic_nanostructure,Generic Nanostructure,random_forest,Random forest,num__has_el_as,As present,Composition,0.0002692371092532989,0.008571428571428572,0.020603986850175303,1050,303,catalyst_key,out_of_fold_heldout_rows
morph_hc_is_generic_nanostructure,Generic Nanostructure,random_forest,Random forest,num__comp_w,w composition,Composition,0.0002683675384513848,0.41397551642835967,0.03408366129929431,1050,303,catalyst_key,out_of_fold_heldout_rows
morph_hc_is_generic_nanostructure,Generic Nanostructure,random_forest,Random forest,num__comp_c,c composition,Composition,0.0002529405763182126,0.1040512373167123,-0.29131944232011825,1050,303,catalyst_key,out_of_fold_heldout_rows
morph_hc_is_generic_nanostructure,Generic Nanostructure,random_forest,Random forest,num__support_is_copper_foam,support is copper foam,Support,0.00025093256677975647,0.008571428571428572,-0.15966811645929896,1050,303,catalyst_key,out_of_fold_heldout_rows
morph_hc_is_generic_nanostructure,Generic Nanostructure,random_forest,Random forest,num__xrd_text_has_peak_8_0_2theta,xrd text has peak 8 0 2theta,Structure / characterization,0.0002435454305910569,0.010476190476190476,0.11944405360819724,1050,303,catalyst_key,out_of_fold_heldout_rows
morph_hc_is_generic_nanostructure,Generic Nanostructure,random_forest,Random forest,num__comp_cu,cu composition,Composition,0.0002415029503640479,0.1077863741634089,0.37422589694579184,1050,303,catalyst_key,out_of_fold_heldout_rows
morph_hc_is_generic_nanostructure,Generic Nanostructure,random_forest,Random forest,num__comp_zn,zn composition,Composition,0.00023029659604763272,0.048190978118296535,0.3191393524274198,1050,303,catalyst_key,out_of_fold_heldout_rows
morph_hc_is_generic_nanostructure,Generic Nanostructure,random_forest,Random forest,num__comp_ni:fe,ni:fe composition,Composition,0.00020778733856038868,0.373210582010582,0.6939258671227364,1050,303,catalyst_key,out_of_fold_heldout_rows
morph_hc_is_generic_nanostructure,Generic Nanostructure,random_forest,Random forest,num__xrd_text_peak_6_2theta_deg,xrd text peak 6 2theta deg,Structure / characterization,0.00020758915757156508,0.7603010399562126,0.19335592463478904,1050,303,catalyst_key,out_of_fold_heldout_rows
morph_hc_is_generic_nanostructure,Generic Nanostructure,random_forest,Random forest,num__comp_cr,cr composition,Composition,0.000206866774004747,0.12826197337724715,-0.24606688406060928,1050,303,catalyst_key,out_of_fold_heldout_rows
morph_hc_is_generic_nanostructure,Generic Nanostructure,random_forest,Random forest,num__has_el_i,I present,Composition,0.00020657389843190338,0.008571428571428572,-0.12418631280167697,1050,303,catalyst_key,out_of_fold_heldout_rows
morph_hc_is_generic_nanostructure,Generic Nanostructure,random_forest,Random forest,num__has_el_ag,AG present,Composition,0.00020479714704192304,0.008571428571428572,-0.15942952604085195,1050,303,catalyst_key,out_of_fold_heldout_rows
morph_hc_is_generic_nanostructure,Generic Nanostructure,random_forest,Random forest,num__xrd_text_has_peak_49_0_2theta,xrd text has peak 49 0 2theta,Structure / characterization,0.00020133901673383248,0.006666666666666667,0.14094924596388503,1050,303,catalyst_key,out_of_fold_heldout_rows
morph_hc_is_generic_nanostructure,Generic Nanostructure,random_forest,Random forest,num__has_el_si,SI present,Composition,0.00019987965589813347,0.005714285714285714,0.10646248442419338,1050,303,catalyst_key,out_of_fold_heldout_rows
morph_hc_is_generic_nanostructure,Generic Nanostructure,random_forest,Random forest,cat__synth_time_text_overnight,synth time text overnight,Synthesis,0.00019772505963289164,0.9876190476190476,-0.103130547823703,1050,303,catalyst_key,out_of_fold_heldout_rows
morph_hc_is_generic_nanostructure,Generic Nanostructure,random_forest,Random forest,num__has_el_k,K present,Composition,0.0001938909655609153,0.009523809523809525,-0.1235800229623844,1050,303,catalyst_key,out_of_fold_heldout_rows
morph_hc_is_generic_nanostructure,Generic Nanostructure,random_forest,Random forest,num__xps_ni_2p1_2_be_ev_filled,xps ni 2p1 2 be eV filled,Structure / characterization,0.00019288781141630796,0.9919333874458875,-0.2223574695566877,1050,303,catalyst_key,out_of_fold_heldout_rows
morph_hc_is_generic_nanostructure,Generic Nanostructure,random_forest,Random forest,num__has_el_li,LI present,Composition,0.0001902863673467689,0.004761904761904762,0.11923801293603127,1050,303,catalyst_key,out_of_fold_heldout_rows
morph_hc_is_generic_nanostructure,Generic Nanostructure,random_forest,Random forest,num__support_is_iron_foam,support is iron foam,Support,0.00018131446362593213,0.015238095238095238,-0.0263165332796612,1050,303,catalyst_key,out_of_fold_heldout_rows
morph_hc_is_generic_nanostructure,Generic Nanostructure,random_forest,Random forest,num__has_el_ts,TS present,Composition,0.000178483447229219,0.005714285714285714,-0.13051450224438116,1050,303,catalyst_key,out_of_fold_heldout_rows
morph_hc_is_generic_nanostructure,Generic Nanostructure,random_forest,Random forest,cat__synth_temperature_text_infrequent_sklearn,synth temperature text infrequent s...,Synthesis,0.0001753544647133393,0.0038095238095238095,0.10670073734345784,1050,303,catalyst_key,out_of_fold_heldout_rows
morph_hc_is_generic_nanostructure,Generic Nanostructure,random_forest,Random forest,num__comp_si,si composition,Composition,0.0001747539472352355,0.051903633491311205,-0.1808419216354587,844,245,catalyst_key,out_of_fold_heldout_rows
morph_hc_is_generic_nanostructure,Generic Nanostructure,random_forest,Random forest,cat__synth_temperature_text_RT,synth temperature text RT,Synthesis,0.00017232974793567513,0.0019047619047619048,0.07552091128495365,1050,303,catalyst_key,out_of_fold_heldout_rows
morph_hc_is_generic_nanostructure,Generic Nanostructure,random_forest,Random forest,num__xps_co_2p1_2_be_ev_filled,xps co 2p1 2 be eV filled,Structure / characterization,0.0001691145516580988,0.9961996689074849,0.020945373688232783,1050,303,catalyst_key,out_of_fold_heldout_rows
morph_hc_is_generic_nanostructure,Generic Nanostructure,random_forest,Random forest,cat__synth_time_text_several,synth time text several,Synthesis,0.00016331012326407652,0.0009523809523809524,0.05342682015877122,1050,303,catalyst_key,out_of_fold_heldout_rows
morph_hc_is_generic_nanostructure,Generic Nanostructure,random_forest,Random forest,num__xps_text_ni_2p1_2_be_ev,xps text ni 2p1 2 be eV,Structure / characterization,0.00016179042751470718,0.9916906385281387,-0.3818579304356657,1050,303,catalyst_key,out_of_fold_heldout_rows
morph_hc_is_generic_nanostructure,Generic Nanostructure,random_forest,Random forest,num__xps_text_cu_2p_be_ev,xps text cu 2p be eV,Structure / characterization,0.0001607815534806133,0.9995128596893305,-0.2628193512229214,1050,303,catalyst_key,out_of_fold_heldout_rows
morph_hc_is_generic_nanostructure,Generic Nanostructure,random_forest,Random forest,num__xrd_text_has_peak_5_0_2theta,xrd text has peak 5 0 2theta,Structure / characterization,0.00015961043899498213,0.015238095238095238,0.18560081365655795,1050,303,catalyst_key,out_of_fold_heldout_rows
morph_hc_is_generic_nanostructure,Generic Nanostructure,random_forest,Random forest,num__synth_has_drop_casting,synth has drop casting,Synthesis,0.000159035241419129,0.0038095238095238095,0.10670073734345784,1050,303,catalyst_key,out_of_fold_heldout_rows
morph_hc_is_generic_nanostructure,Generic Nanostructure,random_forest,Random forest,num__struct_surface_roughness_nm,struct surface roughness nm,Other,0.00015825448423267352,0.0037535314775847786,-0.18016976198602708,1050,303,catalyst_key,out_of_fold_heldout_rows
morph_hc_is_generic_nanostructure,Generic Nanostructure,random_forest,Random forest,num__support_is_carbon_paper,support is carbon paper,Support,0.0001558076028380229,0.014285714285714285,0.08524603799777411,1050,303,catalyst_key,out_of_fold_heldout_rows
morph_hc_is_generic_nanostructure,Generic Nanostructure,random_forest,Random forest,num__electronic_bader_charge_e,electronic bader charge e,Other,0.00014066116779711693,0.13128906151319947,-0.020858062424308,1050,303,catalyst_key,out_of_fold_heldout_rows
morph_hc_is_generic_nanostructure,Generic Nanostructure,random_forest,Random forest,num__xps_text_co_2p3_2_be_ev,xps text co 2p3 2 be eV,Structure / characterization,0.00012600080961841238,0.9987197661673365,-0.10670088306962126,1050,303,catalyst_key,out_of_fold_heldout_rows
morph_hc_is_generic_nanostructure,Generic Nanostructure,random_forest,Random forest,num__has_el_la,LA present,Composition,0.00012474651628785745,0.006666666666666667,0.10056220000354431,1050,303,catalyst_key,out_of_fold_heldout_rows
morph_hc_is_generic_nanostructure,Generic Nanostructure,random_forest,Random forest,num__has_el_pr,PR present,Composition,0.00012404519924444455,0.0038095238095238095,-0.10670073734345784,1050,303,catalyst_key,out_of_fold_heldout_rows
morph_hc_is_generic_nanostructure,Generic Nanostructure,random_forest,Random forest,num__xps_text_co_2p1_2_be_ev,xps text co 2p1 2 be eV,Structure / characterization,0.00011723751106077027,0.9958065002476901,-0.201339344158352,1050,303,catalyst_key,out_of_fold_heldout_rows
morph_hc_is_generic_nanostructure,Generic Nanostructure,random_forest,Random forest,num__xrd_text_has_peak_52_0_2theta,xrd text has peak 52 0 2theta,Structure / characterization,0.0001166374202495571,0.004761904761904762,0.11923801324503851,1050,303,catalyst_key,out_of_fold_heldout_rows
morph_hc_is_generic_nanostructure,Generic Nanostructure,random_forest,Random forest,cat__synth_time_text_infrequent_sklearn,synth time text infrequent sklearn,Synthesis,0.00011493263050158878,0.0019047619047619048,0.07552091128495365,1050,303,catalyst_key,out_of_fold_heldout_rows
morph_hc_is_generic_nanostructure,Generic Nanostructure,random_forest,Random forest,num__xrd_peak_003_2theta_deg,xrd peak 003 2theta deg,Structure / characterization,0.0001137924463299604,0.11363511975487572,-0.25039648814320337,1050,303,catalyst_key,out_of_fold_heldout_rows
morph_hc_is_generic_nanostructure,Generic Nanostructure,random_forest,Random forest,num__pore_diameter_nm,pore diameter nm,Structure / characterization,0.00011060614131204582,0.18140082659478884,0.22851695573779418,1050,303,catalyst_key,out_of_fold_heldout_rows
morph_hc_is_generic_nanostructure,Generic Nanostructure,random_forest,Random forest,num__comp_y,y composition,Composition,0.00010841981012382693,0.02867867867867869,,223,69,catalyst_key,out_of_fold_heldout_rows
morph_hc_is_generic_nanostructure,Generic Nanostructure,random_forest,Random forest,num__comp_pd,pd composition,Composition,0.00010721595264161113,0.048167645502645504,0.03436020290098029,1050,303,catalyst_key,out_of_fold_heldout_rows
morph_hc_is_generic_nanostructure,Generic Nanostructure,random_forest,Random forest,num__has_el_nb,NB present,Composition,0.00010556662326474697,0.004761904761904762,-0.11923801293603127,1050,303,catalyst_key,out_of_fold_heldout_rows
morph_hc_is_generic_nanostructure,Generic Nanostructure,random_forest,Random forest,num__has_el_sb,SB present,Composition,0.00010238712550091673,0.0,,612,179,catalyst_key,out_of_fold_heldout_rows
morph_hc_is_generic_nanostructure,Generic Nanostructure,random_forest,Random forest,num__comp_fe/ni,fe/ni composition,Composition,9.793399389680692e-05,0.0576883648419155,0.08671109185488043,398,118,catalyst_key,out_of_fold_heldout_rows
morph_hc_is_generic_nanostructure,Generic Nanostructure,random_forest,Random forest,num__synth_has_spray_coating,synth has spray coating,Synthesis,9.49782229506248e-05,0.002857142857142857,-0.03111090192427302,1050,303,catalyst_key,out_of_fold_heldout_rows
morph_hc_is_generic_nanostructure,Generic Nanostructure,random_forest,Random forest,cat__synth_temperature_text_varied by particle size | varied,synth temperature text varied by pa...,Synthesis,9.234329272279436e-05,0.0,,629,190,catalyst_key,out_of_fold_heldout_rows
morph_hc_is_generic_nanostructure,Generic Nanostructure,random_forest,Random forest,num__has_el_ba,BA present,Composition,9.006050876248115e-05,0.002857142857142857,-0.0924497095024991,1050,303,catalyst_key,out_of_fold_heldout_rows
morph_hc_is_generic_nanostructure,Generic Nanostructure,random_forest,Random forest,num__xps_text_fe_2p3_2_be_ev,xps text fe 2p3 2 be eV,Structure / characterization,8.927475150741698e-05,0.9951108891108887,0.07552094560015454,1050,303,catalyst_key,out_of_fold_heldout_rows
morph_hc_is_generic_nanostructure,Generic Nanostructure,random_forest,Random forest,cat__support_class_text_copper_foam,support class text copper foam,Support,8.445272642908224e-05,0.005714285714285714,-0.08703745790043688,1050,303,catalyst_key,out_of_fold_heldout_rows
morph_hc_is_generic_nanostructure,Generic Nanostructure,random_forest,Random forest,cat__synth_temperature_text_ambient,synth temperature text ambient,Synthesis,8.380823150554085e-05,0.0019047619047619048,0.07552091128495365,1050,303,catalyst_key,out_of_fold_heldout_rows
morph_hc_is_generic_nanostructure,Generic Nanostructure,random_forest,Random forest,num__xps_text_pt_4f_be_ev,xps text pt 4f be eV,Structure / characterization,8.2365189116747e-05,0.9370236639562394,0.10848874913268203,1050,303,catalyst_key,out_of_fold_heldout_rows
morph_hc_is_generic_nanostructure,Generic Nanostructure,random_forest,Random forest,num__xps_text_pt_4f5_2_be_ev,xps text pt 4f5 2 be eV,Structure / characterization,7.580182803714426e-05,0.9963333333333331,,438,124,catalyst_key,out_of_fold_heldout_rows
morph_hc_is_generic_nanostructure,Generic Nanostructure,random_forest,Random forest,cat__support_class_text_iron_foam | nickel_foam,support class text iron foam | nick...,Support,7.574554545438201e-05,0.002857142857142857,-0.0924497095024991,1050,303,catalyst_key,out_of_fold_heldout_rows
morph_hc_is_generic_nanostructure,Generic Nanostructure,random_forest,Random forest,num__has_el_cd,CD present,Composition,7.325537316376248e-05,0.002857142857142857,-0.0924497095024991,1050,303,catalyst_key,out_of_fold_heldout_rows
morph_hc_is_generic_nanostructure,Generic Nanostructure,random_forest,Random forest,cat__synth_temperature_text_high,synth temperature text high,Synthesis,7.207099999264605e-05,0.002857142857142857,-0.0924497095024991,1050,303,catalyst_key,out_of_fold_heldout_rows
morph_hc_is_generic_nanostructure,Generic Nanostructure,random_forest,Random forest,num__xps_pt_4f5_2_be_ev_filled,xps pt 4f5 2 be eV filled,Structure / characterization,6.925916614851705e-05,0.9963333333333331,,438,124,catalyst_key,out_of_fold_heldout_rows
morph_hc_is_generic_nanostructure,Generic Nanostructure,random_forest,Random forest,cat__synth_temperature_text_different,synth temperature text different,Synthesis,6.835623570070413e-05,0.0019047619047619048,0.07552091128495365,1050,303,catalyst_key,out_of_fold_heldout_rows
morph_hc_is_generic_nanostructure,Generic Nanostructure,random_forest,Random forest,cat__support_class_text_copper_foam | nickel_foam,support class text copper foam | ni...,Support,6.784706946317455e-05,0.002857142857142857,-0.092449709742084,1050,303,catalyst_key,out_of_fold_heldout_rows
morph_hc_is_generic_nanostructure,Generic Nanostructure,random_forest,Random forest,num__comp_ni/fe,ni/fe composition,Composition,6.562450351848896e-05,0.31540547656661405,-0.0438782253197697,844,245,catalyst_key,out_of_fold_heldout_rows
morph_hc_is_generic_nanostructure,Generic Nanostructure,random_forest,Random forest,num__has_el_u,U present,Composition,6.341851035664268e-05,0.0016313213703099511,0.06989991100112353,613,173,catalyst_key,out_of_fold_heldout_rows
morph_hc_is_generic_nanostructure,Generic Nanostructure,random_forest,Random forest,num__has_el_na,NA present,Composition,6.298838616847061e-05,0.0038095238095238095,0.05141220996281334,1050,303,catalyst_key,out_of_fold_heldout_rows
morph_hc_is_generic_nanostructure,Generic Nanostructure,random_forest,Random forest,num__xps_fe_2p1_2_be_ev_filled,xps fe 2p1 2 be eV filled,Structure / characterization,6.268449292669047e-05,0.996287125582956,-0.025781905676000118,1050,303,catalyst_key,out_of_fold_heldout_rows
morph_hc_is_generic_nanostructure,Generic Nanostructure,random_forest,Random forest,cat__support_class_text_infrequent_sklearn,support class text infrequent sklearn,Support,6.247860108677162e-05,0.0009523809523809524,0.05368457074600535,1050,303,catalyst_key,out_of_fold_heldout_rows
morph_hc_is_generic_nanostructure,Generic Nanostructure,random_forest,Random forest,num__synth_has_sol_gel,synth has sol gel,Synthesis,6.1010023859593236e-05,0.005714285714285714,-0.04351872895021844,1050,303,catalyst_key,out_of_fold_heldout_rows
morph_hc_is_generic_nanostructure,Generic Nanostructure,random_forest,Random forest,num__has_el_te,TE present,Composition,5.6639887353458417e-05,0.002857142857142857,-0.030816569914028,1050,303,catalyst_key,out_of_fold_heldout_rows
morph_hc_is_generic_nanostructure,Generic Nanostructure,random_forest,Random forest,num__comp_ce,ce composition,Composition,5.3667182458045925e-05,0.004007234936428965,0.5516279420194232,1050,303,catalyst_key,out_of_fold_heldout_rows
morph_hc_is_generic_nanostructure,Generic Nanostructure,random_forest,Random forest,num__xps_fe_2p3_2_be_ev_filled,xps fe 2p3 2 be eV filled,Structure / characterization,5.216341197806537e-05,0.9953867465867463,0.46792323875567615,1050,303,catalyst_key,out_of_fold_heldout_rows
morph_hc_is_generic_nanostructure,Generic Nanostructure,random_forest,Random forest,num__has_el_re,RE present,Composition,5.174007507205395e-05,0.0011976047904191617,0.059904242752221344,835,248,catalyst_key,out_of_fold_heldout_rows
morph_hc_is_generic_nanostructure,Generic Nanostructure,random_forest,Random forest,num__xps_co_2p3_2_be_ev,xps co 2p3 2 be eV,Structure / characterization,5.166746871026197e-05,0.9987383529442033,-0.7736735356121386,1050,303,catalyst_key,out_of_fold_heldout_rows
morph_hc_is_generic_nanostructure,Generic Nanostructure,random_forest,Random forest,num__has_el_mg,MG present,Composition,4.827263051432639e-05,0.0038095238095238095,0.10670073734345784,1050,303,catalyst_key,out_of_fold_heldout_rows
morph_hc_is_generic_nanostructure,Generic Nanostructure,random_forest,Random forest,num__synth_has_molten_salt,synth has molten salt,Synthesis,4.740904708716754e-05,0.002857142857142857,-0.09244971357544245,1050,303,catalyst_key,out_of_fold_heldout_rows
morph_hc_is_generic_nanostructure,Generic Nanostructure,random_forest,Random forest,num__xps_co_2p1_2_be_ev,xps co 2p1 2 be eV,Structure / characterization,4.694217281755298e-05,0.9985909039315135,-0.11646857406109455,1050,303,catalyst_key,out_of_fold_heldout_rows
morph_hc_is_generic_nanostructure,Generic Nanostructure,random_forest,Random forest,num__has_el_br,BR present,Composition,4.6770056766402486e-05,0.0,,192,60,catalyst_key,out_of_fold_heldout_rows
morph_hc_is_generic_nanostructure,Generic Nanostructure,random_forest,Random forest,num__has_el_ta,TA present,Composition,4.6396891498425836e-05,0.0038095238095238095,-0.10670073734345784,1050,303,catalyst_key,out_of_fold_heldout_rows
morph_hc_is_generic_nanostructure,Generic Nanostructure,random_forest,Random forest,num__xps_text_mo_3d_be_ev,xps text mo 3d be eV,Structure / characterization,4.585144555067227e-05,0.9927146927146928,0.5303823663839381,1050,303,catalyst_key,out_of_fold_heldout_rows
morph_hc_is_generic_nanostructure,Generic Nanostructure,random_forest,Random forest,num__comp_se,se composition,Composition,4.4389193590170205e-05,4.767627106409783e-05,-0.8278991888682807,398,118,catalyst_key,out_of_fold_heldout_rows
morph_hc_is_generic_nanostructure,Generic Nanostructure,random_forest,Random forest,num__xrd_text_has_peak_45_0_2theta,xrd text has peak 45 0 2theta,Structure / characterization,3.990131693026241e-05,0.0009523809523809524,0.05342682029722767,1050,303,catalyst_key,out_of_fold_heldout_rows
morph_hc_is_generic_nanostructure,Generic Nanostructure,random_forest,Random forest,cat__support_class_text_metal_mesh,support class text metal mesh,Support,3.7062302363548606e-05,0.0019047619047619048,-0.07552091128495365,1050,303,catalyst_key,out_of_fold_heldout_rows
morph_hc_is_generic_nanostructure,Generic Nanostructure,random_forest,Random forest,num__comp_v,v composition,Composition,3.6596485981259826e-05,0.3741239042498721,0.29782154943799005,1050,303,catalyst_key,out_of_fold_heldout_rows
morph_hc_is_generic_nanostructure,Generic Nanostructure,random_forest,Random forest,num__xps_ni_2p3_2_be_ev,xps ni 2p3 2 be eV,Structure / characterization,3.197900303040554e-05,0.9991987537052639,0.2893583922104998,1050,303,catalyst_key,out_of_fold_heldout_rows
morph_hc_is_generic_nanostructure,Generic Nanostructure,random_forest,Random forest,num__xps_text_fe_2p1_2_be_ev,xps text fe 2p1 2 be eV,Structure / characterization,2.923290312483274e-05,0.9966018743946179,-0.566259746147967,1050,303,catalyst_key,out_of_fold_heldout_rows
morph_hc_is_generic_nanostructure,Generic Nanostructure,random_forest,Random forest,num__comp_sr,sr composition,Composition,2.5597322086252914e-05,0.7539627039627038,-0.49191758925345813,429,127,catalyst_key,out_of_fold_heldout_rows
morph_hc_is_generic_nanostructure,Generic Nanostructure,random_forest,Random forest,num__support_is_metal_mesh,support is metal mesh,Support,2.3357282573175725e-05,0.0019047619047619048,-0.0755209114806673,1050,303,catalyst_key,out_of_fold_heldout_rows
morph_hc_is_generic_nanostructure,Generic Nanostructure,random_forest,Random forest,num__xrd_text_has_peak_26_0_2theta,xrd text has peak 26 0 2theta,Structure / characterization,2.000890163377201e-05,0.0009523809523809524,-0.053426825143204126,1050,303,catalyst_key,out_of_fold_heldout_rows
morph_hc_is_generic_nanostructure,Generic Nanostructure,random_forest,Random forest,num__has_el_ds,DS present,Composition,1.959951054709143e-05,0.0,,192,60,catalyst_key,out_of_fold_heldout_rows
morph_hc_is_generic_nanostructure,Generic Nanostructure,random_forest,Random forest,cat__support_class_text_glassy_carbon,support class text glassy carbon,Support,1.711700599132451e-05,0.002857142857142857,-0.09244970998166888,1050,303,catalyst_key,out_of_fold_heldout_rows
morph_hc_is_generic_nanostructure,Generic Nanostructure,random_forest,Random forest,cat__synth_time_text_25 or 60,synth time text 25 or 60,Synthesis,1.56853987492725e-05,0.0019047619047619048,-0.07552099544195831,1050,303,catalyst_key,out_of_fold_heldout_rows
morph_hc_is_generic_nanostructure,Generic Nanostructure,random_forest,Random forest,cat__synth_time_text_several hours,synth time text several hours,Synthesis,1.3813800961424242e-05,0.002857142857142857,-0.09244972507552061,1050,303,catalyst_key,out_of_fold_heldout_rows
morph_hc_is_generic_nanostructure,Generic Nanostructure,random_forest,Random forest,num__comp_rh,rh composition,Composition,1.3727472254098892e-05,0.12225611602889011,-0.3511394220733674,1050,303,catalyst_key,out_of_fold_heldout_rows
morph_hc_is_generic_nanostructure,Generic Nanostructure,random_forest,Random forest,cat__support_class_text_fto,support class text fto,Support,1.3460042526712457e-05,0.002857142857142857,-0.0924497588570251,1050,303,catalyst_key,out_of_fold_heldout_rows
morph_hc_is_generic_nanostructure,Generic Nanostructure,random_forest,Random forest,num__support_is_glassy_carbon,support is glassy carbon,Support,1.249464916241355e-05,0.002857142857142857,-0.09244971645046157,1050,303,catalyst_key,out_of_fold_heldout_rows
morph_hc_is_generic_nanostructure,Generic Nanostructure,random_forest,Random forest,cat__support_class_text_carbon_paper | nickel_foam,support class text carbon paper | n...,Support,1.1573654753223313e-05,0.0019047619047619048,0.0,1050,303,catalyst_key,out_of_fold_heldout_rows
morph_hc_is_generic_nanostructure,Generic Nanostructure,random_forest,Random forest,cat__synth_time_text_3-48 | overnight,synth time text 3-48 | overnight,Synthesis,9.353700327444973e-06,0.0,,630,184,catalyst_key,out_of_fold_heldout_rows
morph_hc_is_generic_nanostructure,Generic Nanostructure,random_forest,Random forest,cat__synth_temperature_text_low,synth temperature text low,Synthesis,8.972698710299484e-06,0.0009523809523809524,-0.05342685532674431,1050,303,catalyst_key,out_of_fold_heldout_rows
morph_hc_is_generic_nanostructure,Generic Nanostructure,random_forest,Random forest,num__has_el_nd,ND present,Composition,7.881398933342974e-06,0.0,,206,58,catalyst_key,out_of_fold_heldout_rows
morph_hc_is_generic_nanostructure,Generic Nanostructure,random_forest,Random forest,num__has_el_eu,EU present,Composition,5.688255215225063e-06,0.0,,429,116,catalyst_key,out_of_fold_heldout_rows
morph_hc_is_generic_nanostructure,Generic Nanostructure,random_forest,Random forest,num__electronic_fermi_level_ev,electronic fermi level eV,Other,4.60589544272448e-06,-0.00021521335807050094,-0.039030044791282525,1050,303,catalyst_key,out_of_fold_heldout_rows
morph_hc_is_generic_nanostructure,Generic Nanostructure,random_forest,Random forest,num__xps_pt_4f7_2_be_ev_filled,xps pt 4f7 2 be eV filled,Structure / characterization,4.53732470294664e-06,0.9909281228192602,,438,124,catalyst_key,out_of_fold_heldout_rows
morph_hc_is_generic_nanostructure,Generic Nanostructure,random_forest,Random forest,num__xps_text_pt_4f7_2_be_ev,xps text pt 4f7 2 be eV,Structure / characterization,3.4251555538740845e-06,0.9909281228192602,,438,124,catalyst_key,out_of_fold_heldout_rows
morph_hc_is_generic_nanostructure,Generic Nanostructure,random_forest,Random forest,cat__synth_temperature_text_thousands,synth temperature text thousands,Synthesis,1.9250863899176197e-06,0.0,,643,188,catalyst_key,out_of_fold_heldout_rows
morph_hc_is_generic_nanostructure,Generic Nanostructure,random_forest,Random forest,cat__synth_time_text_6-24,synth time text 6-24,Synthesis,9.758215993220992e-07,0.0,,643,188,catalyst_key,out_of_fold_heldout_rows
morph_hc_is_generic_nanostructure,Generic Nanostructure,random_forest,Random forest,cat__support_class_text_ito,support class text ito,Support,0.0,0.0,,635,174,catalyst_key,out_of_fold_heldout_rows
morph_hc_is_hierarchical,Hierarchical,random_forest,Random forest,num__active_element_count,Active element count,Composition,0.0214103369388265,0.2675324675324675,-0.7566036730082827,1050,60,catalyst_key,out_of_fold_heldout_rows
morph_hc_is_hierarchical,Hierarchical,random_forest,Random forest,num__synth_time_h,Synthesis time,Synthesis,0.019426801090259592,0.00893569129503653,0.13215208030222805,1050,60,catalyst_key,out_of_fold_heldout_rows
morph_hc_is_hierarchical,Hierarchical,random_forest,Random forest,num__synth_temperature_c,Synthesis temperature,Synthesis,0.01657486488265495,0.10791409897292249,-0.332967286343715,1050,60,catalyst_key,out_of_fold_heldout_rows
morph_hc_is_hierarchical,Hierarchical,random_forest,Random forest,num__xps_text_energy_mean_ev,XPS BE mean,Structure / characterization,0.01630979895678219,0.4332720455844715,-0.010483228154670579,1050,60,catalyst_key,out_of_fold_heldout_rows
morph_hc_is_hierarchical,Hierarchical,random_forest,Random forest,num__has_el_pt,Pt present,Composition,0.016202640073359427,0.10952380952380952,-0.5409116836679926,1050,60,catalyst_key,out_of_fold_heldout_rows
morph_hc_is_hierarchical,Hierarchical,random_forest,Random forest,num__structure_interplanar_spacing,Interplanar spacing,Structure / characterization,0.016118916243916606,0.045283163346653346,-0.29071432920230506,1050,60,catalyst_key,out_of_fold_heldout_rows
morph_hc_is_hierarchical,Hierarchical,random_forest,Random forest,num__structure_lattice_spacing,Lattice spacing,Structure / characterization,0.015533306171804944,0.007324348241478936,-0.23383250890035084,1050,60,catalyst_key,out_of_fold_heldout_rows
morph_hc_is_hierarchical,Hierarchical,random_forest,Random forest,num__has_el_o,O present,Composition,0.013346277085553006,0.38095238095238093,-0.8397748866783517,1050,60,catalyst_key,out_of_fold_heldout_rows
morph_hc_is_hierarchical,Hierarchical,random_forest,Random forest,num__xps_text_energy_std_ev,XPS BE dispersion,Structure / characterization,0.013289721412156652,0.5045387217739425,-0.16682876680006617,1050,60,catalyst_key,out_of_fold_heldout_rows
morph_hc_is_hierarchical,Hierarchical,random_forest,Random forest,num__has_el_ni,NI present,Composition,0.01323863812732116,0.4780952380952381,0.8377758801375568,1050,60,catalyst_key,out_of_fold_heldout_rows
morph_hc_is_hierarchical,Hierarchical,random_forest,Random forest,num__has_el_co,CO present,Composition,0.01261753513606678,0.26095238095238094,0.5204663647448746,1050,60,catalyst_key,out_of_fold_heldout_rows
morph_hc_is_hierarchical,Hierarchical,random_forest,Random forest,num__xps_text_energy_max_ev,XPS BE max,Structure / characterization,0.012526828032107234,0.6428224603174604,0.08977099969589325,1050,60,catalyst_key,out_of_fold_heldout_rows
morph_hc_is_hierarchical,Hierarchical,random_forest,Random forest,num__synth_step_count,Synthesis step count,Synthesis,0.011939253832255277,0.1324943310657596,0.10226606563188761,1050,60,catalyst_key,out_of_fold_heldout_rows
morph_hc_is_hierarchical,Hierarchical,random_forest,Random forest,num__synth_has_electrodeposition,synth has electrodeposition,Synthesis,0.0117204252249811,0.14476190476190476,0.6041366028002714,1050,60,catalyst_key,out_of_fold_heldout_rows
morph_hc_is_hierarchical,Hierarchical,random_forest,Random forest,num__xps_text_energy_min_ev,XPS BE min,Structure / characterization,0.011588568785236732,0.09421664477844253,0.14620032514561576,1050,60,catalyst_key,out_of_fold_heldout_rows
morph_hc_is_hierarchical,Hierarchical,random_forest,Random forest,num__xps_text_peak_count,XPS peak count,Structure / characterization,0.01098286051404682,0.08095238095238096,0.3775434359260026,1050,60,catalyst_key,out_of_fold_heldout_rows
morph_hc_is_hierarchical,Hierarchical,random_forest,Random forest,num__comp_fe,Fe content,Composition,0.009709314517890979,0.005465951173137151,0.2931793012261233,1050,60,catalyst_key,out_of_fold_heldout_rows
morph_hc_is_hierarchical,Hierarchical,random_forest,Random forest,num__has_el_fe,FE present,Composition,0.009219807912199457,0.2819047619047619,-0.043011076060219554,1050,60,catalyst_key,out_of_fold_heldout_rows
morph_hc_is_hierarchical,Hierarchical,random_forest,Random forest,num__metal_mass_loading_mg_cm2,Metal mass loading,Other,0.008610736248059917,0.23094112067649208,0.039738647327483625,1050,60,catalyst_key,out_of_fold_heldout_rows
morph_hc_is_hierarchical,Hierarchical,random_forest,Random forest,num__has_el_ru,RU present,Composition,0.008289234215864295,0.09047619047619047,-0.49686124712344676,1050,60,catalyst_key,out_of_fold_heldout_rows
morph_hc_is_hierarchical,Hierarchical,random_forest,Random forest,num__has_el_n,N present,Composition,0.006885506632259449,0.10761904761904761,0.2748616332618087,1050,60,catalyst_key,out_of_fold_heldout_rows
morph_hc_is_hierarchical,Hierarchical,random_forest,Random forest,num__has_el_p,P present,Composition,0.006278136311014146,0.09428571428571429,0.2724531401300469,1050,60,catalyst_key,out_of_fold_heldout_rows
morph_hc_is_hierarchical,Hierarchical,random_forest,Random forest,num__bet_surface_area_m2_g,BET surface area,Structure / characterization,0.005865040454775588,0.04125373833408366,-0.43593762223667554,1050,60,catalyst_key,out_of_fold_heldout_rows
morph_hc_is_hierarchical,Hierarchical,random_forest,Random forest,cat__synth_temperature_text_room,synth temperature text room,Synthesis,0.0058156451202232996,0.9752380952380952,-0.26915861752511266,1050,60,catalyst_key,out_of_fold_heldout_rows
morph_hc_is_hierarchical,Hierarchical,random_forest,Random forest,num__has_el_s,S present,Composition,0.005782648293684555,0.10761904761904761,0.26004863980211734,1050,60,catalyst_key,out_of_fold_heldout_rows
morph_hc_is_hierarchical,Hierarchical,random_forest,Random forest,num__synth_current_density,synth current density,Synthesis,0.005675453785472174,0.0034413750000000004,0.2326244769058576,1050,60,catalyst_key,out_of_fold_heldout_rows
morph_hc_is_hierarchical,Hierarchical,random_forest,Random forest,num__synth_has_calcination,synth has calcination,Synthesis,0.0054519902893154035,0.04857142857142857,0.35459576745455434,1050,60,catalyst_key,out_of_fold_heldout_rows
morph_hc_is_hierarchical,Hierarchical,random_forest,Random forest,num__has_el_mo,MO present,Composition,0.005421819735338751,0.10666666666666667,0.28993952668512624,1050,60,catalyst_key,out_of_fold_heldout_rows
morph_hc_is_hierarchical,Hierarchical,random_forest,Random forest,num__has_el_h,H present,Composition,0.005409636585722066,0.17047619047619048,-0.390609687188722,1050,60,catalyst_key,out_of_fold_heldout_rows
morph_hc_is_hierarchical,Hierarchical,random_forest,Random forest,num__synth_has_hydrothermal,Hydrothermal route,Synthesis,0.005362832088880757,0.10285714285714286,0.10486162658386389,1050,60,catalyst_key,out_of_fold_heldout_rows
morph_hc_is_hierarchical,Hierarchical,random_forest,Random forest,num__comp_ni,Ni content,Composition,0.004448177859856696,0.10811142424242424,0.24405151560154428,1050,60,catalyst_key,out_of_fold_heldout_rows
morph_hc_is_hierarchical,Hierarchical,random_forest,Random forest,num__comp_cr,cr composition,Composition,0.0041182520273906655,0.12700397968985866,-0.3409139586230808,1050,60,catalyst_key,out_of_fold_heldout_rows
morph_hc_is_hierarchical,Hierarchical,random_forest,Random forest,num__pore_size_nm,pore size nm,Structure / characterization,0.0038165978430955024,0.040147228574963764,0.41687020391688556,1050,60,catalyst_key,out_of_fold_heldout_rows
morph_hc_is_hierarchical,Hierarchical,random_forest,Random forest,num__has_el_c,C present,Composition,0.003753472395859423,0.15333333333333332,-0.5370344939818679,1050,60,catalyst_key,out_of_fold_heldout_rows
morph_hc_is_hierarchical,Hierarchical,random_forest,Random forest,num__comp_co,co composition,Composition,0.0037339873043798146,0.0041972578433416225,0.31981225003570657,1050,60,catalyst_key,out_of_fold_heldout_rows
morph_hc_is_hierarchical,Hierarchical,random_forest,Random forest,num__xps_text_has_binding_energy_shift,XPS BE shift,Structure / characterization,0.003600392849043629,0.02095238095238095,0.2480730204006661,1050,60,catalyst_key,out_of_fold_heldout_rows
morph_hc_is_hierarchical,Hierarchical,random_forest,Random forest,num__comp_p,p composition,Composition,0.003528810382457117,0.06624872157665267,0.08626025832624597,1050,60,catalyst_key,out_of_fold_heldout_rows
morph_hc_is_hierarchical,Hierarchical,random_forest,Random forest,num__has_el_cu,CU present,Composition,0.003378470017088137,0.07523809523809524,-0.45687226794810115,1050,60,catalyst_key,out_of_fold_heldout_rows
morph_hc_is_hierarchical,Hierarchical,random_forest,Random forest,num__support_is_nickel_foam,support is nickel foam,Support,0.0033272716134859796,0.07523809523809524,-0.30013641422399795,1050,60,catalyst_key,out_of_fold_heldout_rows
morph_hc_is_hierarchical,Hierarchical,random_forest,Random forest,num__electronic_work_function_ev,electronic work function eV,Other,0.003221302057583266,0.5860071434458409,0.05942012514229194,1050,60,catalyst_key,out_of_fold_heldout_rows
morph_hc_is_hierarchical,Hierarchical,random_forest,Random forest,cat__synth_temperature_text_room temperature,synth temperature text room tempera...,Synthesis,0.0031630949498209033,0.013333333333333334,0.19866233340845954,1050,60,catalyst_key,out_of_fold_heldout_rows
morph_hc_is_hierarchical,Hierarchical,random_forest,Random forest,num__synth_pH,synth pH,Synthesis,0.0030814608250690104,0.48589115646258507,0.4334976288818601,1050,60,catalyst_key,out_of_fold_heldout_rows
morph_hc_is_hierarchical,Hierarchical,random_forest,Random forest,num__comp_mo,mo composition,Composition,0.0029730712220559902,0.016289035012833138,0.5027674947619878,1050,60,catalyst_key,out_of_fold_heldout_rows
morph_hc_is_hierarchical,Hierarchical,random_forest,Random forest,num__xps_co_2p3_2_be_ev_filled,xps co 2p3 2 be eV filled,Structure / characterization,0.0026302506951789936,0.998757337717696,0.2173450621836106,1050,60,catalyst_key,out_of_fold_heldout_rows
morph_hc_is_hierarchical,Hierarchical,random_forest,Random forest,num__comp_n,n composition,Composition,0.0026013719183341413,0.12195820518872562,-0.49169079750585426,1050,60,catalyst_key,out_of_fold_heldout_rows
morph_hc_is_hierarchical,Hierarchical,random_forest,Random forest,num__xps_text_co_2p3_2_be_ev,xps text co 2p3 2 be eV,Structure / characterization,0.002533854059093971,0.9987203751065644,-0.019673625411859085,1050,60,catalyst_key,out_of_fold_heldout_rows
morph_hc_is_hierarchical,Hierarchical,random_forest,Random forest,num__pore_volume_cm3_g,pore volume cm3 g,Structure / characterization,0.002529243838158704,0.1125924025974026,-0.3441348237133343,1050,60,catalyst_key,out_of_fold_heldout_rows
morph_hc_is_hierarchical,Hierarchical,random_forest,Random forest,cat__support_class_text_nickel_foam,support class text nickel foam,Support,0.0025150935591452105,0.94,0.10248924798032867,1050,60,catalyst_key,out_of_fold_heldout_rows
morph_hc_is_hierarchical,Hierarchical,random_forest,Random forest,num__electronic_d_band_center_ev,electronic d band center eV,Other,0.002476798461586884,-0.37667486504631054,0.3133503961863714,1050,60,catalyst_key,out_of_fold_heldout_rows
morph_hc_is_hierarchical,Hierarchical,random_forest,Random forest,num__has_el_mn,MN present,Composition,0.002413626945714742,0.030476190476190476,0.2798882550870465,1050,60,catalyst_key,out_of_fold_heldout_rows
morph_hc_is_hierarchical,Hierarchical,random_forest,Random forest,num__synth_has_annealing,synth has annealing,Synthesis,0.0024094162767527533,0.06761904761904762,-0.4305230047719351,1050,60,catalyst_key,out_of_fold_heldout_rows
morph_hc_is_hierarchical,Hierarchical,random_forest,Random forest,num__xps_text_co_2p_be_ev,xps text co 2p be eV,Structure / characterization,0.0022583001232560082,0.9874918047469774,0.7577538864334814,1050,60,catalyst_key,out_of_fold_heldout_rows
morph_hc_is_hierarchical,Hierarchical,random_forest,Random forest,num__support_is_carbon_cloth,support is carbon cloth,Support,0.002122192694785372,0.01619047619047619,0.21859803778451994,1050,60,catalyst_key,out_of_fold_heldout_rows
morph_hc_is_hierarchical,Hierarchical,random_forest,Random forest,num__has_el_w,W present,Composition,0.0019739851106129846,0.05142857142857143,-0.038651354826758286,1050,60,catalyst_key,out_of_fold_heldout_rows
morph_hc_is_hierarchical,Hierarchical,random_forest,Random forest,num__xps_text_has_satellite_peak,xps text has satellite peak,Structure / characterization,0.0019686188084485326,0.0838095238095238,-0.43145830697093035,1050,60,catalyst_key,out_of_fold_heldout_rows
morph_hc_is_hierarchical,Hierarchical,random_forest,Random forest,num__struct_bond_length_angstrom,struct bond length angstrom,Other,0.0019345870807013013,0.5728093365365471,0.027026498220555355,1050,60,catalyst_key,out_of_fold_heldout_rows
morph_hc_is_hierarchical,Hierarchical,random_forest,Random forest,num__has_el_ir,Ir present,Composition,0.0018282434173076464,0.037142857142857144,-0.3275514437246177,1050,60,catalyst_key,out_of_fold_heldout_rows
morph_hc_is_hierarchical,Hierarchical,random_forest,Random forest,num__xps_text_mo_3d_be_ev,xps text mo 3d be eV,Structure / characterization,0.0018167816112714425,0.9927787952787955,-0.8267322679227609,1050,60,catalyst_key,out_of_fold_heldout_rows
morph_hc_is_hierarchical,Hierarchical,random_forest,Random forest,num__synth_has_ion_exchange,synth has ion exchange,Synthesis,0.0017005634719040518,0.04285714285714286,0.1128536195592612,1050,60,catalyst_key,out_of_fold_heldout_rows
morph_hc_is_hierarchical,Hierarchical,random_forest,Random forest,num__synth_has_galvanic_replacement,synth has galvanic replacement,Synthesis,0.0016535112360751604,0.01619047619047619,0.21859803721801951,1050,60,catalyst_key,out_of_fold_heldout_rows
morph_hc_is_hierarchical,Hierarchical,random_forest,Random forest,num__has_el_ti,TI present,Composition,0.0016453248811240783,0.03142857142857143,-0.3021962585328642,1050,60,catalyst_key,out_of_fold_heldout_rows
morph_hc_is_hierarchical,Hierarchical,random_forest,Random forest,num__synth_voltage,synth voltage,Synthesis,0.0015725872688262823,0.005463374149659864,-0.0586328047183682,1050,60,catalyst_key,out_of_fold_heldout_rows
morph_hc_is_hierarchical,Hierarchical,random_forest,Random forest,num__synth_has_ultrasonication,synth has ultrasonication,Synthesis,0.0014978618394949693,0.0380952380952381,0.12856983197146749,1050,60,catalyst_key,out_of_fold_heldout_rows
morph_hc_is_hierarchical,Hierarchical,random_forest,Random forest,num__xps_co_2p1_2_be_ev_filled,xps co 2p1 2 be eV filled,Structure / characterization,0.0014640237865185192,0.9961738579755768,0.19928120082157494,1050,60,catalyst_key,out_of_fold_heldout_rows
morph_hc_is_hierarchical,Hierarchical,random_forest,Random forest,num__comp_o,o composition,Composition,0.0014186768530454897,0.1126993348337018,0.23973540528399737,1050,60,catalyst_key,out_of_fold_heldout_rows
morph_hc_is_hierarchical,Hierarchical,random_forest,Random forest,num__xrd_filled_first_peak_2theta_deg,xrd filled first peak 2theta deg,Structure / characterization,0.001407194721861948,0.1083731216931217,0.16143781361972673,1050,60,catalyst_key,out_of_fold_heldout_rows
morph_hc_is_hierarchical,Hierarchical,random_forest,Random forest,num__comp_mn,mn composition,Composition,0.0012984457612228528,0.002534021137830115,-0.10131272179213753,1050,60,catalyst_key,out_of_fold_heldout_rows
morph_hc_is_hierarchical,Hierarchical,random_forest,Random forest,num__xrd_text_peak_1_2theta_deg,xrd text peak 1 2theta deg,Structure / characterization,0.00129178809683264,0.08426370370370369,0.15836299623331118,1050,60,catalyst_key,out_of_fold_heldout_rows
morph_hc_is_hierarchical,Hierarchical,random_forest,Random forest,num__xrd_text_peak_std_2theta_deg,xrd text peak std 2theta deg,Structure / characterization,0.001282611707673602,0.5183718223536246,0.0912634611826627,1050,60,catalyst_key,out_of_fold_heldout_rows
morph_hc_is_hierarchical,Hierarchical,random_forest,Random forest,num__xrd_text_peak_max_2theta_deg,xrd text peak max 2theta deg,Structure / characterization,0.0012767851574711454,0.6127809523809522,0.294059775886754,1050,60,catalyst_key,out_of_fold_heldout_rows
morph_hc_is_hierarchical,Hierarchical,random_forest,Random forest,num__xrd_text_peak_min_2theta_deg,xrd text peak min 2theta deg,Structure / characterization,0.001226561885120467,0.08426370370370369,0.16123391718162283,1050,60,catalyst_key,out_of_fold_heldout_rows
morph_hc_is_hierarchical,Hierarchical,random_forest,Random forest,num__has_el_ce,CE present,Composition,0.0012216665729516327,0.03333333333333333,-0.3109128558743314,1050,60,catalyst_key,out_of_fold_heldout_rows
morph_hc_is_hierarchical,Hierarchical,random_forest,Random forest,num__has_el_sr,SR present,Composition,0.0011936711080805208,0.008571428571428572,0.06501589711432193,1050,60,catalyst_key,out_of_fold_heldout_rows
morph_hc_is_hierarchical,Hierarchical,random_forest,Random forest,num__xrd_text_peak_mean_2theta_deg,xrd text peak mean 2theta deg,Structure / characterization,0.001158548213101773,0.34950616815507346,-0.7222380459674222,1050,60,catalyst_key,out_of_fold_heldout_rows
morph_hc_is_hierarchical,Hierarchical,random_forest,Random forest,num__has_el_se,SE present,Composition,0.001096798075642513,0.025714285714285714,0.17497645760693847,1050,60,catalyst_key,out_of_fold_heldout_rows
morph_hc_is_hierarchical,Hierarchical,random_forest,Random forest,num__synth_has_pyrolysis,synth has pyrolysis,Synthesis,0.001060753344125684,0.029523809523809525,-0.2931835348407352,1050,60,catalyst_key,out_of_fold_heldout_rows
morph_hc_is_hierarchical,Hierarchical,random_forest,Random forest,num__xrd_text_peak_4_2theta_deg,xrd text peak 4 2theta deg,Structure / characterization,0.0010368201015575923,0.5355188366922299,0.24584595412957364,1050,60,catalyst_key,out_of_fold_heldout_rows
morph_hc_is_hierarchical,Hierarchical,random_forest,Random forest,num__xrd_text_peak_2_2theta_deg,xrd text peak 2 2theta deg,Structure / characterization,0.0009441521531283672,0.1466791521486644,0.062486467619519065,1050,60,catalyst_key,out_of_fold_heldout_rows
morph_hc_is_hierarchical,Hierarchical,random_forest,Random forest,cat__support_class_text_carbon_cloth,support class text carbon cloth,Support,0.0009325056255664,0.014285714285714285,0.06935922482134685,1050,60,catalyst_key,out_of_fold_heldout_rows
morph_hc_is_hierarchical,Hierarchical,random_forest,Random forest,num__xps_text_co_2p1_2_be_ev,xps text co 2p1 2 be eV,Structure / characterization,0.0008908556831799134,0.995763106335895,-0.003915434110534327,1050,60,catalyst_key,out_of_fold_heldout_rows
morph_hc_is_hierarchical,Hierarchical,random_forest,Random forest,num__xrd_filled_low_angle_peak_2theta_deg,xrd filled low angle peak 2theta deg,Structure / characterization,0.0008875308027895307,0.40546491307634164,-0.07211465297454293,1050,60,catalyst_key,out_of_fold_heldout_rows
morph_hc_is_hierarchical,Hierarchical,random_forest,Random forest,num__comp_s,s composition,Composition,0.0008800991282974213,0.08479766927868194,-0.6717931977928976,1050,60,catalyst_key,out_of_fold_heldout_rows
morph_hc_is_hierarchical,Hierarchical,random_forest,Random forest,num__synth_has_drop_casting,synth has drop casting,Synthesis,0.0008637048404077464,0.0019047619047619048,0.07552092067920999,1050,60,catalyst_key,out_of_fold_heldout_rows
morph_hc_is_hierarchical,Hierarchical,random_forest,Random forest,num__xrd_text_peak_3_2theta_deg,xrd text peak 3 2theta deg,Structure / characterization,0.0008347145103390607,0.3174838699524754,-0.21031798992477208,1050,60,catalyst_key,out_of_fold_heldout_rows
morph_hc_is_hierarchical,Hierarchical,random_forest,Random forest,cat__synth_temperature_text_different,synth temperature text different,Synthesis,0.0008141918510148281,0.0009523809523809524,0.05342682735850809,1050,60,catalyst_key,out_of_fold_heldout_rows
morph_hc_is_hierarchical,Hierarchical,random_forest,Random forest,num__comp_w,w composition,Composition,0.0007841644565268672,0.4072521913555724,0.4501061990118718,1050,60,catalyst_key,out_of_fold_heldout_rows
morph_hc_is_hierarchical,Hierarchical,random_forest,Random forest,cat__support_class_text_carbon_paper,support class text carbon paper,Support,0.0007838439588861709,0.010476190476190476,0.17635011736208756,1050,60,catalyst_key,out_of_fold_heldout_rows
morph_hc_is_hierarchical,Hierarchical,random_forest,Random forest,num__has_el_as,As present,Composition,0.0007789758965673021,0.010476190476190476,0.14974870630847478,1050,60,catalyst_key,out_of_fold_heldout_rows
morph_hc_is_hierarchical,Hierarchical,random_forest,Random forest,num__comp_c,c composition,Composition,0.0007508753541928892,0.1081254317652604,0.7517905171449587,1050,60,catalyst_key,out_of_fold_heldout_rows
morph_hc_is_hierarchical,Hierarchical,random_forest,Random forest,num__xps_text_ni_2p_be_ev,xps text ni 2p be eV,Structure / characterization,0.0007331843125988282,0.9828939935064931,0.19388140758743336,1050,60,catalyst_key,out_of_fold_heldout_rows
morph_hc_is_hierarchical,Hierarchical,random_forest,Random forest,num__comp_ru,ru composition,Composition,0.0007221537502818972,0.02943811131286589,-0.2594824008672912,1050,60,catalyst_key,out_of_fold_heldout_rows
morph_hc_is_hierarchical,Hierarchical,random_forest,Random forest,num__xrd_first_peak_2theta_deg,xrd first peak 2theta deg,Structure / characterization,0.000721910466860684,0.3724353741496599,-0.36933430954970997,1050,60,catalyst_key,out_of_fold_heldout_rows
morph_hc_is_hierarchical,Hierarchical,random_forest,Random forest,num__has_el_b,B present,Composition,0.000709950126899256,0.02095238095238095,-0.2480730242579781,1050,60,catalyst_key,out_of_fold_heldout_rows
morph_hc_is_hierarchical,Hierarchical,random_forest,Random forest,cat__synth_temperature_text_varied by particle size | varied,synth temperature text varied by pa...,Synthesis,0.0007099194356141979,0.0,,656,36,catalyst_key,out_of_fold_heldout_rows
morph_hc_is_hierarchical,Hierarchical,random_forest,Random forest,num__struct_coordination_number,struct coordination number,Other,0.0006947166249284944,0.45888629294485106,0.33977991266376995,1050,60,catalyst_key,out_of_fold_heldout_rows
morph_hc_is_hierarchical,Hierarchical,random_forest,Random forest,num__xrd_text_peak_span_2theta_deg,xrd text peak span 2theta deg,Structure / characterization,0.0006919169088445764,0.6150340873698877,0.6426868475240599,1050,60,catalyst_key,out_of_fold_heldout_rows
morph_hc_is_hierarchical,Hierarchical,random_forest,Random forest,num__xrd_text_peak_count,xrd text peak count,Structure / characterization,0.0006796097958536829,0.2495187165775401,0.15931386240462211,1050,60,catalyst_key,out_of_fold_heldout_rows
morph_hc_is_hierarchical,Hierarchical,random_forest,Random forest,num__has_el_al,AL present,Composition,0.0006760482503788967,0.005714285714285714,0.0502299569387726,1050,60,catalyst_key,out_of_fold_heldout_rows
morph_hc_is_hierarchical,Hierarchical,random_forest,Random forest,num__support_is_carbon_paper,support is carbon paper,Support,0.0006663196955847888,0.012380952380952381,0.1773209171386936,1050,60,catalyst_key,out_of_fold_heldout_rows
morph_hc_is_hierarchical,Hierarchical,random_forest,Random forest,num__xps_fe_2p1_2_be_ev_filled,xps fe 2p1 2 be eV filled,Structure / characterization,0.000655140814061586,0.9963033524056824,-0.09022371728761089,1050,60,catalyst_key,out_of_fold_heldout_rows
morph_hc_is_hierarchical,Hierarchical,random_forest,Random forest,num__comp_pt,Pt content,Composition,0.0006356053869107861,0.043454820634920635,0.031189646821127678,1050,60,catalyst_key,out_of_fold_heldout_rows
morph_hc_is_hierarchical,Hierarchical,random_forest,Random forest,num__xrd_text_low_angle_peak_2theta_deg,xrd text low angle peak 2theta deg,Structure / characterization,0.0006056902370935477,0.40399492063492065,-0.07368014388822985,1050,60,catalyst_key,out_of_fold_heldout_rows
morph_hc_is_hierarchical,Hierarchical,random_forest,Random forest,num__synth_potential,synth potential,Synthesis,0.0005995103234221252,-0.0036678730158730163,-0.06427180530502044,1050,60,catalyst_key,out_of_fold_heldout_rows
morph_hc_is_hierarchical,Hierarchical,random_forest,Random forest,num__xps_text_fe_2p_be_ev,xps text fe 2p be eV,Structure / characterization,0.0005779533682521245,0.9795030658838879,0.2246889226575578,1050,60,catalyst_key,out_of_fold_heldout_rows
morph_hc_is_hierarchical,Hierarchical,random_forest,Random forest,num__has_el_pd,PD present,Composition,0.0005747928237068674,0.03238095238095238,-0.3065899791660634,1050,60,catalyst_key,out_of_fold_heldout_rows
morph_hc_is_hierarchical,Hierarchical,random_forest,Random forest,num__comp_cl,cl composition,Composition,0.0005550717294370721,0.05437473324797268,0.6393280113963424,852,48,catalyst_key,out_of_fold_heldout_rows
morph_hc_is_hierarchical,Hierarchical,random_forest,Random forest,num__has_el_cs,CS present,Composition,0.0005471175039434199,0.007619047619047619,0.1506088513864848,1050,60,catalyst_key,out_of_fold_heldout_rows
morph_hc_is_hierarchical,Hierarchical,random_forest,Random forest,cat__synth_time_text_overnight,synth time text overnight,Synthesis,0.0005134886764857228,0.9885714285714285,-0.1352394616235647,1050,60,catalyst_key,out_of_fold_heldout_rows
morph_hc_is_hierarchical,Hierarchical,random_forest,Random forest,num__xrd_text_peak_5_2theta_deg,xrd text peak 5 2theta deg,Structure / characterization,0.0004951232183011568,0.5702002786485546,-0.24701610906402366,1050,60,catalyst_key,out_of_fold_heldout_rows
morph_hc_is_hierarchical,Hierarchical,random_forest,Random forest,num__comp_al,al composition,Composition,0.0004794078342745994,0.12917367058166343,0.20228092543251497,1050,60,catalyst_key,out_of_fold_heldout_rows
morph_hc_is_hierarchical,Hierarchical,random_forest,Random forest,num__xps_text_fe_2p1_2_be_ev,xps text fe 2p1 2 be eV,Structure / characterization,0.0004458853133207126,0.9966162648363334,-0.5383973831214912,1050,60,catalyst_key,out_of_fold_heldout_rows
morph_hc_is_hierarchical,Hierarchical,random_forest,Random forest,num__has_el_sn,SN present,Composition,0.000441096428725785,0.014285714285714285,0.09761129488158794,1050,60,catalyst_key,out_of_fold_heldout_rows
morph_hc_is_hierarchical,Hierarchical,random_forest,Random forest,num__xrd_text_has_peak_45_0_2theta,xrd text has peak 45 0 2theta,Structure / characterization,0.0004363704044479208,0.0038095238095238095,0.10670075365794393,1050,60,catalyst_key,out_of_fold_heldout_rows
morph_hc_is_hierarchical,Hierarchical,random_forest,Random forest,num__pore_diameter_nm,pore diameter nm,Structure / characterization,0.00043549806604665766,0.18072984725965857,0.17894847884466342,1050,60,catalyst_key,out_of_fold_heldout_rows
morph_hc_is_hierarchical,Hierarchical,random_forest,Random forest,num__xps_fe_2p3_2_be_ev_filled,xps fe 2p3 2 be eV filled,Structure / characterization,0.0004207373841933518,0.9953992673992672,-0.057012686246920255,1050,60,catalyst_key,out_of_fold_heldout_rows
morph_hc_is_hierarchical,Hierarchical,random_forest,Random forest,num__xps_text_fe_2p3_2_be_ev,xps text fe 2p3 2 be eV,Structure / characterization,0.00041634023442143524,0.9951075591075588,0.029805219838669607,1050,60,catalyst_key,out_of_fold_heldout_rows
morph_hc_is_hierarchical,Hierarchical,random_forest,Random forest,num__xrd_text_has_peak_26_0_2theta,xrd text has peak 26 0 2theta,Structure / characterization,0.00040770793227639583,0.002857142857142857,0.09244974687776396,1050,60,catalyst_key,out_of_fold_heldout_rows
morph_hc_is_hierarchical,Hierarchical,random_forest,Random forest,cat__support_class_text_copper_foam,support class text copper foam,Support,0.0004044671240805873,0.006666666666666667,0.1409492675149499,1050,60,catalyst_key,out_of_fold_heldout_rows
morph_hc_is_hierarchical,Hierarchical,random_forest,Random forest,cat__support_class_text_infrequent_sklearn,support class text infrequent sklearn,Support,0.0003939619816425311,0.0019047619047619048,0.06803917841965802,1050,60,catalyst_key,out_of_fold_heldout_rows
morph_hc_is_hierarchical,Hierarchical,random_forest,Random forest,cat__synth_time_text_infrequent_sklearn,synth time text infrequent sklearn,Synthesis,0.00039301867773245324,0.0009523809523809524,0.053426828466160176,1050,60,catalyst_key,out_of_fold_heldout_rows
morph_hc_is_hierarchical,Hierarchical,random_forest,Random forest,num__xps_text_o_1s_be_ev,xps text o 1s be eV,Structure / characterization,0.0003585387636857229,0.996427946037702,0.34992370532005795,1050,60,catalyst_key,out_of_fold_heldout_rows
morph_hc_is_hierarchical,Hierarchical,random_forest,Random forest,num__has_el_v,V present,Composition,0.0003485860871518535,0.01904761904761905,-0.2367583184905068,1050,60,catalyst_key,out_of_fold_heldout_rows
morph_hc_is_hierarchical,Hierarchical,random_forest,Random forest,num__comp_si,si composition,Composition,0.000345771241147406,0.05197697111631538,-0.36546899242236325,854,48,catalyst_key,out_of_fold_heldout_rows
morph_hc_is_hierarchical,Hierarchical,random_forest,Random forest,num__xps_text_o_1s_generic_be_ev,xps text o 1s generic be eV,Structure / characterization,0.00033231524219187264,0.996427946037702,0.40028174454106263,1050,60,catalyst_key,out_of_fold_heldout_rows
morph_hc_is_hierarchical,Hierarchical,random_forest,Random forest,num__electronic_bader_charge_e,electronic bader charge e,Other,0.0003312121199013113,0.1292440739337291,-0.11431651721141982,1050,60,catalyst_key,out_of_fold_heldout_rows
morph_hc_is_hierarchical,Hierarchical,random_forest,Random forest,num__synth_has_solvothermal,synth has solvothermal,Synthesis,0.00032464875047181834,0.02,-0.24248728587215304,1050,60,catalyst_key,out_of_fold_heldout_rows
morph_hc_is_hierarchical,Hierarchical,random_forest,Random forest,num__xrd_text_has_peak_5_0_2theta,xrd text has peak 5 0 2theta,Structure / characterization,0.00032130481262580444,0.01619047619047619,0.1414955867278178,1050,60,catalyst_key,out_of_fold_heldout_rows
morph_hc_is_hierarchical,Hierarchical,random_forest,Random forest,num__comp_ni:fe,ni:fe composition,Composition,0.00032072845039702756,0.3749989417989418,-0.09559831074122321,1050,60,catalyst_key,out_of_fold_heldout_rows
morph_hc_is_hierarchical,Hierarchical,random_forest,Random forest,cat__support_class_text_iron_foam,support class text iron foam,Support,0.00030796222971028926,0.015238095238095238,0.10616388408983651,1050,60,catalyst_key,out_of_fold_heldout_rows
morph_hc_is_hierarchical,Hierarchical,random_forest,Random forest,num__support_is_copper_foam,support is copper foam,Support,0.00030773528216120646,0.006666666666666667,0.14071760364728414,1050,60,catalyst_key,out_of_fold_heldout_rows
morph_hc_is_hierarchical,Hierarchical,random_forest,Random forest,num__has_el_zn,ZN present,Composition,0.0003035797289729572,0.017142857142857144,-0.17491356648072487,1050,60,catalyst_key,out_of_fold_heldout_rows
morph_hc_is_hierarchical,Hierarchical,random_forest,Random forest,num__has_el_cr,CR present,Composition,0.00030285249152556883,0.02095238095238095,-0.2480730204006661,1050,60,catalyst_key,out_of_fold_heldout_rows
morph_hc_is_hierarchical,Hierarchical,random_forest,Random forest,num__has_el_i,I present,Composition,0.00029754412287281886,0.009523809523809525,0.10093448287978414,1050,60,catalyst_key,out_of_fold_heldout_rows
morph_hc_is_hierarchical,Hierarchical,random_forest,Random forest,num__has_el_la,LA present,Composition,0.00029603918970469,0.008571428571428572,0.032192669823838435,1050,60,catalyst_key,out_of_fold_heldout_rows
morph_hc_is_hierarchical,Hierarchical,random_forest,Random forest,num__support_is_iron_foam,support is iron foam,Support,0.0002849709202614506,0.01904761904761905,-0.046639090964240286,1050,60,catalyst_key,out_of_fold_heldout_rows
morph_hc_is_hierarchical,Hierarchical,random_forest,Random forest,num__xps_o_1s_be_ev_filled,xps o 1s be eV filled,Structure / characterization,0.000282765128451121,0.9963419994639506,0.05085635145096031,1050,60,catalyst_key,out_of_fold_heldout_rows
morph_hc_is_hierarchical,Hierarchical,random_forest,Random forest,num__xrd_text_has_peak_6_0_2theta,xrd text has peak 6 0 2theta,Structure / characterization,0.00027103664043095203,0.022857142857142857,-0.25885165418107287,1050,60,catalyst_key,out_of_fold_heldout_rows
morph_hc_is_hierarchical,Hierarchical,random_forest,Random forest,num__comp_cu,cu composition,Composition,0.00025344247485882277,0.10461688665135938,-0.4936879957446359,1050,60,catalyst_key,out_of_fold_heldout_rows
morph_hc_is_hierarchical,Hierarchical,random_forest,Random forest,cat__synth_temperature_text_high,synth temperature text high,Synthesis,0.00024868055918836774,0.0019047619047619048,0.0755209228320609,1050,60,catalyst_key,out_of_fold_heldout_rows
morph_hc_is_hierarchical,Hierarchical,random_forest,Random forest,cat__synth_time_text_several hours,synth time text several hours,Synthesis,0.0002243336525042206,0.002857142857142857,0.09244972579427566,1050,60,catalyst_key,out_of_fold_heldout_rows
morph_hc_is_hierarchical,Hierarchical,random_forest,Random forest,num__xps_ni_2p3_2_be_ev,xps ni 2p3 2 be eV,Structure / characterization,0.00021595399339986807,0.9982483207551918,-0.09635581760343195,1050,60,catalyst_key,out_of_fold_heldout_rows
morph_hc_is_hierarchical,Hierarchical,random_forest,Random forest,num__xps_ni_2p3_2_be_ev_filled,xps ni 2p3 2 be eV filled,Structure / characterization,0.00021468307060989002,0.9939361099994646,-0.21097630059583253,1050,60,catalyst_key,out_of_fold_heldout_rows
morph_hc_is_hierarchical,Hierarchical,random_forest,Random forest,num__struct_roughness_factor,struct roughness factor,Other,0.00020867485695276835,0.001707072349177613,-0.3295281484268819,1050,60,catalyst_key,out_of_fold_heldout_rows
morph_hc_is_hierarchical,Hierarchical,random_forest,Random forest,num__xps_text_ni_2p3_2_be_ev,xps text ni 2p3 2 be eV,Structure / characterization,0.00020306463064761533,0.9945418175397828,-0.2940306490619597,1050,60,catalyst_key,out_of_fold_heldout_rows
morph_hc_is_hierarchical,Hierarchical,random_forest,Random forest,num__has_el_au,AU present,Composition,0.00019772150853647314,0.011428571428571429,-0.1841030300821947,1050,60,catalyst_key,out_of_fold_heldout_rows
morph_hc_is_hierarchical,Hierarchical,random_forest,Random forest,num__comp_zn,zn composition,Composition,0.00017128309722482866,0.04871617118806517,-0.15852750495203982,1050,60,catalyst_key,out_of_fold_heldout_rows
morph_hc_is_hierarchical,Hierarchical,random_forest,Random forest,num__xrd_text_has_peak_9_0_2theta,xrd text has peak 9 0 2theta,Structure / characterization,0.0001550777581145074,0.023809523809523808,-0.14689497031123805,1050,60,catalyst_key,out_of_fold_heldout_rows
morph_hc_is_hierarchical,Hierarchical,random_forest,Random forest,num__comp_ir,ir composition,Composition,0.00015248997495778574,0.14181758101851855,0.1636728540831437,1050,60,catalyst_key,out_of_fold_heldout_rows
morph_hc_is_hierarchical,Hierarchical,random_forest,Random forest,num__has_el_cl,CL present,Composition,0.0001443598707029559,0.021904761904761906,-0.2534391368781024,1050,60,catalyst_key,out_of_fold_heldout_rows
morph_hc_is_hierarchical,Hierarchical,random_forest,Random forest,num__synth_cycles,synth cycles,Synthesis,0.00013622920368368456,0.0051152832674571805,-0.20644318190791305,1050,60,catalyst_key,out_of_fold_heldout_rows
morph_hc_is_hierarchical,Hierarchical,random_forest,Random forest,num__synth_has_sputtering,synth has sputtering,Synthesis,0.00013452272534450238,0.009523809523809525,0.06728965629948298,1050,60,catalyst_key,out_of_fold_heldout_rows
morph_hc_is_hierarchical,Hierarchical,random_forest,Random forest,cat__synth_temperature_text_infrequent_sklearn,synth temperature text infrequent s...,Synthesis,0.00012049705436370395,0.0,,1050,60,catalyst_key,out_of_fold_heldout_rows
morph_hc_is_hierarchical,Hierarchical,random_forest,Random forest,num__electronic_band_gap_ev,electronic band gap eV,Other,0.0001026850252439863,0.7048506581494388,0.18467117491920756,1050,60,catalyst_key,out_of_fold_heldout_rows
morph_hc_is_hierarchical,Hierarchical,random_forest,Random forest,num__xrd_peak_003_2theta_deg,xrd peak 003 2theta deg,Structure / characterization,0.0001008684638175477,0.11269713419596886,-0.6652852616339983,1050,60,catalyst_key,out_of_fold_heldout_rows
morph_hc_is_hierarchical,Hierarchical,random_forest,Random forest,num__comp_pd,pd composition,Composition,9.55721813731311e-05,0.04915552486772487,0.11747099146051351,1050,60,catalyst_key,out_of_fold_heldout_rows
morph_hc_is_hierarchical,Hierarchical,random_forest,Random forest,num__xps_ni_2p1_2_be_ev_filled,xps ni 2p1 2 be eV filled,Structure / characterization,9.452797412543083e-05,0.9919456168831169,0.22715116964559937,1050,60,catalyst_key,out_of_fold_heldout_rows
morph_hc_is_hierarchical,Hierarchical,random_forest,Random forest,num__comp_v,v composition,Composition,9.30792845573295e-05,0.37261992831541224,0.36363540884872053,1050,60,catalyst_key,out_of_fold_heldout_rows
morph_hc_is_hierarchical,Hierarchical,random_forest,Random forest,num__xrd_text_has_peak_7_0_2theta,xrd text has peak 7 0 2theta,Structure / characterization,9.170305104181188e-05,0.015238095238095238,-0.21217387965217982,1050,60,catalyst_key,out_of_fold_heldout_rows
morph_hc_is_hierarchical,Hierarchical,random_forest,Random forest,num__comp_se,se composition,Composition,8.856011447343837e-05,4.893078145749915e-05,-0.7991327646555705,417,22,catalyst_key,out_of_fold_heldout_rows
morph_hc_is_hierarchical,Hierarchical,random_forest,Random forest,num__has_el_ag,AG present,Composition,7.864907322425709e-05,0.008571428571428572,-0.15966813673464295,1050,60,catalyst_key,out_of_fold_heldout_rows
morph_hc_is_hierarchical,Hierarchical,random_forest,Random forest,num__xrd_text_has_peak_50_0_2theta,xrd text has peak 50 0 2theta,Structure / characterization,7.728827315500432e-05,0.01619047619047619,-0.21859808933607633,1050,60,catalyst_key,out_of_fold_heldout_rows
morph_hc_is_hierarchical,Hierarchical,random_forest,Random forest,num__xps_text_ni_2p1_2_be_ev,xps text ni 2p1 2 be eV,Structure / characterization,7.496380702830717e-05,0.9917005411255412,0.5534774700736246,1050,60,catalyst_key,out_of_fold_heldout_rows
morph_hc_is_hierarchical,Hierarchical,random_forest,Random forest,num__synth_pressure,synth pressure,Synthesis,7.19877085658243e-05,0.006013079365079366,0.0007631245176216546,1050,60,catalyst_key,out_of_fold_heldout_rows
morph_hc_is_hierarchical,Hierarchical,random_forest,Random forest,num__xrd_text_peak_6_2theta_deg,xrd text peak 6 2theta deg,Structure / characterization,7.143540392650205e-05,0.7610125889436236,0.4317141220209778,1050,60,catalyst_key,out_of_fold_heldout_rows
morph_hc_is_hierarchical,Hierarchical,random_forest,Random forest,num__metal_loading_wt_pct,metal loading wt pct,Other,7.021083566172566e-05,0.10864855547113746,0.36414567245002005,1050,60,catalyst_key,out_of_fold_heldout_rows
morph_hc_is_hierarchical,Hierarchical,random_forest,Random forest,num__has_el_ts,TS present,Composition,6.26163650089049e-05,0.007619047619047619,-0.15060885450892758,1050,60,catalyst_key,out_of_fold_heldout_rows
morph_hc_is_hierarchical,Hierarchical,random_forest,Random forest,num__support_is_metal_mesh,support is metal mesh,Support,6.204962009698623e-05,0.002857142857142857,0.030816575184896885,1050,60,catalyst_key,out_of_fold_heldout_rows
morph_hc_is_hierarchical,Hierarchical,random_forest,Random forest,num__synth_scan_rate,synth scan rate,Synthesis,5.146684519464054e-05,0.4983557142857143,0.06796493544779457,1050,60,catalyst_key,out_of_fold_heldout_rows
morph_hc_is_hierarchical,Hierarchical,random_forest,Random forest,num__has_el_rh,RH present,Composition,4.645583266996612e-05,0.005714285714285714,-0.13055620309090277,1050,60,catalyst_key,out_of_fold_heldout_rows
morph_hc_is_hierarchical,Hierarchical,random_forest,Random forest,num__has_el_k,K present,Composition,4.4480370614348795e-05,0.007619047619047619,-0.15060885372831687,1050,60,catalyst_key,out_of_fold_heldout_rows
morph_hc_is_hierarchical,Hierarchical,random_forest,Random forest,cat__support_class_text_iron_foam | nickel_foam,support class text iron foam | nick...,Support,3.8739846579309926e-05,0.0038095238095238095,-0.10670075587007823,1050,60,catalyst_key,out_of_fold_heldout_rows
morph_hc_is_hierarchical,Hierarchical,random_forest,Random forest,num__has_el_si,SI present,Composition,3.851966324017066e-05,0.005714285714285714,-0.1305562085043199,1050,60,catalyst_key,out_of_fold_heldout_rows
morph_hc_is_hierarchical,Hierarchical,random_forest,Random forest,num__xrd_text_has_peak_8_0_2theta,xrd text has peak 8 0 2theta,Structure / characterization,3.3534891445136066e-05,0.010476190476190476,-0.17635012376028722,1050,60,catalyst_key,out_of_fold_heldout_rows
morph_hc_is_hierarchical,Hierarchical,random_forest,Random forest,num__synth_has_spray_coating,synth has spray coating,Synthesis,3.1942645671680354e-05,0.005714285714285714,-0.1305562101960129,1050,60,catalyst_key,out_of_fold_heldout_rows
morph_hc_is_hierarchical,Hierarchical,random_forest,Random forest,num__comp_fe/ni,fe/ni composition,Composition,3.052994463839445e-05,0.05773672055427252,,417,22,catalyst_key,out_of_fold_heldout_rows
morph_hc_is_hierarchical,Hierarchical,random_forest,Random forest,num__has_el_cd,CD present,Composition,2.9435029137175842e-05,0.002857142857142857,-0.09244972962763609,1050,60,catalyst_key,out_of_fold_heldout_rows
morph_hc_is_hierarchical,Hierarchical,random_forest,Random forest,num__has_el_pr,PR present,Composition,2.372055692284732e-05,0.0038095238095238095,-0.10670075669962863,1050,60,catalyst_key,out_of_fold_heldout_rows
morph_hc_is_hierarchical,Hierarchical,random_forest,Random forest,cat__synth_temperature_text_ambient,synth temperature text ambient,Synthesis,2.3688310606986424e-05,0.002857142857142857,-0.09245008780935579,1050,60,catalyst_key,out_of_fold_heldout_rows
morph_hc_is_hierarchical,Hierarchical,random_forest,Random forest,cat__support_class_text_metal_mesh,support class text metal mesh,Support,2.219680969102166e-05,0.0019047619047619048,-0.07552093927201932,1050,60,catalyst_key,out_of_fold_heldout_rows
morph_hc_is_hierarchical,Hierarchical,random_forest,Random forest,num__has_el_br,BR present,Composition,2.0333370604038347e-05,0.0,,221,10,catalyst_key,out_of_fold_heldout_rows
morph_hc_is_hierarchical,Hierarchical,random_forest,Random forest,num__xps_text_cu_2p_be_ev,xps text cu 2p be eV,Structure / characterization,1.7730759345973597e-05,0.9995115864527632,0.16673144987647817,1050,60,catalyst_key,out_of_fold_heldout_rows
morph_hc_is_hierarchical,Hierarchical,random_forest,Random forest,cat__synth_temperature_text_low,synth temperature text low,Synthesis,1.6721924216211413e-05,0.0019047619047619048,-0.0755245109117975,1050,60,catalyst_key,out_of_fold_heldout_rows
morph_hc_is_hierarchical,Hierarchical,random_forest,Random forest,num__has_el_te,TE present,Composition,1.6572565066457055e-05,0.0019047619047619048,-0.07552102284197404,1050,60,catalyst_key,out_of_fold_heldout_rows
morph_hc_is_hierarchical,Hierarchical,random_forest,Random forest,num__has_el_u,U present,Composition,1.4975139227075091e-05,0.0016260162601626016,-0.06978639768470976,615,34,catalyst_key,out_of_fold_heldout_rows
morph_hc_is_hierarchical,Hierarchical,random_forest,Random forest,num__xps_co_2p1_2_be_ev,xps co 2p1 2 be eV,Structure / characterization,1.484936995402461e-05,0.998592815623301,-0.35420635205924256,1050,60,catalyst_key,out_of_fold_heldout_rows
morph_hc_is_hierarchical,Hierarchical,random_forest,Random forest,num__has_el_ba,BA present,Composition,1.4331965548897122e-05,0.004761904761904762,-0.11923806701232775,1050,60,catalyst_key,out_of_fold_heldout_rows
morph_hc_is_hierarchical,Hierarchical,random_forest,Random forest,num__has_el_bi,BI present,Composition,1.3338117628883767e-05,0.0019047619047619048,-0.07552092263634717,1050,60,catalyst_key,out_of_fold_heldout_rows
morph_hc_is_hierarchical,Hierarchical,random_forest,Random forest,num__synth_has_sol_gel,synth has sol gel,Synthesis,1.3234614691023778e-05,0.0038095238095238095,-0.10670077854446255,1050,60,catalyst_key,out_of_fold_heldout_rows
morph_hc_is_hierarchical,Hierarchical,random_forest,Random forest,num__xps_co_2p3_2_be_ev,xps co 2p3 2 be eV,Structure / characterization,1.2587375112381271e-05,0.9987432286353535,-0.7032296866387197,1050,60,catalyst_key,out_of_fold_heldout_rows
morph_hc_is_hierarchical,Hierarchical,random_forest,Random forest,num__has_el_os,OS present,Composition,1.1431294659076877e-05,0.004761904761904762,-0.11923803456654104,1050,60,catalyst_key,out_of_fold_heldout_rows
morph_hc_is_hierarchical,Hierarchical,random_forest,Random forest,num__has_el_ds,DS present,Composition,1.0921365584291224e-05,0.0,,221,10,catalyst_key,out_of_fold_heldout_rows
morph_hc_is_hierarchical,Hierarchical,random_forest,Random forest,num__comp_sr,sr composition,Composition,1.0139479269588684e-05,0.7542372881355931,0.23948456009405528,413,24,catalyst_key,out_of_fold_heldout_rows
morph_hc_is_hierarchical,Hierarchical,random_forest,Random forest,num__xrd_text_has_peak_49_0_2theta,xrd text has peak 49 0 2theta,Structure / characterization,8.629417640638845e-06,0.005714285714285714,-0.1305568408637453,1050,60,catalyst_key,out_of_fold_heldout_rows
morph_hc_is_hierarchical,Hierarchical,random_forest,Random forest,num__comp_ni/fe,ni/fe composition,Composition,7.60308158673309e-06,0.32255009107468124,0.5686581449624876,854,48,catalyst_key,out_of_fold_heldout_rows
morph_hc_is_hierarchical,Hierarchical,random_forest,Random forest,num__has_el_nb,NB present,Composition,7.4639125973972615e-06,0.006666666666666667,-0.14094932595856544,1050,60,catalyst_key,out_of_fold_heldout_rows
morph_hc_is_hierarchical,Hierarchical,random_forest,Random forest,cat__synth_time_text_25 or 60,synth time text 25 or 60,Synthesis,7.043349533466353e-06,0.0019047619047619048,-0.07552094847057218,1050,60,catalyst_key,out_of_fold_heldout_rows
morph_hc_is_hierarchical,Hierarchical,random_forest,Random forest,num__has_el_y,Y present,Composition,6.549099332014916e-06,0.005714285714285714,-0.13055626466856265,1050,60,catalyst_key,out_of_fold_heldout_rows
morph_hc_is_hierarchical,Hierarchical,random_forest,Random forest,num__comp_rh,rh composition,Composition,6.385127772195659e-06,0.11828588043591405,-0.08198285352655692,1050,60,catalyst_key,out_of_fold_heldout_rows
morph_hc_is_hierarchical,Hierarchical,random_forest,Random forest,num__xps_text_pt_4f_be_ev,xps text pt 4f be eV,Structure / characterization,6.14103241389572e-06,0.9367419927585258,-0.43205510300936517,1050,60,catalyst_key,out_of_fold_heldout_rows
morph_hc_is_hierarchical,Hierarchical,random_forest,Random forest,num__xps_pt_4f5_2_be_ev_filled,xps pt 4f5 2 be eV filled,Structure / characterization,5.915137814388042e-06,0.9963333333333331,,415,24,catalyst_key,out_of_fold_heldout_rows
morph_hc_is_hierarchical,Hierarchical,random_forest,Random forest,num__xrd_text_has_peak_52_0_2theta,xrd text has peak 52 0 2theta,Structure / characterization,5.71889218429185e-06,0.0038095238095238095,-0.07737282816507213,1050,60,catalyst_key,out_of_fold_heldout_rows
morph_hc_is_hierarchical,Hierarchical,random_forest,Random forest,cat__support_class_text_carbon_paper | nickel_foam,support class text carbon paper | n...,Support,5.7098346558425775e-06,0.0019047619047619048,-0.0755220049565151,1050,60,catalyst_key,out_of_fold_heldout_rows
morph_hc_is_hierarchical,Hierarchical,random_forest,Random forest,num__comp_y,y composition,Composition,5.600803448471606e-06,0.028678678678678685,,217,12,catalyst_key,out_of_fold_heldout_rows
morph_hc_is_hierarchical,Hierarchical,random_forest,Random forest,num__comp_ce,ce composition,Composition,5.51926134280445e-06,0.004003832267235252,-0.18240635395995775,1050,60,catalyst_key,out_of_fold_heldout_rows
morph_hc_is_hierarchical,Hierarchical,random_forest,Random forest,num__struct_surface_roughness_nm,struct surface roughness nm,Other,4.967445202592795e-06,0.0038074386026332513,-0.49052271798007746,1050,60,catalyst_key,out_of_fold_heldout_rows
morph_hc_is_hierarchical,Hierarchical,random_forest,Random forest,num__has_el_ta,TA present,Composition,4.907945474531245e-06,0.0038095238095238095,-0.10670090325383483,1050,60,catalyst_key,out_of_fold_heldout_rows
morph_hc_is_hierarchical,Hierarchical,random_forest,Random forest,cat__support_class_text_copper_foam | nickel_foam,support class text copper foam | ni...,Support,4.652351920822602e-06,0.0,,1050,60,catalyst_key,out_of_fold_heldout_rows
morph_hc_is_hierarchical,Hierarchical,random_forest,Random forest,cat__synth_temperature_text_RT,synth temperature text RT,Synthesis,4.291482549246368e-06,0.0009523809523809524,-0.05360593455713828,1050,60,catalyst_key,out_of_fold_heldout_rows
morph_hc_is_hierarchical,Hierarchical,random_forest,Random forest,num__xps_text_pt_4f5_2_be_ev,xps text pt 4f5 2 be eV,Structure / characterization,4.152398930712139e-06,0.9963333333333331,,415,24,catalyst_key,out_of_fold_heldout_rows
morph_hc_is_hierarchical,Hierarchical,random_forest,Random forest,num__has_el_li,LI present,Composition,3.8860079637253015e-06,0.004761904761904762,-0.11923804692683763,1050,60,catalyst_key,out_of_fold_heldout_rows
morph_hc_is_hierarchical,Hierarchical,random_forest,Random forest,cat__synth_temperature_text_<273,synth temperature text <273,Synthesis,3.884089562776371e-06,0.0,,612,38,catalyst_key,out_of_fold_heldout_rows
morph_hc_is_hierarchical,Hierarchical,random_forest,Random forest,cat__support_class_text_glassy_carbon,support class text glassy carbon,Support,3.3698877640108566e-06,0.0009523809523809524,-0.05342693203193441,1050,60,catalyst_key,out_of_fold_heldout_rows
morph_hc_is_hierarchical,Hierarchical,random_forest,Random forest,num__has_el_sb,SB present,Composition,3.19186289867389e-06,0.0,,635,36,catalyst_key,out_of_fold_heldout_rows
morph_hc_is_hierarchical,Hierarchical,random_forest,Random forest,num__has_el_eu,EU present,Composition,3.111198861393109e-06,0.0,,416,26,catalyst_key,out_of_fold_heldout_rows
morph_hc_is_hierarchical,Hierarchical,random_forest,Random forest,num__support_is_glassy_carbon,support is glassy carbon,Support,2.524494495482441e-06,0.0009523809523809524,-0.05360160675045299,1050,60,catalyst_key,out_of_fold_heldout_rows
morph_hc_is_hierarchical,Hierarchical,random_forest,Random forest,cat__support_class_text_fto,support class text fto,Support,2.499350722867252e-06,0.0009523809523809524,-0.05368730590645601,1050,60,catalyst_key,out_of_fold_heldout_rows
morph_hc_is_hierarchical,Hierarchical,random_forest,Random forest,num__synth_has_molten_salt,synth has molten salt,Synthesis,2.482098288220899e-06,0.0009523809523809524,-0.05344049174861525,1050,60,catalyst_key,out_of_fold_heldout_rows
morph_hc_is_hierarchical,Hierarchical,random_forest,Random forest,num__has_el_mg,MG present,Composition,1.947654298174972e-06,0.0019047619047619048,-0.0755211709982899,1050,60,catalyst_key,out_of_fold_heldout_rows
morph_hc_is_hierarchical,Hierarchical,random_forest,Random forest,num__has_el_na,NA present,Composition,1.7528540369820368e-06,0.002857142857142857,-0.09286638607098192,1050,60,catalyst_key,out_of_fold_heldout_rows
morph_hc_is_hierarchical,Hierarchical,random_forest,Random forest,cat__synth_time_text_several,synth time text several,Synthesis,1.75201418832516e-06,0.0019047619047619048,-0.06801193693184644,1050,60,catalyst_key,out_of_fold_heldout_rows
morph_hc_is_hierarchical,Hierarchical,random_forest,Random forest,num__xps_text_pt_4f7_2_be_ev,xps text pt 4f7 2 be eV,Structure / characterization,1.669970320997989e-06,0.9909281228192601,,415,24,catalyst_key,out_of_fold_heldout_rows
morph_hc_is_hierarchical,Hierarchical,random_forest,Random forest,num__electronic_fermi_level_ev,electronic fermi level eV,Other,1.4869877425083688e-06,0.0008223341284565775,0.06382301198077651,1050,60,catalyst_key,out_of_fold_heldout_rows
morph_hc_is_hierarchical,Hierarchical,random_forest,Random forest,cat__synth_time_text_6-24,synth time text 6-24,Synthesis,1.0462744418925044e-06,0.0,,631,38,catalyst_key,out_of_fold_heldout_rows
morph_hc_is_hierarchical,Hierarchical,random_forest,Random forest,cat__synth_time_text_3-48 | overnight,synth time text 3-48 | overnight,Synthesis,9.180779201134894e-07,0.0,,636,34,catalyst_key,out_of_fold_heldout_rows
morph_hc_is_hierarchical,Hierarchical,random_forest,Random forest,cat__synth_temperature_text_thousands,synth temperature text thousands,Synthesis,5.407502106424583e-07,0.0,,631,38,catalyst_key,out_of_fold_heldout_rows
morph_hc_is_hierarchical,Hierarchical,random_forest,Random forest,num__has_el_re,RE present,Composition,5.175709005372917e-07,0.0,,852,48,catalyst_key,out_of_fold_heldout_rows
morph_hc_is_hierarchical,Hierarchical,random_forest,Random forest,num__xps_pt_4f7_2_be_ev_filled,xps pt 4f7 2 be eV filled,Structure / characterization,4.952435415475966e-07,0.9909281228192601,,415,24,catalyst_key,out_of_fold_heldout_rows
morph_hc_is_hierarchical,Hierarchical,random_forest,Random forest,num__has_el_nd,ND present,Composition,2.694267329180821e-07,0.0,,196,12,catalyst_key,out_of_fold_heldout_rows
morph_hc_is_hierarchical,Hierarchical,random_forest,Random forest,cat__support_class_text_ito,support class text ito,Support,0.0,0.0,,612,38,catalyst_key,out_of_fold_heldout_rows
morph_hc_is_hollow_core_shell,Hollow Core Shell,random_forest,Random forest,num__active_element_count,Active element count,Composition,0.028907117695661493,0.2683982683982684,0.632487553841991,1050,100,catalyst_key,out_of_fold_heldout_rows
morph_hc_is_hollow_core_shell,Hollow Core Shell,random_forest,Random forest,num__xps_text_energy_min_ev,XPS BE min,Structure / characterization,0.01677040307992708,0.09759090422685929,-0.462160874816845,1050,100,catalyst_key,out_of_fold_heldout_rows
morph_hc_is_hollow_core_shell,Hollow Core Shell,random_forest,Random forest,num__synth_time_h,Synthesis time,Synthesis,0.014341207417252559,0.009767291194255479,0.05783333928733225,1050,100,catalyst_key,out_of_fold_heldout_rows
morph_hc_is_hollow_core_shell,Hollow Core Shell,random_forest,Random forest,num__xps_text_energy_std_ev,XPS BE dispersion,Structure / characterization,0.014158582953260076,0.4992904936254276,0.5205292698773707,1050,100,catalyst_key,out_of_fold_heldout_rows
morph_hc_is_hollow_core_shell,Hollow Core Shell,random_forest,Random forest,num__xps_text_peak_count,XPS peak count,Structure / characterization,0.013797619491163452,0.07919347919347919,0.47967273134928523,1050,100,catalyst_key,out_of_fold_heldout_rows
morph_hc_is_hollow_core_shell,Hollow Core Shell,random_forest,Random forest,num__synth_temperature_c,Synthesis temperature,Synthesis,0.013065369514768539,0.11149153779158721,0.07560198089683885,1050,100,catalyst_key,out_of_fold_heldout_rows
morph_hc_is_hollow_core_shell,Hollow Core Shell,random_forest,Random forest,num__has_el_ni,NI present,Composition,0.012710664453455641,0.5095238095238095,-0.8062974194865337,1050,100,catalyst_key,out_of_fold_heldout_rows
morph_hc_is_hollow_core_shell,Hollow Core Shell,random_forest,Random forest,num__has_el_co,CO present,Composition,0.01205653421883657,0.23904761904761904,0.6291685541451341,1050,100,catalyst_key,out_of_fold_heldout_rows
morph_hc_is_hollow_core_shell,Hollow Core Shell,random_forest,Random forest,num__xps_text_energy_mean_ev,XPS BE mean,Structure / characterization,0.011597644967045115,0.43055590733025584,-0.1969542408902706,1050,100,catalyst_key,out_of_fold_heldout_rows
morph_hc_is_hollow_core_shell,Hollow Core Shell,random_forest,Random forest,num__synth_step_count,Synthesis step count,Synthesis,0.010982510392216203,0.13136054421768703,0.04456655130163415,1050,100,catalyst_key,out_of_fold_heldout_rows
morph_hc_is_hollow_core_shell,Hollow Core Shell,random_forest,Random forest,num__xps_text_energy_max_ev,XPS BE max,Structure / characterization,0.009427071472246615,0.6379211904761906,0.037457843366498864,1050,100,catalyst_key,out_of_fold_heldout_rows
morph_hc_is_hollow_core_shell,Hollow Core Shell,random_forest,Random forest,num__has_el_fe,FE present,Composition,0.008625994592905443,0.29333333333333333,-0.7841965535552777,1050,100,catalyst_key,out_of_fold_heldout_rows
morph_hc_is_hollow_core_shell,Hollow Core Shell,random_forest,Random forest,num__structure_lattice_spacing,Lattice spacing,Structure / characterization,0.008151134663137428,0.009264543267695623,0.040788208324064414,1050,100,catalyst_key,out_of_fold_heldout_rows
morph_hc_is_hollow_core_shell,Hollow Core Shell,random_forest,Random forest,num__has_el_o,O present,Composition,0.007423666409212438,0.3514285714285714,0.4265799377924572,1050,100,catalyst_key,out_of_fold_heldout_rows
morph_hc_is_hollow_core_shell,Hollow Core Shell,random_forest,Random forest,num__comp_ni,Ni content,Composition,0.0072300739840867965,0.11720086318972034,0.24360901758748918,1050,100,catalyst_key,out_of_fold_heldout_rows
morph_hc_is_hollow_core_shell,Hollow Core Shell,random_forest,Random forest,num__has_el_cu,CU present,Composition,0.006265352795407754,0.07714285714285714,0.4080672711685081,1050,100,catalyst_key,out_of_fold_heldout_rows
morph_hc_is_hollow_core_shell,Hollow Core Shell,random_forest,Random forest,num__has_el_ce,CE present,Composition,0.0061932813189908035,0.025714285714285714,0.2741519206714542,1050,100,catalyst_key,out_of_fold_heldout_rows
morph_hc_is_hollow_core_shell,Hollow Core Shell,random_forest,Random forest,num__synth_has_electrodeposition,synth has electrodeposition,Synthesis,0.006120913534104374,0.13523809523809524,-0.5817295221338745,1050,100,catalyst_key,out_of_fold_heldout_rows
morph_hc_is_hollow_core_shell,Hollow Core Shell,random_forest,Random forest,num__has_el_p,P present,Composition,0.006111581310957616,0.08571428571428572,0.3354494173713925,1050,100,catalyst_key,out_of_fold_heldout_rows
morph_hc_is_hollow_core_shell,Hollow Core Shell,random_forest,Random forest,num__structure_interplanar_spacing,Interplanar spacing,Structure / characterization,0.005654087390327943,0.04621425463240464,0.03753972672608447,1050,100,catalyst_key,out_of_fold_heldout_rows
morph_hc_is_hollow_core_shell,Hollow Core Shell,random_forest,Random forest,num__has_el_n,N present,Composition,0.005043133847133532,0.13714285714285715,0.42073482808373625,1050,100,catalyst_key,out_of_fold_heldout_rows
morph_hc_is_hollow_core_shell,Hollow Core Shell,random_forest,Random forest,num__bet_surface_area_m2_g,BET surface area,Structure / characterization,0.004829564724876747,0.04271837508406885,-0.1957824381373823,1050,100,catalyst_key,out_of_fold_heldout_rows
morph_hc_is_hollow_core_shell,Hollow Core Shell,random_forest,Random forest,num__has_el_c,C present,Composition,0.004651780424706762,0.16285714285714287,-0.05910342007727297,1050,100,catalyst_key,out_of_fold_heldout_rows
morph_hc_is_hollow_core_shell,Hollow Core Shell,random_forest,Random forest,num__has_el_au,AU present,Composition,0.004636894128121146,0.014285714285714285,0.20553576241850047,1050,100,catalyst_key,out_of_fold_heldout_rows
morph_hc_is_hollow_core_shell,Hollow Core Shell,random_forest,Random forest,num__has_el_ru,RU present,Composition,0.004599556335465853,0.09523809523809523,0.18921185733663892,1050,100,catalyst_key,out_of_fold_heldout_rows
morph_hc_is_hollow_core_shell,Hollow Core Shell,random_forest,Random forest,num__support_is_nickel_foam,support is nickel foam,Support,0.004562309728639955,0.08571428571428572,-0.4848735179323503,1050,100,catalyst_key,out_of_fold_heldout_rows
morph_hc_is_hollow_core_shell,Hollow Core Shell,random_forest,Random forest,num__has_el_h,H present,Composition,0.004507892076493906,0.16095238095238096,0.4142044504845051,1050,100,catalyst_key,out_of_fold_heldout_rows
morph_hc_is_hollow_core_shell,Hollow Core Shell,random_forest,Random forest,num__synth_has_hydrothermal,Hydrothermal route,Synthesis,0.004429611725703893,0.11714285714285715,-0.557011314068162,1050,100,catalyst_key,out_of_fold_heldout_rows
morph_hc_is_hollow_core_shell,Hollow Core Shell,random_forest,Random forest,num__metal_mass_loading_mg_cm2,Metal mass loading,Other,0.004407290680866528,0.23136557971085844,-0.32417726246752837,1050,100,catalyst_key,out_of_fold_heldout_rows
morph_hc_is_hollow_core_shell,Hollow Core Shell,random_forest,Random forest,num__comp_co,co composition,Composition,0.004344412459945785,0.004032796931423695,-0.486319885987526,1050,100,catalyst_key,out_of_fold_heldout_rows
morph_hc_is_hollow_core_shell,Hollow Core Shell,random_forest,Random forest,num__has_el_s,S present,Composition,0.004184800309016329,0.10761904761904761,0.08098478686347242,1050,100,catalyst_key,out_of_fold_heldout_rows
morph_hc_is_hollow_core_shell,Hollow Core Shell,random_forest,Random forest,num__xrd_text_peak_3_2theta_deg,xrd text peak 3 2theta deg,Structure / characterization,0.003945604916347969,0.3160990148868536,0.27513179893628015,1050,100,catalyst_key,out_of_fold_heldout_rows
morph_hc_is_hollow_core_shell,Hollow Core Shell,random_forest,Random forest,num__has_el_mn,MN present,Composition,0.003882720034134584,0.037142857142857144,0.31339564781342033,1050,100,catalyst_key,out_of_fold_heldout_rows
morph_hc_is_hollow_core_shell,Hollow Core Shell,random_forest,Random forest,num__xps_text_ni_2p_be_ev,xps text ni 2p be eV,Structure / characterization,0.003572689796562549,0.9829529220779217,0.2991084912545729,1050,100,catalyst_key,out_of_fold_heldout_rows
morph_hc_is_hollow_core_shell,Hollow Core Shell,random_forest,Random forest,num__has_el_cs,CS present,Composition,0.0035512792600668193,0.007619047619047619,0.15060883421305313,1050,100,catalyst_key,out_of_fold_heldout_rows
morph_hc_is_hollow_core_shell,Hollow Core Shell,random_forest,Random forest,num__pore_size_nm,pore size nm,Structure / characterization,0.0033853898325258112,0.044751422059603356,-0.27067364330773086,1050,100,catalyst_key,out_of_fold_heldout_rows
morph_hc_is_hollow_core_shell,Hollow Core Shell,random_forest,Random forest,num__has_el_mo,MO present,Composition,0.0033266473224515905,0.09428571428571429,-0.5061287387593005,1050,100,catalyst_key,out_of_fold_heldout_rows
morph_hc_is_hollow_core_shell,Hollow Core Shell,random_forest,Random forest,num__electronic_work_function_ev,electronic work function eV,Other,0.0032802507451930507,0.5868419568691182,-0.019735713045052884,1050,100,catalyst_key,out_of_fold_heldout_rows
morph_hc_is_hollow_core_shell,Hollow Core Shell,random_forest,Random forest,num__synth_has_solvothermal,synth has solvothermal,Synthesis,0.003213388896910589,0.02,0.24248726136417453,1050,100,catalyst_key,out_of_fold_heldout_rows
morph_hc_is_hollow_core_shell,Hollow Core Shell,random_forest,Random forest,num__comp_ru,ru composition,Composition,0.0032103785857767707,0.027329550841383023,-0.08480736876215378,1050,100,catalyst_key,out_of_fold_heldout_rows
morph_hc_is_hollow_core_shell,Hollow Core Shell,random_forest,Random forest,num__has_el_pt,Pt present,Composition,0.0031850198977296006,0.10761904761904761,-0.177639306196115,1050,100,catalyst_key,out_of_fold_heldout_rows
morph_hc_is_hollow_core_shell,Hollow Core Shell,random_forest,Random forest,num__xrd_text_peak_mean_2theta_deg,xrd text peak mean 2theta deg,Structure / characterization,0.002811688054543294,0.34771310268215033,0.041246467709098955,1050,100,catalyst_key,out_of_fold_heldout_rows
morph_hc_is_hollow_core_shell,Hollow Core Shell,random_forest,Random forest,num__xrd_filled_first_peak_2theta_deg,xrd filled first peak 2theta deg,Structure / characterization,0.0027266307596863115,0.10675449735449737,0.01564998379768528,1050,100,catalyst_key,out_of_fold_heldout_rows
morph_hc_is_hollow_core_shell,Hollow Core Shell,random_forest,Random forest,num__has_el_se,SE present,Composition,0.0026974738609698372,0.025714285714285714,0.2741519206714542,1050,100,catalyst_key,out_of_fold_heldout_rows
morph_hc_is_hollow_core_shell,Hollow Core Shell,random_forest,Random forest,num__synth_voltage,synth voltage,Synthesis,0.0026348069197792267,0.003108385138670853,0.2571845315796717,1050,100,catalyst_key,out_of_fold_heldout_rows
morph_hc_is_hollow_core_shell,Hollow Core Shell,random_forest,Random forest,num__has_el_w,W present,Composition,0.00256308952597184,0.04666666666666667,-0.36533112367070164,1050,100,catalyst_key,out_of_fold_heldout_rows
morph_hc_is_hollow_core_shell,Hollow Core Shell,random_forest,Random forest,num__synth_has_annealing,synth has annealing,Synthesis,0.002176585680128771,0.08285714285714285,-0.005294373036559276,1050,100,catalyst_key,out_of_fold_heldout_rows
morph_hc_is_hollow_core_shell,Hollow Core Shell,random_forest,Random forest,num__has_el_ag,AG present,Composition,0.0021524285052990943,0.007619047619047619,0.15060883421305313,1050,100,catalyst_key,out_of_fold_heldout_rows
morph_hc_is_hollow_core_shell,Hollow Core Shell,random_forest,Random forest,num__xrd_text_peak_std_2theta_deg,xrd text peak std 2theta deg,Structure / characterization,0.0020760259408889223,0.5160679318079121,-0.06976221581327974,1050,100,catalyst_key,out_of_fold_heldout_rows
morph_hc_is_hollow_core_shell,Hollow Core Shell,random_forest,Random forest,num__comp_fe,Fe content,Composition,0.00205116530573368,0.004574380596503284,-0.37092632108272133,1050,100,catalyst_key,out_of_fold_heldout_rows
morph_hc_is_hollow_core_shell,Hollow Core Shell,random_forest,Random forest,cat__support_class_text_copper_foam,support class text copper foam,Support,0.0019745555588184974,0.005714285714285714,0.13055619023403967,1050,100,catalyst_key,out_of_fold_heldout_rows
morph_hc_is_hollow_core_shell,Hollow Core Shell,random_forest,Random forest,num__synth_has_pyrolysis,synth has pyrolysis,Synthesis,0.0019719258152102524,0.0419047619047619,0.042025322511308506,1050,100,catalyst_key,out_of_fold_heldout_rows
morph_hc_is_hollow_core_shell,Hollow Core Shell,random_forest,Random forest,num__xrd_text_peak_max_2theta_deg,xrd text peak max 2theta deg,Structure / characterization,0.0019659258526952515,0.6102042328042326,0.5978381641634092,1050,100,catalyst_key,out_of_fold_heldout_rows
morph_hc_is_hollow_core_shell,Hollow Core Shell,random_forest,Random forest,num__struct_coordination_number,struct coordination number,Other,0.001903932093493128,0.4596447139862235,0.1510031385597443,1050,100,catalyst_key,out_of_fold_heldout_rows
morph_hc_is_hollow_core_shell,Hollow Core Shell,random_forest,Random forest,num__xrd_text_peak_min_2theta_deg,xrd text peak min 2theta deg,Structure / characterization,0.0018781255623817775,0.08420211640211638,0.08815781217859761,1050,100,catalyst_key,out_of_fold_heldout_rows
morph_hc_is_hollow_core_shell,Hollow Core Shell,random_forest,Random forest,num__xrd_text_peak_1_2theta_deg,xrd text peak 1 2theta deg,Structure / characterization,0.0018176784005818406,0.08420211640211638,0.06316605795733861,1050,100,catalyst_key,out_of_fold_heldout_rows
morph_hc_is_hollow_core_shell,Hollow Core Shell,random_forest,Random forest,num__has_el_cl,CL present,Composition,0.0017820413880744218,0.017142857142857144,-0.22482660119367556,1050,100,catalyst_key,out_of_fold_heldout_rows
morph_hc_is_hollow_core_shell,Hollow Core Shell,random_forest,Random forest,num__xrd_text_peak_span_2theta_deg,xrd text peak span 2theta deg,Structure / characterization,0.0017717712354627106,0.6110971231866241,-0.5458406482751007,1050,100,catalyst_key,out_of_fold_heldout_rows
morph_hc_is_hollow_core_shell,Hollow Core Shell,random_forest,Random forest,num__xps_text_has_satellite_peak,xps text has satellite peak,Structure / characterization,0.0017565199391176164,0.08571428571428572,-0.09420239435199576,1050,100,catalyst_key,out_of_fold_heldout_rows
morph_hc_is_hollow_core_shell,Hollow Core Shell,random_forest,Random forest,num__pore_volume_cm3_g,pore volume cm3 g,Structure / characterization,0.0017250242344292468,0.11033111803751802,0.0498830556876798,1050,100,catalyst_key,out_of_fold_heldout_rows
morph_hc_is_hollow_core_shell,Hollow Core Shell,random_forest,Random forest,num__comp_pt,Pt content,Composition,0.0016894023135950696,0.04294922592592592,0.38029618785029184,1050,100,catalyst_key,out_of_fold_heldout_rows
morph_hc_is_hollow_core_shell,Hollow Core Shell,random_forest,Random forest,num__xrd_text_peak_count,xrd text peak count,Structure / characterization,0.0016308235870314718,0.24787369493251846,-0.055665347886616735,1050,100,catalyst_key,out_of_fold_heldout_rows
morph_hc_is_hollow_core_shell,Hollow Core Shell,random_forest,Random forest,num__has_el_zn,ZN present,Composition,0.001574141776654657,0.021904761904761906,-0.2535249663300595,1050,100,catalyst_key,out_of_fold_heldout_rows
morph_hc_is_hollow_core_shell,Hollow Core Shell,random_forest,Random forest,num__xps_text_o_1s_be_ev,xps text o 1s be eV,Structure / characterization,0.0015713811712732523,0.9964283034039129,-0.7990555947786112,1050,100,catalyst_key,out_of_fold_heldout_rows
morph_hc_is_hollow_core_shell,Hollow Core Shell,random_forest,Random forest,num__has_el_ir,Ir present,Composition,0.0014867479914457118,0.0380952380952381,-0.11648921328285634,1050,100,catalyst_key,out_of_fold_heldout_rows
morph_hc_is_hollow_core_shell,Hollow Core Shell,random_forest,Random forest,num__xps_text_o_1s_generic_be_ev,xps text o 1s generic be eV,Structure / characterization,0.0014542358502675143,0.9964283034039129,-0.75900727923604,1050,100,catalyst_key,out_of_fold_heldout_rows
morph_hc_is_hollow_core_shell,Hollow Core Shell,random_forest,Random forest,num__comp_p,p composition,Composition,0.0014454482020344395,0.0657504447965733,0.08678958687676488,1050,100,catalyst_key,out_of_fold_heldout_rows
morph_hc_is_hollow_core_shell,Hollow Core Shell,random_forest,Random forest,num__support_is_copper_foam,support is copper foam,Support,0.0014186806937053098,0.006666666666666667,0.14094924961660718,1050,100,catalyst_key,out_of_fold_heldout_rows
morph_hc_is_hollow_core_shell,Hollow Core Shell,random_forest,Random forest,num__synth_has_calcination,synth has calcination,Synthesis,0.0014076501027802861,0.05333333333333334,-0.3503833469903837,1050,100,catalyst_key,out_of_fold_heldout_rows
morph_hc_is_hollow_core_shell,Hollow Core Shell,random_forest,Random forest,cat__synth_temperature_text_room,synth temperature text room,Synthesis,0.0014030462183136328,0.9761904761904762,-0.11220899036263274,1050,100,catalyst_key,out_of_fold_heldout_rows
morph_hc_is_hollow_core_shell,Hollow Core Shell,random_forest,Random forest,num__has_el_pd,PD present,Composition,0.0013942208668411985,0.023809523809523808,0.11268301126048205,1050,100,catalyst_key,out_of_fold_heldout_rows
morph_hc_is_hollow_core_shell,Hollow Core Shell,random_forest,Random forest,num__has_el_ti,TI present,Composition,0.0013909194639202423,0.030476190476190476,-0.29747263680321173,1050,100,catalyst_key,out_of_fold_heldout_rows
morph_hc_is_hollow_core_shell,Hollow Core Shell,random_forest,Random forest,num__xrd_text_has_peak_6_0_2theta,xrd text has peak 6 0 2theta,Structure / characterization,0.0012850472825205181,0.02095238095238095,0.20661049487576383,1050,100,catalyst_key,out_of_fold_heldout_rows
morph_hc_is_hollow_core_shell,Hollow Core Shell,random_forest,Random forest,cat__support_class_text_nickel_foam,support class text nickel foam,Support,0.0012821489068619999,0.9495238095238095,0.36245563014792626,1050,100,catalyst_key,out_of_fold_heldout_rows
morph_hc_is_hollow_core_shell,Hollow Core Shell,random_forest,Random forest,num__xrd_text_peak_2_2theta_deg,xrd text peak 2 2theta deg,Structure / characterization,0.0012542420444970062,0.1443571428571429,-0.2806927569436749,1050,100,catalyst_key,out_of_fold_heldout_rows
morph_hc_is_hollow_core_shell,Hollow Core Shell,random_forest,Random forest,num__synth_cycles,synth cycles,Synthesis,0.0012422466850728416,0.05353670242800679,0.6746117972165596,1050,100,catalyst_key,out_of_fold_heldout_rows
morph_hc_is_hollow_core_shell,Hollow Core Shell,random_forest,Random forest,num__synth_has_ultrasonication,synth has ultrasonication,Synthesis,0.001162731675526471,0.03428571428571429,-0.040492464371487236,1050,100,catalyst_key,out_of_fold_heldout_rows
morph_hc_is_hollow_core_shell,Hollow Core Shell,random_forest,Random forest,num__xps_ni_2p3_2_be_ev_filled,xps ni 2p3 2 be eV filled,Structure / characterization,0.0011343150918460007,0.9939289230622013,-0.3953533074585934,1050,100,catalyst_key,out_of_fold_heldout_rows
morph_hc_is_hollow_core_shell,Hollow Core Shell,random_forest,Random forest,num__xps_o_1s_be_ev_filled,xps o 1s be eV filled,Structure / characterization,0.0011276790930040538,0.9963348521397302,-0.5887419918664615,1050,100,catalyst_key,out_of_fold_heldout_rows
morph_hc_is_hollow_core_shell,Hollow Core Shell,random_forest,Random forest,num__has_el_sr,SR present,Composition,0.0011009306384762005,0.008571428571428572,0.15966812059712363,1050,100,catalyst_key,out_of_fold_heldout_rows
morph_hc_is_hollow_core_shell,Hollow Core Shell,random_forest,Random forest,num__synth_pH,synth pH,Synthesis,0.0010943356051343921,0.48389727891156464,-0.10593891845236257,1050,100,catalyst_key,out_of_fold_heldout_rows
morph_hc_is_hollow_core_shell,Hollow Core Shell,random_forest,Random forest,num__synth_has_galvanic_replacement,synth has galvanic replacement,Synthesis,0.0010705044177094373,0.013333333333333334,0.14190165274619101,1050,100,catalyst_key,out_of_fold_heldout_rows
morph_hc_is_hollow_core_shell,Hollow Core Shell,random_forest,Random forest,num__has_el_cr,CR present,Composition,0.0010397412503634978,0.025714285714285714,-0.2741519206714542,1050,100,catalyst_key,out_of_fold_heldout_rows
morph_hc_is_hollow_core_shell,Hollow Core Shell,random_forest,Random forest,num__metal_loading_wt_pct,metal loading wt pct,Other,0.0010078863964379334,0.11086617614016483,0.7782842943292969,1050,100,catalyst_key,out_of_fold_heldout_rows
morph_hc_is_hollow_core_shell,Hollow Core Shell,random_forest,Random forest,num__xrd_text_peak_5_2theta_deg,xrd text peak 5 2theta deg,Structure / characterization,0.0009780750841578225,0.5696687814101608,0.18703687248376047,1050,100,catalyst_key,out_of_fold_heldout_rows
morph_hc_is_hollow_core_shell,Hollow Core Shell,random_forest,Random forest,num__synth_has_ion_exchange,synth has ion exchange,Synthesis,0.0009732912542908283,0.04285714285714286,-0.26305618415143567,1050,100,catalyst_key,out_of_fold_heldout_rows
morph_hc_is_hollow_core_shell,Hollow Core Shell,random_forest,Random forest,num__xrd_first_peak_2theta_deg,xrd first peak 2theta deg,Structure / characterization,0.0009709070750447904,0.3711549674814981,-0.412685724529072,1050,100,catalyst_key,out_of_fold_heldout_rows
morph_hc_is_hollow_core_shell,Hollow Core Shell,random_forest,Random forest,num__xrd_text_peak_4_2theta_deg,xrd text peak 4 2theta deg,Structure / characterization,0.0009698981000081628,0.5335407169609416,0.22053634308268874,1050,100,catalyst_key,out_of_fold_heldout_rows
morph_hc_is_hollow_core_shell,Hollow Core Shell,random_forest,Random forest,num__has_el_i,I present,Composition,0.0009365469131364014,0.007619047619047619,0.15060883421305313,1050,100,catalyst_key,out_of_fold_heldout_rows
morph_hc_is_hollow_core_shell,Hollow Core Shell,random_forest,Random forest,num__synth_current_density,synth current density,Synthesis,0.0009344706696131998,0.0034306547619047624,0.45336118295163325,1050,100,catalyst_key,out_of_fold_heldout_rows
morph_hc_is_hollow_core_shell,Hollow Core Shell,random_forest,Random forest,num__has_el_b,B present,Composition,0.0008940329668881231,0.023809523809523808,-0.02224806779253596,1050,100,catalyst_key,out_of_fold_heldout_rows
morph_hc_is_hollow_core_shell,Hollow Core Shell,random_forest,Random forest,num__xps_text_ni_2p3_2_be_ev,xps text ni 2p3 2 be eV,Structure / characterization,0.0008338745979595813,0.9945556850464436,-0.08479377326158266,1050,100,catalyst_key,out_of_fold_heldout_rows
morph_hc_is_hollow_core_shell,Hollow Core Shell,random_forest,Random forest,num__has_el_rh,RH present,Composition,0.0007936643258394971,0.008571428571428572,0.15966812059712363,1050,100,catalyst_key,out_of_fold_heldout_rows
morph_hc_is_hollow_core_shell,Hollow Core Shell,random_forest,Random forest,num__struct_bond_length_angstrom,struct bond length angstrom,Other,0.0007935401115327611,0.5724370632310896,0.17406256078519697,1050,100,catalyst_key,out_of_fold_heldout_rows
morph_hc_is_hollow_core_shell,Hollow Core Shell,random_forest,Random forest,num__synth_has_drop_casting,synth has drop casting,Synthesis,0.0007900771975654918,0.004761904761904762,0.1192380160261034,1050,100,catalyst_key,out_of_fold_heldout_rows
morph_hc_is_hollow_core_shell,Hollow Core Shell,random_forest,Random forest,num__has_el_te,TE present,Composition,0.0007744433953876649,0.0019047619047619048,0.0755209132420901,1050,100,catalyst_key,out_of_fold_heldout_rows
morph_hc_is_hollow_core_shell,Hollow Core Shell,random_forest,Random forest,num__comp_mn,mn composition,Composition,0.0007197040808214608,0.001593292169276329,-0.1252268805467849,1050,100,catalyst_key,out_of_fold_heldout_rows
morph_hc_is_hollow_core_shell,Hollow Core Shell,random_forest,Random forest,cat__synth_temperature_text_room temperature,synth temperature text room tempera...,Synthesis,0.0006802236024163154,0.011428571428571429,0.18410301195216802,1050,100,catalyst_key,out_of_fold_heldout_rows
morph_hc_is_hollow_core_shell,Hollow Core Shell,random_forest,Random forest,num__xps_ni_2p1_2_be_ev_filled,xps ni 2p1 2 be eV filled,Structure / characterization,0.0006715132246315152,0.9919633116883116,0.43776855627685657,1050,100,catalyst_key,out_of_fold_heldout_rows
morph_hc_is_hollow_core_shell,Hollow Core Shell,random_forest,Random forest,num__electronic_d_band_center_ev,electronic d band center eV,Other,0.0006529712966019554,-0.37522507321661014,-0.5493308797499628,1050,100,catalyst_key,out_of_fold_heldout_rows
morph_hc_is_hollow_core_shell,Hollow Core Shell,random_forest,Random forest,num__has_el_v,V present,Composition,0.0006417425958260543,0.02095238095238095,-0.24807299597102755,1050,100,catalyst_key,out_of_fold_heldout_rows
morph_hc_is_hollow_core_shell,Hollow Core Shell,random_forest,Random forest,num__xrd_text_has_peak_9_0_2theta,xrd text has peak 9 0 2theta,Structure / characterization,0.0005955588309382508,0.02095238095238095,0.09106393759070883,1050,100,catalyst_key,out_of_fold_heldout_rows
morph_hc_is_hollow_core_shell,Hollow Core Shell,random_forest,Random forest,num__synth_potential,synth potential,Synthesis,0.0005845764075119634,-0.003301825396825397,-0.016305850542945217,1050,100,catalyst_key,out_of_fold_heldout_rows
morph_hc_is_hollow_core_shell,Hollow Core Shell,random_forest,Random forest,num__has_el_u,U present,Composition,0.0005745851098951675,0.0031847133757961785,0.0975896703997568,628,47,catalyst_key,out_of_fold_heldout_rows
morph_hc_is_hollow_core_shell,Hollow Core Shell,random_forest,Random forest,num__xrd_text_has_peak_8_0_2theta,xrd text has peak 8 0 2theta,Structure / characterization,0.0005489316259383486,0.015238095238095238,0.21158390706600363,1050,100,catalyst_key,out_of_fold_heldout_rows
morph_hc_is_hollow_core_shell,Hollow Core Shell,random_forest,Random forest,num__xps_text_has_binding_energy_shift,XPS BE shift,Structure / characterization,0.0005361410371202466,0.014285714285714285,0.04190149359449623,1050,100,catalyst_key,out_of_fold_heldout_rows
morph_hc_is_hollow_core_shell,Hollow Core Shell,random_forest,Random forest,num__has_el_sn,SN present,Composition,0.0005198095763916326,0.017142857142857144,-0.22482660119367556,1050,100,catalyst_key,out_of_fold_heldout_rows
morph_hc_is_hollow_core_shell,Hollow Core Shell,random_forest,Random forest,num__xrd_text_low_angle_peak_2theta_deg,xrd text low angle peak 2theta deg,Structure / characterization,0.0005126590480593201,0.40349841269841275,0.15300797227263732,1050,100,catalyst_key,out_of_fold_heldout_rows
morph_hc_is_hollow_core_shell,Hollow Core Shell,random_forest,Random forest,cat__support_class_text_iron_foam,support class text iron foam,Support,0.00046613573129831336,0.011428571428571429,0.06148591279070479,1050,100,catalyst_key,out_of_fold_heldout_rows
morph_hc_is_hollow_core_shell,Hollow Core Shell,random_forest,Random forest,num__electronic_band_gap_ev,electronic band gap eV,Other,0.0004643663766242234,0.7039232481610532,-0.059777942589193875,1050,100,catalyst_key,out_of_fold_heldout_rows
morph_hc_is_hollow_core_shell,Hollow Core Shell,random_forest,Random forest,num__xrd_filled_low_angle_peak_2theta_deg,xrd filled low angle peak 2theta deg,Structure / characterization,0.0004314928346749983,0.40441133786848077,0.10083968752494611,1050,100,catalyst_key,out_of_fold_heldout_rows
morph_hc_is_hollow_core_shell,Hollow Core Shell,random_forest,Random forest,num__support_is_carbon_cloth,support is carbon cloth,Support,0.0004306657875214341,0.012380952380952381,0.13268166566818987,1050,100,catalyst_key,out_of_fold_heldout_rows
morph_hc_is_hollow_core_shell,Hollow Core Shell,random_forest,Random forest,cat__support_class_text_carbon_cloth,support class text carbon cloth,Support,0.0004282470479582618,0.011428571428571429,0.18410301195216802,1050,100,catalyst_key,out_of_fold_heldout_rows
morph_hc_is_hollow_core_shell,Hollow Core Shell,random_forest,Random forest,num__comp_mo,mo composition,Composition,0.0004262612950826899,0.0156645566405048,-0.40318204203596114,1050,100,catalyst_key,out_of_fold_heldout_rows
morph_hc_is_hollow_core_shell,Hollow Core Shell,random_forest,Random forest,num__has_el_os,OS present,Composition,0.0004074079437561771,0.0038095238095238095,0.05335037005431222,1050,100,catalyst_key,out_of_fold_heldout_rows
morph_hc_is_hollow_core_shell,Hollow Core Shell,random_forest,Random forest,num__comp_cu,cu composition,Composition,0.0003785283248654998,0.11039144183161698,0.1181117529509829,1050,100,catalyst_key,out_of_fold_heldout_rows
morph_hc_is_hollow_core_shell,Hollow Core Shell,random_forest,Random forest,num__electronic_bader_charge_e,electronic bader charge e,Other,0.00037096086650460135,0.12956310260620607,-0.5784266356497471,1050,100,catalyst_key,out_of_fold_heldout_rows
morph_hc_is_hollow_core_shell,Hollow Core Shell,random_forest,Random forest,num__struct_roughness_factor,struct roughness factor,Other,0.0003530187819681592,0.001471364793169305,-0.16474698416034617,1050,100,catalyst_key,out_of_fold_heldout_rows
morph_hc_is_hollow_core_shell,Hollow Core Shell,random_forest,Random forest,num__synth_has_molten_salt,synth has molten salt,Synthesis,0.00034524563487849195,0.0019047619047619048,0.07552091480779938,1050,100,catalyst_key,out_of_fold_heldout_rows
morph_hc_is_hollow_core_shell,Hollow Core Shell,random_forest,Random forest,num__comp_ir,ir composition,Composition,0.0003429470349185602,0.14394240906084654,-0.3447612966290341,1050,100,catalyst_key,out_of_fold_heldout_rows
morph_hc_is_hollow_core_shell,Hollow Core Shell,random_forest,Random forest,num__support_is_carbon_paper,support is carbon paper,Support,0.0003387825546397535,0.012380952380952381,-0.19152816520750263,1050,100,catalyst_key,out_of_fold_heldout_rows
morph_hc_is_hollow_core_shell,Hollow Core Shell,random_forest,Random forest,num__support_is_iron_foam,support is iron foam,Support,0.00033183565164930905,0.013333333333333334,0.0851409916477146,1050,100,catalyst_key,out_of_fold_heldout_rows
morph_hc_is_hollow_core_shell,Hollow Core Shell,random_forest,Random forest,num__has_el_as,As present,Composition,0.0003273894300136365,0.015238095238095238,-0.06284162593183525,1050,100,catalyst_key,out_of_fold_heldout_rows
morph_hc_is_hollow_core_shell,Hollow Core Shell,random_forest,Random forest,num__xps_text_ni_2p1_2_be_ev,xps text ni 2p1 2 be eV,Structure / characterization,0.00032676212015002673,0.9917152056277058,0.010955367940039528,1050,100,catalyst_key,out_of_fold_heldout_rows
morph_hc_is_hollow_core_shell,Hollow Core Shell,random_forest,Random forest,cat__synth_temperature_text_varied by particle size | varied,synth temperature text varied by pa...,Synthesis,0.00030300189104715333,0.0,,630,68,catalyst_key,out_of_fold_heldout_rows
morph_hc_is_hollow_core_shell,Hollow Core Shell,random_forest,Random forest,num__has_el_mg,MG present,Composition,0.0002952777214492711,0.002857142857142857,0.09244971189834807,1050,100,catalyst_key,out_of_fold_heldout_rows
morph_hc_is_hollow_core_shell,Hollow Core Shell,random_forest,Random forest,num__comp_s,s composition,Composition,0.0002929718090728237,0.08525162413770009,0.41361283617660904,1050,100,catalyst_key,out_of_fold_heldout_rows
morph_hc_is_hollow_core_shell,Hollow Core Shell,random_forest,Random forest,cat__synth_temperature_text_RT,synth temperature text RT,Synthesis,0.00026870320866494824,0.002857142857142857,0.09244972267967065,1050,100,catalyst_key,out_of_fold_heldout_rows
morph_hc_is_hollow_core_shell,Hollow Core Shell,random_forest,Random forest,num__has_el_nd,ND present,Composition,0.0002649235663704509,0.0,,205,24,catalyst_key,out_of_fold_heldout_rows
morph_hc_is_hollow_core_shell,Hollow Core Shell,random_forest,Random forest,num__comp_o,o composition,Composition,0.00022882172911296842,0.1119979215529385,-0.17876541302578722,1050,100,catalyst_key,out_of_fold_heldout_rows
morph_hc_is_hollow_core_shell,Hollow Core Shell,random_forest,Random forest,num__xrd_text_has_peak_7_0_2theta,xrd text has peak 7 0 2theta,Structure / characterization,0.0002168919426945176,0.02095238095238095,-0.24791943115215617,1050,100,catalyst_key,out_of_fold_heldout_rows
morph_hc_is_hollow_core_shell,Hollow Core Shell,random_forest,Random forest,num__xrd_text_has_peak_5_0_2theta,xrd text has peak 5 0 2theta,Structure / characterization,0.0002081830065454363,0.017142857142857144,-0.22482660119367556,1050,100,catalyst_key,out_of_fold_heldout_rows
morph_hc_is_hollow_core_shell,Hollow Core Shell,random_forest,Random forest,num__has_el_ta,TA present,Composition,0.0002066182479179711,0.0038095238095238095,0.05335037005431222,1050,100,catalyst_key,out_of_fold_heldout_rows
morph_hc_is_hollow_core_shell,Hollow Core Shell,random_forest,Random forest,num__xps_text_fe_2p_be_ev,xps text fe 2p be eV,Structure / characterization,0.00020494164671177386,0.97949654272668,-0.1244497017313154,1050,100,catalyst_key,out_of_fold_heldout_rows
morph_hc_is_hollow_core_shell,Hollow Core Shell,random_forest,Random forest,cat__support_class_text_carbon_paper,support class text carbon paper,Support,0.00020092021259383554,0.010476190476190476,-0.17635009999554924,1050,100,catalyst_key,out_of_fold_heldout_rows
morph_hc_is_hollow_core_shell,Hollow Core Shell,random_forest,Random forest,num__xps_text_co_2p_be_ev,xps text co 2p be eV,Structure / characterization,0.00019780864544570752,0.9874846394984328,0.6328286443408345,1050,100,catalyst_key,out_of_fold_heldout_rows
morph_hc_is_hollow_core_shell,Hollow Core Shell,random_forest,Random forest,num__xps_text_co_2p3_2_be_ev,xps text co 2p3 2 be eV,Structure / characterization,0.00018216096923683386,0.998717330410425,-0.13055680557679336,1050,100,catalyst_key,out_of_fold_heldout_rows
morph_hc_is_hollow_core_shell,Hollow Core Shell,random_forest,Random forest,num__comp_cr,cr composition,Composition,0.00017706592874240022,0.12776882118841773,-0.19172525235648671,1050,100,catalyst_key,out_of_fold_heldout_rows
morph_hc_is_hollow_core_shell,Hollow Core Shell,random_forest,Random forest,num__xrd_text_has_peak_45_0_2theta,xrd text has peak 45 0 2theta,Structure / characterization,0.00017350690160631486,0.0038095238095238095,0.10670074038514113,1050,100,catalyst_key,out_of_fold_heldout_rows
morph_hc_is_hollow_core_shell,Hollow Core Shell,random_forest,Random forest,num__has_el_eu,EU present,Composition,0.00017300515385229703,0.0,,426,33,catalyst_key,out_of_fold_heldout_rows
morph_hc_is_hollow_core_shell,Hollow Core Shell,random_forest,Random forest,num__has_el_k,K present,Composition,0.000165069139016722,0.008571428571428572,0.05530185199462762,1050,100,catalyst_key,out_of_fold_heldout_rows
morph_hc_is_hollow_core_shell,Hollow Core Shell,random_forest,Random forest,num__synth_scan_rate,synth scan rate,Synthesis,0.00015958479771277127,0.4976619047619048,0.17117908688893158,1050,100,catalyst_key,out_of_fold_heldout_rows
morph_hc_is_hollow_core_shell,Hollow Core Shell,random_forest,Random forest,num__synth_has_sol_gel,synth has sol gel,Synthesis,0.00014650685859782285,0.005714285714285714,0.08703746038158544,1050,100,catalyst_key,out_of_fold_heldout_rows
morph_hc_is_hollow_core_shell,Hollow Core Shell,random_forest,Random forest,num__xps_co_2p3_2_be_ev_filled,xps co 2p3 2 be eV filled,Structure / characterization,0.00013824949544997947,0.9987564243088543,-0.25799185294767707,1050,100,catalyst_key,out_of_fold_heldout_rows
morph_hc_is_hollow_core_shell,Hollow Core Shell,random_forest,Random forest,num__synth_has_sputtering,synth has sputtering,Synthesis,0.00013407753980706772,0.009523809523809525,-0.1682241193868843,1050,100,catalyst_key,out_of_fold_heldout_rows
morph_hc_is_hollow_core_shell,Hollow Core Shell,random_forest,Random forest,num__has_el_al,AL present,Composition,0.00013368498247963258,0.009523809523809525,-0.10093447163213058,1050,100,catalyst_key,out_of_fold_heldout_rows
morph_hc_is_hollow_core_shell,Hollow Core Shell,random_forest,Random forest,num__has_el_ts,TS present,Composition,0.00013268442870508867,0.005714285714285714,-0.13055619023403967,1050,100,catalyst_key,out_of_fold_heldout_rows
morph_hc_is_hollow_core_shell,Hollow Core Shell,random_forest,Random forest,num__xps_text_pt_4f_be_ev,xps text pt 4f be eV,Structure / characterization,0.00012614973180815294,0.9363244229578508,0.6883385386982542,1050,100,catalyst_key,out_of_fold_heldout_rows
morph_hc_is_hollow_core_shell,Hollow Core Shell,random_forest,Random forest,num__has_el_si,SI present,Composition,0.00012104641713676692,0.007619047619047619,-0.11320956755985975,1050,100,catalyst_key,out_of_fold_heldout_rows
morph_hc_is_hollow_core_shell,Hollow Core Shell,random_forest,Random forest,num__comp_y,y composition,Composition,0.00011436242845950166,0.02867867867867869,,211,28,catalyst_key,out_of_fold_heldout_rows
morph_hc_is_hollow_core_shell,Hollow Core Shell,random_forest,Random forest,num__xrd_text_has_peak_50_0_2theta,xrd text has peak 50 0 2theta,Structure / characterization,0.00011146415955868633,0.011428571428571429,-0.1533896164893228,1050,100,catalyst_key,out_of_fold_heldout_rows
morph_hc_is_hollow_core_shell,Hollow Core Shell,random_forest,Random forest,num__has_el_bi,BI present,Composition,0.0001049767336839842,0.004761904761904762,-0.1192380160261034,1050,100,catalyst_key,out_of_fold_heldout_rows
morph_hc_is_hollow_core_shell,Hollow Core Shell,random_forest,Random forest,cat__synth_temperature_text_low,synth temperature text low,Synthesis,0.00010171088372450633,0.0,,1050,100,catalyst_key,out_of_fold_heldout_rows
morph_hc_is_hollow_core_shell,Hollow Core Shell,random_forest,Random forest,num__synth_pressure,synth pressure,Synthesis,9.785336420489473e-05,0.005251174603333335,0.07389033248739016,1050,100,catalyst_key,out_of_fold_heldout_rows
morph_hc_is_hollow_core_shell,Hollow Core Shell,random_forest,Random forest,num__comp_zn,zn composition,Composition,9.69612621212757e-05,0.048305681781651275,-0.1737405755761817,1050,100,catalyst_key,out_of_fold_heldout_rows
morph_hc_is_hollow_core_shell,Hollow Core Shell,random_forest,Random forest,cat__synth_time_text_overnight,synth time text overnight,Synthesis,8.582483899293606e-05,0.9942857142857143,0.13055619395576284,1050,100,catalyst_key,out_of_fold_heldout_rows
morph_hc_is_hollow_core_shell,Hollow Core Shell,random_forest,Random forest,num__xrd_peak_003_2theta_deg,xrd peak 003 2theta deg,Structure / characterization,7.178052991810861e-05,0.10985030096491571,-0.5601652015744598,1050,100,catalyst_key,out_of_fold_heldout_rows
morph_hc_is_hollow_core_shell,Hollow Core Shell,random_forest,Random forest,num__has_el_y,Y present,Composition,6.803499775486391e-05,0.006666666666666667,0.14094924961660718,1050,100,catalyst_key,out_of_fold_heldout_rows
morph_hc_is_hollow_core_shell,Hollow Core Shell,random_forest,Random forest,num__comp_ni:fe,ni:fe composition,Composition,6.537780897219326e-05,0.37220634920634915,-0.24830061824151387,1050,100,catalyst_key,out_of_fold_heldout_rows
morph_hc_is_hollow_core_shell,Hollow Core Shell,random_forest,Random forest,num__comp_ce,ce composition,Composition,6.378058885246889e-05,0.0040136346837242355,0.13793680910549683,1050,100,catalyst_key,out_of_fold_heldout_rows
morph_hc_is_hollow_core_shell,Hollow Core Shell,random_forest,Random forest,num__has_el_li,LI present,Composition,6.115592721699393e-05,0.005714285714285714,0.08703746015602645,1050,100,catalyst_key,out_of_fold_heldout_rows
morph_hc_is_hollow_core_shell,Hollow Core Shell,random_forest,Random forest,num__has_el_ba,BA present,Composition,6.069033515393281e-05,0.0019047619047619048,0.00043237164069898917,1050,100,catalyst_key,out_of_fold_heldout_rows
morph_hc_is_hollow_core_shell,Hollow Core Shell,random_forest,Random forest,num__xrd_text_peak_6_2theta_deg,xrd text peak 6 2theta deg,Structure / characterization,5.780349002503334e-05,0.7592337164750959,0.1465576410000156,1050,100,catalyst_key,out_of_fold_heldout_rows
morph_hc_is_hollow_core_shell,Hollow Core Shell,random_forest,Random forest,num__xps_text_cu_2p_be_ev,xps text cu 2p be eV,Structure / characterization,5.550231862545093e-05,0.9995156608097787,0.12686080406373101,1050,100,catalyst_key,out_of_fold_heldout_rows
morph_hc_is_hollow_core_shell,Hollow Core Shell,random_forest,Random forest,cat__synth_temperature_text_high,synth temperature text high,Synthesis,5.221030418406535e-05,0.0038095238095238095,-0.10670074038514113,1050,100,catalyst_key,out_of_fold_heldout_rows
morph_hc_is_hollow_core_shell,Hollow Core Shell,random_forest,Random forest,num__comp_n,n composition,Composition,5.0809665563816483e-05,0.12460963012135873,-0.22062351552921566,1050,100,catalyst_key,out_of_fold_heldout_rows
morph_hc_is_hollow_core_shell,Hollow Core Shell,random_forest,Random forest,num__has_el_pr,PR present,Composition,4.762441787980721e-05,0.0019047619047619048,0.0,1050,100,catalyst_key,out_of_fold_heldout_rows
morph_hc_is_hollow_core_shell,Hollow Core Shell,random_forest,Random forest,num__pore_diameter_nm,pore diameter nm,Structure / characterization,4.589471150650664e-05,0.18073574123989217,-0.24572653789388882,1050,100,catalyst_key,out_of_fold_heldout_rows
morph_hc_is_hollow_core_shell,Hollow Core Shell,random_forest,Random forest,num__xps_text_pt_4f7_2_be_ev,xps text pt 4f7 2 be eV,Structure / characterization,4.553267290932351e-05,0.9909281228192602,,426,36,catalyst_key,out_of_fold_heldout_rows
morph_hc_is_hollow_core_shell,Hollow Core Shell,random_forest,Random forest,num__xps_fe_2p1_2_be_ev_filled,xps fe 2p1 2 be eV filled,Structure / characterization,4.4840668039385573e-05,0.9962823074185317,0.6845934853505844,1050,100,catalyst_key,out_of_fold_heldout_rows
morph_hc_is_hollow_core_shell,Hollow Core Shell,random_forest,Random forest,num__has_el_nb,NB present,Composition,4.340033359688723e-05,0.004761904761904762,-0.11923801633511062,1050,100,catalyst_key,out_of_fold_heldout_rows
morph_hc_is_hollow_core_shell,Hollow Core Shell,random_forest,Random forest,num__xps_co_2p1_2_be_ev_filled,xps co 2p1 2 be eV filled,Structure / characterization,4.3311829510006344e-05,0.9961580658602777,-0.04624340633705029,1050,100,catalyst_key,out_of_fold_heldout_rows
morph_hc_is_hollow_core_shell,Hollow Core Shell,random_forest,Random forest,num__comp_c,c composition,Composition,4.224719140316354e-05,0.10489374529542946,-0.14271628753325583,1050,100,catalyst_key,out_of_fold_heldout_rows
morph_hc_is_hollow_core_shell,Hollow Core Shell,random_forest,Random forest,cat__support_class_text_glassy_carbon,support class text glassy carbon,Support,4.150644238956805e-05,0.0019047619047619048,0.07552097078196966,1050,100,catalyst_key,out_of_fold_heldout_rows
morph_hc_is_hollow_core_shell,Hollow Core Shell,random_forest,Random forest,num__has_el_cd,CD present,Composition,3.901024797744482e-05,0.0038095238095238095,-0.1067007406616578,1050,100,catalyst_key,out_of_fold_heldout_rows
morph_hc_is_hollow_core_shell,Hollow Core Shell,random_forest,Random forest,num__comp_si,si composition,Composition,3.899218380479324e-05,0.05286587771203155,-0.10721404929286397,845,76,catalyst_key,out_of_fold_heldout_rows
morph_hc_is_hollow_core_shell,Hollow Core Shell,random_forest,Random forest,cat__synth_temperature_text_infrequent_sklearn,synth temperature text infrequent s...,Synthesis,3.732099502341886e-05,0.0009523809523809524,0.053426826250856076,1050,100,catalyst_key,out_of_fold_heldout_rows
morph_hc_is_hollow_core_shell,Hollow Core Shell,random_forest,Random forest,num__xps_text_co_2p1_2_be_ev,xps text co 2p1 2 be eV,Structure / characterization,3.684666431723923e-05,0.9957518531064375,0.0071260468648744755,1050,100,catalyst_key,out_of_fold_heldout_rows
morph_hc_is_hollow_core_shell,Hollow Core Shell,random_forest,Random forest,num__comp_pd,pd composition,Composition,3.647399018388339e-05,0.047153328042328045,-0.418640868551592,1050,100,catalyst_key,out_of_fold_heldout_rows
morph_hc_is_hollow_core_shell,Hollow Core Shell,random_forest,Random forest,num__synth_has_spray_coating,synth has spray coating,Synthesis,3.588845701414482e-05,0.002857142857142857,-0.09244971261710279,1050,100,catalyst_key,out_of_fold_heldout_rows
morph_hc_is_hollow_core_shell,Hollow Core Shell,random_forest,Random forest,num__xps_text_fe_2p1_2_be_ev,xps text fe 2p1 2 be eV,Structure / characterization,3.506621484965868e-05,0.9965865520166262,0.6799582480110571,1050,100,catalyst_key,out_of_fold_heldout_rows
morph_hc_is_hollow_core_shell,Hollow Core Shell,random_forest,Random forest,num__support_is_glassy_carbon,support is glassy carbon,Support,3.4342080195762734e-05,0.0019047619047619048,0.07552092518062573,1050,100,catalyst_key,out_of_fold_heldout_rows
morph_hc_is_hollow_core_shell,Hollow Core Shell,random_forest,Random forest,num__xrd_text_has_peak_49_0_2theta,xrd text has peak 49 0 2theta,Structure / characterization,3.370184276770962e-05,0.0038095238095238095,-0.10670075642311182,1050,100,catalyst_key,out_of_fold_heldout_rows
morph_hc_is_hollow_core_shell,Hollow Core Shell,random_forest,Random forest,num__has_el_ds,DS present,Composition,3.184086610490243e-05,0.0,,208,15,catalyst_key,out_of_fold_heldout_rows
morph_hc_is_hollow_core_shell,Hollow Core Shell,random_forest,Random forest,num__comp_v,v composition,Composition,3.0164644933864703e-05,0.37263381752432156,-0.6788714317091277,1050,100,catalyst_key,out_of_fold_heldout_rows
morph_hc_is_hollow_core_shell,Hollow Core Shell,random_forest,Random forest,num__has_el_la,LA present,Composition,2.9978638010431355e-05,0.006666666666666667,-0.10067803544043369,1050,100,catalyst_key,out_of_fold_heldout_rows
morph_hc_is_hollow_core_shell,Hollow Core Shell,random_forest,Random forest,num__xrd_text_has_peak_26_0_2theta,xrd text has peak 26 0 2theta,Structure / characterization,2.9481364685066597e-05,0.004761904761904762,0.0714063089751247,1050,100,catalyst_key,out_of_fold_heldout_rows
morph_hc_is_hollow_core_shell,Hollow Core Shell,random_forest,Random forest,num__xps_pt_4f7_2_be_ev_filled,xps pt 4f7 2 be eV filled,Structure / characterization,2.7341975631694294e-05,0.9909281228192602,,426,36,catalyst_key,out_of_fold_heldout_rows
morph_hc_is_hollow_core_shell,Hollow Core Shell,random_forest,Random forest,num__comp_rh,rh composition,Composition,2.6774149395507123e-05,0.12303830662919278,-0.5730050002215182,1050,100,catalyst_key,out_of_fold_heldout_rows
morph_hc_is_hollow_core_shell,Hollow Core Shell,random_forest,Random forest,num__comp_al,al composition,Composition,2.402334490129675e-05,0.12886788424486006,-0.3297671406431819,1050,100,catalyst_key,out_of_fold_heldout_rows
morph_hc_is_hollow_core_shell,Hollow Core Shell,random_forest,Random forest,num__xps_text_fe_2p3_2_be_ev,xps text fe 2p3 2 be eV,Structure / characterization,2.402261863369842e-05,0.9951115551115548,-0.03187230464479747,1050,100,catalyst_key,out_of_fold_heldout_rows
morph_hc_is_hollow_core_shell,Hollow Core Shell,random_forest,Random forest,num__comp_w,w composition,Composition,2.3878681212046825e-05,0.41155268880076123,-0.1547851841576057,1050,100,catalyst_key,out_of_fold_heldout_rows
morph_hc_is_hollow_core_shell,Hollow Core Shell,random_forest,Random forest,num__xps_text_pt_4f5_2_be_ev,xps text pt 4f5 2 be eV,Structure / characterization,2.2798858394240065e-05,0.9963333333333331,,426,36,catalyst_key,out_of_fold_heldout_rows
morph_hc_is_hollow_core_shell,Hollow Core Shell,random_forest,Random forest,num__xps_text_mo_3d_be_ev,xps text mo 3d be eV,Structure / characterization,2.080819388126793e-05,0.9927533577533579,0.15170731444920632,1050,100,catalyst_key,out_of_fold_heldout_rows
morph_hc_is_hollow_core_shell,Hollow Core Shell,random_forest,Random forest,num__xrd_text_has_peak_52_0_2theta,xrd text has peak 52 0 2theta,Structure / characterization,2.078632944174332e-05,0.002857142857142857,-0.0924499153066032,1050,100,catalyst_key,out_of_fold_heldout_rows
morph_hc_is_hollow_core_shell,Hollow Core Shell,random_forest,Random forest,num__xps_fe_2p3_2_be_ev_filled,xps fe 2p3 2 be eV filled,Structure / characterization,2.074927654450763e-05,0.9953928737928734,0.2200472419063882,1050,100,catalyst_key,out_of_fold_heldout_rows
morph_hc_is_hollow_core_shell,Hollow Core Shell,random_forest,Random forest,num__comp_se,se composition,Composition,2.0308487210499317e-05,4.886990342350235e-05,0.2235527737610045,413,39,catalyst_key,out_of_fold_heldout_rows
morph_hc_is_hollow_core_shell,Hollow Core Shell,random_forest,Random forest,num__xps_co_2p1_2_be_ev,xps co 2p1 2 be eV,Structure / characterization,2.0149706175255065e-05,0.9995480043729952,0.5696574090912806,1050,100,catalyst_key,out_of_fold_heldout_rows
morph_hc_is_hollow_core_shell,Hollow Core Shell,random_forest,Random forest,num__xps_ni_2p3_2_be_ev,xps ni 2p3 2 be eV,Structure / characterization,1.87005612507465e-05,0.9982457639185089,0.8439416551475923,1050,100,catalyst_key,out_of_fold_heldout_rows
morph_hc_is_hollow_core_shell,Hollow Core Shell,random_forest,Random forest,num__xps_pt_4f5_2_be_ev_filled,xps pt 4f5 2 be eV filled,Structure / characterization,1.7525768313717788e-05,0.9963333333333331,,426,36,catalyst_key,out_of_fold_heldout_rows
morph_hc_is_hollow_core_shell,Hollow Core Shell,random_forest,Random forest,num__comp_fe/ni,fe/ni composition,Composition,1.629253150347817e-05,0.05773672055427252,,413,39,catalyst_key,out_of_fold_heldout_rows
morph_hc_is_hollow_core_shell,Hollow Core Shell,random_forest,Random forest,cat__synth_temperature_text_ambient,synth temperature text ambient,Synthesis,1.5782381454455543e-05,0.0009523809523809524,-0.05098213841233694,1050,100,catalyst_key,out_of_fold_heldout_rows
morph_hc_is_hollow_core_shell,Hollow Core Shell,random_forest,Random forest,num__has_el_br,BR present,Composition,1.4679989769541184e-05,0.0,,208,15,catalyst_key,out_of_fold_heldout_rows
morph_hc_is_hollow_core_shell,Hollow Core Shell,random_forest,Random forest,num__xps_co_2p3_2_be_ev,xps co 2p3 2 be eV,Structure / characterization,1.4449510209386518e-05,0.9996940255202689,-0.4303521058186127,1050,100,catalyst_key,out_of_fold_heldout_rows
morph_hc_is_hollow_core_shell,Hollow Core Shell,random_forest,Random forest,num__support_is_metal_mesh,support is metal mesh,Support,1.3841551346183745e-05,0.0038095238095238095,-0.10670074895715904,1050,100,catalyst_key,out_of_fold_heldout_rows
morph_hc_is_hollow_core_shell,Hollow Core Shell,random_forest,Random forest,cat__support_class_text_metal_mesh,support class text metal mesh,Support,1.343919372943901e-05,0.002857142857142857,-0.0924497142941972,1050,100,catalyst_key,out_of_fold_heldout_rows
morph_hc_is_hollow_core_shell,Hollow Core Shell,random_forest,Random forest,num__comp_sr,sr composition,Composition,1.215122717818817e-05,0.7514423076923076,-0.7565127699820743,416,52,catalyst_key,out_of_fold_heldout_rows
morph_hc_is_hollow_core_shell,Hollow Core Shell,random_forest,Random forest,cat__support_class_text_copper_foam | nickel_foam,support class text copper foam | ni...,Support,1.1819067718225069e-05,0.0009523809523809524,-0.0534268352505307,1050,100,catalyst_key,out_of_fold_heldout_rows
morph_hc_is_hollow_core_shell,Hollow Core Shell,random_forest,Random forest,cat__support_class_text_iron_foam | nickel_foam,support class text iron foam | nick...,Support,1.0513246488716881e-05,0.0019047619047619048,-0.07552091617779506,1050,100,catalyst_key,out_of_fold_heldout_rows
morph_hc_is_hollow_core_shell,Hollow Core Shell,random_forest,Random forest,num__struct_surface_roughness_nm,struct surface roughness nm,Other,9.460047370011037e-06,0.0038401747316239433,0.1649855983253054,1050,100,catalyst_key,out_of_fold_heldout_rows
morph_hc_is_hollow_core_shell,Hollow Core Shell,random_forest,Random forest,num__has_el_sb,SB present,Composition,9.353698699339435e-06,0.0,,624,64,catalyst_key,out_of_fold_heldout_rows
morph_hc_is_hollow_core_shell,Hollow Core Shell,random_forest,Random forest,num__comp_cl,cl composition,Composition,7.87036324297873e-06,0.05438836612489307,-0.5411200959005124,835,92,catalyst_key,out_of_fold_heldout_rows
morph_hc_is_hollow_core_shell,Hollow Core Shell,random_forest,Random forest,num__has_el_na,NA present,Composition,6.0164612069385566e-06,0.002857142857142857,-0.09244973082556132,1050,100,catalyst_key,out_of_fold_heldout_rows
morph_hc_is_hollow_core_shell,Hollow Core Shell,random_forest,Random forest,cat__support_class_text_carbon_paper | nickel_foam,support class text carbon paper | n...,Support,5.865393192045071e-06,0.0019047619047619048,-0.07552110856507295,1050,100,catalyst_key,out_of_fold_heldout_rows
morph_hc_is_hollow_core_shell,Hollow Core Shell,random_forest,Random forest,cat__synth_time_text_several hours,synth time text several hours,Synthesis,5.829400037500736e-06,0.0009523809523809524,-0.05342705982849932,1050,100,catalyst_key,out_of_fold_heldout_rows
morph_hc_is_hollow_core_shell,Hollow Core Shell,random_forest,Random forest,num__comp_ni/fe,ni/fe composition,Composition,5.67106750355446e-06,0.31794477317554243,-0.16775111064734732,845,76,catalyst_key,out_of_fold_heldout_rows
morph_hc_is_hollow_core_shell,Hollow Core Shell,random_forest,Random forest,cat__synth_time_text_infrequent_sklearn,synth time text infrequent sklearn,Synthesis,5.4542240624558855e-06,0.0019047619047619048,-0.07552091696064978,1050,100,catalyst_key,out_of_fold_heldout_rows
morph_hc_is_hollow_core_shell,Hollow Core Shell,random_forest,Random forest,num__has_el_re,RE present,Composition,5.2732904414895236e-06,0.0023952095808383233,-0.08466660059498858,835,92,catalyst_key,out_of_fold_heldout_rows
morph_hc_is_hollow_core_shell,Hollow Core Shell,random_forest,Random forest,cat__synth_temperature_text_different,synth temperature text different,Synthesis,3.3299141391962866e-06,0.0009523809523809524,-0.05344697142913259,1050,100,catalyst_key,out_of_fold_heldout_rows
morph_hc_is_hollow_core_shell,Hollow Core Shell,random_forest,Random forest,cat__synth_time_text_several,synth time text several,Synthesis,3.2523730465041496e-06,0.0009523809523809524,-0.05363589967449411,1050,100,catalyst_key,out_of_fold_heldout_rows
morph_hc_is_hollow_core_shell,Hollow Core Shell,random_forest,Random forest,cat__support_class_text_fto,support class text fto,Support,3.006906243871515e-06,0.0009523809523809524,-0.05365840276653042,1050,100,catalyst_key,out_of_fold_heldout_rows
morph_hc_is_hollow_core_shell,Hollow Core Shell,random_forest,Random forest,cat__synth_temperature_text_<273,synth temperature text <273,Synthesis,2.6861991460886656e-06,0.0,,631,57,catalyst_key,out_of_fold_heldout_rows
morph_hc_is_hollow_core_shell,Hollow Core Shell,random_forest,Random forest,num__electronic_fermi_level_ev,electronic fermi level eV,Other,2.328351640213581e-06,0.0,,1050,100,catalyst_key,out_of_fold_heldout_rows
morph_hc_is_hollow_core_shell,Hollow Core Shell,random_forest,Random forest,cat__synth_temperature_text_thousands,synth temperature text thousands,Synthesis,9.277885844604806e-07,0.0,,627,77,catalyst_key,out_of_fold_heldout_rows
morph_hc_is_hollow_core_shell,Hollow Core Shell,random_forest,Random forest,cat__synth_time_text_25 or 60,synth time text 25 or 60,Synthesis,8.008073482839186e-07,0.0,,1050,100,catalyst_key,out_of_fold_heldout_rows
morph_hc_is_hollow_core_shell,Hollow Core Shell,random_forest,Random forest,cat__synth_time_text_3-48 | overnight,synth time text 3-48 | overnight,Synthesis,3.5382006871048934e-07,0.0,,634,51,catalyst_key,out_of_fold_heldout_rows
morph_hc_is_hollow_core_shell,Hollow Core Shell,random_forest,Random forest,cat__support_class_text_ito,support class text ito,Support,1.295821614800269e-07,0.0,,631,57,catalyst_key,out_of_fold_heldout_rows
morph_hc_is_hollow_core_shell,Hollow Core Shell,random_forest,Random forest,cat__support_class_text_infrequent_sklearn,support class text infrequent sklearn,Support,1.103304746532695e-07,0.0,,1050,100,catalyst_key,out_of_fold_heldout_rows
morph_hc_is_hollow_core_shell,Hollow Core Shell,random_forest,Random forest,cat__synth_time_text_6-24,synth time text 6-24,Synthesis,0.0,0.0,,627,77,catalyst_key,out_of_fold_heldout_rows
morph_hc_is_particle_cluster,Particle/Cluster,random_forest,Random forest,num__active_element_count,Active element count,Composition,0.027752594003156557,0.27376623376623377,0.7114958353677062,1050,576,catalyst_key,out_of_fold_heldout_rows
morph_hc_is_particle_cluster,Particle/Cluster,random_forest,Random forest,num__has_el_c,C present,Composition,0.024260799537786905,0.15523809523809523,0.6226406629122877,1050,576,catalyst_key,out_of_fold_heldout_rows
morph_hc_is_particle_cluster,Particle/Cluster,random_forest,Random forest,num__has_el_ni,NI present,Composition,0.022167951462540785,0.520952380952381,-0.8417672190438076,1050,576,catalyst_key,out_of_fold_heldout_rows
morph_hc_is_particle_cluster,Particle/Cluster,random_forest,Random forest,num__synth_temperature_c,Synthesis temperature,Synthesis,0.017747666539189178,0.10757785467128027,0.17991720953965085,1050,576,catalyst_key,out_of_fold_heldout_rows
morph_hc_is_particle_cluster,Particle/Cluster,random_forest,Random forest,num__support_is_nickel_foam,support is nickel foam,Support,0.017039483104221296,0.08857142857142856,-0.49119987972399953,1050,576,catalyst_key,out_of_fold_heldout_rows
morph_hc_is_particle_cluster,Particle/Cluster,random_forest,Random forest,num__has_el_fe,FE present,Composition,0.015956532710573033,0.29523809523809524,-0.7542839395534972,1050,576,catalyst_key,out_of_fold_heldout_rows
morph_hc_is_particle_cluster,Particle/Cluster,random_forest,Random forest,num__has_el_pt,Pt present,Composition,0.015474477854623556,0.10952380952380952,0.5398451433713176,1050,576,catalyst_key,out_of_fold_heldout_rows
morph_hc_is_particle_cluster,Particle/Cluster,random_forest,Random forest,num__has_el_h,H present,Composition,0.013399857076439429,0.16285714285714287,-0.6227452134964844,1050,576,catalyst_key,out_of_fold_heldout_rows
morph_hc_is_particle_cluster,Particle/Cluster,random_forest,Random forest,num__xps_text_energy_std_ev,XPS BE dispersion,Structure / characterization,0.012309247335444997,0.5018842578127457,0.22378463910515314,1050,576,catalyst_key,out_of_fold_heldout_rows
morph_hc_is_particle_cluster,Particle/Cluster,random_forest,Random forest,num__xps_text_peak_count,XPS peak count,Structure / characterization,0.012236344973876672,0.08302016302016302,-0.30704303005056616,1050,576,catalyst_key,out_of_fold_heldout_rows
morph_hc_is_particle_cluster,Particle/Cluster,random_forest,Random forest,num__has_el_ru,RU present,Composition,0.01220812554503992,0.09523809523809523,0.5073301061254816,1050,576,catalyst_key,out_of_fold_heldout_rows
morph_hc_is_particle_cluster,Particle/Cluster,random_forest,Random forest,num__synth_time_h,Synthesis time,Synthesis,0.011526719815422363,0.009910722474174856,-0.4410691059981849,1050,576,catalyst_key,out_of_fold_heldout_rows
morph_hc_is_particle_cluster,Particle/Cluster,random_forest,Random forest,num__xps_text_energy_min_ev,XPS BE min,Structure / characterization,0.011201346917997382,0.1024206430273846,-0.1541883418097984,1050,576,catalyst_key,out_of_fold_heldout_rows
morph_hc_is_particle_cluster,Particle/Cluster,random_forest,Random forest,num__bet_surface_area_m2_g,BET surface area,Structure / characterization,0.010787594955417775,0.04373609063043523,-0.14995658111117113,1050,576,catalyst_key,out_of_fold_heldout_rows
morph_hc_is_particle_cluster,Particle/Cluster,random_forest,Random forest,num__synth_step_count,Synthesis step count,Synthesis,0.008686422125499155,0.12653061224489795,0.683053378594303,1050,576,catalyst_key,out_of_fold_heldout_rows
morph_hc_is_particle_cluster,Particle/Cluster,random_forest,Random forest,num__structure_lattice_spacing,Lattice spacing,Structure / characterization,0.008275026204797808,0.0033795374741737347,0.191121990024817,1050,576,catalyst_key,out_of_fold_heldout_rows
morph_hc_is_particle_cluster,Particle/Cluster,random_forest,Random forest,num__xps_text_energy_mean_ev,XPS BE mean,Structure / characterization,0.007245656271735132,0.44285003831049025,-0.03018869821751483,1050,576,catalyst_key,out_of_fold_heldout_rows
morph_hc_is_particle_cluster,Particle/Cluster,random_forest,Random forest,num__xps_text_energy_max_ev,XPS BE max,Structure / characterization,0.006547889819154055,0.646092142857143,0.0028596242349616186,1050,576,catalyst_key,out_of_fold_heldout_rows
morph_hc_is_particle_cluster,Particle/Cluster,random_forest,Random forest,num__structure_interplanar_spacing,Interplanar spacing,Structure / characterization,0.005075818149314058,0.006506555460465462,-0.004073997575586981,1050,576,catalyst_key,out_of_fold_heldout_rows
morph_hc_is_particle_cluster,Particle/Cluster,random_forest,Random forest,num__synth_has_electrodeposition,synth has electrodeposition,Synthesis,0.004842173681985148,0.1295238095238095,-0.5776093333181254,1050,576,catalyst_key,out_of_fold_heldout_rows
morph_hc_is_particle_cluster,Particle/Cluster,random_forest,Random forest,num__synth_has_annealing,synth has annealing,Synthesis,0.004791824027439993,0.06761904761904762,0.4256676934665204,1050,576,catalyst_key,out_of_fold_heldout_rows
morph_hc_is_particle_cluster,Particle/Cluster,random_forest,Random forest,num__has_el_o,O present,Composition,0.004745459954640924,0.38666666666666666,0.3047675665617481,1050,576,catalyst_key,out_of_fold_heldout_rows
morph_hc_is_particle_cluster,Particle/Cluster,random_forest,Random forest,num__has_el_co,CO present,Composition,0.004735616264519145,0.2571428571428571,-0.40764154350404197,1050,576,catalyst_key,out_of_fold_heldout_rows
morph_hc_is_particle_cluster,Particle/Cluster,random_forest,Random forest,num__synth_has_pyrolysis,synth has pyrolysis,Synthesis,0.0045616278681532745,0.03428571428571429,0.31501237439540525,1050,576,catalyst_key,out_of_fold_heldout_rows
morph_hc_is_particle_cluster,Particle/Cluster,random_forest,Random forest,num__has_el_mo,MO present,Composition,0.00408561932763528,0.12571428571428572,0.4956063193808471,1050,576,catalyst_key,out_of_fold_heldout_rows
morph_hc_is_particle_cluster,Particle/Cluster,random_forest,Random forest,num__has_el_n,N present,Composition,0.0035053766721435415,0.10761904761904761,0.501548030329799,1050,576,catalyst_key,out_of_fold_heldout_rows
morph_hc_is_particle_cluster,Particle/Cluster,random_forest,Random forest,num__comp_ru,ru composition,Composition,0.0034920821648254273,0.029855415639439616,-0.0012479090756096886,1050,576,catalyst_key,out_of_fold_heldout_rows
morph_hc_is_particle_cluster,Particle/Cluster,random_forest,Random forest,num__has_el_w,W present,Composition,0.003104024865438212,0.047619047619047616,0.29751907020679347,1050,576,catalyst_key,out_of_fold_heldout_rows
morph_hc_is_particle_cluster,Particle/Cluster,random_forest,Random forest,num__comp_fe,Fe content,Composition,0.003038087885858556,0.004415938281488426,-0.31083632097469144,1050,576,catalyst_key,out_of_fold_heldout_rows
morph_hc_is_particle_cluster,Particle/Cluster,random_forest,Random forest,num__has_el_au,AU present,Composition,0.0028738315022152684,0.013333333333333334,0.19863491712938286,1050,576,catalyst_key,out_of_fold_heldout_rows
morph_hc_is_particle_cluster,Particle/Cluster,random_forest,Random forest,num__synth_has_calcination,synth has calcination,Synthesis,0.0027489935150953,0.06095238095238095,0.41333052725637814,1050,576,catalyst_key,out_of_fold_heldout_rows
morph_hc_is_particle_cluster,Particle/Cluster,random_forest,Random forest,num__metal_mass_loading_mg_cm2,Metal mass loading,Other,0.002545291525817183,0.23137274937051658,0.08270253722477618,1050,576,catalyst_key,out_of_fold_heldout_rows
morph_hc_is_particle_cluster,Particle/Cluster,random_forest,Random forest,num__synth_has_hydrothermal,Hydrothermal route,Synthesis,0.0024622347749181385,0.11619047619047619,-0.2837959739037711,1050,576,catalyst_key,out_of_fold_heldout_rows
morph_hc_is_particle_cluster,Particle/Cluster,random_forest,Random forest,num__has_el_ir,Ir present,Composition,0.0024274766656999227,0.03619047619047619,0.32052366663783516,1050,576,catalyst_key,out_of_fold_heldout_rows
morph_hc_is_particle_cluster,Particle/Cluster,random_forest,Random forest,num__comp_pt,Pt content,Composition,0.0022795822399896996,0.040927844973544965,0.23528767158453281,1050,576,catalyst_key,out_of_fold_heldout_rows
morph_hc_is_particle_cluster,Particle/Cluster,random_forest,Random forest,num__has_el_p,P present,Composition,0.0022790620701965136,0.11428571428571428,-0.2345586137641051,1050,576,catalyst_key,out_of_fold_heldout_rows
morph_hc_is_particle_cluster,Particle/Cluster,random_forest,Random forest,num__has_el_cu,CU present,Composition,0.0022300689019605306,0.07047619047619047,-0.22018433125301673,1050,576,catalyst_key,out_of_fold_heldout_rows
morph_hc_is_particle_cluster,Particle/Cluster,random_forest,Random forest,num__xps_text_ni_2p_be_ev,xps text ni 2p be eV,Structure / characterization,0.0021888617723058034,0.9829726731601728,-0.013716178439181171,1050,576,catalyst_key,out_of_fold_heldout_rows
morph_hc_is_particle_cluster,Particle/Cluster,random_forest,Random forest,num__electronic_band_gap_ev,electronic band gap eV,Other,0.002065459533459886,0.7040960123886955,0.12498339557324807,1050,576,catalyst_key,out_of_fold_heldout_rows
morph_hc_is_particle_cluster,Particle/Cluster,random_forest,Random forest,num__comp_ni,Ni content,Composition,0.0020542999069821243,0.11504164216207075,0.08437498453932289,1050,576,catalyst_key,out_of_fold_heldout_rows
morph_hc_is_particle_cluster,Particle/Cluster,random_forest,Random forest,num__metal_loading_wt_pct,metal loading wt pct,Other,0.0020388007439803434,0.10984757401730595,-0.1634706705557912,1050,576,catalyst_key,out_of_fold_heldout_rows
morph_hc_is_particle_cluster,Particle/Cluster,random_forest,Random forest,num__pore_size_nm,pore size nm,Structure / characterization,0.0018500639992278932,0.04203648891823098,0.05077010894700265,1050,576,catalyst_key,out_of_fold_heldout_rows
morph_hc_is_particle_cluster,Particle/Cluster,random_forest,Random forest,num__struct_roughness_factor,struct roughness factor,Other,0.0017210810497023223,0.0028847220426167805,-0.10327139981094308,1050,576,catalyst_key,out_of_fold_heldout_rows
morph_hc_is_particle_cluster,Particle/Cluster,random_forest,Random forest,cat__support_class_text_nickel_foam,support class text nickel foam,Support,0.0016187472572055973,0.9428571428571428,0.3388878177264546,1050,576,catalyst_key,out_of_fold_heldout_rows
morph_hc_is_particle_cluster,Particle/Cluster,random_forest,Random forest,num__has_el_pd,PD present,Composition,0.0015508179572126318,0.02095238095238095,0.15051545837487143,1050,576,catalyst_key,out_of_fold_heldout_rows
morph_hc_is_particle_cluster,Particle/Cluster,random_forest,Random forest,num__has_el_s,S present,Composition,0.0015198116876492273,0.10476190476190476,-0.08428472658624564,1050,576,catalyst_key,out_of_fold_heldout_rows
morph_hc_is_particle_cluster,Particle/Cluster,random_forest,Random forest,num__has_el_sn,SN present,Composition,0.0013664184209169438,0.01619047619047619,0.21857311700828552,1050,576,catalyst_key,out_of_fold_heldout_rows
morph_hc_is_particle_cluster,Particle/Cluster,random_forest,Random forest,num__comp_mo,mo composition,Composition,0.0013660300448206431,0.015045381636586797,0.16229238406048116,1050,576,catalyst_key,out_of_fold_heldout_rows
morph_hc_is_particle_cluster,Particle/Cluster,random_forest,Random forest,num__synth_pH,synth pH,Synthesis,0.0012962453352629646,0.4841530612244898,-0.16075522604245157,1050,576,catalyst_key,out_of_fold_heldout_rows
morph_hc_is_particle_cluster,Particle/Cluster,random_forest,Random forest,num__struct_bond_length_angstrom,struct bond length angstrom,Other,0.0012954206159075945,0.5734963710121731,-0.25948231434250624,1050,576,catalyst_key,out_of_fold_heldout_rows
morph_hc_is_particle_cluster,Particle/Cluster,random_forest,Random forest,num__xrd_text_peak_mean_2theta_deg,xrd text peak mean 2theta deg,Structure / characterization,0.0012856636118303499,0.34951985157699444,0.002377553579193727,1050,576,catalyst_key,out_of_fold_heldout_rows
morph_hc_is_particle_cluster,Particle/Cluster,random_forest,Random forest,num__synth_current_density,synth current density,Synthesis,0.0012756187185358812,0.003674452380952381,0.21689692350250667,1050,576,catalyst_key,out_of_fold_heldout_rows
morph_hc_is_particle_cluster,Particle/Cluster,random_forest,Random forest,num__has_el_zn,ZN present,Composition,0.0012510957706450454,0.014285714285714285,0.20548280368188757,1050,576,catalyst_key,out_of_fold_heldout_rows
morph_hc_is_particle_cluster,Particle/Cluster,random_forest,Random forest,num__xrd_text_peak_std_2theta_deg,xrd text peak std 2theta deg,Structure / characterization,0.0011958389957082427,0.5209762595038752,-0.148417703397195,1050,576,catalyst_key,out_of_fold_heldout_rows
morph_hc_is_particle_cluster,Particle/Cluster,random_forest,Random forest,num__has_el_cr,CR present,Composition,0.0011899494051053673,0.018095238095238095,0.23087543216994527,1050,576,catalyst_key,out_of_fold_heldout_rows
morph_hc_is_particle_cluster,Particle/Cluster,random_forest,Random forest,num__xps_text_has_satellite_peak,xps text has satellite peak,Structure / characterization,0.001187239893879806,0.09142857142857143,-0.22757170547383024,1050,576,catalyst_key,out_of_fold_heldout_rows
morph_hc_is_particle_cluster,Particle/Cluster,random_forest,Random forest,num__has_el_ti,TI present,Composition,0.0011840286638767196,0.04,-0.10531247435563262,1050,576,catalyst_key,out_of_fold_heldout_rows
morph_hc_is_particle_cluster,Particle/Cluster,random_forest,Random forest,num__struct_coordination_number,struct coordination number,Other,0.001121490528083619,0.458453728661276,0.008982063561424137,1050,576,catalyst_key,out_of_fold_heldout_rows
morph_hc_is_particle_cluster,Particle/Cluster,random_forest,Random forest,num__has_el_ce,CE present,Composition,0.0011104761335574964,0.03142857142857143,0.2423530702911537,1050,576,catalyst_key,out_of_fold_heldout_rows
morph_hc_is_particle_cluster,Particle/Cluster,random_forest,Random forest,num__comp_co,co composition,Composition,0.0010860468095264064,0.004025071011556172,-0.09111346760653428,1050,576,catalyst_key,out_of_fold_heldout_rows
morph_hc_is_particle_cluster,Particle/Cluster,random_forest,Random forest,num__has_el_cl,CL present,Composition,0.0010485414333560748,0.02,0.21946056314730572,1050,576,catalyst_key,out_of_fold_heldout_rows
morph_hc_is_particle_cluster,Particle/Cluster,random_forest,Random forest,num__synth_potential,synth potential,Synthesis,0.0010341831875499649,-0.004239777777777779,-0.014436540977156936,1050,576,catalyst_key,out_of_fold_heldout_rows
morph_hc_is_particle_cluster,Particle/Cluster,random_forest,Random forest,num__has_el_se,SE present,Composition,0.0010198413065406432,0.024761904761904763,0.0655912303148864,1050,576,catalyst_key,out_of_fold_heldout_rows
morph_hc_is_particle_cluster,Particle/Cluster,random_forest,Random forest,num__xrd_filled_first_peak_2theta_deg,xrd filled first peak 2theta deg,Structure / characterization,0.0010123814522458518,0.10846846560846563,-0.259564967428276,1050,576,catalyst_key,out_of_fold_heldout_rows
morph_hc_is_particle_cluster,Particle/Cluster,random_forest,Random forest,num__xrd_text_peak_max_2theta_deg,xrd text peak max 2theta deg,Structure / characterization,0.001008425805827795,0.6144105820105819,-0.04612828675641569,1050,576,catalyst_key,out_of_fold_heldout_rows
morph_hc_is_particle_cluster,Particle/Cluster,random_forest,Random forest,num__has_el_mn,MN present,Composition,0.0009855213704989315,0.03333333333333333,0.22815443593483087,1050,576,catalyst_key,out_of_fold_heldout_rows
morph_hc_is_particle_cluster,Particle/Cluster,random_forest,Random forest,num__has_el_rh,RH present,Composition,0.0009115638780102433,0.007619047619047619,0.1506088322615272,1050,576,catalyst_key,out_of_fold_heldout_rows
morph_hc_is_particle_cluster,Particle/Cluster,random_forest,Random forest,num__has_el_bi,BI present,Composition,0.0008480795345526385,0.004761904761904762,0.11923801448106731,1050,576,catalyst_key,out_of_fold_heldout_rows
morph_hc_is_particle_cluster,Particle/Cluster,random_forest,Random forest,num__xrd_text_peak_span_2theta_deg,xrd text peak span 2theta deg,Structure / characterization,0.0008446036107742604,0.6151166980848564,-0.013875970357635506,1050,576,catalyst_key,out_of_fold_heldout_rows
morph_hc_is_particle_cluster,Particle/Cluster,random_forest,Random forest,num__xrd_text_peak_2_2theta_deg,xrd text peak 2 2theta deg,Structure / characterization,0.0008441264145217952,0.14585481997677124,-0.4049717775856194,1050,576,catalyst_key,out_of_fold_heldout_rows
morph_hc_is_particle_cluster,Particle/Cluster,random_forest,Random forest,num__synth_voltage,synth voltage,Synthesis,0.0008326601389386617,0.0030155876504447936,-0.26960170413479556,1050,576,catalyst_key,out_of_fold_heldout_rows
morph_hc_is_particle_cluster,Particle/Cluster,random_forest,Random forest,num__electronic_work_function_ev,electronic work function eV,Other,0.0007955493650334745,0.5833125896426244,0.5638796315230047,1050,576,catalyst_key,out_of_fold_heldout_rows
morph_hc_is_particle_cluster,Particle/Cluster,random_forest,Random forest,num__has_el_v,V present,Composition,0.0007487293478451094,0.01904761904761905,-0.16577677695901333,1050,576,catalyst_key,out_of_fold_heldout_rows
morph_hc_is_particle_cluster,Particle/Cluster,random_forest,Random forest,num__synth_has_ion_exchange,synth has ion exchange,Synthesis,0.0007471215919479224,0.04,-0.0018118619978968462,1050,576,catalyst_key,out_of_fold_heldout_rows
morph_hc_is_particle_cluster,Particle/Cluster,random_forest,Random forest,num__xrd_text_peak_3_2theta_deg,xrd text peak 3 2theta deg,Structure / characterization,0.000715975875102134,0.3182872250023605,0.2165596849341203,1050,576,catalyst_key,out_of_fold_heldout_rows
morph_hc_is_particle_cluster,Particle/Cluster,random_forest,Random forest,cat__support_class_text_carbon_paper,support class text carbon paper,Support,0.0006805208955692637,0.013333333333333334,0.1706381049233107,1050,576,catalyst_key,out_of_fold_heldout_rows
morph_hc_is_particle_cluster,Particle/Cluster,random_forest,Random forest,num__comp_cu,cu composition,Composition,0.0006772176629509423,0.11032595995056454,0.08952744990413253,1050,576,catalyst_key,out_of_fold_heldout_rows
morph_hc_is_particle_cluster,Particle/Cluster,random_forest,Random forest,num__has_el_cs,CS present,Composition,0.000662085981898807,0.006666666666666667,0.14094924779024606,1050,576,catalyst_key,out_of_fold_heldout_rows
morph_hc_is_particle_cluster,Particle/Cluster,random_forest,Random forest,num__comp_ir,ir composition,Composition,0.0006563064093703788,0.14251664054232807,-0.2629727298679512,1050,576,catalyst_key,out_of_fold_heldout_rows
morph_hc_is_particle_cluster,Particle/Cluster,random_forest,Random forest,num__xrd_text_peak_1_2theta_deg,xrd text peak 1 2theta deg,Structure / characterization,0.0006498041601238042,0.08409735449735448,-0.17984474319402932,1050,576,catalyst_key,out_of_fold_heldout_rows
morph_hc_is_particle_cluster,Particle/Cluster,random_forest,Random forest,num__xps_text_co_2p_be_ev,xps text co 2p be eV,Structure / characterization,0.0006101577160290687,0.9875322884012541,-0.21842609750119182,1050,576,catalyst_key,out_of_fold_heldout_rows
morph_hc_is_particle_cluster,Particle/Cluster,random_forest,Random forest,num__synth_pressure,synth pressure,Synthesis,0.0005966353964209744,0.005989269873174605,0.07304134876351924,1050,576,catalyst_key,out_of_fold_heldout_rows
morph_hc_is_particle_cluster,Particle/Cluster,random_forest,Random forest,num__synth_has_ultrasonication,synth has ultrasonication,Synthesis,0.0005914048700720732,0.03619047619047619,0.09517123567973093,1050,576,catalyst_key,out_of_fold_heldout_rows
morph_hc_is_particle_cluster,Particle/Cluster,random_forest,Random forest,num__xrd_text_peak_min_2theta_deg,xrd text peak min 2theta deg,Structure / characterization,0.0005825402604501629,0.08409735449735448,-0.19291184423849977,1050,576,catalyst_key,out_of_fold_heldout_rows
morph_hc_is_particle_cluster,Particle/Cluster,random_forest,Random forest,num__xrd_text_has_peak_50_0_2theta,xrd text has peak 50 0 2theta,Structure / characterization,0.0005682128333291573,0.01619047619047619,0.1412217103741101,1050,576,catalyst_key,out_of_fold_heldout_rows
morph_hc_is_particle_cluster,Particle/Cluster,random_forest,Random forest,num__xps_text_fe_2p_be_ev,xps text fe 2p be eV,Structure / characterization,0.000566327879005132,0.9794748206131769,-0.2101027910535009,1050,576,catalyst_key,out_of_fold_heldout_rows
morph_hc_is_particle_cluster,Particle/Cluster,random_forest,Random forest,num__synth_has_sputtering,synth has sputtering,Synthesis,0.000560314206180518,0.013333333333333334,0.1420386216129982,1050,576,catalyst_key,out_of_fold_heldout_rows
morph_hc_is_particle_cluster,Particle/Cluster,random_forest,Random forest,num__xrd_peak_003_2theta_deg,xrd peak 003 2theta deg,Structure / characterization,0.000556042445833054,0.11025991138617955,0.07698104628983829,1050,576,catalyst_key,out_of_fold_heldout_rows
morph_hc_is_particle_cluster,Particle/Cluster,random_forest,Random forest,num__has_el_as,As present,Composition,0.0005287288218773086,0.014285714285714285,-0.20553575975525445,1050,576,catalyst_key,out_of_fold_heldout_rows
morph_hc_is_particle_cluster,Particle/Cluster,random_forest,Random forest,num__electronic_d_band_center_ev,electronic d band center eV,Other,0.0005269179920716384,-0.37395708056372695,0.37010361564848426,1050,576,catalyst_key,out_of_fold_heldout_rows
morph_hc_is_particle_cluster,Particle/Cluster,random_forest,Random forest,num__has_el_al,AL present,Composition,0.0005248324713294491,0.0038095238095238095,0.10670073872604112,1050,576,catalyst_key,out_of_fold_heldout_rows
morph_hc_is_particle_cluster,Particle/Cluster,random_forest,Random forest,num__synth_has_solvothermal,synth has solvothermal,Synthesis,0.0005242768897629053,0.02095238095238095,0.11212425415449173,1050,576,catalyst_key,out_of_fold_heldout_rows
morph_hc_is_particle_cluster,Particle/Cluster,random_forest,Random forest,num__xrd_text_peak_4_2theta_deg,xrd text peak 4 2theta deg,Structure / characterization,0.0005242717671458486,0.5312019856132214,0.12264998410586475,1050,576,catalyst_key,out_of_fold_heldout_rows
morph_hc_is_particle_cluster,Particle/Cluster,random_forest,Random forest,num__synth_cycles,synth cycles,Synthesis,0.0005167876277444889,0.005399932241671373,0.08288647892594775,1050,576,catalyst_key,out_of_fold_heldout_rows
morph_hc_is_particle_cluster,Particle/Cluster,random_forest,Random forest,cat__synth_temperature_text_room temperature,synth temperature text room tempera...,Synthesis,0.0005155900932034919,0.013333333333333334,0.19827879329505904,1050,576,catalyst_key,out_of_fold_heldout_rows
morph_hc_is_particle_cluster,Particle/Cluster,random_forest,Random forest,num__xps_co_2p3_2_be_ev_filled,xps co 2p3 2 be eV filled,Structure / characterization,0.0005131311708547782,0.9987637315795884,-0.5226485205218934,1050,576,catalyst_key,out_of_fold_heldout_rows
morph_hc_is_particle_cluster,Particle/Cluster,random_forest,Random forest,num__has_el_b,B present,Composition,0.0005052621048830809,0.021904761904761906,0.09656509430234839,1050,576,catalyst_key,out_of_fold_heldout_rows
morph_hc_is_particle_cluster,Particle/Cluster,random_forest,Random forest,num__support_is_iron_foam,support is iron foam,Support,0.0005049630268233199,0.010476190476190476,-0.14413214303207472,1050,576,catalyst_key,out_of_fold_heldout_rows
morph_hc_is_particle_cluster,Particle/Cluster,random_forest,Random forest,num__has_el_ag,AG present,Composition,0.0005047561311369193,0.004761904761904762,0.11923801448106731,1050,576,catalyst_key,out_of_fold_heldout_rows
morph_hc_is_particle_cluster,Particle/Cluster,random_forest,Random forest,cat__synth_temperature_text_room,synth temperature text room,Synthesis,0.0004937535714697853,0.9714285714285714,-0.0660475956435526,1050,576,catalyst_key,out_of_fold_heldout_rows
morph_hc_is_particle_cluster,Particle/Cluster,random_forest,Random forest,num__support_is_carbon_paper,support is carbon paper,Support,0.00047731665796076474,0.01619047619047619,0.19288059958103448,1050,576,catalyst_key,out_of_fold_heldout_rows
morph_hc_is_particle_cluster,Particle/Cluster,random_forest,Random forest,num__synth_has_galvanic_replacement,synth has galvanic replacement,Synthesis,0.0004764992940433789,0.012380952380952381,-0.007885033032623504,1050,576,catalyst_key,out_of_fold_heldout_rows
morph_hc_is_particle_cluster,Particle/Cluster,random_forest,Random forest,num__comp_p,p composition,Composition,0.0004737406053647102,0.06593067271920022,0.26645517779431704,1050,576,catalyst_key,out_of_fold_heldout_rows
morph_hc_is_particle_cluster,Particle/Cluster,random_forest,Random forest,num__xps_ni_2p1_2_be_ev_filled,xps ni 2p1 2 be eV filled,Structure / characterization,0.00044272054493995044,0.9919290584415583,-0.2053844103333666,1050,576,catalyst_key,out_of_fold_heldout_rows
morph_hc_is_particle_cluster,Particle/Cluster,random_forest,Random forest,num__pore_volume_cm3_g,pore volume cm3 g,Structure / characterization,0.0004391331210293323,0.10903465153118486,0.08752405463377316,1050,576,catalyst_key,out_of_fold_heldout_rows
morph_hc_is_particle_cluster,Particle/Cluster,random_forest,Random forest,num__xrd_text_low_angle_peak_2theta_deg,xrd text low angle peak 2theta deg,Structure / characterization,0.00043887750711374857,0.40179047619047625,0.11451323866119845,1050,576,catalyst_key,out_of_fold_heldout_rows
morph_hc_is_particle_cluster,Particle/Cluster,random_forest,Random forest,num__comp_cr,cr composition,Composition,0.00043770097920047696,0.1265013860299163,0.40360424616106594,1050,576,catalyst_key,out_of_fold_heldout_rows
morph_hc_is_particle_cluster,Particle/Cluster,random_forest,Random forest,num__xrd_text_has_peak_6_0_2theta,xrd text has peak 6 0 2theta,Structure / characterization,0.0004357062323390578,0.025714285714285714,0.2741519171191089,1050,576,catalyst_key,out_of_fold_heldout_rows
morph_hc_is_particle_cluster,Particle/Cluster,random_forest,Random forest,num__has_el_la,LA present,Composition,0.0004350091172378013,0.004761904761904762,0.11923801448106731,1050,576,catalyst_key,out_of_fold_heldout_rows
morph_hc_is_particle_cluster,Particle/Cluster,random_forest,Random forest,num__has_el_li,LI present,Composition,0.0004294706955126714,0.006666666666666667,0.020753381916794208,1050,576,catalyst_key,out_of_fold_heldout_rows
morph_hc_is_particle_cluster,Particle/Cluster,random_forest,Random forest,num__xps_text_o_1s_be_ev,xps text o 1s be eV,Structure / characterization,0.0004247493834467257,0.9964333958724202,0.0021039572512148957,1050,576,catalyst_key,out_of_fold_heldout_rows
morph_hc_is_particle_cluster,Particle/Cluster,random_forest,Random forest,num__xps_ni_2p3_2_be_ev_filled,xps ni 2p3 2 be eV filled,Structure / characterization,0.00042155112703404245,0.9938798859401238,0.04461121564002466,1050,576,catalyst_key,out_of_fold_heldout_rows
morph_hc_is_particle_cluster,Particle/Cluster,random_forest,Random forest,num__has_el_k,K present,Composition,0.00042125668933169693,0.008571428571428572,-0.12299336230313807,1050,576,catalyst_key,out_of_fold_heldout_rows
morph_hc_is_particle_cluster,Particle/Cluster,random_forest,Random forest,num__xrd_text_peak_count,xrd text peak count,Structure / characterization,0.00041925486124679283,0.24647822765469826,0.21653178556013292,1050,576,catalyst_key,out_of_fold_heldout_rows
morph_hc_is_particle_cluster,Particle/Cluster,random_forest,Random forest,num__support_is_copper_foam,support is copper foam,Support,0.0003915387761697131,0.011428571428571429,-0.18410300956663858,1050,576,catalyst_key,out_of_fold_heldout_rows
morph_hc_is_particle_cluster,Particle/Cluster,random_forest,Random forest,num__xps_text_o_1s_generic_be_ev,xps text o 1s generic be eV,Structure / characterization,0.0003483705546861636,0.9964333958724202,0.1256956056786692,1050,576,catalyst_key,out_of_fold_heldout_rows
morph_hc_is_particle_cluster,Particle/Cluster,random_forest,Random forest,num__xrd_filled_low_angle_peak_2theta_deg,xrd filled low angle peak 2theta deg,Structure / characterization,0.0003359145675505992,0.4034796674225246,0.09074047258745978,1050,576,catalyst_key,out_of_fold_heldout_rows
morph_hc_is_particle_cluster,Particle/Cluster,random_forest,Random forest,num__xps_text_ni_2p1_2_be_ev,xps text ni 2p1 2 be eV,Structure / characterization,0.00032762496156814563,0.9916809523809524,-0.19884058571142452,1050,576,catalyst_key,out_of_fold_heldout_rows
morph_hc_is_particle_cluster,Particle/Cluster,random_forest,Random forest,num__xps_o_1s_be_ev_filled,xps o 1s be eV filled,Structure / characterization,0.0003239737936638177,0.9963401232913427,0.20868423767122565,1050,576,catalyst_key,out_of_fold_heldout_rows
morph_hc_is_particle_cluster,Particle/Cluster,random_forest,Random forest,num__support_is_carbon_cloth,support is carbon cloth,Support,0.0003210736727035109,0.010476190476190476,0.11172902769459941,1050,576,catalyst_key,out_of_fold_heldout_rows
morph_hc_is_particle_cluster,Particle/Cluster,random_forest,Random forest,num__xrd_text_has_peak_9_0_2theta,xrd text has peak 9 0 2theta,Structure / characterization,0.00031766428071494185,0.023809523809523808,0.26389567425496174,1050,576,catalyst_key,out_of_fold_heldout_rows
morph_hc_is_particle_cluster,Particle/Cluster,random_forest,Random forest,num__synth_has_sol_gel,synth has sol gel,Synthesis,0.0003157258144051028,0.005714285714285714,0.13055618854234746,1050,576,catalyst_key,out_of_fold_heldout_rows
morph_hc_is_particle_cluster,Particle/Cluster,random_forest,Random forest,num__xps_text_has_binding_energy_shift,XPS BE shift,Structure / characterization,0.00030428945201404546,0.02095238095238095,0.1503618935579899,1050,576,catalyst_key,out_of_fold_heldout_rows
morph_hc_is_particle_cluster,Particle/Cluster,random_forest,Random forest,num__has_el_os,OS present,Composition,0.0003032090485901901,0.0038095238095238095,0.05350338189465447,1050,576,catalyst_key,out_of_fold_heldout_rows
morph_hc_is_particle_cluster,Particle/Cluster,random_forest,Random forest,num__has_el_nb,NB present,Composition,0.0002945727640160952,0.002857142857142857,0.09244971094000846,1050,576,catalyst_key,out_of_fold_heldout_rows
morph_hc_is_particle_cluster,Particle/Cluster,random_forest,Random forest,num__comp_mn,mn composition,Composition,0.0002861892947662576,0.0015673729565296144,-0.12438857111572671,1050,576,catalyst_key,out_of_fold_heldout_rows
morph_hc_is_particle_cluster,Particle/Cluster,random_forest,Random forest,num__xrd_text_peak_5_2theta_deg,xrd text peak 5 2theta deg,Structure / characterization,0.00027757818563538825,0.5713291784843509,0.09054320758696249,1050,576,catalyst_key,out_of_fold_heldout_rows
morph_hc_is_particle_cluster,Particle/Cluster,random_forest,Random forest,num__xrd_first_peak_2theta_deg,xrd first peak 2theta deg,Structure / characterization,0.00025555393532842116,0.3724388128877925,0.34291738564868307,1050,576,catalyst_key,out_of_fold_heldout_rows
morph_hc_is_particle_cluster,Particle/Cluster,random_forest,Random forest,num__xps_text_co_2p3_2_be_ev,xps text co 2p3 2 be eV,Structure / characterization,0.0002215113738248604,0.9987247594690052,-0.03801237625658733,1050,576,catalyst_key,out_of_fold_heldout_rows
morph_hc_is_particle_cluster,Particle/Cluster,random_forest,Random forest,num__has_el_ts,TS present,Composition,0.000212748198342911,0.006666666666666667,-0.020328661542683073,1050,576,catalyst_key,out_of_fold_heldout_rows
morph_hc_is_particle_cluster,Particle/Cluster,random_forest,Random forest,cat__support_class_text_carbon_cloth,support class text carbon cloth,Support,0.00021159954718957984,0.010476190476190476,0.048064621083921726,1050,576,catalyst_key,out_of_fold_heldout_rows
morph_hc_is_particle_cluster,Particle/Cluster,random_forest,Random forest,num__comp_ni:fe,ni:fe composition,Composition,0.00021111655319827743,0.37181164021164015,0.5787355510130788,1050,576,catalyst_key,out_of_fold_heldout_rows
morph_hc_is_particle_cluster,Particle/Cluster,random_forest,Random forest,num__comp_al,al composition,Composition,0.00020478697149804823,0.13279962822521724,0.15367041560563094,1050,576,catalyst_key,out_of_fold_heldout_rows
morph_hc_is_particle_cluster,Particle/Cluster,random_forest,Random forest,num__xps_co_2p1_2_be_ev_filled,xps co 2p1 2 be eV filled,Structure / characterization,0.0002044149856187484,0.996094431725059,0.18420985037554277,1050,576,catalyst_key,out_of_fold_heldout_rows
morph_hc_is_particle_cluster,Particle/Cluster,random_forest,Random forest,num__has_el_si,SI present,Composition,0.00020356554248729001,0.009523809523809525,-0.06728964688284275,1050,576,catalyst_key,out_of_fold_heldout_rows
morph_hc_is_particle_cluster,Particle/Cluster,random_forest,Random forest,num__comp_s,s composition,Composition,0.0002006502369437666,0.08522336079298105,0.4222574099382676,1050,576,catalyst_key,out_of_fold_heldout_rows
morph_hc_is_particle_cluster,Particle/Cluster,random_forest,Random forest,num__has_el_sr,SR present,Composition,0.00018314279706448043,0.008571428571428572,0.0887045102934507,1050,576,catalyst_key,out_of_fold_heldout_rows
morph_hc_is_particle_cluster,Particle/Cluster,random_forest,Random forest,cat__synth_time_text_overnight,synth time text overnight,Synthesis,0.00017455877850762016,0.9933333333333333,0.019595053623763837,1050,576,catalyst_key,out_of_fold_heldout_rows
morph_hc_is_particle_cluster,Particle/Cluster,random_forest,Random forest,cat__support_class_text_iron_foam,support class text iron foam,Support,0.00017243116265447714,0.009523809523809525,0.0,1050,576,catalyst_key,out_of_fold_heldout_rows
morph_hc_is_particle_cluster,Particle/Cluster,random_forest,Random forest,num__comp_n,n composition,Composition,0.00017138750480582865,0.12660407528700587,0.07357580402073287,1050,576,catalyst_key,out_of_fold_heldout_rows
morph_hc_is_particle_cluster,Particle/Cluster,random_forest,Random forest,num__comp_sr,sr composition,Composition,0.00017138053960003615,0.7471393034825872,-0.05575316206133514,402,209,catalyst_key,out_of_fold_heldout_rows
morph_hc_is_particle_cluster,Particle/Cluster,random_forest,Random forest,num__has_el_pr,PR present,Composition,0.00016768508370237705,0.0038095238095238095,-0.10670073872604112,1050,576,catalyst_key,out_of_fold_heldout_rows
morph_hc_is_particle_cluster,Particle/Cluster,random_forest,Random forest,num__comp_zn,zn composition,Composition,0.0001658123979262535,0.048697229733081715,0.1409694427465088,1050,576,catalyst_key,out_of_fold_heldout_rows
morph_hc_is_particle_cluster,Particle/Cluster,random_forest,Random forest,num__xrd_text_peak_6_2theta_deg,xrd text peak 6 2theta deg,Structure / characterization,0.0001646815153209841,0.7607006020799125,-0.35468918915845765,1050,576,catalyst_key,out_of_fold_heldout_rows
morph_hc_is_particle_cluster,Particle/Cluster,random_forest,Random forest,num__synth_scan_rate,synth scan rate,Synthesis,0.0001586431941901203,0.4967809523809524,0.016286590770810655,1050,576,catalyst_key,out_of_fold_heldout_rows
morph_hc_is_particle_cluster,Particle/Cluster,random_forest,Random forest,num__electronic_bader_charge_e,electronic bader charge e,Other,0.00015789675465412937,0.1302987874194771,0.08260867899821094,1050,576,catalyst_key,out_of_fold_heldout_rows
morph_hc_is_particle_cluster,Particle/Cluster,random_forest,Random forest,num__comp_pd,pd composition,Composition,0.0001564701690738537,0.0473199798941799,-0.182836676787002,1050,576,catalyst_key,out_of_fold_heldout_rows
morph_hc_is_particle_cluster,Particle/Cluster,random_forest,Random forest,cat__support_class_text_copper_foam | nickel_foam,support class text copper foam | ni...,Support,0.0001562410576720698,0.0019047619047619048,-0.0755209124592355,1050,576,catalyst_key,out_of_fold_heldout_rows
morph_hc_is_particle_cluster,Particle/Cluster,random_forest,Random forest,num__has_el_te,TE present,Composition,0.0001462227642294062,0.002857142857142857,-0.09244971070042356,1050,576,catalyst_key,out_of_fold_heldout_rows
morph_hc_is_particle_cluster,Particle/Cluster,random_forest,Random forest,num__comp_si,si composition,Composition,0.00014472448339322748,0.05020710059171597,-0.09660046558663918,845,470,catalyst_key,out_of_fold_heldout_rows
morph_hc_is_particle_cluster,Particle/Cluster,random_forest,Random forest,cat__support_class_text_copper_foam,support class text copper foam,Support,0.0001420386478132138,0.009523809523809525,-0.16786825849763035,1050,576,catalyst_key,out_of_fold_heldout_rows
morph_hc_is_particle_cluster,Particle/Cluster,random_forest,Random forest,num__xps_text_ni_2p3_2_be_ev,xps text ni 2p3 2 be eV,Structure / characterization,0.00013938367099129335,0.9945188618749269,-0.33900689193794575,1050,576,catalyst_key,out_of_fold_heldout_rows
morph_hc_is_particle_cluster,Particle/Cluster,random_forest,Random forest,num__xps_text_co_2p1_2_be_ev,xps text co 2p1 2 be eV,Structure / characterization,0.0001379411304226522,0.9957126702513424,-0.38560826448968144,1050,576,catalyst_key,out_of_fold_heldout_rows
morph_hc_is_particle_cluster,Particle/Cluster,random_forest,Random forest,num__pore_diameter_nm,pore diameter nm,Structure / characterization,0.00013529894102176572,0.18089816112608564,0.5661555322006679,1050,576,catalyst_key,out_of_fold_heldout_rows
morph_hc_is_particle_cluster,Particle/Cluster,random_forest,Random forest,num__has_el_i,I present,Composition,0.0001349224817221274,0.006666666666666667,0.1385939802610843,1050,576,catalyst_key,out_of_fold_heldout_rows
morph_hc_is_particle_cluster,Particle/Cluster,random_forest,Random forest,num__xrd_text_has_peak_8_0_2theta,xrd text has peak 8 0 2theta,Structure / characterization,0.0001338830999276768,0.014285714285714285,0.1781309917878872,1050,576,catalyst_key,out_of_fold_heldout_rows
morph_hc_is_particle_cluster,Particle/Cluster,random_forest,Random forest,num__xrd_text_has_peak_7_0_2theta,xrd text has peak 7 0 2theta,Structure / characterization,0.00013349868634213679,0.02095238095238095,-0.020862877264903473,1050,576,catalyst_key,out_of_fold_heldout_rows
morph_hc_is_particle_cluster,Particle/Cluster,random_forest,Random forest,cat__support_class_text_iron_foam | nickel_foam,support class text iron foam | nick...,Support,0.00013311377619255356,0.0009523809523809524,-0.053426820851053484,1050,576,catalyst_key,out_of_fold_heldout_rows
morph_hc_is_particle_cluster,Particle/Cluster,random_forest,Random forest,num__synth_has_drop_casting,synth has drop casting,Synthesis,0.00013232270108036654,0.006666666666666667,0.07206732548480342,1050,576,catalyst_key,out_of_fold_heldout_rows
morph_hc_is_particle_cluster,Particle/Cluster,random_forest,Random forest,num__comp_w,w composition,Composition,0.00012913829453197763,0.41143885719374323,0.2160130898008358,1050,576,catalyst_key,out_of_fold_heldout_rows
morph_hc_is_particle_cluster,Particle/Cluster,random_forest,Random forest,num__has_el_ba,BA present,Composition,0.0001275033884378237,0.002857142857142857,-0.09244971070042356,1050,576,catalyst_key,out_of_fold_heldout_rows
morph_hc_is_particle_cluster,Particle/Cluster,random_forest,Random forest,num__comp_cl,cl composition,Composition,0.00012320764091646664,0.05364564007421149,0.3349665117381046,840,455,catalyst_key,out_of_fold_heldout_rows
morph_hc_is_particle_cluster,Particle/Cluster,random_forest,Random forest,num__comp_v,v composition,Composition,0.00012307641866045682,0.3725927457757297,-0.42993274769681433,1050,576,catalyst_key,out_of_fold_heldout_rows
morph_hc_is_particle_cluster,Particle/Cluster,random_forest,Random forest,num__has_el_cd,CD present,Composition,0.00011607952161541172,0.0038095238095238095,-0.05335036936302056,1050,576,catalyst_key,out_of_fold_heldout_rows
morph_hc_is_particle_cluster,Particle/Cluster,random_forest,Random forest,num__comp_o,o composition,Composition,0.00011370816898711243,0.11002204308892355,0.024505716558648107,1050,576,catalyst_key,out_of_fold_heldout_rows
morph_hc_is_particle_cluster,Particle/Cluster,random_forest,Random forest,num__comp_fe/ni,fe/ni composition,Composition,0.00011352219477798027,0.0576906785123632,0.08461630946861823,418,232,catalyst_key,out_of_fold_heldout_rows
morph_hc_is_particle_cluster,Particle/Cluster,random_forest,Random forest,num__xrd_text_has_peak_5_0_2theta,xrd text has peak 5 0 2theta,Structure / characterization,0.00011128178454164655,0.01904761904761905,-0.07102748763218958,1050,576,catalyst_key,out_of_fold_heldout_rows
morph_hc_is_particle_cluster,Particle/Cluster,random_forest,Random forest,cat__synth_temperature_text_varied by particle size | varied,synth temperature text varied by pa...,Synthesis,0.00010523620519123756,0.0,,635,349,catalyst_key,out_of_fold_heldout_rows
morph_hc_is_particle_cluster,Particle/Cluster,random_forest,Random forest,num__comp_ce,ce composition,Composition,9.998568007137374e-05,0.0040009577509279,-0.4432480031321595,1050,576,catalyst_key,out_of_fold_heldout_rows
morph_hc_is_particle_cluster,Particle/Cluster,random_forest,Random forest,num__has_el_br,BR present,Composition,9.871731905678877e-05,0.0,,213,126,catalyst_key,out_of_fold_heldout_rows
morph_hc_is_particle_cluster,Particle/Cluster,random_forest,Random forest,num__has_el_y,Y present,Composition,9.519230434155149e-05,0.005714285714285714,0.13055618854234746,1050,576,catalyst_key,out_of_fold_heldout_rows
morph_hc_is_particle_cluster,Particle/Cluster,random_forest,Random forest,num__comp_rh,rh composition,Composition,9.516002013502855e-05,0.11997063245173635,0.16169239263316426,1050,576,catalyst_key,out_of_fold_heldout_rows
morph_hc_is_particle_cluster,Particle/Cluster,random_forest,Random forest,num__has_el_u,U present,Composition,9.364900626697298e-05,0.0015923566878980893,-0.06906142178842889,628,353,catalyst_key,out_of_fold_heldout_rows
morph_hc_is_particle_cluster,Particle/Cluster,random_forest,Random forest,num__has_el_mg,MG present,Composition,8.932973629049853e-05,0.0009523809523809524,0.053426820851053484,1050,576,catalyst_key,out_of_fold_heldout_rows
morph_hc_is_particle_cluster,Particle/Cluster,random_forest,Random forest,cat__synth_temperature_text_different,synth temperature text different,Synthesis,8.536038026962266e-05,0.0009523809523809524,-0.053426820851053484,1050,576,catalyst_key,out_of_fold_heldout_rows
morph_hc_is_particle_cluster,Particle/Cluster,random_forest,Random forest,num__has_el_ta,TA present,Composition,8.40506265790984e-05,0.0019047619047619048,0.0755209124592355,1050,576,catalyst_key,out_of_fold_heldout_rows
morph_hc_is_particle_cluster,Particle/Cluster,random_forest,Random forest,cat__support_class_text_metal_mesh,support class text metal mesh,Support,8.31598988876418e-05,0.0038095238095238095,-0.10670073872604112,1050,576,catalyst_key,out_of_fold_heldout_rows
morph_hc_is_particle_cluster,Particle/Cluster,random_forest,Random forest,num__xps_co_2p1_2_be_ev,xps co 2p1 2 be eV,Structure / characterization,8.149505053835443e-05,0.9966885316414861,-0.41528983459642094,1050,576,catalyst_key,out_of_fold_heldout_rows
morph_hc_is_particle_cluster,Particle/Cluster,random_forest,Random forest,cat__synth_time_text_infrequent_sklearn,synth time text infrequent sklearn,Synthesis,7.770245162705739e-05,0.002857142857142857,0.09244971070042356,1050,576,catalyst_key,out_of_fold_heldout_rows
morph_hc_is_particle_cluster,Particle/Cluster,random_forest,Random forest,num__synth_has_spray_coating,synth has spray coating,Synthesis,7.440047190573116e-05,0.004761904761904762,0.11923801448106731,1050,576,catalyst_key,out_of_fold_heldout_rows
morph_hc_is_particle_cluster,Particle/Cluster,random_forest,Random forest,num__comp_ni/fe,ni/fe composition,Composition,7.35942252981311e-05,0.31953714661406973,-0.13318239811624533,845,470,catalyst_key,out_of_fold_heldout_rows
morph_hc_is_particle_cluster,Particle/Cluster,random_forest,Random forest,num__xps_text_mo_3d_be_ev,xps text mo 3d be eV,Structure / characterization,7.335365769905344e-05,0.9927625152625156,-0.39849186648944307,1050,576,catalyst_key,out_of_fold_heldout_rows
morph_hc_is_particle_cluster,Particle/Cluster,random_forest,Random forest,num__comp_c,c composition,Composition,7.189555031331967e-05,0.10515355718295591,0.07921934963585853,1050,576,catalyst_key,out_of_fold_heldout_rows
morph_hc_is_particle_cluster,Particle/Cluster,random_forest,Random forest,num__has_el_sb,SB present,Composition,6.89722242838783e-05,0.0,,643,352,catalyst_key,out_of_fold_heldout_rows
morph_hc_is_particle_cluster,Particle/Cluster,random_forest,Random forest,cat__support_class_text_glassy_carbon,support class text glassy carbon,Support,6.862591688185397e-05,0.002857142857142857,0.09233197810213517,1050,576,catalyst_key,out_of_fold_heldout_rows
morph_hc_is_particle_cluster,Particle/Cluster,random_forest,Random forest,num__support_is_glassy_carbon,support is glassy carbon,Support,6.744646904369081e-05,0.002857142857142857,0.09244971070042356,1050,576,catalyst_key,out_of_fold_heldout_rows
morph_hc_is_particle_cluster,Particle/Cluster,random_forest,Random forest,num__struct_surface_roughness_nm,struct surface roughness nm,Other,6.600092180593094e-05,0.01186187291295146,-0.528123816614457,1050,576,catalyst_key,out_of_fold_heldout_rows
morph_hc_is_particle_cluster,Particle/Cluster,random_forest,Random forest,num__support_is_metal_mesh,support is metal mesh,Support,6.3332567396094e-05,0.0038095238095238095,-0.10670073872604112,1050,576,catalyst_key,out_of_fold_heldout_rows
morph_hc_is_particle_cluster,Particle/Cluster,random_forest,Random forest,num__xrd_text_has_peak_49_0_2theta,xrd text has peak 49 0 2theta,Structure / characterization,6.179005086306855e-05,0.006666666666666667,0.10067803439679877,1050,576,catalyst_key,out_of_fold_heldout_rows
morph_hc_is_particle_cluster,Particle/Cluster,random_forest,Random forest,num__xps_text_fe_2p1_2_be_ev,xps text fe 2p1 2 be eV,Structure / characterization,6.105299596722053e-05,0.9966505589278019,-0.2725302124232089,1050,576,catalyst_key,out_of_fold_heldout_rows
morph_hc_is_particle_cluster,Particle/Cluster,random_forest,Random forest,cat__synth_temperature_text_infrequent_sklearn,synth temperature text infrequent s...,Synthesis,5.7429383924518094e-05,0.0019047619047619048,0.03271612038896844,1050,576,catalyst_key,out_of_fold_heldout_rows
morph_hc_is_particle_cluster,Particle/Cluster,random_forest,Random forest,num__xps_co_2p3_2_be_ev,xps co 2p3 2 be eV,Structure / characterization,5.538876497929453e-05,0.9968355408290002,-0.7924322403445986,1050,576,catalyst_key,out_of_fold_heldout_rows
morph_hc_is_particle_cluster,Particle/Cluster,random_forest,Random forest,num__xps_text_fe_2p3_2_be_ev,xps text fe 2p3 2 be eV,Structure / characterization,5.149763128610444e-05,0.9951042291042289,-0.07544895545346991,1050,576,catalyst_key,out_of_fold_heldout_rows
morph_hc_is_particle_cluster,Particle/Cluster,random_forest,Random forest,cat__synth_temperature_text_high,synth temperature text high,Synthesis,4.9977324210383135e-05,0.004761904761904762,0.11923801448106731,1050,576,catalyst_key,out_of_fold_heldout_rows
morph_hc_is_particle_cluster,Particle/Cluster,random_forest,Random forest,num__xps_fe_2p1_2_be_ev_filled,xps fe 2p1 2 be eV filled,Structure / characterization,4.8438042948231634e-05,0.9963196693529703,0.09779885911483993,1050,576,catalyst_key,out_of_fold_heldout_rows
morph_hc_is_particle_cluster,Particle/Cluster,random_forest,Random forest,num__xps_fe_2p3_2_be_ev_filled,xps fe 2p3 2 be eV filled,Structure / characterization,4.740617501417179e-05,0.9953976689976688,0.06614099985946362,1050,576,catalyst_key,out_of_fold_heldout_rows
morph_hc_is_particle_cluster,Particle/Cluster,random_forest,Random forest,cat__synth_temperature_text_<273,synth temperature text <273,Synthesis,4.609455447407985e-05,0.0,,640,347,catalyst_key,out_of_fold_heldout_rows
morph_hc_is_particle_cluster,Particle/Cluster,random_forest,Random forest,num__has_el_na,NA present,Composition,4.0732823049273526e-05,0.002857142857142857,0.09244971094000846,1050,576,catalyst_key,out_of_fold_heldout_rows
morph_hc_is_particle_cluster,Particle/Cluster,random_forest,Random forest,num__has_el_eu,EU present,Composition,3.9926238681840355e-05,0.0,,435,241,catalyst_key,out_of_fold_heldout_rows
morph_hc_is_particle_cluster,Particle/Cluster,random_forest,Random forest,cat__synth_temperature_text_ambient,synth temperature text ambient,Synthesis,3.677396489711728e-05,0.002857142857142857,0.03081657111195251,1050,576,catalyst_key,out_of_fold_heldout_rows
morph_hc_is_particle_cluster,Particle/Cluster,random_forest,Random forest,num__xps_ni_2p3_2_be_ev,xps ni 2p3 2 be eV,Structure / characterization,3.6567157542308176e-05,0.9972851571203314,0.2636127634240506,1050,576,catalyst_key,out_of_fold_heldout_rows
morph_hc_is_particle_cluster,Particle/Cluster,random_forest,Random forest,cat__synth_time_text_several,synth time text several,Synthesis,3.62698661598392e-05,0.0,,1050,576,catalyst_key,out_of_fold_heldout_rows
morph_hc_is_particle_cluster,Particle/Cluster,random_forest,Random forest,cat__support_class_text_fto,support class text fto,Support,3.604161641742729e-05,0.0019047619047619048,-0.06778427988879102,1050,576,catalyst_key,out_of_fold_heldout_rows
morph_hc_is_particle_cluster,Particle/Cluster,random_forest,Random forest,num__xps_text_pt_4f_be_ev,xps text pt 4f be eV,Structure / characterization,3.491874321749199e-05,0.9355267618801588,0.3588680134110449,1050,576,catalyst_key,out_of_fold_heldout_rows
morph_hc_is_particle_cluster,Particle/Cluster,random_forest,Random forest,num__comp_y,y composition,Composition,3.458768778568803e-05,0.02867867867867869,,197,103,catalyst_key,out_of_fold_heldout_rows
morph_hc_is_particle_cluster,Particle/Cluster,random_forest,Random forest,num__xrd_text_has_peak_26_0_2theta,xrd text has peak 26 0 2theta,Structure / characterization,3.32334167341212e-05,0.002857142857142857,-0.09244971094000846,1050,576,catalyst_key,out_of_fold_heldout_rows
morph_hc_is_particle_cluster,Particle/Cluster,random_forest,Random forest,num__xps_text_cu_2p_be_ev,xps text cu 2p be eV,Structure / characterization,3.0793744772682763e-05,0.9995151515151517,0.3341670143343338,1050,576,catalyst_key,out_of_fold_heldout_rows
morph_hc_is_particle_cluster,Particle/Cluster,random_forest,Random forest,num__synth_has_molten_salt,synth has molten salt,Synthesis,3.064449312891073e-05,0.0,,1050,576,catalyst_key,out_of_fold_heldout_rows
morph_hc_is_particle_cluster,Particle/Cluster,random_forest,Random forest,cat__synth_time_text_25 or 60,synth time text 25 or 60,Synthesis,2.6722951611024083e-05,0.0,,1050,576,catalyst_key,out_of_fold_heldout_rows
morph_hc_is_particle_cluster,Particle/Cluster,random_forest,Random forest,num__xrd_text_has_peak_45_0_2theta,xrd text has peak 45 0 2theta,Structure / characterization,2.124918257617895e-05,0.0019047619047619048,0.0,1050,576,catalyst_key,out_of_fold_heldout_rows
morph_hc_is_particle_cluster,Particle/Cluster,random_forest,Random forest,cat__support_class_text_carbon_paper | nickel_foam,support class text carbon paper | n...,Support,1.944279122796426e-05,0.002857142857142857,-0.0392933357603361,1050,576,catalyst_key,out_of_fold_heldout_rows
morph_hc_is_particle_cluster,Particle/Cluster,random_forest,Random forest,num__xps_text_pt_4f5_2_be_ev,xps text pt 4f5 2 be eV,Structure / characterization,1.90585031447834e-05,0.9963333333333331,,407,224,catalyst_key,out_of_fold_heldout_rows
morph_hc_is_particle_cluster,Particle/Cluster,random_forest,Random forest,num__has_el_ds,DS present,Composition,1.8978836057074666e-05,0.0,,213,126,catalyst_key,out_of_fold_heldout_rows
morph_hc_is_particle_cluster,Particle/Cluster,random_forest,Random forest,cat__synth_temperature_text_low,synth temperature text low,Synthesis,1.8244864041813944e-05,0.0,,1050,576,catalyst_key,out_of_fold_heldout_rows
morph_hc_is_particle_cluster,Particle/Cluster,random_forest,Random forest,num__has_el_re,RE present,Composition,1.6264459783960642e-05,0.0011904761904761906,-0.0597259035199389,840,455,catalyst_key,out_of_fold_heldout_rows
morph_hc_is_particle_cluster,Particle/Cluster,random_forest,Random forest,num__comp_se,se composition,Composition,1.6242770127854766e-05,4.839255158610729e-05,-0.8101086585515763,418,232,catalyst_key,out_of_fold_heldout_rows
morph_hc_is_particle_cluster,Particle/Cluster,random_forest,Random forest,num__xps_pt_4f5_2_be_ev_filled,xps pt 4f5 2 be eV filled,Structure / characterization,1.5239637056285617e-05,0.9963333333333331,,407,224,catalyst_key,out_of_fold_heldout_rows
morph_hc_is_particle_cluster,Particle/Cluster,random_forest,Random forest,num__xrd_text_has_peak_52_0_2theta,xrd text has peak 52 0 2theta,Structure / characterization,1.4826506257809662e-05,0.006666666666666667,0.14037009964967095,1050,576,catalyst_key,out_of_fold_heldout_rows
morph_hc_is_particle_cluster,Particle/Cluster,random_forest,Random forest,cat__synth_time_text_several hours,synth time text several hours,Synthesis,1.2301563119397683e-05,0.0019047619047619048,-0.07552092733347701,1050,576,catalyst_key,out_of_fold_heldout_rows
morph_hc_is_particle_cluster,Particle/Cluster,random_forest,Random forest,num__electronic_fermi_level_ev,electronic fermi level eV,Other,1.0406957865588936e-05,-0.00017132255499602444,-0.04001577998399263,1050,576,catalyst_key,out_of_fold_heldout_rows
morph_hc_is_particle_cluster,Particle/Cluster,random_forest,Random forest,cat__synth_temperature_text_RT,synth temperature text RT,Synthesis,7.934118870339574e-06,0.0019047619047619048,0.07537685734032233,1050,576,catalyst_key,out_of_fold_heldout_rows
morph_hc_is_particle_cluster,Particle/Cluster,random_forest,Random forest,num__has_el_nd,ND present,Composition,5.512004102757546e-06,0.0,,205,106,catalyst_key,out_of_fold_heldout_rows
morph_hc_is_particle_cluster,Particle/Cluster,random_forest,Random forest,num__xps_pt_4f7_2_be_ev_filled,xps pt 4f7 2 be eV filled,Structure / characterization,3.7545439915026842e-06,0.9909281228192602,,407,224,catalyst_key,out_of_fold_heldout_rows
morph_hc_is_particle_cluster,Particle/Cluster,random_forest,Random forest,cat__synth_time_text_3-48 | overnight,synth time text 3-48 | overnight,Synthesis,3.1724508413317286e-06,0.0,,620,350,catalyst_key,out_of_fold_heldout_rows
morph_hc_is_particle_cluster,Particle/Cluster,random_forest,Random forest,num__xps_text_pt_4f7_2_be_ev,xps text pt 4f7 2 be eV,Structure / characterization,2.594833121697882e-06,0.9909281228192602,,407,224,catalyst_key,out_of_fold_heldout_rows
morph_hc_is_particle_cluster,Particle/Cluster,random_forest,Random forest,cat__synth_time_text_6-24,synth time text 6-24,Synthesis,2.5170801010573858e-06,0.0,,627,329,catalyst_key,out_of_fold_heldout_rows
morph_hc_is_particle_cluster,Particle/Cluster,random_forest,Random forest,cat__support_class_text_infrequent_sklearn,support class text infrequent sklearn,Support,1.5892027011235467e-06,0.0,,1050,576,catalyst_key,out_of_fold_heldout_rows
morph_hc_is_particle_cluster,Particle/Cluster,random_forest,Random forest,cat__synth_temperature_text_thousands,synth temperature text thousands,Synthesis,1.1124406003380926e-06,0.0,,627,329,catalyst_key,out_of_fold_heldout_rows
morph_hc_is_particle_cluster,Particle/Cluster,random_forest,Random forest,cat__support_class_text_ito,support class text ito,Support,0.0,0.0,,640,347,catalyst_key,out_of_fold_heldout_rows
morph_hc_is_porous_network,Porous Network,random_forest,Random forest,num__support_is_nickel_foam,support is nickel foam,Support,0.11011902976643517,0.08952380952380952,0.45596777611180006,1050,522,catalyst_key,out_of_fold_heldout_rows
morph_hc_is_porous_network,Porous Network,random_forest,Random forest,num__has_el_fe,FE present,Composition,0.09008953825392081,0.2742857142857143,0.26513666484158827,1050,522,catalyst_key,out_of_fold_heldout_rows
morph_hc_is_porous_network,Porous Network,random_forest,Random forest,num__has_el_pt,Pt present,Composition,0.08217747327024576,0.09904761904761905,-0.4317700682646257,1050,522,catalyst_key,out_of_fold_heldout_rows
morph_hc_is_porous_network,Porous Network,random_forest,Random forest,num__xps_text_peak_count,XPS peak count,Structure / characterization,0.08091501948683238,0.0827027027027027,0.2882800745090246,1050,522,catalyst_key,out_of_fold_heldout_rows
morph_hc_is_porous_network,Porous Network,random_forest,Random forest,num__xps_text_energy_min_ev,XPS BE min,Structure / characterization,0.07874305214834701,0.09701512719490249,-0.11671643777419966,1050,522,catalyst_key,out_of_fold_heldout_rows
morph_hc_is_porous_network,Porous Network,random_forest,Random forest,num__has_el_p,P present,Composition,0.07680008261889516,0.11142857142857143,0.4220402454981358,1050,522,catalyst_key,out_of_fold_heldout_rows
morph_hc_is_porous_network,Porous Network,random_forest,Random forest,num__synth_has_hydrothermal,Hydrothermal route,Synthesis,0.07568467910115367,0.11619047619047619,0.41046681636552074,1050,522,catalyst_key,out_of_fold_heldout_rows
morph_hc_is_porous_network,Porous Network,random_forest,Random forest,num__synth_temperature_c,Synthesis temperature,Synthesis,0.07527762485076592,0.11291795149432322,-0.5116194974380283,1050,522,catalyst_key,out_of_fold_heldout_rows
morph_hc_is_porous_network,Porous Network,random_forest,Random forest,num__synth_time_h,Synthesis time,Synthesis,0.07241458978647128,0.007503718190980095,-0.012929598709658456,1050,522,catalyst_key,out_of_fold_heldout_rows
morph_hc_is_porous_network,Porous Network,random_forest,Random forest,num__xps_text_energy_mean_ev,XPS BE mean,Structure / characterization,0.07166740758093644,0.43299275748444926,0.13131983665649133,1050,522,catalyst_key,out_of_fold_heldout_rows
morph_hc_is_porous_network,Porous Network,random_forest,Random forest,num__comp_ni,Ni content,Composition,0.06989404749810729,0.11241146226789085,-0.019384920489851565,1050,522,catalyst_key,out_of_fold_heldout_rows
morph_hc_is_porous_network,Porous Network,random_forest,Random forest,num__has_el_s,S present,Composition,0.06937042534253982,0.10666666666666667,0.4159616658833772,1050,522,catalyst_key,out_of_fold_heldout_rows
morph_hc_is_porous_network,Porous Network,random_forest,Random forest,num__synth_step_count,Synthesis step count,Synthesis,0.06845279722161335,0.1293424036281179,0.3360001268772555,1050,522,catalyst_key,out_of_fold_heldout_rows
morph_hc_is_porous_network,Porous Network,random_forest,Random forest,num__metal_mass_loading_mg_cm2,Metal mass loading,Other,0.0677467239300705,0.23177475469213962,0.06005511585646278,1050,522,catalyst_key,out_of_fold_heldout_rows
morph_hc_is_porous_network,Porous Network,random_forest,Random forest,num__bet_surface_area_m2_g,BET surface area,Structure / characterization,0.06716111165103794,0.04122333754411266,0.11014523581486184,1050,522,catalyst_key,out_of_fold_heldout_rows
morph_hc_is_porous_network,Porous Network,random_forest,Random forest,num__struct_coordination_number,struct coordination number,Other,0.06682847226904903,0.4588700455653961,-0.0965220223150541,1050,522,catalyst_key,out_of_fold_heldout_rows
morph_hc_is_porous_network,Porous Network,random_forest,Random forest,num__has_el_au,AU present,Composition,0.0664796413309661,0.013333333333333334,-0.12354758341312352,1050,522,catalyst_key,out_of_fold_heldout_rows
morph_hc_is_porous_network,Porous Network,random_forest,Random forest,num__xps_text_energy_std_ev,XPS BE dispersion,Structure / characterization,0.06644058430571952,0.5021673946337365,0.07846973283686086,1050,522,catalyst_key,out_of_fold_heldout_rows
morph_hc_is_porous_network,Porous Network,random_forest,Random forest,num__has_el_w,W present,Composition,0.064662863940362,0.049523809523809526,-0.2823740171481798,1050,522,catalyst_key,out_of_fold_heldout_rows
morph_hc_is_porous_network,Porous Network,random_forest,Random forest,num__synth_has_electrodeposition,synth has electrodeposition,Synthesis,0.06452066670049224,0.11523809523809524,0.45542605846307305,1050,522,catalyst_key,out_of_fold_heldout_rows
morph_hc_is_porous_network,Porous Network,random_forest,Random forest,num__struct_bond_length_angstrom,struct bond length angstrom,Other,0.06265864224422285,0.5731458286213036,0.001827767636820819,1050,522,catalyst_key,out_of_fold_heldout_rows
morph_hc_is_porous_network,Porous Network,random_forest,Random forest,num__structure_interplanar_spacing,Interplanar spacing,Structure / characterization,0.06262578265219071,0.0058077979305879305,0.061089191509823525,1050,522,catalyst_key,out_of_fold_heldout_rows
morph_hc_is_porous_network,Porous Network,random_forest,Random forest,num__has_el_cu,CU present,Composition,0.06076031000303781,0.07904761904761905,-0.2887617801078011,1050,522,catalyst_key,out_of_fold_heldout_rows
morph_hc_is_porous_network,Porous Network,random_forest,Random forest,num__has_el_pd,PD present,Composition,0.06040269593759342,0.02,-0.19219211941095582,1050,522,catalyst_key,out_of_fold_heldout_rows
morph_hc_is_porous_network,Porous Network,random_forest,Random forest,num__has_el_ir,Ir present,Composition,0.060044577589936865,0.039047619047619046,-0.24873317702811404,1050,522,catalyst_key,out_of_fold_heldout_rows
morph_hc_is_porous_network,Porous Network,random_forest,Random forest,num__has_el_c,C present,Composition,0.058864094149485305,0.1457142857142857,-0.35225370590857896,1050,522,catalyst_key,out_of_fold_heldout_rows
morph_hc_is_porous_network,Porous Network,random_forest,Random forest,num__has_el_mn,MN present,Composition,0.05743491441502315,0.0419047619047619,-0.2349341080608096,1050,522,catalyst_key,out_of_fold_heldout_rows
morph_hc_is_porous_network,Porous Network,random_forest,Random forest,num__synth_has_annealing,synth has annealing,Synthesis,0.057050932026108725,0.07238095238095238,-0.21037289388933433,1050,522,catalyst_key,out_of_fold_heldout_rows
morph_hc_is_porous_network,Porous Network,random_forest,Random forest,num__has_el_zn,ZN present,Composition,0.05598425908110452,0.01904761904761905,-0.2076347353918578,1050,522,catalyst_key,out_of_fold_heldout_rows
morph_hc_is_porous_network,Porous Network,random_forest,Random forest,num__comp_fe,Fe content,Composition,0.055284691209350464,0.004612710957164055,-0.10658676465779174,1050,522,catalyst_key,out_of_fold_heldout_rows
morph_hc_is_porous_network,Porous Network,random_forest,Random forest,num__xrd_text_peak_span_2theta_deg,xrd text peak span 2theta deg,Structure / characterization,0.0550978159656605,0.6141340518536732,-0.12584422341535398,1050,522,catalyst_key,out_of_fold_heldout_rows
morph_hc_is_porous_network,Porous Network,random_forest,Random forest,num__comp_ru,ru composition,Composition,0.055023223897984204,0.028223253303939468,-0.14798832675852291,1050,522,catalyst_key,out_of_fold_heldout_rows
morph_hc_is_porous_network,Porous Network,random_forest,Random forest,cat__synth_temperature_text_room,synth temperature text room,Synthesis,0.05483421261359781,0.9647619047619047,-0.016623531768985275,1050,522,catalyst_key,out_of_fold_heldout_rows
morph_hc_is_porous_network,Porous Network,random_forest,Random forest,num__electronic_band_gap_ev,electronic band gap eV,Other,0.05464503497066558,0.7049860627177703,-0.04828103426308905,1050,522,catalyst_key,out_of_fold_heldout_rows
morph_hc_is_porous_network,Porous Network,random_forest,Random forest,num__has_el_se,SE present,Composition,0.04952665240341157,0.02095238095238095,0.17960503249831256,1050,522,catalyst_key,out_of_fold_heldout_rows
morph_hc_is_porous_network,Porous Network,random_forest,Random forest,num__comp_co,co composition,Composition,0.048376959469269946,0.004418920461254577,-0.21218898124183655,1050,522,catalyst_key,out_of_fold_heldout_rows
morph_hc_is_porous_network,Porous Network,random_forest,Random forest,num__synth_has_solvothermal,synth has solvothermal,Synthesis,0.046395583516721545,0.018095238095238095,-0.10540196577734323,1050,522,catalyst_key,out_of_fold_heldout_rows
morph_hc_is_porous_network,Porous Network,random_forest,Random forest,cat__support_class_text_iron_foam,support class text iron foam,Support,0.046348610958394085,0.013333333333333334,0.13628585975172716,1050,522,catalyst_key,out_of_fold_heldout_rows
morph_hc_is_porous_network,Porous Network,random_forest,Random forest,num__struct_roughness_factor,struct roughness factor,Other,0.04602832554035158,0.0014431901093555233,-0.06394364559232213,1050,522,catalyst_key,out_of_fold_heldout_rows
morph_hc_is_porous_network,Porous Network,random_forest,Random forest,num__synth_pH,synth pH,Synthesis,0.04499118042153945,0.4834904761904762,0.06028308939576934,1050,522,catalyst_key,out_of_fold_heldout_rows
morph_hc_is_porous_network,Porous Network,random_forest,Random forest,num__synth_has_ion_exchange,synth has ion exchange,Synthesis,0.04428940291819146,0.039047619047619046,-0.00039740212182912994,1050,522,catalyst_key,out_of_fold_heldout_rows
morph_hc_is_porous_network,Porous Network,random_forest,Random forest,num__structure_lattice_spacing,Lattice spacing,Structure / characterization,0.04289204503403942,0.0039599238989415485,0.04467090092364923,1050,522,catalyst_key,out_of_fold_heldout_rows
morph_hc_is_porous_network,Porous Network,random_forest,Random forest,num__has_el_sr,SR present,Composition,0.041576985843151046,0.009523809523809525,0.16039523474329223,1050,522,catalyst_key,out_of_fold_heldout_rows
morph_hc_is_porous_network,Porous Network,random_forest,Random forest,num__comp_ir,ir composition,Composition,0.04132487516817908,0.143942208994709,-0.004373684410059676,1050,522,catalyst_key,out_of_fold_heldout_rows
morph_hc_is_porous_network,Porous Network,random_forest,Random forest,num__support_is_carbon_cloth,support is carbon cloth,Support,0.040821953873195004,0.018095238095238095,-0.13908627956372888,1050,522,catalyst_key,out_of_fold_heldout_rows
morph_hc_is_porous_network,Porous Network,random_forest,Random forest,num__xrd_text_peak_4_2theta_deg,xrd text peak 4 2theta deg,Structure / characterization,0.04005207416604467,0.5318307087569109,0.08127817371365706,1050,522,catalyst_key,out_of_fold_heldout_rows
morph_hc_is_porous_network,Porous Network,random_forest,Random forest,num__has_el_cl,CL present,Composition,0.038523565415439165,0.021904761904761906,0.14256688015423474,1050,522,catalyst_key,out_of_fold_heldout_rows
morph_hc_is_porous_network,Porous Network,random_forest,Random forest,num__xrd_filled_low_angle_peak_2theta_deg,xrd filled low angle peak 2theta deg,Structure / characterization,0.03706309273574868,0.40399401360544224,0.10401515527570375,1050,522,catalyst_key,out_of_fold_heldout_rows
morph_hc_is_porous_network,Porous Network,random_forest,Random forest,num__xrd_text_peak_mean_2theta_deg,xrd text peak mean 2theta deg,Structure / characterization,0.03605567939093481,0.34871500277758694,0.13719329239352726,1050,522,catalyst_key,out_of_fold_heldout_rows
morph_hc_is_porous_network,Porous Network,random_forest,Random forest,num__has_el_k,K present,Composition,0.03539895220288948,0.007619047619047619,-0.12582053354932307,1050,522,catalyst_key,out_of_fold_heldout_rows
morph_hc_is_porous_network,Porous Network,random_forest,Random forest,num__xrd_text_peak_1_2theta_deg,xrd text peak 1 2theta deg,Structure / characterization,0.034136835588715525,0.08516211640211639,-0.23642477519151842,1050,522,catalyst_key,out_of_fold_heldout_rows
morph_hc_is_porous_network,Porous Network,random_forest,Random forest,num__comp_pt,Pt content,Composition,0.033848330332695256,0.042910884656084655,-0.025325314344454498,1050,522,catalyst_key,out_of_fold_heldout_rows
morph_hc_is_porous_network,Porous Network,random_forest,Random forest,num__has_el_bi,BI present,Composition,0.03216049272193279,0.004761904761904762,0.06661354719886359,1050,522,catalyst_key,out_of_fold_heldout_rows
morph_hc_is_porous_network,Porous Network,random_forest,Random forest,num__xps_co_2p3_2_be_ev_filled,xps co 2p3 2 be eV filled,Structure / characterization,0.03150365183848136,0.9987606868834492,-0.019718728168282008,1050,522,catalyst_key,out_of_fold_heldout_rows
morph_hc_is_porous_network,Porous Network,random_forest,Random forest,num__synth_potential,synth potential,Synthesis,0.031468896705436095,-0.00329252380952381,-0.12582560600442882,1050,522,catalyst_key,out_of_fold_heldout_rows
morph_hc_is_porous_network,Porous Network,random_forest,Random forest,num__support_is_copper_foam,support is copper foam,Support,0.03086638318783272,0.005714285714285714,0.12638773506670714,1050,522,catalyst_key,out_of_fold_heldout_rows
morph_hc_is_porous_network,Porous Network,random_forest,Random forest,num__has_el_li,LI present,Composition,0.029065437073564356,0.006666666666666667,-0.12063989859719845,1050,522,catalyst_key,out_of_fold_heldout_rows
morph_hc_is_porous_network,Porous Network,random_forest,Random forest,num__comp_mo,mo composition,Composition,0.02846746478349319,0.015590036399625168,-0.14562721440212364,1050,522,catalyst_key,out_of_fold_heldout_rows
morph_hc_is_porous_network,Porous Network,random_forest,Random forest,num__has_el_u,U present,Composition,0.028332553005197565,0.0,,652,315,catalyst_key,out_of_fold_heldout_rows
morph_hc_is_porous_network,Porous Network,random_forest,Random forest,num__has_el_ta,TA present,Composition,0.027295623418709298,0.002857142857142857,-0.01969081820591982,1050,522,catalyst_key,out_of_fold_heldout_rows
morph_hc_is_porous_network,Porous Network,random_forest,Random forest,num__synth_has_spray_coating,synth has spray coating,Synthesis,0.027061343391388132,0.004761904761904762,-0.10791896701042342,1050,522,catalyst_key,out_of_fold_heldout_rows
morph_hc_is_porous_network,Porous Network,random_forest,Random forest,num__has_el_ni,NI present,Composition,0.02689703155568938,0.5,0.6599958400429883,1050,522,catalyst_key,out_of_fold_heldout_rows
morph_hc_is_porous_network,Porous Network,random_forest,Random forest,num__synth_cycles,synth cycles,Synthesis,0.02611319461110221,0.009314257481648784,0.14737384650463212,1050,522,catalyst_key,out_of_fold_heldout_rows
morph_hc_is_porous_network,Porous Network,random_forest,Random forest,num__xrd_text_peak_max_2theta_deg,xrd text peak max 2theta deg,Structure / characterization,0.026050407576917407,0.6132507936507935,0.21660597958810882,1050,522,catalyst_key,out_of_fold_heldout_rows
morph_hc_is_porous_network,Porous Network,random_forest,Random forest,num__has_el_b,B present,Composition,0.02592736773122577,0.024761904761904763,-0.17540195913146175,1050,522,catalyst_key,out_of_fold_heldout_rows
morph_hc_is_porous_network,Porous Network,random_forest,Random forest,num__pore_volume_cm3_g,pore volume cm3 g,Structure / characterization,0.02511680361061901,0.11050385762385763,-0.24796321802846494,1050,522,catalyst_key,out_of_fold_heldout_rows
morph_hc_is_porous_network,Porous Network,random_forest,Random forest,num__metal_loading_wt_pct,metal loading wt pct,Other,0.024493928666244235,0.1103171884126202,-0.22750746493574442,1050,522,catalyst_key,out_of_fold_heldout_rows
morph_hc_is_porous_network,Porous Network,random_forest,Random forest,num__xps_o_1s_be_ev_filled,xps o 1s be eV filled,Structure / characterization,0.02348218956491374,0.9963199321004198,-0.28113007714764243,1050,522,catalyst_key,out_of_fold_heldout_rows
morph_hc_is_porous_network,Porous Network,random_forest,Random forest,cat__support_class_text_carbon_paper,support class text carbon paper,Support,0.023380057824390375,0.010476190476190476,-0.1558281335476952,1050,522,catalyst_key,out_of_fold_heldout_rows
morph_hc_is_porous_network,Porous Network,random_forest,Random forest,num__comp_o,o composition,Composition,0.02262357559390711,0.11022915906664231,-0.08958263896019843,1050,522,catalyst_key,out_of_fold_heldout_rows
morph_hc_is_porous_network,Porous Network,random_forest,Random forest,num__active_element_count,Active element count,Composition,0.022099766277658885,0.2721212121212121,-0.4054528194317156,1050,522,catalyst_key,out_of_fold_heldout_rows
morph_hc_is_porous_network,Porous Network,random_forest,Random forest,num__comp_cr,cr composition,Composition,0.022028800871551724,0.1256951008645533,-0.04671534230424543,1050,522,catalyst_key,out_of_fold_heldout_rows
morph_hc_is_porous_network,Porous Network,random_forest,Random forest,num__comp_ni:fe,ni:fe composition,Composition,0.020700847878051692,0.3705312169312169,-0.18741584141820822,1050,522,catalyst_key,out_of_fold_heldout_rows
morph_hc_is_porous_network,Porous Network,random_forest,Random forest,num__xps_text_o_1s_be_ev,xps text o 1s be eV,Structure / characterization,0.019992225230064695,0.9964127579737336,-0.19448133763061817,1050,522,catalyst_key,out_of_fold_heldout_rows
morph_hc_is_porous_network,Porous Network,random_forest,Random forest,num__xps_text_energy_max_ev,XPS BE max,Structure / characterization,0.019675380601360155,0.6407888095238096,0.17568391136230918,1050,522,catalyst_key,out_of_fold_heldout_rows
morph_hc_is_porous_network,Porous Network,random_forest,Random forest,num__xrd_filled_first_peak_2theta_deg,xrd filled first peak 2theta deg,Structure / characterization,0.018145616081989155,0.10912042328042329,-0.24161225279214987,1050,522,catalyst_key,out_of_fold_heldout_rows
morph_hc_is_porous_network,Porous Network,random_forest,Random forest,num__comp_w,w composition,Composition,0.01721150228222838,0.4141895312499514,-0.05520211403597373,1050,522,catalyst_key,out_of_fold_heldout_rows
morph_hc_is_porous_network,Porous Network,random_forest,Random forest,num__comp_si,si composition,Composition,0.016713715234210686,0.04980286738351254,0.14832894010163528,837,424,catalyst_key,out_of_fold_heldout_rows
morph_hc_is_porous_network,Porous Network,random_forest,Random forest,num__synth_has_drop_casting,synth has drop casting,Synthesis,0.01638575352904861,0.007619047619047619,0.05557495134947125,1050,522,catalyst_key,out_of_fold_heldout_rows
morph_hc_is_porous_network,Porous Network,random_forest,Random forest,num__has_el_n,N present,Composition,0.01594452903346961,0.11047619047619048,0.3723055742727159,1050,522,catalyst_key,out_of_fold_heldout_rows
morph_hc_is_porous_network,Porous Network,random_forest,Random forest,cat__support_class_text_nickel_foam,support class text nickel foam,Support,0.015235755964923745,0.9428571428571428,0.32467444663816053,1050,522,catalyst_key,out_of_fold_heldout_rows
morph_hc_is_porous_network,Porous Network,random_forest,Random forest,num__has_el_v,V present,Composition,0.014027485927259217,0.023809523809523808,0.016559817747899837,1050,522,catalyst_key,out_of_fold_heldout_rows
morph_hc_is_porous_network,Porous Network,random_forest,Random forest,num__has_el_mo,MO present,Composition,0.013497774352982463,0.11238095238095239,0.0922016459498979,1050,522,catalyst_key,out_of_fold_heldout_rows
morph_hc_is_porous_network,Porous Network,random_forest,Random forest,num__xps_text_fe_2p_be_ev,xps text fe 2p be eV,Structure / characterization,0.01335971201080437,0.9794521200260927,-0.06102010889722886,1050,522,catalyst_key,out_of_fold_heldout_rows
morph_hc_is_porous_network,Porous Network,random_forest,Random forest,num__xps_text_o_1s_generic_be_ev,xps text o 1s generic be eV,Structure / characterization,0.013036640393587382,0.9964127579737336,-0.02447089239410649,1050,522,catalyst_key,out_of_fold_heldout_rows
morph_hc_is_porous_network,Porous Network,random_forest,Random forest,num__synth_has_pyrolysis,synth has pyrolysis,Synthesis,0.012995946750512494,0.035238095238095235,-0.183335998499875,1050,522,catalyst_key,out_of_fold_heldout_rows
morph_hc_is_porous_network,Porous Network,random_forest,Random forest,num__has_el_co,CO present,Composition,0.012438075747761092,0.24666666666666667,0.6716926662724386,1050,522,catalyst_key,out_of_fold_heldout_rows
morph_hc_is_porous_network,Porous Network,random_forest,Random forest,num__has_el_h,H present,Composition,0.011701978957947452,0.15047619047619049,0.26075789011784545,1050,522,catalyst_key,out_of_fold_heldout_rows
morph_hc_is_porous_network,Porous Network,random_forest,Random forest,num__xps_text_has_satellite_peak,xps text has satellite peak,Structure / characterization,0.011459739309757501,0.09142857142857143,-0.08491286778419299,1050,522,catalyst_key,out_of_fold_heldout_rows
morph_hc_is_porous_network,Porous Network,random_forest,Random forest,num__xps_text_fe_2p3_2_be_ev,xps text fe 2p3 2 be eV,Structure / characterization,0.011134637299208662,0.9951082251082248,0.051097155542407624,1050,522,catalyst_key,out_of_fold_heldout_rows
morph_hc_is_porous_network,Porous Network,random_forest,Random forest,num__synth_has_calcination,synth has calcination,Synthesis,0.010909935095221314,0.06476190476190476,-0.3467537560475991,1050,522,catalyst_key,out_of_fold_heldout_rows
morph_hc_is_porous_network,Porous Network,random_forest,Random forest,num__has_el_mg,MG present,Composition,0.009694048194327821,0.0019047619047619048,-0.06420719147249732,1050,522,catalyst_key,out_of_fold_heldout_rows
morph_hc_is_porous_network,Porous Network,random_forest,Random forest,num__synth_has_ultrasonication,synth has ultrasonication,Synthesis,0.009611882893275301,0.04285714285714286,0.21310243462922604,1050,522,catalyst_key,out_of_fold_heldout_rows
morph_hc_is_porous_network,Porous Network,random_forest,Random forest,num__has_el_si,SI present,Composition,0.00930068335584747,0.008571428571428572,0.13638851803119917,1050,522,catalyst_key,out_of_fold_heldout_rows
morph_hc_is_porous_network,Porous Network,random_forest,Random forest,num__pore_size_nm,pore size nm,Structure / characterization,0.009082007669334091,0.042091064024817056,-0.03623903486679545,1050,522,catalyst_key,out_of_fold_heldout_rows
morph_hc_is_porous_network,Porous Network,random_forest,Random forest,num__synth_has_galvanic_replacement,synth has galvanic replacement,Synthesis,0.009055487334532755,0.010476190476190476,0.03735616509743243,1050,522,catalyst_key,out_of_fold_heldout_rows
morph_hc_is_porous_network,Porous Network,random_forest,Random forest,num__has_el_al,AL present,Composition,0.00903821288012724,0.008571428571428572,-0.13676344585784997,1050,522,catalyst_key,out_of_fold_heldout_rows
morph_hc_is_porous_network,Porous Network,random_forest,Random forest,num__xps_text_has_binding_energy_shift,XPS BE shift,Structure / characterization,0.00886865595260298,0.018095238095238095,-0.024597327806923332,1050,522,catalyst_key,out_of_fold_heldout_rows
morph_hc_is_porous_network,Porous Network,random_forest,Random forest,num__comp_mn,mn composition,Composition,0.008702178190421076,0.0015802308313576318,-0.10349349120115012,1050,522,catalyst_key,out_of_fold_heldout_rows
morph_hc_is_porous_network,Porous Network,random_forest,Random forest,num__has_el_o,O present,Composition,0.008213489044392824,0.4038095238095238,-0.6382895850710516,1050,522,catalyst_key,out_of_fold_heldout_rows
morph_hc_is_porous_network,Porous Network,random_forest,Random forest,num__has_el_pr,PR present,Composition,0.007832217217193634,0.0038095238095238095,-0.03733505984726903,1050,522,catalyst_key,out_of_fold_heldout_rows
morph_hc_is_porous_network,Porous Network,random_forest,Random forest,num__xrd_text_has_peak_5_0_2theta,xrd text has peak 5 0 2theta,Structure / characterization,0.007777497538076446,0.017142857142857144,0.17033859413229405,1050,522,catalyst_key,out_of_fold_heldout_rows
morph_hc_is_porous_network,Porous Network,random_forest,Random forest,num__xrd_first_peak_2theta_deg,xrd first peak 2theta deg,Structure / characterization,0.007614966137426732,0.37062958809897584,-0.03575708065315975,1050,522,catalyst_key,out_of_fold_heldout_rows
morph_hc_is_porous_network,Porous Network,random_forest,Random forest,cat__synth_temperature_text_ambient,synth temperature text ambient,Synthesis,0.007424887033113288,0.0019047619047619048,0.0005044336082676909,1050,522,catalyst_key,out_of_fold_heldout_rows
morph_hc_is_porous_network,Porous Network,random_forest,Random forest,num__synth_current_density,synth current density,Synthesis,0.007398819201187012,-0.0008762619047619043,0.12332245813955119,1050,522,catalyst_key,out_of_fold_heldout_rows
morph_hc_is_porous_network,Porous Network,random_forest,Random forest,num__xrd_text_peak_3_2theta_deg,xrd text peak 3 2theta deg,Structure / characterization,0.007025171277437933,0.31445696031221476,0.035895270412119235,1050,522,catalyst_key,out_of_fold_heldout_rows
morph_hc_is_porous_network,Porous Network,random_forest,Random forest,num__has_el_ru,RU present,Composition,0.006729949296865126,0.11142857142857143,-0.48901269173811873,1050,522,catalyst_key,out_of_fold_heldout_rows
morph_hc_is_porous_network,Porous Network,random_forest,Random forest,num__electronic_d_band_center_ev,electronic d band center eV,Other,0.006470294637208897,-0.37770551447077627,0.0184563311169469,1050,522,catalyst_key,out_of_fold_heldout_rows
morph_hc_is_porous_network,Porous Network,random_forest,Random forest,num__has_el_nb,NB present,Composition,0.005808408935695332,0.0019047619047619048,-0.06932358944617555,1050,522,catalyst_key,out_of_fold_heldout_rows
morph_hc_is_porous_network,Porous Network,random_forest,Random forest,num__synth_pressure,synth pressure,Synthesis,0.0057324828028497265,0.0050135396826984134,-0.05546961506585685,1050,522,catalyst_key,out_of_fold_heldout_rows
morph_hc_is_porous_network,Porous Network,random_forest,Random forest,num__xps_text_co_2p_be_ev,xps text co 2p be eV,Structure / characterization,0.0054942830317247695,0.9874978952082403,-0.18558299377462562,1050,522,catalyst_key,out_of_fold_heldout_rows
morph_hc_is_porous_network,Porous Network,random_forest,Random forest,num__comp_rh,rh composition,Composition,0.005449505467962015,0.12251600029760236,-0.049593158328095625,1050,522,catalyst_key,out_of_fold_heldout_rows
morph_hc_is_porous_network,Porous Network,random_forest,Random forest,num__support_is_iron_foam,support is iron foam,Support,0.005333167373286506,0.017142857142857144,0.22482661109858562,1050,522,catalyst_key,out_of_fold_heldout_rows
morph_hc_is_porous_network,Porous Network,random_forest,Random forest,num__synth_has_sputtering,synth has sputtering,Synthesis,0.005299256848826748,0.008571428571428572,-0.11113201625408595,1050,522,catalyst_key,out_of_fold_heldout_rows
morph_hc_is_porous_network,Porous Network,random_forest,Random forest,num__comp_c,c composition,Composition,0.00511663615309071,0.10801147387600335,-0.0692643585264469,1050,522,catalyst_key,out_of_fold_heldout_rows
morph_hc_is_porous_network,Porous Network,random_forest,Random forest,num__synth_scan_rate,synth scan rate,Synthesis,0.005102744069228768,0.49635238095238104,-0.001988650149251586,1050,522,catalyst_key,out_of_fold_heldout_rows
morph_hc_is_porous_network,Porous Network,random_forest,Random forest,num__has_el_ti,TI present,Composition,0.004711998056828296,0.0419047619047619,-0.3045895150829773,1050,522,catalyst_key,out_of_fold_heldout_rows
morph_hc_is_porous_network,Porous Network,random_forest,Random forest,cat__synth_temperature_text_infrequent_sklearn,synth temperature text infrequent s...,Synthesis,0.00465330576558498,0.0019047619047619048,0.06802647446693318,1050,522,catalyst_key,out_of_fold_heldout_rows
morph_hc_is_porous_network,Porous Network,random_forest,Random forest,num__has_el_cs,CS present,Composition,0.004265922113075386,0.005714285714285714,-0.0349317025019461,1050,522,catalyst_key,out_of_fold_heldout_rows
morph_hc_is_porous_network,Porous Network,random_forest,Random forest,num__has_el_cr,CR present,Composition,0.003505166805356226,0.017142857142857144,-0.1294302206658201,1050,522,catalyst_key,out_of_fold_heldout_rows
morph_hc_is_porous_network,Porous Network,random_forest,Random forest,num__has_el_ce,CE present,Composition,0.0018412117978368362,0.03238095238095238,-0.15121814785565035,1050,522,catalyst_key,out_of_fold_heldout_rows
morph_hc_is_porous_network,Porous Network,random_forest,Random forest,num__xrd_text_peak_std_2theta_deg,xrd text peak std 2theta deg,Structure / characterization,0.001779154548271689,0.5181768780867729,-0.06504808906067945,1050,522,catalyst_key,out_of_fold_heldout_rows
morph_hc_is_porous_network,Porous Network,random_forest,Random forest,num__xrd_text_peak_count,xrd text peak count,Structure / characterization,0.001673470642817443,0.24896358543417363,0.16482710344157658,1050,522,catalyst_key,out_of_fold_heldout_rows
morph_hc_is_porous_network,Porous Network,random_forest,Random forest,cat__support_class_text_carbon_cloth,support class text carbon cloth,Support,0.001548528477863454,0.017142857142857144,-0.22482661109858562,1050,522,catalyst_key,out_of_fold_heldout_rows
morph_hc_is_porous_network,Porous Network,random_forest,Random forest,num__comp_fe/ni,fe/ni composition,Composition,0.0014479513322228662,0.05773672055427251,,431,208,catalyst_key,out_of_fold_heldout_rows
morph_hc_is_porous_network,Porous Network,random_forest,Random forest,num__support_is_carbon_paper,support is carbon paper,Support,0.0013864824211417587,0.013333333333333334,-0.19532023719192254,1050,522,catalyst_key,out_of_fold_heldout_rows
morph_hc_is_porous_network,Porous Network,random_forest,Random forest,cat__support_class_text_copper_foam,support class text copper foam,Support,0.0011302014487478888,0.004761904761904762,0.11923802127922654,1050,522,catalyst_key,out_of_fold_heldout_rows
morph_hc_is_porous_network,Porous Network,random_forest,Random forest,num__comp_cu,cu composition,Composition,0.0011197995260477428,0.11396972460666277,0.3478363546799276,1050,522,catalyst_key,out_of_fold_heldout_rows
morph_hc_is_porous_network,Porous Network,random_forest,Random forest,num__electronic_work_function_ev,electronic work function eV,Other,0.0010660468752610318,0.5858883639759277,0.08423957611056124,1050,522,catalyst_key,out_of_fold_heldout_rows
morph_hc_is_porous_network,Porous Network,random_forest,Random forest,num__xrd_text_peak_2_2theta_deg,xrd text peak 2 2theta deg,Structure / characterization,0.0009993589228499858,0.1427976190476191,-0.03998843895925529,1050,522,catalyst_key,out_of_fold_heldout_rows
morph_hc_is_porous_network,Porous Network,random_forest,Random forest,num__has_el_ag,AG present,Composition,0.0009389332746412909,0.007619047619047619,-0.15031976437828373,1050,522,catalyst_key,out_of_fold_heldout_rows
morph_hc_is_porous_network,Porous Network,random_forest,Random forest,num__synth_voltage,synth voltage,Synthesis,0.0008791944485745602,0.002972025117739404,0.08167438171399112,1050,522,catalyst_key,out_of_fold_heldout_rows
morph_hc_is_porous_network,Porous Network,random_forest,Random forest,num__xps_text_ni_2p_be_ev,xps text ni 2p be eV,Structure / characterization,0.0008758298790123239,0.9829945346320342,0.07857566289002085,1050,522,catalyst_key,out_of_fold_heldout_rows
morph_hc_is_porous_network,Porous Network,random_forest,Random forest,num__has_el_sn,SN present,Composition,0.0007815619317529633,0.017142857142857144,0.19248721053573997,1050,522,catalyst_key,out_of_fold_heldout_rows
morph_hc_is_porous_network,Porous Network,random_forest,Random forest,num__xrd_text_peak_min_2theta_deg,xrd text peak min 2theta deg,Structure / characterization,0.0006310961442017466,0.08516211640211639,-0.31290176806547065,1050,522,catalyst_key,out_of_fold_heldout_rows
morph_hc_is_porous_network,Porous Network,random_forest,Random forest,num__has_el_os,OS present,Composition,0.0005438561927530385,0.0019047619047619048,0.07552091656922241,1050,522,catalyst_key,out_of_fold_heldout_rows
morph_hc_is_porous_network,Porous Network,random_forest,Random forest,num__has_el_ts,TS present,Composition,0.0005409247988732044,0.008571428571428572,0.15670278936609724,1050,522,catalyst_key,out_of_fold_heldout_rows
morph_hc_is_porous_network,Porous Network,random_forest,Random forest,cat__support_class_text_metal_mesh,support class text metal mesh,Support,0.0005130777021852669,0.0019047619047619048,-0.07480029713630999,1050,522,catalyst_key,out_of_fold_heldout_rows
morph_hc_is_porous_network,Porous Network,random_forest,Random forest,num__pore_diameter_nm,pore diameter nm,Structure / characterization,0.0004945118618120962,0.18074755315962862,-0.06270614998439768,1050,522,catalyst_key,out_of_fold_heldout_rows
morph_hc_is_porous_network,Porous Network,random_forest,Random forest,num__comp_p,p composition,Composition,0.0004877004194063157,0.06761956220347605,0.19562485806140728,1050,522,catalyst_key,out_of_fold_heldout_rows
morph_hc_is_porous_network,Porous Network,random_forest,Random forest,num__xrd_text_peak_6_2theta_deg,xrd text peak 6 2theta deg,Structure / characterization,0.0004674494185345739,0.7592172961138479,0.06178036095230349,1050,522,catalyst_key,out_of_fold_heldout_rows
morph_hc_is_porous_network,Porous Network,random_forest,Random forest,num__comp_s,s composition,Composition,0.0004581391566795558,0.08418225169111246,0.0393805309395431,1050,522,catalyst_key,out_of_fold_heldout_rows
morph_hc_is_porous_network,Porous Network,random_forest,Random forest,num__xrd_text_low_angle_peak_2theta_deg,xrd text low angle peak 2theta deg,Structure / characterization,0.00044509401844355836,0.4026552380952381,0.05153611439335235,1050,522,catalyst_key,out_of_fold_heldout_rows
morph_hc_is_porous_network,Porous Network,random_forest,Random forest,num__has_el_rh,RH present,Composition,0.00044287868742877147,0.012380952380952381,-0.1318860645315981,1050,522,catalyst_key,out_of_fold_heldout_rows
morph_hc_is_porous_network,Porous Network,random_forest,Random forest,num__xrd_text_peak_5_2theta_deg,xrd text peak 5 2theta deg,Structure / characterization,0.00042807480413259533,0.5702002786485546,0.03498805084015442,1050,522,catalyst_key,out_of_fold_heldout_rows
morph_hc_is_porous_network,Porous Network,random_forest,Random forest,cat__synth_temperature_text_room temperature,synth temperature text room tempera...,Synthesis,0.0003931906963505681,0.017142857142857144,-0.14804474089997305,1050,522,catalyst_key,out_of_fold_heldout_rows
morph_hc_is_porous_network,Porous Network,random_forest,Random forest,num__xps_ni_2p3_2_be_ev_filled,xps ni 2p3 2 be eV filled,Structure / characterization,0.00038190783053981386,0.9939102640496146,0.19642127763482212,1050,522,catalyst_key,out_of_fold_heldout_rows
morph_hc_is_porous_network,Porous Network,random_forest,Random forest,num__synth_has_sol_gel,synth has sol gel,Synthesis,0.0003613302261289087,0.004761904761904762,-0.07190794355040053,1050,522,catalyst_key,out_of_fold_heldout_rows
morph_hc_is_porous_network,Porous Network,random_forest,Random forest,num__xrd_text_has_peak_50_0_2theta,xrd text has peak 50 0 2theta,Structure / characterization,0.00035421604524631334,0.014285714285714285,-0.15117635906320945,1050,522,catalyst_key,out_of_fold_heldout_rows
morph_hc_is_porous_network,Porous Network,random_forest,Random forest,num__has_el_i,I present,Composition,0.0003537584107608321,0.0038095238095238095,0.10583367374738144,1050,522,catalyst_key,out_of_fold_heldout_rows
morph_hc_is_porous_network,Porous Network,random_forest,Random forest,num__xrd_peak_003_2theta_deg,xrd peak 003 2theta deg,Structure / characterization,0.0003292184343762346,0.11098781451160118,-0.05261628672575246,1050,522,catalyst_key,out_of_fold_heldout_rows
morph_hc_is_porous_network,Porous Network,random_forest,Random forest,num__xrd_text_has_peak_9_0_2theta,xrd text has peak 9 0 2theta,Structure / characterization,0.0002948730220777346,0.022857142857142857,0.1959257956893128,1050,522,catalyst_key,out_of_fold_heldout_rows
morph_hc_is_porous_network,Porous Network,random_forest,Random forest,num__xps_ni_2p1_2_be_ev_filled,xps ni 2p1 2 be eV filled,Structure / characterization,0.0002924555485281513,0.9919423701298703,0.33771870377543944,1050,522,catalyst_key,out_of_fold_heldout_rows
morph_hc_is_porous_network,Porous Network,random_forest,Random forest,num__xps_co_2p1_2_be_ev_filled,xps co 2p1 2 be eV filled,Structure / characterization,0.0002821306104217068,0.9961335667670758,-0.11572149822434473,1050,522,catalyst_key,out_of_fold_heldout_rows
morph_hc_is_porous_network,Porous Network,random_forest,Random forest,num__xrd_text_has_peak_7_0_2theta,xrd text has peak 7 0 2theta,Structure / characterization,0.00028194736389452124,0.015238095238095238,0.07869310891948593,1050,522,catalyst_key,out_of_fold_heldout_rows
morph_hc_is_porous_network,Porous Network,random_forest,Random forest,num__xps_text_ni_2p3_2_be_ev,xps text ni 2p3 2 be eV,Structure / characterization,0.0002690931840546527,0.9945178524326455,0.2197699563823994,1050,522,catalyst_key,out_of_fold_heldout_rows
morph_hc_is_porous_network,Porous Network,random_forest,Random forest,num__has_el_la,LA present,Composition,0.0002683151352969366,0.004761904761904762,-0.023436832125122615,1050,522,catalyst_key,out_of_fold_heldout_rows
morph_hc_is_porous_network,Porous Network,random_forest,Random forest,cat__synth_temperature_text_high,synth temperature text high,Synthesis,0.00024341353076771257,0.0038095238095238095,-0.10664974062928899,1050,522,catalyst_key,out_of_fold_heldout_rows
morph_hc_is_porous_network,Porous Network,random_forest,Random forest,num__has_el_y,Y present,Composition,0.0002246916084531986,0.002857142857142857,-0.08962412770855883,1050,522,catalyst_key,out_of_fold_heldout_rows
morph_hc_is_porous_network,Porous Network,random_forest,Random forest,num__xrd_text_has_peak_8_0_2theta,xrd text has peak 8 0 2theta,Structure / characterization,0.00021788485667362473,0.013333333333333334,0.17036417322532485,1050,522,catalyst_key,out_of_fold_heldout_rows
morph_hc_is_porous_network,Porous Network,random_forest,Random forest,num__xps_text_ni_2p1_2_be_ev,xps text ni 2p1 2 be eV,Structure / characterization,0.00021706161718331688,0.9916974025974027,0.1623540808671074,1050,522,catalyst_key,out_of_fold_heldout_rows
morph_hc_is_porous_network,Porous Network,random_forest,Random forest,num__comp_zn,zn composition,Composition,0.00021504743338164129,0.049190933946108344,0.05433858568516481,1050,522,catalyst_key,out_of_fold_heldout_rows
morph_hc_is_porous_network,Porous Network,random_forest,Random forest,num__xps_text_co_2p3_2_be_ev,xps text co 2p3 2 be eV,Structure / characterization,0.00020091296821628834,0.9987202533187188,-0.11313742651189435,1050,522,catalyst_key,out_of_fold_heldout_rows
morph_hc_is_porous_network,Porous Network,random_forest,Random forest,num__has_el_br,BR present,Composition,0.000186671736841426,0.0,,218,110,catalyst_key,out_of_fold_heldout_rows
morph_hc_is_porous_network,Porous Network,random_forest,Random forest,num__support_is_metal_mesh,support is metal mesh,Support,0.00018448632846277042,0.0019047619047619048,-0.07552091656922241,1050,522,catalyst_key,out_of_fold_heldout_rows
morph_hc_is_porous_network,Porous Network,random_forest,Random forest,num__electronic_bader_charge_e,electronic bader charge e,Other,0.00017258509746688954,0.13317104542966615,0.2937677659363922,1050,522,catalyst_key,out_of_fold_heldout_rows
morph_hc_is_porous_network,Porous Network,random_forest,Random forest,num__comp_al,al composition,Composition,0.00017238016388956164,0.1307350899534019,-0.06518518875547398,1050,522,catalyst_key,out_of_fold_heldout_rows
morph_hc_is_porous_network,Porous Network,random_forest,Random forest,num__has_el_as,As present,Composition,0.00016009197060590374,0.01619047619047619,0.06426864100762858,1050,522,catalyst_key,out_of_fold_heldout_rows
morph_hc_is_porous_network,Porous Network,random_forest,Random forest,num__xrd_text_has_peak_6_0_2theta,xrd text has peak 6 0 2theta,Structure / characterization,0.00014925515853029088,0.02,0.09662908508482165,1050,522,catalyst_key,out_of_fold_heldout_rows
morph_hc_is_porous_network,Porous Network,random_forest,Random forest,num__comp_n,n composition,Composition,0.0001444428594421065,0.1222731801105407,-0.13134428395222286,1050,522,catalyst_key,out_of_fold_heldout_rows
morph_hc_is_porous_network,Porous Network,random_forest,Random forest,num__xps_text_mo_3d_be_ev,xps text mo 3d be eV,Structure / characterization,0.00012078554425662466,0.9926994301994303,-0.6496601408045001,1050,522,catalyst_key,out_of_fold_heldout_rows
morph_hc_is_porous_network,Porous Network,random_forest,Random forest,num__has_el_ba,BA present,Composition,0.00011960256446558346,0.0038095238095238095,-0.1067007448094082,1050,522,catalyst_key,out_of_fold_heldout_rows
morph_hc_is_porous_network,Porous Network,random_forest,Random forest,cat__synth_time_text_overnight,synth time text overnight,Synthesis,0.00011846543646705812,0.9904761904761905,0.13247649985352597,1050,522,catalyst_key,out_of_fold_heldout_rows
morph_hc_is_porous_network,Porous Network,random_forest,Random forest,cat__support_class_text_fto,support class text fto,Support,0.00010505725034542461,0.0,,1050,522,catalyst_key,out_of_fold_heldout_rows
morph_hc_is_porous_network,Porous Network,random_forest,Random forest,num__xps_ni_2p3_2_be_ev,xps ni 2p3 2 be eV,Structure / characterization,0.00010458152674276438,0.9991920847643403,0.25221384188096746,1050,522,catalyst_key,out_of_fold_heldout_rows
morph_hc_is_porous_network,Porous Network,random_forest,Random forest,num__comp_pd,pd composition,Composition,0.00010453452622040621,0.04816134391534392,-0.3773629696820627,1050,522,catalyst_key,out_of_fold_heldout_rows
morph_hc_is_porous_network,Porous Network,random_forest,Random forest,num__has_el_te,TE present,Composition,9.464098386030605e-05,0.004761904761904762,0.07163409546325207,1050,522,catalyst_key,out_of_fold_heldout_rows
morph_hc_is_porous_network,Porous Network,random_forest,Random forest,num__has_el_cd,CD present,Composition,8.965790853880106e-05,0.0019047619047619048,0.07544885462593118,1050,522,catalyst_key,out_of_fold_heldout_rows
morph_hc_is_porous_network,Porous Network,random_forest,Random forest,num__xrd_text_has_peak_49_0_2theta,xrd text has peak 49 0 2theta,Structure / characterization,8.901799335004623e-05,0.002857142857142857,0.0924497159712917,1050,522,catalyst_key,out_of_fold_heldout_rows
morph_hc_is_porous_network,Porous Network,random_forest,Random forest,cat__synth_time_text_infrequent_sklearn,synth time text infrequent sklearn,Synthesis,8.87260945102715e-05,0.002857142857142857,-0.03116977060404915,1050,522,catalyst_key,out_of_fold_heldout_rows
morph_hc_is_porous_network,Porous Network,random_forest,Random forest,num__comp_v,v composition,Composition,8.328237028215647e-05,0.37213666154633906,-0.0893034618814775,1050,522,catalyst_key,out_of_fold_heldout_rows
morph_hc_is_porous_network,Porous Network,random_forest,Random forest,num__synth_has_molten_salt,synth has molten salt,Synthesis,8.313889828035001e-05,0.002857142857142857,-0.09244971621087665,1050,522,catalyst_key,out_of_fold_heldout_rows
morph_hc_is_porous_network,Porous Network,random_forest,Random forest,num__support_is_glassy_carbon,support is glassy carbon,Support,7.961426892292602e-05,0.0009523809523809524,-0.052510062381225686,1050,522,catalyst_key,out_of_fold_heldout_rows
morph_hc_is_porous_network,Porous Network,random_forest,Random forest,num__has_el_ds,DS present,Composition,7.826745077735404e-05,0.0,,218,110,catalyst_key,out_of_fold_heldout_rows
morph_hc_is_porous_network,Porous Network,random_forest,Random forest,num__comp_sr,sr composition,Composition,7.695311945694705e-05,0.7494061757719713,-0.03192125235264898,421,209,catalyst_key,out_of_fold_heldout_rows
morph_hc_is_porous_network,Porous Network,random_forest,Random forest,num__comp_cl,cl composition,Composition,7.5775362475142e-05,0.0545720865383109,0.35217666935784686,829,415,catalyst_key,out_of_fold_heldout_rows
morph_hc_is_porous_network,Porous Network,random_forest,Random forest,num__xps_text_co_2p1_2_be_ev,xps text co 2p1 2 be eV,Structure / characterization,7.559590880803897e-05,0.9957203453320104,-0.09878528435823905,1050,522,catalyst_key,out_of_fold_heldout_rows
morph_hc_is_porous_network,Porous Network,random_forest,Random forest,num__xps_text_cu_2p_be_ev,xps text cu 2p be eV,Structure / characterization,7.165595044844407e-05,0.9995133689839575,0.45561123262631653,1050,522,catalyst_key,out_of_fold_heldout_rows
morph_hc_is_porous_network,Porous Network,random_forest,Random forest,cat__synth_temperature_text_different,synth temperature text different,Synthesis,6.712617056615585e-05,0.0009523809523809524,0.05342682389709578,1050,522,catalyst_key,out_of_fold_heldout_rows
morph_hc_is_porous_network,Porous Network,random_forest,Random forest,cat__support_class_text_iron_foam | nickel_foam,support class text iron foam | nick...,Support,6.692960382660873e-05,0.0038095238095238095,0.1067007448094082,1050,522,catalyst_key,out_of_fold_heldout_rows
morph_hc_is_porous_network,Porous Network,random_forest,Random forest,num__comp_ni/fe,ni/fe composition,Composition,6.170622032905668e-05,0.31894729855303333,-0.08132102580465894,837,424,catalyst_key,out_of_fold_heldout_rows
morph_hc_is_porous_network,Porous Network,random_forest,Random forest,num__struct_surface_roughness_nm,struct surface roughness nm,Other,6.15028650727027e-05,0.0034327028091506173,-0.39979019052981873,1050,522,catalyst_key,out_of_fold_heldout_rows
morph_hc_is_porous_network,Porous Network,random_forest,Random forest,cat__support_class_text_glassy_carbon,support class text glassy carbon,Support,5.862643166344678e-05,0.0009523809523809524,-0.05342682389709578,1050,522,catalyst_key,out_of_fold_heldout_rows
morph_hc_is_porous_network,Porous Network,random_forest,Random forest,num__xps_co_2p1_2_be_ev,xps co 2p1 2 be eV,Structure / characterization,5.5544861614564413e-05,0.9976481411784386,0.20590963466917453,1050,522,catalyst_key,out_of_fold_heldout_rows
morph_hc_is_porous_network,Porous Network,random_forest,Random forest,num__xrd_text_has_peak_45_0_2theta,xrd text has peak 45 0 2theta,Structure / characterization,5.3731089287685946e-05,0.005714285714285714,0.13055619598579374,1050,522,catalyst_key,out_of_fold_heldout_rows
morph_hc_is_porous_network,Porous Network,random_forest,Random forest,cat__synth_temperature_text_<273,synth temperature text <273,Synthesis,5.330932468293349e-05,0.0,,624,301,catalyst_key,out_of_fold_heldout_rows
morph_hc_is_porous_network,Porous Network,random_forest,Random forest,num__comp_se,se composition,Composition,4.907474806614368e-05,4.890062220719745e-05,-0.14336021495946444,431,208,catalyst_key,out_of_fold_heldout_rows
morph_hc_is_porous_network,Porous Network,random_forest,Random forest,cat__synth_temperature_text_varied by particle size | varied,synth temperature text varied by pa...,Synthesis,4.800515869804267e-05,0.0,,616,317,catalyst_key,out_of_fold_heldout_rows
morph_hc_is_porous_network,Porous Network,random_forest,Random forest,cat__support_class_text_copper_foam | nickel_foam,support class text copper foam | ni...,Support,4.371285856449808e-05,0.0009523809523809524,0.05342682472783467,1050,522,catalyst_key,out_of_fold_heldout_rows
morph_hc_is_porous_network,Porous Network,random_forest,Random forest,num__comp_ce,ce composition,Composition,3.786151892451008e-05,0.004045752191423833,0.29795470119448775,1050,522,catalyst_key,out_of_fold_heldout_rows
morph_hc_is_porous_network,Porous Network,random_forest,Random forest,num__comp_y,y composition,Composition,3.4725537388456715e-05,0.028678678678678685,,208,111,catalyst_key,out_of_fold_heldout_rows
morph_hc_is_porous_network,Porous Network,random_forest,Random forest,num__has_el_na,NA present,Composition,3.3329514469999e-05,0.0038095238095238095,0.1067007448094082,1050,522,catalyst_key,out_of_fold_heldout_rows
morph_hc_is_porous_network,Porous Network,random_forest,Random forest,num__xps_text_pt_4f_be_ev,xps text pt 4f be eV,Structure / characterization,3.276503093081518e-05,0.9362195158955684,-0.21175229838268494,1050,522,catalyst_key,out_of_fold_heldout_rows
morph_hc_is_porous_network,Porous Network,random_forest,Random forest,cat__synth_temperature_text_low,synth temperature text low,Synthesis,3.227039144956387e-05,0.002857142857142857,0.09244971621087665,1050,522,catalyst_key,out_of_fold_heldout_rows
morph_hc_is_porous_network,Porous Network,random_forest,Random forest,cat__synth_time_text_3-48 | overnight,synth time text 3-48 | overnight,Synthesis,3.206937669137396e-05,0.0,,647,328,catalyst_key,out_of_fold_heldout_rows
morph_hc_is_porous_network,Porous Network,random_forest,Random forest,num__xps_pt_4f5_2_be_ev_filled,xps pt 4f5 2 be eV filled,Structure / characterization,3.0704533349315595e-05,0.996333333333333,,429,218,catalyst_key,out_of_fold_heldout_rows
morph_hc_is_porous_network,Porous Network,random_forest,Random forest,num__xrd_text_has_peak_26_0_2theta,xrd text has peak 26 0 2theta,Structure / characterization,3.0105768717689568e-05,0.005714285714285714,0.13055619733914775,1050,522,catalyst_key,out_of_fold_heldout_rows
morph_hc_is_porous_network,Porous Network,random_forest,Random forest,cat__synth_temperature_text_RT,synth temperature text RT,Synthesis,2.9722988256259258e-05,0.0019047619047619048,0.07552094005487477,1050,522,catalyst_key,out_of_fold_heldout_rows
morph_hc_is_porous_network,Porous Network,random_forest,Random forest,cat__support_class_text_carbon_paper | nickel_foam,support class text carbon paper | n...,Support,2.9582832388111823e-05,0.002857142857142857,0.09245528562640773,1050,522,catalyst_key,out_of_fold_heldout_rows
morph_hc_is_porous_network,Porous Network,random_forest,Random forest,num__xps_fe_2p1_2_be_ev_filled,xps fe 2p1 2 be eV filled,Structure / characterization,2.841875621793695e-05,0.9962243937647601,-0.39898588252160416,1050,522,catalyst_key,out_of_fold_heldout_rows
morph_hc_is_porous_network,Porous Network,random_forest,Random forest,num__has_el_re,RE present,Composition,2.7326460068602707e-05,0.0012062726176115801,-0.060120377666245534,829,415,catalyst_key,out_of_fold_heldout_rows
morph_hc_is_porous_network,Porous Network,random_forest,Random forest,num__xps_text_fe_2p1_2_be_ev,xps text fe 2p1 2 be eV,Structure / characterization,2.4614482574688402e-05,0.9964979197692895,-0.42886621594478697,1050,522,catalyst_key,out_of_fold_heldout_rows
morph_hc_is_porous_network,Porous Network,random_forest,Random forest,num__xps_fe_2p3_2_be_ev_filled,xps fe 2p3 2 be eV filled,Structure / characterization,2.3427878308025255e-05,0.9953586413586412,-0.5518834491913118,1050,522,catalyst_key,out_of_fold_heldout_rows
morph_hc_is_porous_network,Porous Network,random_forest,Random forest,num__has_el_sb,SB present,Composition,2.2162358188094692e-05,0.001610305958132045,0.06944894933099875,621,304,catalyst_key,out_of_fold_heldout_rows
morph_hc_is_porous_network,Porous Network,random_forest,Random forest,num__xps_text_pt_4f5_2_be_ev,xps text pt 4f5 2 be eV,Structure / characterization,2.200254468195204e-05,0.996333333333333,,429,218,catalyst_key,out_of_fold_heldout_rows
morph_hc_is_porous_network,Porous Network,random_forest,Random forest,num__xps_co_2p3_2_be_ev,xps co 2p3 2 be eV,Structure / characterization,1.9095787198932717e-05,0.9977860955429985,0.7375018026024983,1050,522,catalyst_key,out_of_fold_heldout_rows
morph_hc_is_porous_network,Porous Network,random_forest,Random forest,num__has_el_nd,ND present,Composition,1.8071961890071964e-05,0.0,,213,98,catalyst_key,out_of_fold_heldout_rows
morph_hc_is_porous_network,Porous Network,random_forest,Random forest,num__xps_pt_4f7_2_be_ev_filled,xps pt 4f7 2 be eV filled,Structure / characterization,1.6012956966336884e-05,0.9909281228192602,,429,218,catalyst_key,out_of_fold_heldout_rows
morph_hc_is_porous_network,Porous Network,random_forest,Random forest,num__has_el_eu,EU present,Composition,1.334710195103128e-05,0.0,,411,203,catalyst_key,out_of_fold_heldout_rows
morph_hc_is_porous_network,Porous Network,random_forest,Random forest,cat__synth_time_text_6-24,synth time text 6-24,Synthesis,1.2400371401173401e-05,0.0,,611,305,catalyst_key,out_of_fold_heldout_rows
morph_hc_is_porous_network,Porous Network,random_forest,Random forest,num__xrd_text_has_peak_52_0_2theta,xrd text has peak 52 0 2theta,Structure / characterization,1.157329153596861e-05,0.004761904761904762,0.11920013194769839,1050,522,catalyst_key,out_of_fold_heldout_rows
morph_hc_is_porous_network,Porous Network,random_forest,Random forest,num__xps_text_pt_4f7_2_be_ev,xps text pt 4f7 2 be eV,Structure / characterization,1.0540238642271003e-05,0.9909281228192602,,429,218,catalyst_key,out_of_fold_heldout_rows
morph_hc_is_porous_network,Porous Network,random_forest,Random forest,cat__synth_time_text_several hours,synth time text several hours,Synthesis,9.938128403535523e-06,0.002857142857142857,0.09245030272038593,1050,522,catalyst_key,out_of_fold_heldout_rows
morph_hc_is_porous_network,Porous Network,random_forest,Random forest,num__electronic_fermi_level_ev,electronic fermi level eV,Other,9.27485348422261e-06,0.0,,1050,522,catalyst_key,out_of_fold_heldout_rows
morph_hc_is_porous_network,Porous Network,random_forest,Random forest,cat__synth_time_text_25 or 60,synth time text 25 or 60,Synthesis,7.208413358193191e-06,0.0009523809523809524,0.031065287696584294,1050,522,catalyst_key,out_of_fold_heldout_rows
morph_hc_is_porous_network,Porous Network,random_forest,Random forest,cat__synth_time_text_several,synth time text several,Synthesis,5.236010817763985e-06,0.0,,1050,522,catalyst_key,out_of_fold_heldout_rows
morph_hc_is_porous_network,Porous Network,random_forest,Random forest,cat__support_class_text_ito,support class text ito,Support,1.246339693599324e-06,0.0,,624,301,catalyst_key,out_of_fold_heldout_rows
morph_hc_is_porous_network,Porous Network,random_forest,Random forest,cat__support_class_text_infrequent_sklearn,support class text infrequent sklearn,Support,1.127966376270568e-06,0.0,,1050,522,catalyst_key,out_of_fold_heldout_rows
morph_hc_is_porous_network,Porous Network,random_forest,Random forest,cat__synth_temperature_text_thousands,synth temperature text thousands,Synthesis,1.0693656570353034e-06,0.0,,611,305,catalyst_key,out_of_fold_heldout_rows
morph_hc_is_rough_wrinkled,Rough Wrinkled,random_forest,Random forest,num__struct_roughness_factor,struct roughness factor,Other,0.02122262401585933,0.0021958662304526976,0.12283303538885847,1050,118,catalyst_key,out_of_fold_heldout_rows
morph_hc_is_rough_wrinkled,Rough Wrinkled,random_forest,Random forest,num__active_element_count,Active element count,Composition,0.018278330683179963,0.27454545454545454,-0.5627045639390565,1050,118,catalyst_key,out_of_fold_heldout_rows
morph_hc_is_rough_wrinkled,Rough Wrinkled,random_forest,Random forest,num__synth_time_h,Synthesis time,Synthesis,0.016808663531276205,0.009775607835726882,0.2539359088049389,1050,118,catalyst_key,out_of_fold_heldout_rows
morph_hc_is_rough_wrinkled,Rough Wrinkled,random_forest,Random forest,num__synth_step_count,Synthesis step count,Synthesis,0.014834470024102268,0.13229024943310655,0.24647709777792892,1050,118,catalyst_key,out_of_fold_heldout_rows
morph_hc_is_rough_wrinkled,Rough Wrinkled,random_forest,Random forest,num__synth_temperature_c,Synthesis temperature,Synthesis,0.012387420763722774,0.10719570965641158,0.035893970275362085,1050,118,catalyst_key,out_of_fold_heldout_rows
morph_hc_is_rough_wrinkled,Rough Wrinkled,random_forest,Random forest,num__has_el_ru,RU present,Composition,0.011945123219937504,0.09619047619047619,-0.5106995244024083,1050,118,catalyst_key,out_of_fold_heldout_rows
morph_hc_is_rough_wrinkled,Rough Wrinkled,random_forest,Random forest,num__has_el_ni,NI present,Composition,0.010845346483584413,0.5133333333333333,0.8235871412252433,1050,118,catalyst_key,out_of_fold_heldout_rows
morph_hc_is_rough_wrinkled,Rough Wrinkled,random_forest,Random forest,num__has_el_c,C present,Composition,0.010706422298450643,0.1523809523809524,-0.6040084241812769,1050,118,catalyst_key,out_of_fold_heldout_rows
morph_hc_is_rough_wrinkled,Rough Wrinkled,random_forest,Random forest,num__synth_current_density,synth current density,Synthesis,0.010436479755869574,0.0038790595238095246,0.44151809877912745,1050,118,catalyst_key,out_of_fold_heldout_rows
morph_hc_is_rough_wrinkled,Rough Wrinkled,random_forest,Random forest,num__xps_text_energy_mean_ev,XPS BE mean,Structure / characterization,0.009138760029019932,0.4376157620850219,0.006919873494644838,1050,118,catalyst_key,out_of_fold_heldout_rows
morph_hc_is_rough_wrinkled,Rough Wrinkled,random_forest,Random forest,num__comp_ni,Ni content,Composition,0.008790865766916983,0.10918526324469183,0.039384911183871885,1050,118,catalyst_key,out_of_fold_heldout_rows
morph_hc_is_rough_wrinkled,Rough Wrinkled,random_forest,Random forest,num__xps_text_energy_min_ev,XPS BE min,Structure / characterization,0.008427260794180852,0.10108604504110122,0.16371735669958537,1050,118,catalyst_key,out_of_fold_heldout_rows
morph_hc_is_rough_wrinkled,Rough Wrinkled,random_forest,Random forest,num__xps_text_peak_count,XPS peak count,Structure / characterization,0.008158993587357638,0.07994851994851994,0.1106582154692146,1050,118,catalyst_key,out_of_fold_heldout_rows
morph_hc_is_rough_wrinkled,Rough Wrinkled,random_forest,Random forest,num__synth_has_electrodeposition,synth has electrodeposition,Synthesis,0.007755824432437946,0.13142857142857142,0.5133198228810881,1050,118,catalyst_key,out_of_fold_heldout_rows
morph_hc_is_rough_wrinkled,Rough Wrinkled,random_forest,Random forest,num__xps_text_energy_std_ev,XPS BE dispersion,Structure / characterization,0.007740789316687641,0.5023764137910125,-0.4892006069789998,1050,118,catalyst_key,out_of_fold_heldout_rows
morph_hc_is_rough_wrinkled,Rough Wrinkled,random_forest,Random forest,num__structure_interplanar_spacing,Interplanar spacing,Structure / characterization,0.007656919649657522,0.04585272127224628,-0.015309618210532155,1050,118,catalyst_key,out_of_fold_heldout_rows
morph_hc_is_rough_wrinkled,Rough Wrinkled,random_forest,Random forest,num__xps_text_energy_max_ev,XPS BE max,Structure / characterization,0.007494989188124597,0.6454489682539684,0.1034154912972213,1050,118,catalyst_key,out_of_fold_heldout_rows
morph_hc_is_rough_wrinkled,Rough Wrinkled,random_forest,Random forest,num__has_el_fe,FE present,Composition,0.007010102934433607,0.2885714285714286,-0.7709621169720564,1050,118,catalyst_key,out_of_fold_heldout_rows
morph_hc_is_rough_wrinkled,Rough Wrinkled,random_forest,Random forest,num__bet_surface_area_m2_g,BET surface area,Structure / characterization,0.006963871783154371,0.03997104216956029,-0.09880466871914026,1050,118,catalyst_key,out_of_fold_heldout_rows
morph_hc_is_rough_wrinkled,Rough Wrinkled,random_forest,Random forest,num__structure_lattice_spacing,Lattice spacing,Structure / characterization,0.006757143026188914,0.008888677697702314,-0.4960992407879392,1050,118,catalyst_key,out_of_fold_heldout_rows
morph_hc_is_rough_wrinkled,Rough Wrinkled,random_forest,Random forest,num__has_el_s,S present,Composition,0.005814865767668353,0.10666666666666667,-0.5344414820650799,1050,118,catalyst_key,out_of_fold_heldout_rows
morph_hc_is_rough_wrinkled,Rough Wrinkled,random_forest,Random forest,num__has_el_o,O present,Composition,0.005556405879880266,0.3933333333333333,-0.15993246994798055,1050,118,catalyst_key,out_of_fold_heldout_rows
morph_hc_is_rough_wrinkled,Rough Wrinkled,random_forest,Random forest,num__has_el_pt,Pt present,Composition,0.00536725367454097,0.08571428571428572,-0.484491978594018,1050,118,catalyst_key,out_of_fold_heldout_rows
morph_hc_is_rough_wrinkled,Rough Wrinkled,random_forest,Random forest,num__has_el_w,W present,Composition,0.005108239198457732,0.05047619047619047,0.37336329890467007,1050,118,catalyst_key,out_of_fold_heldout_rows
morph_hc_is_rough_wrinkled,Rough Wrinkled,random_forest,Random forest,num__electronic_band_gap_ev,electronic band gap eV,Other,0.004829419965522833,0.7037603561749906,-0.3799283997309268,1050,118,catalyst_key,out_of_fold_heldout_rows
morph_hc_is_rough_wrinkled,Rough Wrinkled,random_forest,Random forest,num__has_el_co,CO present,Composition,0.004692713533775973,0.24476190476190476,-0.30195557155556635,1050,118,catalyst_key,out_of_fold_heldout_rows
morph_hc_is_rough_wrinkled,Rough Wrinkled,random_forest,Random forest,num__comp_fe,Fe content,Composition,0.004317142617006274,0.0065427357140437304,-0.4518727087969594,1050,118,catalyst_key,out_of_fold_heldout_rows
morph_hc_is_rough_wrinkled,Rough Wrinkled,random_forest,Random forest,num__comp_co,co composition,Composition,0.00397199140150045,0.0041416006598577,-0.2617625604661244,1050,118,catalyst_key,out_of_fold_heldout_rows
morph_hc_is_rough_wrinkled,Rough Wrinkled,random_forest,Random forest,num__has_el_mo,MO present,Composition,0.0038058826625139734,0.11333333333333333,0.1172122080293831,1050,118,catalyst_key,out_of_fold_heldout_rows
morph_hc_is_rough_wrinkled,Rough Wrinkled,random_forest,Random forest,num__comp_mo,mo composition,Composition,0.0037702243930005093,0.015474347876939057,0.8714356335359433,1050,118,catalyst_key,out_of_fold_heldout_rows
morph_hc_is_rough_wrinkled,Rough Wrinkled,random_forest,Random forest,num__has_el_al,AL present,Composition,0.0037587861842610253,0.011428571428571429,0.18410304010142228,1050,118,catalyst_key,out_of_fold_heldout_rows
morph_hc_is_rough_wrinkled,Rough Wrinkled,random_forest,Random forest,num__xrd_text_peak_3_2theta_deg,xrd text peak 3 2theta deg,Structure / characterization,0.0035334833039938163,0.31585453057627544,-0.2922487234175485,1050,118,catalyst_key,out_of_fold_heldout_rows
morph_hc_is_rough_wrinkled,Rough Wrinkled,random_forest,Random forest,num__synth_has_hydrothermal,Hydrothermal route,Synthesis,0.0034746273908157297,0.11047619047619048,-0.05346286577792338,1050,118,catalyst_key,out_of_fold_heldout_rows
morph_hc_is_rough_wrinkled,Rough Wrinkled,random_forest,Random forest,num__has_el_h,H present,Composition,0.003277766927612445,0.16857142857142857,-0.39455065733827394,1050,118,catalyst_key,out_of_fold_heldout_rows
morph_hc_is_rough_wrinkled,Rough Wrinkled,random_forest,Random forest,num__synth_has_sputtering,synth has sputtering,Synthesis,0.0032736630564634142,0.008571428571428572,0.15966814501029575,1050,118,catalyst_key,out_of_fold_heldout_rows
morph_hc_is_rough_wrinkled,Rough Wrinkled,random_forest,Random forest,num__has_el_n,N present,Composition,0.0031041241069975026,0.1361904761904762,0.006847644265633348,1050,118,catalyst_key,out_of_fold_heldout_rows
morph_hc_is_rough_wrinkled,Rough Wrinkled,random_forest,Random forest,num__has_el_au,AU present,Composition,0.003082707518807166,0.015238095238095238,0.2121738813017363,1050,118,catalyst_key,out_of_fold_heldout_rows
morph_hc_is_rough_wrinkled,Rough Wrinkled,random_forest,Random forest,num__xrd_text_peak_2_2theta_deg,xrd text peak 2 2theta deg,Structure / characterization,0.0029429075505451982,0.14462108013937283,-0.6788745371652539,1050,118,catalyst_key,out_of_fold_heldout_rows
morph_hc_is_rough_wrinkled,Rough Wrinkled,random_forest,Random forest,num__xrd_filled_first_peak_2theta_deg,xrd filled first peak 2theta deg,Structure / characterization,0.0028164432601425968,0.10725492063492065,0.18692056730031067,1050,118,catalyst_key,out_of_fold_heldout_rows
morph_hc_is_rough_wrinkled,Rough Wrinkled,random_forest,Random forest,num__has_el_li,LI present,Composition,0.002798966351580059,0.0038095238095238095,0.10670075642311182,1050,118,catalyst_key,out_of_fold_heldout_rows
morph_hc_is_rough_wrinkled,Rough Wrinkled,random_forest,Random forest,num__metal_mass_loading_mg_cm2,Metal mass loading,Other,0.0026537671640274527,0.23180983799947266,0.18678555440947758,1050,118,catalyst_key,out_of_fold_heldout_rows
morph_hc_is_rough_wrinkled,Rough Wrinkled,random_forest,Random forest,cat__synth_temperature_text_room,synth temperature text room,Synthesis,0.002471622173459527,0.9685714285714285,-0.24797184877223963,1050,118,catalyst_key,out_of_fold_heldout_rows
morph_hc_is_rough_wrinkled,Rough Wrinkled,random_forest,Random forest,num__struct_coordination_number,struct coordination number,Other,0.0024281177988864657,0.4587415639840843,-0.4562233344490982,1050,118,catalyst_key,out_of_fold_heldout_rows
morph_hc_is_rough_wrinkled,Rough Wrinkled,random_forest,Random forest,num__has_el_p,P present,Composition,0.002377728388552169,0.1019047619047619,-0.3412312389343538,1050,118,catalyst_key,out_of_fold_heldout_rows
morph_hc_is_rough_wrinkled,Rough Wrinkled,random_forest,Random forest,num__xrd_text_peak_std_2theta_deg,xrd text peak std 2theta deg,Structure / characterization,0.00233255283349818,0.5199357721067094,0.48779558186923516,1050,118,catalyst_key,out_of_fold_heldout_rows
morph_hc_is_rough_wrinkled,Rough Wrinkled,random_forest,Random forest,num__has_el_ba,BA present,Composition,0.002331537419108607,0.004761904761904762,0.11923803425753367,1050,118,catalyst_key,out_of_fold_heldout_rows
morph_hc_is_rough_wrinkled,Rough Wrinkled,random_forest,Random forest,num__pore_volume_cm3_g,pore volume cm3 g,Structure / characterization,0.002325264869700018,0.10875757255090586,-0.17199249255537097,1050,118,catalyst_key,out_of_fold_heldout_rows
morph_hc_is_rough_wrinkled,Rough Wrinkled,random_forest,Random forest,num__support_is_nickel_foam,support is nickel foam,Support,0.0023245288430311295,0.0838095238095238,-0.39352954762440784,1050,118,catalyst_key,out_of_fold_heldout_rows
morph_hc_is_rough_wrinkled,Rough Wrinkled,random_forest,Random forest,num__has_el_ce,CE present,Composition,0.002233284494196166,0.03428571428571429,-0.31513329968888715,1050,118,catalyst_key,out_of_fold_heldout_rows
morph_hc_is_rough_wrinkled,Rough Wrinkled,random_forest,Random forest,num__has_el_cu,CU present,Composition,0.002199821435542128,0.07142857142857142,-0.38206911712953867,1050,118,catalyst_key,out_of_fold_heldout_rows
morph_hc_is_rough_wrinkled,Rough Wrinkled,random_forest,Random forest,num__xrd_text_peak_span_2theta_deg,xrd text peak span 2theta deg,Structure / characterization,0.002157604288594285,0.6155351610523727,-0.638110934505957,1050,118,catalyst_key,out_of_fold_heldout_rows
morph_hc_is_rough_wrinkled,Rough Wrinkled,random_forest,Random forest,num__struct_bond_length_angstrom,struct bond length angstrom,Other,0.002130302717435895,0.5729022348069662,-0.1936978987393888,1050,118,catalyst_key,out_of_fold_heldout_rows
morph_hc_is_rough_wrinkled,Rough Wrinkled,random_forest,Random forest,num__synth_has_ultrasonication,synth has ultrasonication,Synthesis,0.001991621451176445,0.037142857142857144,-0.32755146155057335,1050,118,catalyst_key,out_of_fold_heldout_rows
morph_hc_is_rough_wrinkled,Rough Wrinkled,random_forest,Random forest,num__comp_pt,Pt content,Composition,0.0019352641524422863,0.04297972116402116,-0.2663383456209918,1050,118,catalyst_key,out_of_fold_heldout_rows
morph_hc_is_rough_wrinkled,Rough Wrinkled,random_forest,Random forest,num__has_el_cr,CR present,Composition,0.0018415851272226141,0.01904761904761905,-0.23675833137533253,1050,118,catalyst_key,out_of_fold_heldout_rows
morph_hc_is_rough_wrinkled,Rough Wrinkled,random_forest,Random forest,num__synth_has_calcination,synth has calcination,Synthesis,0.0017832814385909013,0.06,-0.3340476238893357,1050,118,catalyst_key,out_of_fold_heldout_rows
morph_hc_is_rough_wrinkled,Rough Wrinkled,random_forest,Random forest,num__xrd_text_peak_mean_2theta_deg,xrd text peak mean 2theta deg,Structure / characterization,0.0017717856741286872,0.3479229383784939,0.2373836201886694,1050,118,catalyst_key,out_of_fold_heldout_rows
morph_hc_is_rough_wrinkled,Rough Wrinkled,random_forest,Random forest,num__synth_scan_rate,synth scan rate,Synthesis,0.001625010617406563,0.4938285714285714,-0.09734512610049188,1050,118,catalyst_key,out_of_fold_heldout_rows
morph_hc_is_rough_wrinkled,Rough Wrinkled,random_forest,Random forest,num__xrd_text_peak_5_2theta_deg,xrd text peak 5 2theta deg,Structure / characterization,0.0016003270698151098,0.5698790864308108,0.675477100992683,1050,118,catalyst_key,out_of_fold_heldout_rows
morph_hc_is_rough_wrinkled,Rough Wrinkled,random_forest,Random forest,num__synth_has_annealing,synth has annealing,Synthesis,0.0015747456213785272,0.07714285714285714,-0.43947388658419645,1050,118,catalyst_key,out_of_fold_heldout_rows
morph_hc_is_rough_wrinkled,Rough Wrinkled,random_forest,Random forest,num__comp_al,al composition,Composition,0.001571011737251259,0.127874669923641,0.07056840936722936,1050,118,catalyst_key,out_of_fold_heldout_rows
morph_hc_is_rough_wrinkled,Rough Wrinkled,random_forest,Random forest,num__xrd_text_peak_max_2theta_deg,xrd text peak max 2theta deg,Structure / characterization,0.0015474660205338385,0.6133312169312168,0.6718114044210409,1050,118,catalyst_key,out_of_fold_heldout_rows
morph_hc_is_rough_wrinkled,Rough Wrinkled,random_forest,Random forest,num__has_el_ta,TA present,Composition,0.0014900767172519845,0.0038095238095238095,0.10670075642311182,1050,118,catalyst_key,out_of_fold_heldout_rows
morph_hc_is_rough_wrinkled,Rough Wrinkled,random_forest,Random forest,num__comp_ru,ru composition,Composition,0.0014825105310663916,0.028658363555542434,0.6269596281715619,1050,118,catalyst_key,out_of_fold_heldout_rows
morph_hc_is_rough_wrinkled,Rough Wrinkled,random_forest,Random forest,num__has_el_pr,PR present,Composition,0.0014804170172477609,0.005714285714285714,0.1305562101960129,1050,118,catalyst_key,out_of_fold_heldout_rows
morph_hc_is_rough_wrinkled,Rough Wrinkled,random_forest,Random forest,num__struct_surface_roughness_nm,struct surface roughness nm,Other,0.001444824122697685,0.0037187719286729307,0.3839035733757723,1050,118,catalyst_key,out_of_fold_heldout_rows
morph_hc_is_rough_wrinkled,Rough Wrinkled,random_forest,Random forest,num__comp_w,w composition,Composition,0.0013865782368394442,0.41469291037627753,-0.20208852475421046,1050,118,catalyst_key,out_of_fold_heldout_rows
morph_hc_is_rough_wrinkled,Rough Wrinkled,random_forest,Random forest,num__comp_cr,cr composition,Composition,0.0013492847644244153,0.12910284067517497,-0.060819259317621804,1050,118,catalyst_key,out_of_fold_heldout_rows
morph_hc_is_rough_wrinkled,Rough Wrinkled,random_forest,Random forest,cat__support_class_text_nickel_foam,support class text nickel foam,Support,0.0013164112109155031,0.939047619047619,0.38820663070515476,1050,118,catalyst_key,out_of_fold_heldout_rows
morph_hc_is_rough_wrinkled,Rough Wrinkled,random_forest,Random forest,num__has_el_ir,Ir present,Composition,0.0012507662726003474,0.0380952380952381,0.03791603830169523,1050,118,catalyst_key,out_of_fold_heldout_rows
morph_hc_is_rough_wrinkled,Rough Wrinkled,random_forest,Random forest,num__comp_cu,cu composition,Composition,0.0012272194319351444,0.10959567004434828,0.5095892225568144,1050,118,catalyst_key,out_of_fold_heldout_rows
morph_hc_is_rough_wrinkled,Rough Wrinkled,random_forest,Random forest,num__synth_cycles,synth cycles,Synthesis,0.001133837808634164,0.00646145303971391,0.41622965358497144,1050,118,catalyst_key,out_of_fold_heldout_rows
morph_hc_is_rough_wrinkled,Rough Wrinkled,random_forest,Random forest,num__xrd_text_peak_1_2theta_deg,xrd text peak 1 2theta deg,Structure / characterization,0.001130741126408508,0.08358730158730157,-0.09972592817570818,1050,118,catalyst_key,out_of_fold_heldout_rows
morph_hc_is_rough_wrinkled,Rough Wrinkled,random_forest,Random forest,num__xps_text_has_satellite_peak,xps text has satellite peak,Structure / characterization,0.0011046293687982035,0.06666666666666667,-0.3799140323373942,1050,118,catalyst_key,out_of_fold_heldout_rows
morph_hc_is_rough_wrinkled,Rough Wrinkled,random_forest,Random forest,num__has_el_mn,MN present,Composition,0.0011027362121476258,0.03142857142857143,0.0791575773469174,1050,118,catalyst_key,out_of_fold_heldout_rows
morph_hc_is_rough_wrinkled,Rough Wrinkled,random_forest,Random forest,num__synth_has_ion_exchange,synth has ion exchange,Synthesis,0.0010671757758224153,0.04666666666666667,-0.11421952818787375,1050,118,catalyst_key,out_of_fold_heldout_rows
morph_hc_is_rough_wrinkled,Rough Wrinkled,random_forest,Random forest,num__has_el_sn,SN present,Composition,0.0010653494364116546,0.015238095238095238,-0.2121738813017363,1050,118,catalyst_key,out_of_fold_heldout_rows
morph_hc_is_rough_wrinkled,Rough Wrinkled,random_forest,Random forest,num__synth_has_solvothermal,synth has solvothermal,Synthesis,0.001064031139523331,0.024761904761904763,-0.2691586321732227,1050,118,catalyst_key,out_of_fold_heldout_rows
morph_hc_is_rough_wrinkled,Rough Wrinkled,random_forest,Random forest,num__pore_size_nm,pore size nm,Structure / characterization,0.0010363007923083452,0.040745221293173546,-0.581765724545282,1050,118,catalyst_key,out_of_fold_heldout_rows
morph_hc_is_rough_wrinkled,Rough Wrinkled,random_forest,Random forest,num__xrd_text_peak_4_2theta_deg,xrd text peak 4 2theta deg,Structure / characterization,0.0010355580723993723,0.5312926877117887,-0.2295761390584685,1050,118,catalyst_key,out_of_fold_heldout_rows
morph_hc_is_rough_wrinkled,Rough Wrinkled,random_forest,Random forest,num__synth_has_pyrolysis,synth has pyrolysis,Synthesis,0.0010308657760896309,0.03428571428571429,-0.09074112273233437,1050,118,catalyst_key,out_of_fold_heldout_rows
morph_hc_is_rough_wrinkled,Rough Wrinkled,random_forest,Random forest,num__has_el_rh,RH present,Composition,0.0010269892532397682,0.010476190476190476,0.1763501269593873,1050,118,catalyst_key,out_of_fold_heldout_rows
morph_hc_is_rough_wrinkled,Rough Wrinkled,random_forest,Random forest,num__xrd_text_peak_min_2theta_deg,xrd text peak min 2theta deg,Structure / characterization,0.001020123037018681,0.08358730158730157,0.008822888107502383,1050,118,catalyst_key,out_of_fold_heldout_rows
morph_hc_is_rough_wrinkled,Rough Wrinkled,random_forest,Random forest,num__comp_p,p composition,Composition,0.0010135161577728264,0.06501112340159872,-0.05743375324798714,1050,118,catalyst_key,out_of_fold_heldout_rows
morph_hc_is_rough_wrinkled,Rough Wrinkled,random_forest,Random forest,num__xps_text_fe_2p_be_ev,xps text fe 2p be eV,Structure / characterization,0.001005576946101658,0.9794966079582519,-0.13359738813664024,1050,118,catalyst_key,out_of_fold_heldout_rows
morph_hc_is_rough_wrinkled,Rough Wrinkled,random_forest,Random forest,num__has_el_ti,TI present,Composition,0.0010016046872362249,0.0380952380952381,-0.2923802555273148,1050,118,catalyst_key,out_of_fold_heldout_rows
morph_hc_is_rough_wrinkled,Rough Wrinkled,random_forest,Random forest,cat__support_class_text_carbon_paper,support class text carbon paper,Support,0.0009992324500341107,0.012380952380952381,0.19152819449205893,1050,118,catalyst_key,out_of_fold_heldout_rows
morph_hc_is_rough_wrinkled,Rough Wrinkled,random_forest,Random forest,num__electronic_d_band_center_ev,electronic d band center eV,Other,0.0009810710678919174,-0.3760211903182452,-0.018515235656723625,1050,118,catalyst_key,out_of_fold_heldout_rows
morph_hc_is_rough_wrinkled,Rough Wrinkled,random_forest,Random forest,num__synth_has_galvanic_replacement,synth has galvanic replacement,Synthesis,0.0009394431363617909,0.011428571428571429,0.12379953949016641,1050,118,catalyst_key,out_of_fold_heldout_rows
morph_hc_is_rough_wrinkled,Rough Wrinkled,random_forest,Random forest,num__xps_text_ni_2p_be_ev,xps text ni 2p be eV,Structure / characterization,0.0009381420092749181,0.9829630411255407,0.23450330620720708,1050,118,catalyst_key,out_of_fold_heldout_rows
morph_hc_is_rough_wrinkled,Rough Wrinkled,random_forest,Random forest,num__has_el_pd,PD present,Composition,0.0009266916707207855,0.021904761904761906,-0.25352500509389425,1050,118,catalyst_key,out_of_fold_heldout_rows
morph_hc_is_rough_wrinkled,Rough Wrinkled,random_forest,Random forest,num__comp_n,n composition,Composition,0.0009221351473330743,0.12385847675432558,-0.4468941591319332,1050,118,catalyst_key,out_of_fold_heldout_rows
morph_hc_is_rough_wrinkled,Rough Wrinkled,random_forest,Random forest,cat__synth_temperature_text_room temperature,synth temperature text room tempera...,Synthesis,0.0008930969686660656,0.011428571428571429,0.18404391902239162,1050,118,catalyst_key,out_of_fold_heldout_rows
morph_hc_is_rough_wrinkled,Rough Wrinkled,random_forest,Random forest,num__synth_pH,synth pH,Synthesis,0.0008840790145412141,0.48461632653061226,0.525364814137984,1050,118,catalyst_key,out_of_fold_heldout_rows
morph_hc_is_rough_wrinkled,Rough Wrinkled,random_forest,Random forest,num__comp_mn,mn composition,Composition,0.0008792206207896767,0.00345077371802745,0.5096744540636183,1050,118,catalyst_key,out_of_fold_heldout_rows
morph_hc_is_rough_wrinkled,Rough Wrinkled,random_forest,Random forest,num__xrd_text_has_peak_9_0_2theta,xrd text has peak 9 0 2theta,Structure / characterization,0.0008787956381352163,0.02761904761904762,0.28384649212157964,1050,118,catalyst_key,out_of_fold_heldout_rows
morph_hc_is_rough_wrinkled,Rough Wrinkled,random_forest,Random forest,num__xrd_text_peak_count,xrd text peak count,Structure / characterization,0.0008681378828798026,0.24825057295645528,0.23452002624756235,1050,118,catalyst_key,out_of_fold_heldout_rows
morph_hc_is_rough_wrinkled,Rough Wrinkled,random_forest,Random forest,num__xps_co_2p3_2_be_ev_filled,xps co 2p3 2 be eV filled,Structure / characterization,0.000865611023498524,0.9987572768237732,0.07960580072912006,1050,118,catalyst_key,out_of_fold_heldout_rows
morph_hc_is_rough_wrinkled,Rough Wrinkled,random_forest,Random forest,num__electronic_work_function_ev,electronic work function eV,Other,0.0008627279303538997,0.5855253140990226,0.11555346219379461,1050,118,catalyst_key,out_of_fold_heldout_rows
morph_hc_is_rough_wrinkled,Rough Wrinkled,random_forest,Random forest,num__comp_c,c composition,Composition,0.0008292140709368404,0.10714793069244245,-0.4362585900097154,1050,118,catalyst_key,out_of_fold_heldout_rows
morph_hc_is_rough_wrinkled,Rough Wrinkled,random_forest,Random forest,num__has_el_se,SE present,Composition,0.0008290177393927951,0.023809523809523808,0.03125446963046413,1050,118,catalyst_key,out_of_fold_heldout_rows
morph_hc_is_rough_wrinkled,Rough Wrinkled,random_forest,Random forest,num__xps_text_co_2p3_2_be_ev,xps text co 2p3 2 be eV,Structure / characterization,0.0008149374882142812,0.9987190354402633,-0.10665004380564129,1050,118,catalyst_key,out_of_fold_heldout_rows
morph_hc_is_rough_wrinkled,Rough Wrinkled,random_forest,Random forest,num__comp_rh,rh composition,Composition,0.0007676715619724168,0.12144136282532743,-0.1347035735555213,1050,118,catalyst_key,out_of_fold_heldout_rows
morph_hc_is_rough_wrinkled,Rough Wrinkled,random_forest,Random forest,num__xps_co_2p1_2_be_ev_filled,xps co 2p1 2 be eV filled,Structure / characterization,0.0007200167583535433,0.9961227455709266,-0.12159063243550618,1050,118,catalyst_key,out_of_fold_heldout_rows
morph_hc_is_rough_wrinkled,Rough Wrinkled,random_forest,Random forest,num__synth_potential,synth potential,Synthesis,0.0007175026347396175,-0.005213523809523811,-0.17910596646712137,1050,118,catalyst_key,out_of_fold_heldout_rows
morph_hc_is_rough_wrinkled,Rough Wrinkled,random_forest,Random forest,num__has_el_si,SI present,Composition,0.0006974515190119633,0.006666666666666667,0.12353573294095936,1050,118,catalyst_key,out_of_fold_heldout_rows
morph_hc_is_rough_wrinkled,Rough Wrinkled,random_forest,Random forest,num__has_el_v,V present,Composition,0.0006857718187831335,0.018095238095238095,-0.17743785838018303,1050,118,catalyst_key,out_of_fold_heldout_rows
morph_hc_is_rough_wrinkled,Rough Wrinkled,random_forest,Random forest,num__xps_o_1s_be_ev_filled,xps o 1s be eV filled,Structure / characterization,0.0006844874653633409,0.9963366389707854,0.10870518892228982,1050,118,catalyst_key,out_of_fold_heldout_rows
morph_hc_is_rough_wrinkled,Rough Wrinkled,random_forest,Random forest,num__xps_text_o_1s_be_ev,xps text o 1s be eV,Structure / characterization,0.0006763139598812485,0.9964280353792548,0.37670913534584405,1050,118,catalyst_key,out_of_fold_heldout_rows
morph_hc_is_rough_wrinkled,Rough Wrinkled,random_forest,Random forest,num__xrd_text_has_peak_7_0_2theta,xrd text has peak 7 0 2theta,Structure / characterization,0.0006728087104968464,0.01904761904761905,0.18632650816781024,1050,118,catalyst_key,out_of_fold_heldout_rows
morph_hc_is_rough_wrinkled,Rough Wrinkled,random_forest,Random forest,num__has_el_zn,ZN present,Composition,0.0006702128519015827,0.02,-0.24237508255880053,1050,118,catalyst_key,out_of_fold_heldout_rows
morph_hc_is_rough_wrinkled,Rough Wrinkled,random_forest,Random forest,num__xps_text_co_2p_be_ev,xps text co 2p be eV,Structure / characterization,0.0006685951611465858,0.9875467383191522,0.3514809976335951,1050,118,catalyst_key,out_of_fold_heldout_rows
morph_hc_is_rough_wrinkled,Rough Wrinkled,random_forest,Random forest,num__has_el_cl,CL present,Composition,0.0006525538056613198,0.018095238095238095,0.029335292561160776,1050,118,catalyst_key,out_of_fold_heldout_rows
morph_hc_is_rough_wrinkled,Rough Wrinkled,random_forest,Random forest,num__xrd_first_peak_2theta_deg,xrd first peak 2theta deg,Structure / characterization,0.0006505850698712519,0.3699086491739553,0.7190600562791544,1050,118,catalyst_key,out_of_fold_heldout_rows
morph_hc_is_rough_wrinkled,Rough Wrinkled,random_forest,Random forest,num__xps_text_ni_2p3_2_be_ev,xps text ni 2p3 2 be eV,Structure / characterization,0.0006493055597283094,0.9945138926385111,-0.13262182525357885,1050,118,catalyst_key,out_of_fold_heldout_rows
morph_hc_is_rough_wrinkled,Rough Wrinkled,random_forest,Random forest,num__has_el_cs,CS present,Composition,0.0006466057663357332,0.007619047619047619,0.15060885724106512,1050,118,catalyst_key,out_of_fold_heldout_rows
morph_hc_is_rough_wrinkled,Rough Wrinkled,random_forest,Random forest,num__support_is_iron_foam,support is iron foam,Support,0.0006353232188987865,0.017142857142857144,-0.19984589828404029,1050,118,catalyst_key,out_of_fold_heldout_rows
morph_hc_is_rough_wrinkled,Rough Wrinkled,random_forest,Random forest,num__has_el_sr,SR present,Composition,0.0006160868129276737,0.011428571428571429,0.18410304057852836,1050,118,catalyst_key,out_of_fold_heldout_rows
morph_hc_is_rough_wrinkled,Rough Wrinkled,random_forest,Random forest,num__xrd_text_has_peak_6_0_2theta,xrd text has peak 6 0 2theta,Structure / characterization,0.00061100889620205,0.023809523809523808,0.23838102405589404,1050,118,catalyst_key,out_of_fold_heldout_rows
morph_hc_is_rough_wrinkled,Rough Wrinkled,random_forest,Random forest,num__support_is_carbon_paper,support is carbon paper,Support,0.00060564734467562,0.01619047619047619,0.2185980491145292,1050,118,catalyst_key,out_of_fold_heldout_rows
morph_hc_is_rough_wrinkled,Rough Wrinkled,random_forest,Random forest,num__comp_o,o composition,Composition,0.0005858334179384566,0.11000429167728595,-0.09472562436880297,1050,118,catalyst_key,out_of_fold_heldout_rows
morph_hc_is_rough_wrinkled,Rough Wrinkled,random_forest,Random forest,num__xps_text_o_1s_generic_be_ev,xps text o 1s generic be eV,Structure / characterization,0.0005838582493335163,0.9964280353792548,0.2378836950490535,1050,118,catalyst_key,out_of_fold_heldout_rows
morph_hc_is_rough_wrinkled,Rough Wrinkled,random_forest,Random forest,num__has_el_as,As present,Composition,0.0005507679707995029,0.01619047619047619,0.18533718770378826,1050,118,catalyst_key,out_of_fold_heldout_rows
morph_hc_is_rough_wrinkled,Rough Wrinkled,random_forest,Random forest,num__synth_pressure,synth pressure,Synthesis,0.0005489228537827126,0.00379400000015873,-0.04857877733497466,1050,118,catalyst_key,out_of_fold_heldout_rows
morph_hc_is_rough_wrinkled,Rough Wrinkled,random_forest,Random forest,num__has_el_b,B present,Composition,0.0005441156302705866,0.02095238095238095,-0.06458498512604405,1050,118,catalyst_key,out_of_fold_heldout_rows
morph_hc_is_rough_wrinkled,Rough Wrinkled,random_forest,Random forest,num__has_el_i,I present,Composition,0.0005418853795845318,0.010476190476190476,0.04821892963059632,1050,118,catalyst_key,out_of_fold_heldout_rows
morph_hc_is_rough_wrinkled,Rough Wrinkled,random_forest,Random forest,num__xrd_filled_low_angle_peak_2theta_deg,xrd filled low angle peak 2theta deg,Structure / characterization,0.0005411491602072735,0.40540740740740744,-0.03306468212906571,1050,118,catalyst_key,out_of_fold_heldout_rows
morph_hc_is_rough_wrinkled,Rough Wrinkled,random_forest,Random forest,num__xps_ni_2p3_2_be_ev_filled,xps ni 2p3 2 be eV filled,Structure / characterization,0.0005348094524392822,0.9938939292217882,0.30836449408670824,1050,118,catalyst_key,out_of_fold_heldout_rows
morph_hc_is_rough_wrinkled,Rough Wrinkled,random_forest,Random forest,num__pore_diameter_nm,pore diameter nm,Structure / characterization,0.0005140086832953652,0.1817130398322851,-0.27799472045370544,1050,118,catalyst_key,out_of_fold_heldout_rows
morph_hc_is_rough_wrinkled,Rough Wrinkled,random_forest,Random forest,num__has_el_la,LA present,Composition,0.0004908152831259494,0.007619047619047619,0.11342639224561024,1050,118,catalyst_key,out_of_fold_heldout_rows
morph_hc_is_rough_wrinkled,Rough Wrinkled,random_forest,Random forest,num__support_is_carbon_cloth,support is carbon cloth,Support,0.00048331648412232623,0.011428571428571429,0.03284175940152218,1050,118,catalyst_key,out_of_fold_heldout_rows
morph_hc_is_rough_wrinkled,Rough Wrinkled,random_forest,Random forest,cat__support_class_text_carbon_cloth,support class text carbon cloth,Support,0.0004760408265594253,0.010476190476190476,0.1278688863516005,1050,118,catalyst_key,out_of_fold_heldout_rows
morph_hc_is_rough_wrinkled,Rough Wrinkled,random_forest,Random forest,num__has_el_ag,AG present,Composition,0.00045541323014348684,0.0038095238095238095,-0.055288537267042644,1050,118,catalyst_key,out_of_fold_heldout_rows
morph_hc_is_rough_wrinkled,Rough Wrinkled,random_forest,Random forest,num__comp_ce,ce composition,Composition,0.00044156790029755696,0.004970813235410249,0.6512507835792024,1050,118,catalyst_key,out_of_fold_heldout_rows
morph_hc_is_rough_wrinkled,Rough Wrinkled,random_forest,Random forest,num__has_el_eu,EU present,Composition,0.0004362403624499022,0.0,,420,41,catalyst_key,out_of_fold_heldout_rows
morph_hc_is_rough_wrinkled,Rough Wrinkled,random_forest,Random forest,num__synth_voltage,synth voltage,Synthesis,0.0004362133176011291,0.0033574735740450026,0.2836702918483299,1050,118,catalyst_key,out_of_fold_heldout_rows
morph_hc_is_rough_wrinkled,Rough Wrinkled,random_forest,Random forest,num__xrd_text_low_angle_peak_2theta_deg,xrd text low angle peak 2theta deg,Structure / characterization,0.0004277568995636806,0.4033650793650794,0.12759986224129222,1050,118,catalyst_key,out_of_fold_heldout_rows
morph_hc_is_rough_wrinkled,Rough Wrinkled,random_forest,Random forest,num__xps_text_co_2p1_2_be_ev,xps text co 2p1 2 be eV,Structure / characterization,0.0004184657627855171,0.9957244172757752,0.036268288064139134,1050,118,catalyst_key,out_of_fold_heldout_rows
morph_hc_is_rough_wrinkled,Rough Wrinkled,random_forest,Random forest,num__xps_ni_2p1_2_be_ev_filled,xps ni 2p1 2 be eV filled,Structure / characterization,0.0004081496097029588,0.991959956709957,0.3696570836894655,1050,118,catalyst_key,out_of_fold_heldout_rows
morph_hc_is_rough_wrinkled,Rough Wrinkled,random_forest,Random forest,num__xrd_text_has_peak_50_0_2theta,xrd text has peak 50 0 2theta,Structure / characterization,0.00039960543587739514,0.015238095238095238,-0.2121738813017363,1050,118,catalyst_key,out_of_fold_heldout_rows
morph_hc_is_rough_wrinkled,Rough Wrinkled,random_forest,Random forest,num__xps_text_ni_2p1_2_be_ev,xps text ni 2p1 2 be eV,Structure / characterization,0.000370598379846375,0.9917106601731601,0.3101782758843012,1050,118,catalyst_key,out_of_fold_heldout_rows
morph_hc_is_rough_wrinkled,Rough Wrinkled,random_forest,Random forest,num__xps_text_has_binding_energy_shift,XPS BE shift,Structure / characterization,0.00036602001115058756,0.017142857142857144,-0.053253509717161904,1050,118,catalyst_key,out_of_fold_heldout_rows
morph_hc_is_rough_wrinkled,Rough Wrinkled,random_forest,Random forest,cat__synth_temperature_text_varied by particle size | varied,synth temperature text varied by pa...,Synthesis,0.00033501498284929974,0.0,,628,78,catalyst_key,out_of_fold_heldout_rows
morph_hc_is_rough_wrinkled,Rough Wrinkled,random_forest,Random forest,num__synth_has_sol_gel,synth has sol gel,Synthesis,0.00032418412562760287,0.006666666666666667,0.14094927116767375,1050,118,catalyst_key,out_of_fold_heldout_rows
morph_hc_is_rough_wrinkled,Rough Wrinkled,random_forest,Random forest,num__comp_cl,cl composition,Composition,0.0003224432028193741,0.05439202801971298,0.6737788322293451,838,99,catalyst_key,out_of_fold_heldout_rows
morph_hc_is_rough_wrinkled,Rough Wrinkled,random_forest,Random forest,cat__synth_temperature_text_infrequent_sklearn,synth temperature text infrequent s...,Synthesis,0.0003212030068848448,0.002857142857142857,-0.03081657534462022,1050,118,catalyst_key,out_of_fold_heldout_rows
morph_hc_is_rough_wrinkled,Rough Wrinkled,random_forest,Random forest,num__metal_loading_wt_pct,metal loading wt pct,Other,0.0003033993402066368,0.10987817713938272,0.04192183907824722,1050,118,catalyst_key,out_of_fold_heldout_rows
morph_hc_is_rough_wrinkled,Rough Wrinkled,random_forest,Random forest,cat__support_class_text_copper_foam,support class text copper foam,Support,0.0002922211005977473,0.002857142857142857,0.09244972627344568,1050,118,catalyst_key,out_of_fold_heldout_rows
morph_hc_is_rough_wrinkled,Rough Wrinkled,random_forest,Random forest,num__has_el_nd,ND present,Composition,0.0002859412576926564,0.0,,210,21,catalyst_key,out_of_fold_heldout_rows
morph_hc_is_rough_wrinkled,Rough Wrinkled,random_forest,Random forest,num__comp_si,si composition,Composition,0.00028379329970548164,0.050531746031746025,-0.7455269950987431,840,97,catalyst_key,out_of_fold_heldout_rows
morph_hc_is_rough_wrinkled,Rough Wrinkled,random_forest,Random forest,cat__support_class_text_metal_mesh,support class text metal mesh,Support,0.00026051707982308384,0.006666666666666667,0.062067102937622125,1050,118,catalyst_key,out_of_fold_heldout_rows
morph_hc_is_rough_wrinkled,Rough Wrinkled,random_forest,Random forest,num__has_el_y,Y present,Composition,0.00025868847679177915,0.005714285714285714,0.043518737408681535,1050,118,catalyst_key,out_of_fold_heldout_rows
morph_hc_is_rough_wrinkled,Rough Wrinkled,random_forest,Random forest,num__support_is_copper_foam,support is copper foam,Support,0.00024715368156674375,0.004761904761904762,0.02384760685150674,1050,118,catalyst_key,out_of_fold_heldout_rows
morph_hc_is_rough_wrinkled,Rough Wrinkled,random_forest,Random forest,cat__support_class_text_iron_foam,support class text iron foam,Support,0.00024031313200940772,0.012380952380952381,-0.10310215172679117,1050,118,catalyst_key,out_of_fold_heldout_rows
morph_hc_is_rough_wrinkled,Rough Wrinkled,random_forest,Random forest,num__support_is_metal_mesh,support is metal mesh,Support,0.00023483332553360373,0.006666666666666667,-0.0030695704935951836,1050,118,catalyst_key,out_of_fold_heldout_rows
morph_hc_is_rough_wrinkled,Rough Wrinkled,random_forest,Random forest,num__has_el_os,OS present,Composition,0.0002340977396134197,0.002857142857142857,0.09244972603386066,1050,118,catalyst_key,out_of_fold_heldout_rows
morph_hc_is_rough_wrinkled,Rough Wrinkled,random_forest,Random forest,num__comp_ir,ir composition,Composition,0.0002327748547078256,0.14422961144179894,-0.18749566623125657,1050,118,catalyst_key,out_of_fold_heldout_rows
morph_hc_is_rough_wrinkled,Rough Wrinkled,random_forest,Random forest,num__xrd_text_has_peak_52_0_2theta,xrd text has peak 52 0 2theta,Structure / characterization,0.00022956796093185058,0.0038095238095238095,0.10670075642311182,1050,118,catalyst_key,out_of_fold_heldout_rows
morph_hc_is_rough_wrinkled,Rough Wrinkled,random_forest,Random forest,cat__synth_temperature_text_ambient,synth temperature text ambient,Synthesis,0.0002196721465994323,0.002857142857142857,0.09244972627344568,1050,118,catalyst_key,out_of_fold_heldout_rows
morph_hc_is_rough_wrinkled,Rough Wrinkled,random_forest,Random forest,num__comp_ni:fe,ni:fe composition,Composition,0.0002131617342884937,0.3713534391534391,-0.2646993872343424,1050,118,catalyst_key,out_of_fold_heldout_rows
morph_hc_is_rough_wrinkled,Rough Wrinkled,random_forest,Random forest,num__xrd_text_has_peak_45_0_2theta,xrd text has peak 45 0 2theta,Structure / characterization,0.00020927088352888998,0.0038095238095238095,0.10670075669962863,1050,118,catalyst_key,out_of_fold_heldout_rows
morph_hc_is_rough_wrinkled,Rough Wrinkled,random_forest,Random forest,num__comp_pd,pd composition,Composition,0.0002087649835212453,0.0473157470899471,-0.04439977398689486,1050,118,catalyst_key,out_of_fold_heldout_rows
morph_hc_is_rough_wrinkled,Rough Wrinkled,random_forest,Random forest,num__xrd_text_has_peak_8_0_2theta,xrd text has peak 8 0 2theta,Structure / characterization,0.00019115145060930112,0.015238095238095238,0.053069120110122894,1050,118,catalyst_key,out_of_fold_heldout_rows
morph_hc_is_rough_wrinkled,Rough Wrinkled,random_forest,Random forest,num__xps_pt_4f5_2_be_ev_filled,xps pt 4f5 2 be eV filled,Structure / characterization,0.00018998911521590607,0.996333333333333,,414,45,catalyst_key,out_of_fold_heldout_rows
morph_hc_is_rough_wrinkled,Rough Wrinkled,random_forest,Random forest,num__xps_text_pt_4f5_2_be_ev,xps text pt 4f5 2 be eV,Structure / characterization,0.0001828030553060086,0.996333333333333,,414,45,catalyst_key,out_of_fold_heldout_rows
morph_hc_is_rough_wrinkled,Rough Wrinkled,random_forest,Random forest,num__synth_has_spray_coating,synth has spray coating,Synthesis,0.00017909272945236052,0.006666666666666667,-0.14094927153294615,1050,118,catalyst_key,out_of_fold_heldout_rows
morph_hc_is_rough_wrinkled,Rough Wrinkled,random_forest,Random forest,num__comp_v,v composition,Composition,0.00016740776768956522,0.37213722094214036,-0.7813268743403878,1050,118,catalyst_key,out_of_fold_heldout_rows
morph_hc_is_rough_wrinkled,Rough Wrinkled,random_forest,Random forest,num__xrd_text_has_peak_5_0_2theta,xrd text has peak 5 0 2theta,Structure / characterization,0.0001659987298220601,0.021904761904761906,-0.25352500640792286,1050,118,catalyst_key,out_of_fold_heldout_rows
morph_hc_is_rough_wrinkled,Rough Wrinkled,random_forest,Random forest,num__comp_sr,sr composition,Composition,0.00016091158823882475,0.7480582524271843,0.8269198105761831,412,47,catalyst_key,out_of_fold_heldout_rows
morph_hc_is_rough_wrinkled,Rough Wrinkled,random_forest,Random forest,num__comp_s,s composition,Composition,0.00015950905858956807,0.08536159667805236,0.565958108626115,1050,118,catalyst_key,out_of_fold_heldout_rows
morph_hc_is_rough_wrinkled,Rough Wrinkled,random_forest,Random forest,num__xps_text_cu_2p_be_ev,xps text cu 2p be eV,Structure / characterization,0.00015562253746869898,0.9995156608097787,-0.4802314680490469,1050,118,catalyst_key,out_of_fold_heldout_rows
morph_hc_is_rough_wrinkled,Rough Wrinkled,random_forest,Random forest,num__comp_zn,zn composition,Composition,0.00015388444895978845,0.04841518368367474,0.07230931890557529,1050,118,catalyst_key,out_of_fold_heldout_rows
morph_hc_is_rough_wrinkled,Rough Wrinkled,random_forest,Random forest,num__has_el_k,K present,Composition,0.00013557000936698292,0.007619047619047619,-0.15060885724106512,1050,118,catalyst_key,out_of_fold_heldout_rows
morph_hc_is_rough_wrinkled,Rough Wrinkled,random_forest,Random forest,num__xrd_text_has_peak_26_0_2theta,xrd text has peak 26 0 2theta,Structure / characterization,0.00012443415907999295,0.004761904761904762,0.11923803487554842,1050,118,catalyst_key,out_of_fold_heldout_rows
morph_hc_is_rough_wrinkled,Rough Wrinkled,random_forest,Random forest,num__xps_fe_2p3_2_be_ev_filled,xps fe 2p3 2 be eV filled,Structure / characterization,0.00011000481714243301,0.9953906093906092,0.6620876539458782,1050,118,catalyst_key,out_of_fold_heldout_rows
morph_hc_is_rough_wrinkled,Rough Wrinkled,random_forest,Random forest,num__has_el_bi,BI present,Composition,9.788217757917398e-05,0.002857142857142857,0.030757708916072716,1050,118,catalyst_key,out_of_fold_heldout_rows
morph_hc_is_rough_wrinkled,Rough Wrinkled,random_forest,Random forest,num__has_el_mg,MG present,Composition,9.064388156973936e-05,0.002857142857142857,0.0924497265130307,1050,118,catalyst_key,out_of_fold_heldout_rows
morph_hc_is_rough_wrinkled,Rough Wrinkled,random_forest,Random forest,num__xrd_text_peak_6_2theta_deg,xrd text peak 6 2theta deg,Structure / characterization,8.983734775105983e-05,0.7595402298850575,0.5820164925654874,1050,118,catalyst_key,out_of_fold_heldout_rows
morph_hc_is_rough_wrinkled,Rough Wrinkled,random_forest,Random forest,num__has_el_ts,TS present,Composition,8.952494440929555e-05,0.007619047619047619,-0.07552123599659936,1050,118,catalyst_key,out_of_fold_heldout_rows
morph_hc_is_rough_wrinkled,Rough Wrinkled,random_forest,Random forest,cat__synth_time_text_overnight,synth time text overnight,Synthesis,8.344563936397105e-05,0.9952380952380953,0.11923803425753367,1050,118,catalyst_key,out_of_fold_heldout_rows
morph_hc_is_rough_wrinkled,Rough Wrinkled,random_forest,Random forest,num__xrd_peak_003_2theta_deg,xrd peak 003 2theta deg,Structure / characterization,7.882995824624722e-05,0.11009886360174269,0.05226640751638505,1050,118,catalyst_key,out_of_fold_heldout_rows
morph_hc_is_rough_wrinkled,Rough Wrinkled,random_forest,Random forest,num__xps_fe_2p1_2_be_ev_filled,xps fe 2p1 2 be eV filled,Structure / characterization,7.744246366952471e-05,0.9962824653710262,-0.4407736455177334,1050,118,catalyst_key,out_of_fold_heldout_rows
morph_hc_is_rough_wrinkled,Rough Wrinkled,random_forest,Random forest,num__xps_text_mo_3d_be_ev,xps text mo 3d be eV,Structure / characterization,7.514654749631843e-05,0.9927350427350428,0.020920762641941277,1050,118,catalyst_key,out_of_fold_heldout_rows
morph_hc_is_rough_wrinkled,Rough Wrinkled,random_forest,Random forest,num__comp_fe/ni,fe/ni composition,Composition,7.430190143866253e-05,0.057691754261005944,0.08362438979018552,428,51,catalyst_key,out_of_fold_heldout_rows
morph_hc_is_rough_wrinkled,Rough Wrinkled,random_forest,Random forest,cat__synth_temperature_text_high,synth temperature text high,Synthesis,6.66480998861336e-05,0.007619047619047619,0.037507676642765726,1050,118,catalyst_key,out_of_fold_heldout_rows
morph_hc_is_rough_wrinkled,Rough Wrinkled,random_forest,Random forest,cat__synth_time_text_infrequent_sklearn,synth time text infrequent sklearn,Synthesis,6.016814285945078e-05,0.0,,1050,118,catalyst_key,out_of_fold_heldout_rows
morph_hc_is_rough_wrinkled,Rough Wrinkled,random_forest,Random forest,num__xrd_text_has_peak_49_0_2theta,xrd text has peak 49 0 2theta,Structure / characterization,5.8183169334683274e-05,0.002857142857142857,-0.09244974807568986,1050,118,catalyst_key,out_of_fold_heldout_rows
morph_hc_is_rough_wrinkled,Rough Wrinkled,random_forest,Random forest,cat__support_class_text_glassy_carbon,support class text glassy carbon,Support,4.845797460938883e-05,0.002857142857142857,0.09244972723178575,1050,118,catalyst_key,out_of_fold_heldout_rows
morph_hc_is_rough_wrinkled,Rough Wrinkled,random_forest,Random forest,num__xps_text_fe_2p1_2_be_ev,xps text fe 2p1 2 be eV,Structure / characterization,4.833412653800225e-05,0.996580948800126,-0.6095813134761475,1050,118,catalyst_key,out_of_fold_heldout_rows
morph_hc_is_rough_wrinkled,Rough Wrinkled,random_forest,Random forest,cat__support_class_text_iron_foam | nickel_foam,support class text iron foam | nick...,Support,4.750155668575237e-05,0.004761904761904762,-0.11923803487554842,1050,118,catalyst_key,out_of_fold_heldout_rows
morph_hc_is_rough_wrinkled,Rough Wrinkled,random_forest,Random forest,num__xps_text_pt_4f_be_ev,xps text pt 4f be eV,Structure / characterization,4.608375006532894e-05,0.9358091793679496,-0.5281320290158853,1050,118,catalyst_key,out_of_fold_heldout_rows
morph_hc_is_rough_wrinkled,Rough Wrinkled,random_forest,Random forest,num__has_el_u,U present,Composition,4.551071278154923e-05,0.003125,-0.09667339776343291,640,70,catalyst_key,out_of_fold_heldout_rows
morph_hc_is_rough_wrinkled,Rough Wrinkled,random_forest,Random forest,num__xps_text_fe_2p3_2_be_ev,xps text fe 2p3 2 be eV,Structure / characterization,4.1130682993076714e-05,0.9951122211122209,0.0924496481682828,1050,118,catalyst_key,out_of_fold_heldout_rows
morph_hc_is_rough_wrinkled,Rough Wrinkled,random_forest,Random forest,num__has_el_nb,NB present,Composition,3.600633065696579e-05,0.0038095238095238095,0.05268732379783677,1050,118,catalyst_key,out_of_fold_heldout_rows
morph_hc_is_rough_wrinkled,Rough Wrinkled,random_forest,Random forest,num__support_is_glassy_carbon,support is glassy carbon,Support,3.478801411397384e-05,0.002857142857142857,0.0924497370547733,1050,118,catalyst_key,out_of_fold_heldout_rows
morph_hc_is_rough_wrinkled,Rough Wrinkled,random_forest,Random forest,cat__synth_temperature_text_RT,synth temperature text RT,Synthesis,3.0396723301103536e-05,0.0009523809523809524,0.05342686086501412,1050,118,catalyst_key,out_of_fold_heldout_rows
morph_hc_is_rough_wrinkled,Rough Wrinkled,random_forest,Random forest,num__has_el_br,BR present,Composition,2.9552955871375576e-05,0.0,,218,30,catalyst_key,out_of_fold_heldout_rows
morph_hc_is_rough_wrinkled,Rough Wrinkled,random_forest,Random forest,cat__synth_temperature_text_thousands,synth temperature text thousands,Synthesis,2.522029553198857e-05,0.0,,620,69,catalyst_key,out_of_fold_heldout_rows
morph_hc_is_rough_wrinkled,Rough Wrinkled,random_forest,Random forest,cat__support_class_text_copper_foam | nickel_foam,support class text copper foam | ni...,Support,2.410054076041695e-05,0.0019047619047619048,-0.07552093183489395,1050,118,catalyst_key,out_of_fold_heldout_rows
morph_hc_is_rough_wrinkled,Rough Wrinkled,random_forest,Random forest,num__comp_se,se composition,Composition,2.370385547917306e-05,4.8998389127117316e-05,-0.7906617538559735,428,51,catalyst_key,out_of_fold_heldout_rows
morph_hc_is_rough_wrinkled,Rough Wrinkled,random_forest,Random forest,num__electronic_bader_charge_e,electronic bader charge e,Other,2.3432290223342122e-05,0.12986374257925984,-0.157721869452032,1050,118,catalyst_key,out_of_fold_heldout_rows
morph_hc_is_rough_wrinkled,Rough Wrinkled,random_forest,Random forest,num__synth_has_drop_casting,synth has drop casting,Synthesis,2.2955511636474252e-05,0.006666666666666667,-0.14094927153294615,1050,118,catalyst_key,out_of_fold_heldout_rows
morph_hc_is_rough_wrinkled,Rough Wrinkled,random_forest,Random forest,cat__support_class_text_carbon_paper | nickel_foam,support class text carbon paper | n...,Support,1.9783927585479838e-05,0.0038095238095238095,-0.10670078130963238,1050,118,catalyst_key,out_of_fold_heldout_rows
morph_hc_is_rough_wrinkled,Rough Wrinkled,random_forest,Random forest,num__xps_co_2p3_2_be_ev,xps co 2p3 2 be eV,Structure / characterization,1.843012709436888e-05,0.9996925630688587,-0.7307374654829689,1050,118,catalyst_key,out_of_fold_heldout_rows
morph_hc_is_rough_wrinkled,Rough Wrinkled,random_forest,Random forest,num__comp_ni/fe,ni/fe composition,Composition,1.7842234705277745e-05,0.31948809523809524,0.2086959936320834,840,97,catalyst_key,out_of_fold_heldout_rows
morph_hc_is_rough_wrinkled,Rough Wrinkled,random_forest,Random forest,num__has_el_te,TE present,Composition,1.4397721704597732e-05,0.004761904761904762,-0.11923803487554842,1050,118,catalyst_key,out_of_fold_heldout_rows
morph_hc_is_rough_wrinkled,Rough Wrinkled,random_forest,Random forest,num__has_el_cd,CD present,Composition,1.4287265690007535e-05,0.004761904761904762,-0.11923804198271853,1050,118,catalyst_key,out_of_fold_heldout_rows
morph_hc_is_rough_wrinkled,Rough Wrinkled,random_forest,Random forest,cat__synth_time_text_25 or 60,synth time text 25 or 60,Synthesis,1.4163472765677226e-05,0.0019047619047619048,-0.07552093457488726,1050,118,catalyst_key,out_of_fold_heldout_rows
morph_hc_is_rough_wrinkled,Rough Wrinkled,random_forest,Random forest,cat__synth_time_text_several hours,synth time text several hours,Synthesis,1.2697904189153103e-05,0.002857142857142857,-0.09245131212747153,1050,118,catalyst_key,out_of_fold_heldout_rows
morph_hc_is_rough_wrinkled,Rough Wrinkled,random_forest,Random forest,cat__synth_temperature_text_low,synth temperature text low,Synthesis,1.008036004837158e-05,0.002857142857142857,-0.09245358790708873,1050,118,catalyst_key,out_of_fold_heldout_rows
morph_hc_is_rough_wrinkled,Rough Wrinkled,random_forest,Random forest,num__xps_co_2p1_2_be_ev,xps co 2p1 2 be eV,Structure / characterization,9.143231302303564e-06,0.9995491991803621,-0.21929623146803073,1050,118,catalyst_key,out_of_fold_heldout_rows
morph_hc_is_rough_wrinkled,Rough Wrinkled,random_forest,Random forest,num__comp_y,y composition,Composition,8.859061521512281e-06,0.02867867867867869,,202,26,catalyst_key,out_of_fold_heldout_rows
morph_hc_is_rough_wrinkled,Rough Wrinkled,random_forest,Random forest,num__synth_has_molten_salt,synth has molten salt,Synthesis,8.778090060677032e-06,0.002857142857142857,-0.09245002647493311,1050,118,catalyst_key,out_of_fold_heldout_rows
morph_hc_is_rough_wrinkled,Rough Wrinkled,random_forest,Random forest,num__xps_ni_2p3_2_be_ev,xps ni 2p3 2 be eV,Structure / characterization,8.335684511667311e-06,0.9982394276644495,0.25925832435072677,1050,118,catalyst_key,out_of_fold_heldout_rows
morph_hc_is_rough_wrinkled,Rough Wrinkled,random_forest,Random forest,cat__synth_temperature_text_different,synth temperature text different,Synthesis,7.150525696210243e-06,0.0,,1050,118,catalyst_key,out_of_fold_heldout_rows
morph_hc_is_rough_wrinkled,Rough Wrinkled,random_forest,Random forest,num__has_el_sb,SB present,Composition,6.727802768415556e-06,0.0,,636,73,catalyst_key,out_of_fold_heldout_rows
morph_hc_is_rough_wrinkled,Rough Wrinkled,random_forest,Random forest,num__xps_pt_4f7_2_be_ev_filled,xps pt 4f7 2 be eV filled,Structure / characterization,4.983369920953697e-06,0.9909281228192602,,414,45,catalyst_key,out_of_fold_heldout_rows
morph_hc_is_rough_wrinkled,Rough Wrinkled,random_forest,Random forest,cat__synth_temperature_text_<273,synth temperature text <273,Synthesis,4.910267383031878e-06,0.0,,630,62,catalyst_key,out_of_fold_heldout_rows
morph_hc_is_rough_wrinkled,Rough Wrinkled,random_forest,Random forest,cat__support_class_text_fto,support class text fto,Support,4.704801623742881e-06,0.0009523809523809524,-0.04305173211715016,1050,118,catalyst_key,out_of_fold_heldout_rows
morph_hc_is_rough_wrinkled,Rough Wrinkled,random_forest,Random forest,cat__synth_time_text_several,synth time text several,Synthesis,4.234435595271429e-06,0.0,,1050,118,catalyst_key,out_of_fold_heldout_rows
morph_hc_is_rough_wrinkled,Rough Wrinkled,random_forest,Random forest,num__has_el_re,RE present,Composition,3.7308710450272207e-06,0.003579952267303103,-0.10344857945455345,838,99,catalyst_key,out_of_fold_heldout_rows
morph_hc_is_rough_wrinkled,Rough Wrinkled,random_forest,Random forest,num__has_el_na,NA present,Composition,2.66826327016103e-06,0.002857142857142857,-0.09244978113846322,1050,118,catalyst_key,out_of_fold_heldout_rows
morph_hc_is_rough_wrinkled,Rough Wrinkled,random_forest,Random forest,num__has_el_ds,DS present,Composition,2.4464475554058874e-06,0.0,,218,30,catalyst_key,out_of_fold_heldout_rows
morph_hc_is_rough_wrinkled,Rough Wrinkled,random_forest,Random forest,num__xps_text_pt_4f7_2_be_ev,xps text pt 4f7 2 be eV,Structure / characterization,2.068301204125063e-06,0.9909281228192602,,414,45,catalyst_key,out_of_fold_heldout_rows
morph_hc_is_rough_wrinkled,Rough Wrinkled,random_forest,Random forest,cat__synth_time_text_6-24,synth time text 6-24,Synthesis,1.1036727795158752e-06,0.0,,620,69,catalyst_key,out_of_fold_heldout_rows
morph_hc_is_rough_wrinkled,Rough Wrinkled,random_forest,Random forest,cat__synth_time_text_3-48 | overnight,synth time text 3-48 | overnight,Synthesis,1.0776259494573466e-06,0.0,,632,75,catalyst_key,out_of_fold_heldout_rows
morph_hc_is_rough_wrinkled,Rough Wrinkled,random_forest,Random forest,num__electronic_fermi_level_ev,electronic fermi level eV,Other,1.0353328087596088e-06,-0.00017132255499602444,0.022694985690368034,1050,118,catalyst_key,out_of_fold_heldout_rows
morph_hc_is_rough_wrinkled,Rough Wrinkled,random_forest,Random forest,cat__support_class_text_ito,support class text ito,Support,3.315882012333942e-07,0.0,,630,62,catalyst_key,out_of_fold_heldout_rows
morph_hc_is_rough_wrinkled,Rough Wrinkled,random_forest,Random forest,cat__support_class_text_infrequent_sklearn,support class text infrequent sklearn,Support,0.0,0.0009523809523809524,,1050,118,catalyst_key,out_of_fold_heldout_rows
